unsigned int nrPDCCH_2p0_slice_phase1_bin[] __attribute__((aligned(64), section(".dag"))) = {
0x93,
0x113,
0x193,
0x213,
0x293,
0x313,
0x393,
0x413,
0x493,
0x513,
0x593,
0x613,
0x693,
0x713,
0x793,
0x813,
0x893,
0x913,
0x993,
0xa13,
0xa93,
0xb13,
0xb93,
0xc13,
0xc93,
0xd13,
0xd93,
0xe13,
0xe93,
0xf13,
0xf93,
0x24137,
0x8000ef,
0x100073,
0xff010113,
0x112623,
0x812423,
0x1010413,
0x80022537,
0x51583,
0x4051603,
0xf00513,
0x2a59663,
0xa000593,
0x1537,
0x80050693,
0x4060263,
0x700513,
0x2a60e63,
0x9000593,
0x1537,
0x80050693,
0x2c0006f,
0x1e00513,
0xa59a63,
0x40000693,
0x60c63,
0x4800593,
0x140006f,
0x593,
0x693,
0x80006f,
0x5800593,
0x1537,
0x8a050513,
0xb68833,
0xd00513,
0xac54c63,
0xa064a63,
0x613,
0x20000513,
0x500693,
0x20100893,
0x200713,
0x80793,
0x840006f,
0xc00755b,
0x400,
0x1c00152b,
0xe,
0xfff68593,
0x8400152b,
0xb,
0x4200055b,
0x80000c,
0xc00755b,
0x400,
0x8400152b,
0xc,
0x4000055b,
0x4c00008,
0xc00755b,
0x400,
0x1c00152b,
0xe,
0x8400152b,
0xd,
0x4200055b,
0x80000c,
0xc00755b,
0x400,
0x8400152b,
0xc,
0x4000055b,
0x5e00008,
0x20060613,
0x40068693,
0xe0078793,
0x3065263,
0x78513,
0xf717cce3,
0x20000513,
0xf71ff06f,
0x1000185b,
0x4c13000,
0x1000185b,
0x5e17800,
0x800705b,
0x16014537,
0x57850513,
0x801ff5b7,
0x2a5a423,
0x200513,
0x2a5a623,
0x80102537,
0x60050513,
0x80000637,
0xc50533,
0x2a5a823,
0x305aa23,
0x80103537,
0xf0050513,
0xc50533,
0x2a5ac23,
0x305ae23,
0x5a023,
0x513,
0xc12083,
0x812403,
0x1010113,
0x8067,
0x0,
0x0,
0x0,
0x93,
0x113,
0x193,
0x213,
0x293,
0x313,
0x393,
0x413,
0x493,
0x513,
0x593,
0x613,
0x693,
0x713,
0x793,
0x813,
0x893,
0x913,
0x993,
0xa13,
0xa93,
0xb13,
0xb93,
0xc13,
0xc93,
0xd13,
0xd93,
0xe13,
0xe93,
0xf13,
0xf93,
0x24137,
0x8000ef,
0x100073,
0xe8010113,
0x16112e23,
0x16812c23,
0x16912a23,
0x17212823,
0x17312623,
0x17412423,
0x17512223,
0x17612023,
0x15712e23,
0x15812c23,
0x15912a23,
0x15a12823,
0x15b12623,
0x18010413,
0x88313,
0x80293,
0x78893,
0x70813,
0x68793,
0x800226b7,
0x406d703,
0x8069383,
0x42603,
0x442583,
0x842503,
0xc42603,
0x1042583,
0x1442503,
0x1842603,
0x1c42583,
0x2042503,
0x2442603,
0x2842583,
0x2c42503,
0x3042603,
0x3442583,
0x3842503,
0x3c42603,
0x4042583,
0x4442503,
0x4842603,
0x4c42583,
0x5042503,
0x5442603,
0x5842583,
0x5c42503,
0x6042603,
0x6442583,
0x6842503,
0x6c42603,
0x7042583,
0x7442503,
0x7842603,
0x7c42583,
0x8042503,
0x8442603,
0x8842583,
0x8c42503,
0x9042603,
0x9442583,
0x9842503,
0x9c42603,
0xa042583,
0xa442503,
0xa842583,
0xff77613,
0xd00513,
0x4c54a63,
0x4064863,
0x6d583,
0x1046a283,
0x1446a783,
0xf00513,
0x8a59e63,
0x5000713,
0xa000313,
0x1537,
0x80050513,
0xfca42423,
0xa060e63,
0x700513,
0xaa60a63,
0x4800713,
0x9000313,
0x1537,
0x80050513,
0xfca42423,
0x9c0006f,
0xc00513,
0x2a386b3,
0x1537,
0x10537,
0xffc50513,
0xa6f533,
0x1000155b,
0x0,
0x1000155b,
0x2008000,
0x800705b,
0x1dc87537,
0xcb350513,
0x801ff5b7,
0x2a5a423,
0x200513,
0x2a5a623,
0x80100537,
0x80000637,
0xc50533,
0x2a5a823,
0x2d59a23,
0x80101537,
0x510106f,
0x1e00513,
0xa59e63,
0x40000513,
0xfca42423,
0x2060063,
0x2400713,
0x4800313,
0x1c0006f,
0xfc042423,
0x313,
0x713,
0xc0006f,
0x2c00713,
0x5800313,
0x1026d883,
0x1426d803,
0x800235b7,
0x1029613,
0x1079793,
0xfc842503,
0x51c63,
0x4800713,
0x9000313,
0x1537,
0x80050513,
0xfca42423,
0xc845af83,
0xc8ee33,
0xf86eb3,
0xc00513,
0x2a38533,
0xf8a42023,
0xf8042503,
0x1051f13,
0x20000293,
0x40000793,
0x1537,
0x80050393,
0x40000813,
0x20000893,
0xfc842503,
0x2750063,
0x40000813,
0xfc842503,
0x1051863,
0x10000893,
0x20000813,
0x80006f,
0x20000893,
0x8045a503,
0xeaa42a23,
0x8445a503,
0xeaa42823,
0x8845a503,
0xeaa42623,
0x8c45a503,
0xeaa42423,
0x9045a503,
0xeaa42223,
0x9445a503,
0xeaa42023,
0x9845a503,
0xe8a42023,
0x9c45a503,
0xeca42e23,
0xa045a503,
0xeca42c23,
0xa445a503,
0xeca42a23,
0xa845a503,
0xeca42823,
0xac45a503,
0xeca42623,
0xb045a503,
0xeca42423,
0xb445a503,
0xeca42223,
0xb845a503,
0xeca42023,
0xbc45a503,
0xeaa42e23,
0xc045a503,
0xeaa42c23,
0xc445a503,
0xe8a42223,
0x8025d503,
0xeea42a23,
0x8425d503,
0xeea42823,
0x8825d503,
0xeea42623,
0x8c25d503,
0xeea42423,
0x9025d503,
0xeea42223,
0x9425d503,
0xeea42023,
0x9825d503,
0xe8a42423,
0x9c25d503,
0xf0a42e23,
0xa025d503,
0xf0a42c23,
0xa425d503,
0xf0a42a23,
0xa825d503,
0xf0a42823,
0xac25d503,
0xf0a42623,
0xb025d503,
0xf0a42423,
0xb425d503,
0xf0a42223,
0xb825d503,
0xf0a42023,
0xbc25d503,
0xeea42e23,
0xc025d503,
0xeea42c23,
0xc425d503,
0xe8a42623,
0xc825d503,
0xf6a42823,
0x1846a483,
0x1c46a503,
0xfaa42423,
0x2046a503,
0xfaa42223,
0x2446a503,
0xfaa42023,
0x2846a503,
0xf8a42e23,
0x2c46a503,
0xf8a42c23,
0x3046a503,
0xf8a42a23,
0x3446a503,
0xf8a42823,
0x3846a503,
0xf8a42423,
0x3c46a503,
0xf4a42c23,
0x4046a503,
0xe8a42823,
0x4446a503,
0xf4a42a23,
0x4846a503,
0xf4a42823,
0x4c46a503,
0xf4a42623,
0x5046a503,
0xf4a42423,
0x5446a503,
0xf4a42223,
0x5846a503,
0xf4a42023,
0x5c46a503,
0xf2a42e23,
0x6046a503,
0xf2a42c23,
0x6446a503,
0xf2a42a23,
0x6846a503,
0xf2a42823,
0x6c46a503,
0xe8a42a23,
0x7046a503,
0xf2a42623,
0x7446a503,
0xf2a42423,
0x7846a503,
0xf2a42223,
0x7c46a503,
0xf2a42023,
0x1826d903,
0x1c26d983,
0x2026da03,
0x2426da83,
0x2826db03,
0x2c26db83,
0x3026dc03,
0x3426dc83,
0x3826dd03,
0x3c26dd83,
0x4026d503,
0xe8a42c23,
0x4426d083,
0x4826d503,
0xfca42223,
0x4c26d503,
0xfca42023,
0x5026d503,
0xfaa42e23,
0x5426d503,
0xfaa42c23,
0x5826d503,
0xfaa42a23,
0x5c26d503,
0xfaa42823,
0x6026d503,
0xfaa42623,
0x6426d503,
0xf8a42623,
0x6826d503,
0xf8a42223,
0x6c26d503,
0xe8a42e23,
0x7026d503,
0xf6a42423,
0x7426d503,
0xf6a42223,
0x7826d503,
0xf6a42023,
0x7c26d503,
0xf4a42e23,
0xc069503,
0xf6a42623,
0xfc842503,
0x40e50533,
0x410505b3,
0x6e0533,
0x1055613,
0x1361613,
0x1365613,
0x2001f65b,
0x7000185b,
0x581600a,
0x6e8633,
0x1065693,
0x1369693,
0x136d693,
0x2001f6db,
0x7000185b,
0x601800c,
0x1050533,
0x1055693,
0x1369693,
0x136d693,
0x2001f6db,
0x700015db,
0x481200a,
0x1060533,
0x1055613,
0x1361613,
0x1365613,
0x2001f65b,
0x700015db,
0x501400a,
0x40e30633,
0xce0533,
0x1055e13,
0x13e1e13,
0x13e5e13,
0x2001fe5b,
0x7000175b,
0x100400a,
0xce8533,
0x1055e93,
0x13e9e93,
0x13ede93,
0x2001fedb,
0x7000175b,
0x180600a,
0xc00775b,
0x400,
0x8400172b,
0xb,
0x4000075b,
0x4800010,
0x4000075b,
0x5000018,
0xc0078db,
0x400,
0x840018ab,
0x3400011,
0x10f9513,
0xf6a42c23,
0x411f5513,
0xf6a42a23,
0xfc842503,
0x155513,
0xf6a42e23,
0xfc842503,
0x750463,
0x1cc0106f,
0x1049513,
0xa965b3,
0xfa842503,
0x1051513,
0xa9e7b3,
0xfa442503,
0x1051513,
0xaa6eb3,
0xfa042503,
0x1051513,
0xaae9b3,
0xf9c42503,
0x1051513,
0xab6533,
0xfaa42423,
0xf9842503,
0x1051513,
0xabe533,
0xfaa42223,
0xf9442503,
0x1051513,
0xac6533,
0xfaa42023,
0xf9042503,
0x1051513,
0xace533,
0xf8a42c23,
0xf8842503,
0x1051513,
0xad6533,
0xf8a42823,
0xf5842503,
0x1051513,
0xade533,
0xf8a42423,
0xf5442503,
0x1051513,
0xa0e633,
0xf5042503,
0x1051513,
0xfc442683,
0xa6e2b3,
0xf4c42503,
0x1051513,
0xfc042683,
0xa6ef33,
0xf4842503,
0x1051513,
0xfbc42683,
0xa6ea33,
0xf4442503,
0x1051513,
0xfb842683,
0xa6ebb3,
0xf4042503,
0x1051513,
0xfb442683,
0xa6edb3,
0xf3c42503,
0x1051513,
0xfb042683,
0xa6e533,
0xf8a42e23,
0xf3842503,
0x1051513,
0xfac42683,
0xa6e533,
0xf8a42a23,
0xf3442503,
0x1051513,
0xf8c42683,
0xa6e533,
0xf8a42623,
0xf3042503,
0x1051513,
0xf8442683,
0xa6e533,
0xf8a42223,
0xf2c42503,
0x1051513,
0xf6842683,
0xa6e6b3,
0xf2842503,
0x1051513,
0xf6442703,
0xa76333,
0xf2442503,
0x1051513,
0xf6042703,
0xa76e33,
0xf2042503,
0x1051513,
0xf5c42703,
0xa764b3,
0xeb442503,
0x1051513,
0xef442703,
0xa76b33,
0xeb042503,
0x1051513,
0xef042703,
0xa76cb3,
0xeac42503,
0x1051513,
0xeec42703,
0xa760b3,
0xea842503,
0x1051513,
0xee842703,
0xa76533,
0xfca42023,
0xea442503,
0x1051513,
0xee442703,
0xa76533,
0xfaa42c23,
0xea042503,
0x1051513,
0xee042703,
0xa76533,
0xfaa42823,
0xedc42503,
0x1051513,
0xf1c42703,
0xa76733,
0xed842503,
0x1051513,
0xf1842383,
0xa3e3b3,
0xed442503,
0x1051513,
0xf1442f83,
0xafefb3,
0xed042503,
0x1051513,
0xf1042903,
0xa96ab3,
0xecc42503,
0x1051513,
0xf0c42903,
0xa96c33,
0xec842503,
0x1051513,
0xf0842903,
0xa96d33,
0xec442503,
0x1051513,
0xf0442903,
0xa96533,
0xfca42223,
0xec042503,
0x1051513,
0xf0042903,
0xa96533,
0xfaa42e23,
0xebc42503,
0x1051513,
0xefc42903,
0xa96533,
0xfaa42a23,
0xeb842503,
0x1051513,
0xef842903,
0xa96533,
0xfaa42623,
0x9000082b,
0x1812058,
0x9000082b,
0x1014060,
0x105d513,
0x1351513,
0x1355513,
0x2001f55b,
0x7000185b,
0x681a00b,
0x1065513,
0x1351513,
0x1355513,
0x2001f55b,
0x7000185b,
0x701c00c,
0x800513,
0x2000755b,
0x1800082b,
0x804070,
0x1800082b,
0x6068,
0x9000082b,
0x4002000,
0x1800082b,
0x804068,
0x1800082b,
0x6070,
0x2000705b,
0x8000082b,
0x2000,
0x100613,
0x8000182b,
0x180000c,
0x8000082b,
0x16048,
0x2800185b,
0x80000c,
0x8000082b,
0x18050,
0x2800185b,
0x100000c,
0x106d513,
0x1351513,
0x1355513,
0x2001f55b,
0x740018db,
0x280a00d,
0x189913,
0x1268533,
0x1055593,
0x1359593,
0x135d593,
0x2001f5db,
0x740018db,
0x200800a,
0x410005b3,
0x840018ab,
0x800b,
0x400008db,
0x580a008,
0x400008db,
0x600a010,
0x420008db,
0x300d008,
0x400008db,
0x4800030,
0x420008db,
0x3c0d010,
0x400008db,
0x500003c,
0x1075513,
0x1351513,
0x1355513,
0x2001f55b,
0x740018db,
0x280a00e,
0x1270533,
0x1055693,
0x1369693,
0x136d693,
0x2001f6db,
0x740018db,
0xa,
0x840018ab,
0x200000b,
0x400008db,
0x580a040,
0x400008db,
0x600a018,
0x420008db,
0x300d040,
0x400008db,
0x4808030,
0x420008db,
0x3c0d018,
0x400008db,
0x500803c,
0x9000082b,
0x1812058,
0x9000082b,
0x1014060,
0x107d513,
0x1351513,
0x1355513,
0x2001f55b,
0x7000185b,
0x681a00f,
0x102d513,
0x1351513,
0x1355513,
0x2001f55b,
0x7000185b,
0x701c005,
0x700693,
0x200076db,
0x1800082b,
0x804070,
0x1800082b,
0x6068,
0x9000082b,
0x4002000,
0x1800082b,
0x804068,
0x1800082b,
0x6070,
0x2000705b,
0x8000082b,
0x2000,
0x8000182b,
0x180000c,
0x8000082b,
0x16048,
0x2800185b,
0x800000,
0x8000082b,
0x18050,
0x2800185b,
0x1000000,
0x1035293,
0x1329293,
0x132d293,
0x2001f2db,
0x740018db,
0x280a006,
0x1230533,
0x1055313,
0x1331313,
0x1335313,
0x2001f35b,
0x740018db,
0x200800a,
0x840018ab,
0x800b,
0x400008db,
0x580a008,
0x400008db,
0x600a010,
0x420008db,
0x300d008,
0x400008db,
0x4800030,
0x420008db,
0x3c0d010,
0x400008db,
0x500003c,
0x103d313,
0x1331313,
0x1335313,
0x2001f35b,
0x740018db,
0x280a007,
0x1238533,
0x1055393,
0x1339393,
0x133d393,
0x2001f3db,
0x740018db,
0xa,
0x840018ab,
0x200000b,
0x400008db,
0x580a040,
0x400008db,
0x600a018,
0x420008db,
0x300d040,
0x400008db,
0x4808030,
0x420008db,
0x3c0d018,
0x400008db,
0x500803c,
0x9000082b,
0x1812058,
0x9000082b,
0x1014060,
0x10ed393,
0x1339393,
0x133d393,
0x2001f3db,
0x7000185b,
0x681a01d,
0x10f5e93,
0x13e9e93,
0x13ede93,
0x2001fedb,
0x7000185b,
0x701c01e,
0x200076db,
0x1800082b,
0x804070,
0x1800082b,
0x6068,
0x9000082b,
0x4002000,
0x1800082b,
0x804068,
0x1800082b,
0x6070,
0x2000705b,
0x8000082b,
0x2000,
0x8000182b,
0x180000c,
0x8000082b,
0x16048,
0x2800185b,
0x800000,
0x8000082b,
0x18050,
0x2800185b,
0x1000000,
0x10e5f13,
0x13f1f13,
0x13f5f13,
0x2001ff5b,
0x740018db,
0x280a01c,
0x12e0533,
0x1055f13,
0x13f1f13,
0x13f5f13,
0x2001ff5b,
0x740018db,
0x200800a,
0x840018ab,
0x800b,
0x400008db,
0x580a008,
0x400008db,
0x600a010,
0x420008db,
0x300d008,
0x400008db,
0x4800030,
0x420008db,
0x3c0d010,
0x400008db,
0x500003c,
0x10fdf13,
0x13f1f13,
0x13f5f13,
0x2001ff5b,
0x740018db,
0x280a01f,
0x12f8533,
0x1055f93,
0x13f9f93,
0x13fdf93,
0x2001ffdb,
0x740018db,
0xa,
0x840018ab,
0x200000b,
0x400008db,
0x580a040,
0x400008db,
0x600a018,
0x420008db,
0x300d040,
0x400008db,
0x4808030,
0x420008db,
0x3c0d018,
0x400008db,
0x500803c,
0x9000082b,
0x1812058,
0x9000082b,
0x1014060,
0x109df93,
0x13f9f93,
0x13fdf93,
0x2001ffdb,
0x7000185b,
0x681a013,
0x10a5f93,
0x13f9f93,
0x13fdf93,
0x2001ffdb,
0x7000185b,
0x701c014,
0x200076db,
0x1800082b,
0x804070,
0x1800082b,
0x6068,
0x9000082b,
0x4002000,
0x1800082b,
0x804068,
0x1800082b,
0x6070,
0x2000705b,
0x8000082b,
0x2000,
0x8000182b,
0x180000c,
0x8000082b,
0x16048,
0x2800185b,
0x800000,
0x8000082b,
0x18050,
0x2800185b,
0x1000000,
0x104df93,
0x13f9f93,
0x13fdf93,
0x2001ffdb,
0x740018db,
0x280a009,
0x1248533,
0x1055f93,
0x13f9f93,
0x13fdf93,
0x2001ffdb,
0x740018db,
0x200800a,
0x840018ab,
0x800b,
0x400008db,
0x580a008,
0x400008db,
0x600a010,
0x420008db,
0x300d008,
0x400008db,
0x4800030,
0x420008db,
0x3c0d010,
0x400008db,
0x500003c,
0x10adf93,
0x13f9f93,
0x13fdf93,
0x2001ffdb,
0x740018db,
0x280a015,
0x12a8533,
0x1055f93,
0x13f9f93,
0x13fdf93,
0x2001ffdb,
0x740018db,
0xa,
0x840018ab,
0x200000b,
0x400008db,
0x580a040,
0x400008db,
0x600a018,
0x420008db,
0x300d040,
0x400008db,
0x4808030,
0x420008db,
0x3c0d018,
0x400008db,
0x500803c,
0x9000082b,
0x1812058,
0x9000082b,
0x1014060,
0xfa842503,
0x1055f93,
0x13f9f93,
0x13fdf93,
0x2001ffdb,
0x7000185b,
0x681a00a,
0x10bdf93,
0x13f9f93,
0x13fdf93,
0x2001ffdb,
0x7000185b,
0x701c017,
0x800513,
0x2000755b,
0x1800082b,
0x804070,
0x1800082b,
0x6068,
0x9000082b,
0x4002000,
0x1800082b,
0x804068,
0x1800082b,
0x6070,
0x2000705b,
0x8000082b,
0x2000,
0x8000182b,
0x180000c,
0x8000082b,
0x16048,
0x2800185b,
0x80000c,
0x8000082b,
0x18050,
0x2800185b,
0x100000c,
0x10b5f93,
0x13f9f93,
0x13fdf93,
0x2001ffdb,
0x740018db,
0x280a016,
0x12b0533,
0x1055f93,
0x13f9f93,
0x13fdf93,
0x2001ffdb,
0x740018db,
0x200800a,
0x840018ab,
0x800b,
0x400008db,
0x580a008,
0x400008db,
0x600a010,
0x420008db,
0x300d008,
0x400008db,
0x4800030,
0x420008db,
0x3c0d010,
0x400008db,
0x500003c,
0x10c5f93,
0x13f9f93,
0x13fdf93,
0x2001ffdb,
0x740018db,
0x280a018,
0x12c0533,
0x1055f93,
0x13f9f93,
0x13fdf93,
0x2001ffdb,
0x740018db,
0xa,
0x840018ab,
0x200000b,
0x400008db,
0x580a040,
0x400008db,
0x600a018,
0x420008db,
0x300d040,
0x400008db,
0x4808030,
0x420008db,
0x3c0d018,
0x400008db,
0x500803c,
0x9000082b,
0x1812058,
0x9000082b,
0x1014060,
0xfa442503,
0x1055f93,
0x13f9f93,
0x13fdf93,
0x2001ffdb,
0x7000185b,
0x681a00a,
0x10ddf93,
0x13f9f93,
0x13fdf93,
0x2001ffdb,
0x7000185b,
0x701c01b,
0x200076db,
0x1800082b,
0x804070,
0x1800082b,
0x6068,
0x9000082b,
0x4002000,
0x1800082b,
0x804068,
0x1800082b,
0x6070,
0x2000705b,
0x8000082b,
0x2000,
0x8000182b,
0x180000c,
0x8000082b,
0x16048,
0x2800185b,
0x800000,
0x8000082b,
0x18050,
0x2800185b,
0x1000000,
0x10cdf93,
0x13f9f93,
0x13fdf93,
0x2001ffdb,
0x740018db,
0x280a019,
0x12c8533,
0x1055f93,
0x13f9f93,
0x13fdf93,
0x2001ffdb,
0x740018db,
0x200800a,
0x840018ab,
0x800b,
0x400008db,
0x580a008,
0x400008db,
0x600a010,
0x420008db,
0x300d008,
0x400008db,
0x4800030,
0x420008db,
0x3c0d010,
0x400008db,
0x500003c,
0x10d5f93,
0x13f9f93,
0x13fdf93,
0x2001ffdb,
0x740018db,
0x280a01a,
0x12d0533,
0x1055f93,
0x13f9f93,
0x13fdf93,
0x2001ffdb,
0x740018db,
0xa,
0x840018ab,
0x200000b,
0x400008db,
0x580a040,
0x400008db,
0x600a018,
0x420008db,
0x300d040,
0x400008db,
0x4808030,
0x420008db,
0x3c0d018,
0x400008db,
0x500803c,
0x9000082b,
0x1812058,
0x9000082b,
0x1014060,
0xfa042503,
0x1055f93,
0x13f9f93,
0x13fdf93,
0x2001ffdb,
0x7000185b,
0x681a00a,
0xf9c42503,
0x1055f93,
0x13f9f93,
0x13fdf93,
0x2001ffdb,
0x7000185b,
0x701c00a,
0x200076db,
0x1800082b,
0x804070,
0x1800082b,
0x6068,
0x9000082b,
0x4002000,
0x1800082b,
0x804068,
0x1800082b,
0x6070,
0x2000705b,
0x8000082b,
0x2000,
0x8000182b,
0x180000c,
0x8000082b,
0x16048,
0x2800185b,
0x800000,
0x8000082b,
0x18050,
0x2800185b,
0x1000000,
0x100df93,
0x13f9f93,
0x13fdf93,
0x2001ffdb,
0x740018db,
0x280a001,
0x1208533,
0x1055f93,
0x13f9f93,
0x13fdf93,
0x2001ffdb,
0x740018db,
0x200800a,
0x840018ab,
0x800b,
0x400008db,
0x580a008,
0x400008db,
0x600a010,
0x420008db,
0x300d008,
0x400008db,
0x4800030,
0x420008db,
0x3c0d010,
0x400008db,
0x500003c,
0xfc442503,
0x1055f93,
0x13f9f93,
0x13fdf93,
0x2001ffdb,
0x740018db,
0x280a00a,
0xfc442503,
0x1250533,
0x1055f93,
0x13f9f93,
0x13fdf93,
0x2001ffdb,
0x740018db,
0xa,
0x840018ab,
0x200000b,
0x400008db,
0x580a040,
0x400008db,
0x600a018,
0x420008db,
0x300d040,
0x400008db,
0x4808030,
0x420008db,
0x3c0d018,
0x400008db,
0x500803c,
0x9000082b,
0x1812058,
0x9000082b,
0x1014060,
0xf9842503,
0x1055f93,
0x13f9f93,
0x13fdf93,
0x2001ffdb,
0x7000185b,
0x681a00a,
0xf9442503,
0x1055f93,
0x13f9f93,
0x13fdf93,
0x2001ffdb,
0x7000185b,
0x701c00a,
0x800513,
0x2000755b,
0x1800082b,
0x804070,
0x1800082b,
0x6068,
0x9000082b,
0x4002000,
0x1800082b,
0x804068,
0x1800082b,
0x6070,
0x2000705b,
0x8000082b,
0x2000,
0x8000182b,
0x180000c,
0x8000082b,
0x16048,
0x2800185b,
0x80000c,
0x8000082b,
0x18050,
0x2800185b,
0x100000c,
0xfc042503,
0x1055f93,
0x13f9f93,
0x13fdf93,
0x2001ffdb,
0x740018db,
0x280a00a,
0xfc042503,
0x1250533,
0x1055f93,
0x13f9f93,
0x13fdf93,
0x2001ffdb,
0x740018db,
0x200800a,
0x840018ab,
0x800b,
0x400008db,
0x580a008,
0x400008db,
0x600a010,
0x420008db,
0x300d008,
0x400008db,
0x4800030,
0x420008db,
0x3c0d010,
0x400008db,
0x500003c,
0xfbc42503,
0x1055f93,
0x13f9f93,
0x13fdf93,
0x2001ffdb,
0x740018db,
0x280a00a,
0xfbc42503,
0x1250533,
0x1055f93,
0x13f9f93,
0x13fdf93,
0x2001ffdb,
0x740018db,
0xa,
0x840018ab,
0x200000b,
0x400008db,
0x580a040,
0x400008db,
0x600a018,
0x420008db,
0x300d040,
0x400008db,
0x4808030,
0x420008db,
0x3c0d018,
0x400008db,
0x500803c,
0x9000082b,
0x1812058,
0x9000082b,
0x1014060,
0xf9042503,
0x1055f93,
0x13f9f93,
0x13fdf93,
0x2001ffdb,
0x7000185b,
0x681a00a,
0xf8c42503,
0x1055f93,
0x13f9f93,
0x13fdf93,
0x2001ffdb,
0x7000185b,
0x701c00a,
0x800513,
0x2000755b,
0x1800082b,
0x804070,
0x1800082b,
0x6068,
0x9000082b,
0x4002000,
0x1800082b,
0x804068,
0x1800082b,
0x6070,
0x2000705b,
0x8000082b,
0x2000,
0x8000182b,
0x180000c,
0x8000082b,
0x16048,
0x2800185b,
0x80000c,
0x8000082b,
0x18050,
0x2800185b,
0x100000c,
0xfb842503,
0x1055f93,
0x13f9f93,
0x13fdf93,
0x2001ffdb,
0x740018db,
0x280a00a,
0xfb842503,
0x1250533,
0x1055f93,
0x13f9f93,
0x13fdf93,
0x2001ffdb,
0x740018db,
0x200800a,
0x840018ab,
0x800b,
0x400008db,
0x580a008,
0x400008db,
0x600a010,
0x420008db,
0x300d008,
0x400008db,
0x4800030,
0x420008db,
0x3c0d010,
0x400008db,
0x500003c,
0xfb442503,
0x1055f93,
0x13f9f93,
0x13fdf93,
0x2001ffdb,
0x740018db,
0x280a00a,
0xfb442503,
0x1250533,
0x1055f93,
0x13f9f93,
0x13fdf93,
0x2001ffdb,
0x740018db,
0xa,
0x840018ab,
0x200000b,
0x400008db,
0x580a040,
0x400008db,
0x600a018,
0x420008db,
0x300d040,
0x400008db,
0x4808030,
0x420008db,
0x3c0d018,
0x400008db,
0x500803c,
0x9000082b,
0x1812058,
0x9000082b,
0x1014060,
0xf8842503,
0x1055f93,
0x13f9f93,
0x13fdf93,
0x2001ffdb,
0x7000185b,
0x681a00a,
0xf8442503,
0x1055f93,
0x13f9f93,
0x13fdf93,
0x2001ffdb,
0x7000185b,
0x701c00a,
0x800513,
0x2000755b,
0x1800082b,
0x804070,
0x1800082b,
0x6068,
0x9000082b,
0x4002000,
0x1800082b,
0x804068,
0x1800082b,
0x6070,
0x2000705b,
0x8000082b,
0x2000,
0x8000182b,
0x180000c,
0x8000082b,
0x16048,
0x2800185b,
0x80000c,
0x8000082b,
0x18050,
0x2800185b,
0x100000c,
0xfb042503,
0x1055f93,
0x13f9f93,
0x13fdf93,
0x2001ffdb,
0x740018db,
0x280a00a,
0xfb042503,
0x1250533,
0x1055f93,
0x13f9f93,
0x13fdf93,
0x2001ffdb,
0x740018db,
0x200800a,
0x840018ab,
0x800b,
0x400008db,
0x580a008,
0x400008db,
0x600a010,
0x420008db,
0x300d008,
0x400008db,
0x4800030,
0x420008db,
0x3c0d010,
0x400008db,
0x500003c,
0xfac42503,
0x1055f93,
0x13f9f93,
0x13fdf93,
0x2001ffdb,
0x740018db,
0x280a00a,
0xfac42503,
0x1250533,
0x1055f93,
0x13f9f93,
0x13fdf93,
0x2001ffdb,
0x740018db,
0xa,
0x840018ab,
0xb,
0x400008db,
0x580a040,
0x400008db,
0x600a018,
0x420008db,
0x300d040,
0x400008db,
0x4800030,
0x420008db,
0x3c0d018,
0x400008db,
0x500003c,
0xf7842503,
0xf7042583,
0xa5e8b3,
0x1537,
0x80050593,
0xf7c42503,
0xf7442603,
0x40c502b3,
0xfc842503,
0x14b51063,
0xe9042503,
0x1051513,
0xe9442603,
0x1061613,
0xe8042683,
0x1069693,
0xe8442703,
0x1071713,
0xe9842783,
0xa7e533,
0xe9c42783,
0xc7e633,
0xe8842783,
0xd7e7b3,
0xe8c42683,
0xe6e6b3,
0x9000082b,
0x1812058,
0x9000082b,
0x1014060,
0x1055f93,
0x13f9f93,
0x13fdf93,
0x2001ffdb,
0x7000185b,
0x681a00a,
0x1065f93,
0x13f9f93,
0x13fdf93,
0x2001ffdb,
0x7000185b,
0x701c00c,
0x800513,
0x2000755b,
0x1800082b,
0x804070,
0x1800082b,
0x6068,
0x9000082b,
0x4002000,
0x1800082b,
0x804068,
0x1800082b,
0x6070,
0x2000705b,
0x8000082b,
0x2000,
0x100513,
0x8000182b,
0x680000a,
0x8000082b,
0x16048,
0x2800185b,
0x100000a,
0x8000082b,
0x18050,
0x2800185b,
0x180000a,
0x40000513,
0x106df93,
0x13f9f93,
0x13fdf93,
0x2001ffdb,
0x7400185b,
0xd,
0x4000085b,
0x2000010,
0x4000085b,
0x3000018,
0x107df93,
0x13f9f93,
0x13fdf93,
0x2001ffdb,
0x7400185b,
0xf,
0x4000085b,
0x2000040,
0x4000085b,
0x3000068,
0x40000613,
0x10737,
0xfff70513,
0xf8042583,
0xa5f5b3,
0xc0075db,
0x400,
0xa2f533,
0x840015ab,
0xa,
0x420005db,
0x1000020,
0x420005db,
0x1800030,
0xc00513,
0xf6c42583,
0x2a586b3,
0xffc70513,
0xa6f533,
0x108df93,
0x13f9f93,
0x13fdf93,
0x2001ffdb,
0x7400155b,
0x11,
0x4200055b,
0x2000010,
0x4200055b,
0x3000018,
0x800705b,
0x1dc87537,
0xcb350513,
0x801ff5b7,
0x2a5a423,
0x200513,
0x2a5a623,
0x80101537,
0x80000637,
0xc50533,
0x2a5a823,
0x2d59a23,
0x80102537,
0x80050513,
0xc50533,
0x2a5ac23,
0x2d59e23,
0x5a023,
0x513,
0x17c12083,
0x17812403,
0x17412483,
0x17012903,
0x16c12983,
0x16812a03,
0x16412a83,
0x16012b03,
0x15c12b83,
0x15812c03,
0x15412c83,
0x15012d03,
0x14c12d83,
0x18010113,
0x8067,
0x0,
0x0,
0x0,
0x0,
0x0,
0x0,
0x93,
0x113,
0x193,
0x213,
0x293,
0x313,
0x393,
0x413,
0x493,
0x513,
0x593,
0x613,
0x693,
0x713,
0x793,
0x813,
0x893,
0x913,
0x993,
0xa13,
0xa93,
0xb13,
0xb93,
0xc13,
0xc93,
0xd13,
0xd93,
0xe13,
0xe93,
0xf13,
0xf93,
0x24137,
0x8000ef,
0x100073,
0xfe010113,
0x112e23,
0x812c23,
0x912a23,
0x1212823,
0x1312623,
0x1412423,
0x1512223,
0x1612023,
0x2010413,
0x80022737,
0x75683,
0x4075503,
0xf00613,
0xff57593,
0x2c69a63,
0xa000a13,
0x1537,
0x80050493,
0x4058663,
0x700513,
0x4a58263,
0x9000a13,
0x1537,
0x80050493,
0xd00513,
0x2b55c63,
0x900006f,
0x1e00513,
0xa69e63,
0x40000493,
0x6058a63,
0x4800a13,
0xd00513,
0xb55c63,
0x700006f,
0xa13,
0x493,
0xd00513,
0x6b54063,
0x405ce63,
0x8472983,
0x8072903,
0x6058e63,
0x2b05263,
0x600513,
0xb54e63,
0x2958633,
0x158513,
0x3450533,
0xa60533,
0x1050a13,
0x580006f,
0x2958633,
0x700513,
0x2a59e63,
0x158593,
0xff0a0513,
0x2a58533,
0x340006f,
0x5800a13,
0xd00513,
0xfab554e3,
0x1537,
0x80050513,
0x100014db,
0x0,
0x100014db,
0x1004000,
0x1580006f,
0x158513,
0x3450533,
0xa60533,
0x2050a13,
0x2d48533,
0x44020ef,
0x50b13,
0x58a93,
0xc00006b7,
0x90513,
0x98593,
0x613,
0x158010ef,
0x50913,
0x58993,
0x10a1513,
0x41055513,
0x14020ef,
0x50613,
0x58693,
0x90513,
0x98593,
0x130010ef,
0x50913,
0x58993,
0x408f46b7,
0xb0513,
0xa8593,
0x613,
0x114010ef,
0x50613,
0x58693,
0x90513,
0x98593,
0x129000ef,
0x50913,
0x58993,
0x400006b7,
0x613,
0x115000ef,
0x739010ef,
0x151513,
0x7b1010ef,
0x50613,
0x58693,
0x90513,
0x98593,
0x6c8010ef,
0x50993,
0x58913,
0x613,
0x693,
0x7a9000ef,
0x2055063,
0x400006b7,
0x98513,
0x90593,
0x613,
0xdc000ef,
0x50993,
0x58913,
0x408686b7,
0x98513,
0x90593,
0x613,
0x84010ef,
0x400006b7,
0x613,
0xa1000ef,
0x6c5010ef,
0x50613,
0x20537,
0x13c50513,
0xc50533,
0x54583,
0x20537,
0x40c50513,
0xc50533,
0x54603,
0x1537,
0x80050513,
0x100014db,
0xb,
0x100014db,
0x100400c,
0x800705b,
0x83704537,
0x7d050513,
0x801ff5b7,
0x2a5a423,
0x200513,
0x2a5a623,
0x80100537,
0x80000637,
0xc50533,
0x2a5a823,
0x295aa23,
0x80101537,
0x80050513,
0xc50533,
0x2a5ac23,
0x295ae23,
0x5a023,
0x1c12083,
0x1812403,
0x1412483,
0x1012903,
0xc12983,
0x812a03,
0x412a83,
0x12b03,
0x2010113,
0x8067,
0x100737,
0xfff70713,
0xfe010113,
0xb777b3,
0x146d893,
0xd77733,
0x812c23,
0x912a23,
0x145d413,
0x1f5d493,
0x379593,
0x1d55793,
0x7ff47413,
0xb7e7b3,
0x7ff8f893,
0x371593,
0x112e23,
0x1d65713,
0x1212823,
0x1312623,
0x1f6d693,
0xb76733,
0x351513,
0x361613,
0x411405b3,
0x30d49a63,
0x16b05463,
0xa089063,
0xc766b3,
0x70068863,
0xfff58693,
0x8069063,
0xc50633,
0xa636b3,
0xe78733,
0xd707b3,
0x800737,
0xe7f733,
0x60513,
0x2a071863,
0x100413,
0x757713,
0x2070063,
0xf57713,
0x400693,
0xd70a63,
0x450713,
0xa736b3,
0xd787b3,
0x70513,
0x8005b7,
0xb7f5b3,
0x6c058c63,
0x140413,
0x7ff00713,
0xae40263,
0xff800737,
0xfff70713,
0xe7f7b3,
0x355513,
0x1d79593,
0xa5e5b3,
0x6240006f,
0x7ff00813,
0x9059463,
0x7ff00413,
0xf9dff06f,
0x7ff00693,
0xf8d40ae3,
0x3800693,
0x6b6cc63,
0x8006b7,
0xd76733,
0x58693,
0x1f00593,
0x6d5c863,
0x2000813,
0x40d80833,
0xd658b3,
0x10715b3,
0x1061833,
0x115e5b3,
0x1003833,
0x105e633,
0xd756b3,
0xa60533,
0xf686b3,
0xc53633,
0xc687b3,
0x800737,
0xe7f733,
0xf2070ce3,
0x140413,
0x7ff00713,
0x1ce41c63,
0x7ff00413,
0x793,
0x1900006f,
0x3800593,
0xf8d5dee3,
0x693,
0x100613,
0xfbdff06f,
0xfe068593,
0x2000893,
0xb755b3,
0x813,
0x1168863,
0x4000813,
0x40d80833,
0x1071833,
0xc86833,
0x1003833,
0x105e633,
0x693,
0xf89ff06f,
0xc058e63,
0x408885b3,
0x2041463,
0xa7e6b3,
0x58068e63,
0xfff58693,
0xe8068ce3,
0x7ff00813,
0x7059a63,
0x70793,
0x60513,
0xf09ff06f,
0x7ff00693,
0xfed888e3,
0x3800693,
0x6b6c063,
0x8006b7,
0xd7e7b3,
0x58693,
0x1f00593,
0x4d5cc63,
0x2000813,
0x40d80833,
0x10795b3,
0xd55333,
0x1051833,
0x65e5b3,
0x1003833,
0x105e5b3,
0xd7d6b3,
0xc58633,
0xe686b3,
0xb635b3,
0x60513,
0xb687b3,
0x88413,
0xf05ff06f,
0x3800593,
0xfad5dae3,
0x693,
0x100593,
0xfd5ff06f,
0xfe068593,
0x2000313,
0xb7d5b3,
0x813,
0x668863,
0x4000813,
0x40d80833,
0x1079833,
0xa86833,
0x1003833,
0x105e5b3,
0x693,
0xfa1ff06f,
0x140693,
0x7fe6f593,
0x6059463,
0xa7e6b3,
0x4041063,
0x4c068663,
0xc766b3,
0xdc068ee3,
0xc50633,
0xa636b3,
0xe78733,
0xd707b3,
0x800737,
0xe7f733,
0x60513,
0xda070ee3,
0xff800737,
0xfff70713,
0xe7f7b3,
0xda9ff06f,
0xee068ce3,
0xc76633,
0xe00600e3,
0x493,
0x7ff00413,
0x807b7,
0x593,
0x4080006f,
0x7ff00593,
0xe4b68ee3,
0xc50633,
0xa63533,
0xe78733,
0xa70733,
0x1f71513,
0x165613,
0xc56533,
0x175793,
0x68413,
0xd5dff06f,
0x200413,
0xff800737,
0xfff70713,
0xe7f7b3,
0x155713,
0x157513,
0xa76733,
0x1f79513,
0xe56533,
0x17d793,
0xd31ff06f,
0xeb05e63,
0x4089663,
0xc766b3,
0x40068063,
0xfff58693,
0x2069063,
0x40c50633,
0xc536b3,
0x40e78733,
0x60513,
0x40d707b3,
0x100413,
0x7c0006f,
0x7ff00813,
0xd5058ae3,
0x3800593,
0x2d5d663,
0x693,
0x100613,
0x4c0006f,
0x7ff00693,
0xccd40ce3,
0x3800693,
0xfeb6c4e3,
0x8006b7,
0xd76733,
0x58693,
0x1f00593,
0x4d5cc63,
0x2000813,
0x40d80833,
0xd658b3,
0x10715b3,
0x1061833,
0x115e5b3,
0x1003833,
0x105e633,
0xd756b3,
0x40c50633,
0xc53733,
0x40d786b3,
0x60513,
0x40e687b3,
0x800737,
0xe7f6b3,
0xc6068ce3,
0xfff70713,
0xe7f9b3,
0x50913,
0x1fc0006f,
0xfe068593,
0x2000893,
0xb755b3,
0x813,
0x1168863,
0x4000813,
0x40d80833,
0x1071833,
0xc86833,
0x1003833,
0x105e633,
0x693,
0xfa1ff06f,
0xe058c63,
0x40888833,
0x4041263,
0xa7e5b3,
0x30058a63,
0xfff80593,
0x59e63,
0x40a60533,
0x40f70733,
0xa63633,
0x40c707b3,
0x68493,
0xf01ff06f,
0x7ff00313,
0x6681c63,
0x70793,
0x60513,
0x7ff00413,
0xd80006f,
0x7ff00593,
0xfeb886e3,
0x3800593,
0x705c063,
0x8005b7,
0xb7e7b3,
0x80593,
0x1f00813,
0x4b84c63,
0x2000313,
0x40b30333,
0xb55e33,
0x679833,
0x651333,
0x1c86833,
0x603333,
0x686533,
0xb7d5b3,
0x40a60533,
0x40b705b3,
0xa63633,
0x40c587b3,
0x88413,
0x68493,
0xf05ff06f,
0x3800813,
0xfab85ae3,
0x593,
0x100513,
0xfd5ff06f,
0xfe058813,
0x2000e13,
0x107d833,
0x313,
0x1c58863,
0x4000313,
0x40b30333,
0x679333,
0xa36333,
0x603333,
0x686533,
0x593,
0xfa1ff06f,
0x140593,
0x7fe5f593,
0x8059863,
0xa7e833,
0xc765b3,
0x6041263,
0x81c63,
0x10058e63,
0x70793,
0x60513,
0x68493,
0xb0dff06f,
0xb00584e3,
0x40c508b3,
0x11535b3,
0x40e78833,
0x40b80833,
0x8005b7,
0xb875b3,
0x58c63,
0x40a60533,
0x40f70733,
0xa63633,
0x40c707b3,
0xfc9ff06f,
0x108e5b3,
0xc058863,
0x80793,
0x88513,
0xac5ff06f,
0x81c63,
0x1e058663,
0x70793,
0x60513,
0x68493,
0xb0dff06f,
0xb00584e3,
0xd09ff06f,
0x40c505b3,
0xb53833,
0x40e789b3,
0x410989b3,
0x800837,
0x109f833,
0x58913,
0x6080c63,
0x40a60933,
0x40f70733,
0x1263633,
0x40c709b3,
0x68493,
0x6098a63,
0x98513,
0xfd010ef,
0xff850793,
0x2000693,
0x40f686b3,
0xf99733,
0xd956b3,
0xe6e6b3,
0xf919b3,
0x1087c263,
0x408787b3,
0x178793,
0x2000713,
0x40f70733,
0xe69533,
0xf9d633,
0xe99733,
0xc56533,
0xe03733,
0xe56533,
0xf6d7b3,
0x413,
0xa11ff06f,
0x135e5b3,
0xf8059ee3,
0x413,
0x793,
0x1240006f,
0x90513,
0x8d010ef,
0x1850793,
0x1f00713,
0xf8f756e3,
0xff850513,
0xa916b3,
0x487c063,
0x40878533,
0x150793,
0xf8f75ce3,
0xfe150513,
0x2000613,
0xa6d733,
0x513,
0xc78863,
0x4000513,
0x40f50533,
0xa69533,
0xa03533,
0xe56533,
0x793,
0xf8dff06f,
0x40f40433,
0xff8007b7,
0xfff78793,
0xf6f7b3,
0x1d79593,
0x37d793,
0x1441413,
0x7ff00737,
0xc79793,
0xc7d793,
0xe47433,
0xf46433,
0x1f49493,
0x9467b3,
0x1c12083,
0x1812403,
0x1412483,
0x1012903,
0xc12983,
0x58513,
0x78593,
0x2010113,
0x8067,
0x40f40433,
0xff8007b7,
0xfff78793,
0xf6f7b3,
0x98513,
0x92dff06f,
0x70793,
0x60513,
0x58413,
0x91dff06f,
0x70793,
0x60513,
0x911ff06f,
0x70793,
0x60513,
0x80413,
0xdf1ff06f,
0x1d79713,
0x355513,
0x7ff00693,
0xa76733,
0x37d793,
0x2d41463,
0xf76733,
0x807b7,
0x9a070ae3,
0x493,
0xf51ff06f,
0x493,
0x7ff00413,
0x807b7,
0xf41ff06f,
0x70593,
0xf39ff06f,
0xfd010113,
0x1712623,
0x60b93,
0x145d613,
0x2812423,
0x3212023,
0x1312e23,
0x1612823,
0xc59413,
0x2112623,
0x2912223,
0x1412c23,
0x1512a23,
0x7ff67613,
0x50b13,
0x68913,
0xc45413,
0x1f5d993,
0xa060063,
0x7ff00793,
0x10f60063,
0x1d55693,
0x341413,
0x86e6b3,
0x8007b7,
0xf6ea33,
0x351493,
0xc0160a93,
0xb13,
0x1495793,
0xc91413,
0x7ff7f793,
0xc45413,
0x1f95913,
0x10078263,
0x7ff00713,
0x16e78663,
0x341413,
0x1dbd713,
0x876733,
0x800437,
0x876433,
0x3b9f13,
0xc0178693,
0x593,
0x2b1793,
0xb7e7b3,
0x40da8633,
0xfff78793,
0xe00693,
0x129c733,
0x18f6ec63,
0x206b7,
0x279793,
0x68693,
0xd787b3,
0x7a783,
0x78067,
0xa46a33,
0x80a0063,
0x2040e63,
0x40513,
0x658010ef,
0xff550793,
0x1d00693,
0xff850713,
0x40f686b3,
0xe41433,
0xdb56b3,
0x86ea33,
0xeb1433,
0xc0d00613,
0x40a60ab3,
0x40493,
0xf49ff06f,
0x624010ef,
0x50a13,
0x15a0793,
0x1c00713,
0x2050513,
0xfcf750e3,
0xff8a0a13,
0x14b1a33,
0xfd1ff06f,
0xa46a33,
0x20a0463,
0x50493,
0x40a13,
0x7ff00a93,
0x300b13,
0xf0dff06f,
0x493,
0xa93,
0x100b13,
0xefdff06f,
0x493,
0x7ff00a93,
0x200b13,
0xeedff06f,
0x1746f33,
0x80f0263,
0x4040063,
0x40513,
0x5b4010ef,
0xff550713,
0x1d00793,
0xff850693,
0x40e787b3,
0xd41433,
0xfbd7b3,
0x87e7b3,
0xdb9433,
0xc0d00693,
0x40f13,
0x40a686b3,
0x78413,
0xee1ff06f,
0xb8513,
0x578010ef,
0x50793,
0x1578713,
0x1c00693,
0x2050513,
0xfae6dce3,
0xff878793,
0xfb97b3,
0xfc9ff06f,
0x1746f33,
0x20f0263,
0xb8f13,
0x7ff00693,
0x300593,
0xea5ff06f,
0x413,
0x693,
0x100593,
0xe95ff06f,
0x413,
0x7ff00693,
0x200593,
0xe85ff06f,
0x98713,
0xa0413,
0x48f13,
0x200793,
0x46fb0263,
0x300793,
0x44fb0463,
0x100793,
0x2cfb1263,
0x413,
0x693,
0x3f80006f,
0x1446663,
0x348a1e63,
0x35e4ec63,
0x1fa1693,
0x14d793,
0x1f49313,
0x1a5a13,
0xf6e4b3,
0x841413,
0x1045893,
0x31a5eb3,
0x18f5593,
0x85e5b3,
0x1059813,
0x1085813,
0x104d793,
0x8f1513,
0x31a76b3,
0x3d80e33,
0x1069693,
0xd7e7b3,
0xe8693,
0x1c7fe63,
0xf587b3,
0xfffe8693,
0xb7e863,
0x1c7f663,
0xffee8693,
0xb787b3,
0x41c787b3,
0x317deb3,
0x1049493,
0x104d493,
0x317f7b3,
0x3d80e33,
0x1079793,
0xf4e4b3,
0xe8793,
0x1c4fe63,
0x9584b3,
0xfffe8793,
0xb4e863,
0x1c4f663,
0xffee8793,
0xb484b3,
0x1069693,
0x103b7,
0xf6efb3,
0x41c484b3,
0xfff38e13,
0x1cff7b3,
0x10fdf13,
0x1055e93,
0x1c57e33,
0x2fe02b3,
0x3cf0433,
0x102d693,
0x2fe87b3,
0x8787b3,
0xf686b3,
0x3df0f33,
0x86f463,
0x7f0f33,
0x106d793,
0x1e787b3,
0x10f37,
0xffff0f13,
0x1e6f6b3,
0x1069693,
0x1e2f2b3,
0x5686b3,
0xf4e863,
0xf8413,
0x4f49863,
0x4d37663,
0xa30f33,
0x6f32b3,
0xb283b3,
0x7484b3,
0xffff8413,
0xf0313,
0x95e663,
0x2959663,
0x2029463,
0xf4e663,
0x2979063,
0xdf7e63,
0x1e50f33,
0xf0313,
0xaf3f33,
0xbf0f33,
0xffef8413,
0x1e484b3,
0x40d306b3,
0x40f484b3,
0xd33333,
0x406484b3,
0xfff00f13,
0x12958663,
0x314dfb3,
0x106d793,
0x314f4b3,
0xf8313,
0x3f80f33,
0x1049493,
0x97e7b3,
0x1e7fe63,
0xf587b3,
0xffff8313,
0xb7e863,
0x1e7f663,
0xffef8313,
0xb787b3,
0x41e787b3,
0x317df33,
0x1069693,
0x106d693,
0x317f7b3,
0x3e80833,
0x1079793,
0xf6e7b3,
0xf0693,
0x107fe63,
0xf587b3,
0xffff0693,
0xb7e863,
0x107f663,
0xffef0693,
0xb787b3,
0x1031313,
0xd36333,
0x1031693,
0x106d693,
0x1035893,
0x3c68f33,
0x410787b3,
0x3c88e33,
0x31e88b3,
0x2de8eb3,
0x10f5693,
0x1ce8eb3,
0x1d686b3,
0x1c6f663,
0x10837,
0x10888b3,
0x106d813,
0x1180833,
0x108b7,
0xfff88893,
0x116f6b3,
0x1069693,
0x11f7f33,
0x1e686b3,
0x107e863,
0x30f13,
0x5079263,
0x4068263,
0xf587b3,
0xfff30f13,
0x78893,
0x2b7e463,
0x107e663,
0x3079463,
0x2d57063,
0xffe30f13,
0x151313,
0xa338b3,
0xb888b3,
0x11788b3,
0x30513,
0x1089463,
0xa68463,
0x1f6f13,
0x3ff60793,
0xcf05063,
0x7f7693,
0x2068063,
0xff7693,
0x400593,
0xb68a63,
0x4f0693,
0x1e6b5b3,
0xb40433,
0x68f13,
0x10006b7,
0xd476b3,
0x68a63,
0xff0007b7,
0xfff78793,
0xf47433,
0x40060793,
0x7fe00693,
0x14f6c263,
0x1d41693,
0x3f5f13,
0x1e6e6b3,
0x345413,
0xc41413,
0xc45413,
0x1479793,
0x2c12083,
0x87e7b3,
0x2812403,
0x1f71713,
0xe7e633,
0x2412483,
0x2012903,
0x1c12983,
0x1812a03,
0x1412a83,
0x1012b03,
0xc12b83,
0x68513,
0x60593,
0x3010113,
0x8067,
0xfff60613,
0x313,
0xcb9ff06f,
0x90713,
0x58b13,
0xc69ff06f,
0x100593,
0x78c63,
0x40f585b3,
0x3800693,
0xc6b6c6e3,
0x1f00693,
0x6b6c663,
0x41e60613,
0xbf57b3,
0xcf1f33,
0x1e03f33,
0xc41633,
0xcf6f33,
0x1e7e7b3,
0xb45433,
0x77f693,
0x2068063,
0xf7f693,
0x400613,
0xc68a63,
0x478693,
0xf6b633,
0xc40433,
0x68793,
0x8006b7,
0xd476b3,
0x6069a63,
0x1d41693,
0x37d793,
0xf6e6b3,
0x345413,
0x793,
0xf1dff06f,
0xfe100693,
0x40f687b3,
0x2000513,
0xf457b3,
0x693,
0xa58663,
0x43e60613,
0xc416b3,
0x1e6e6b3,
0xd036b3,
0xd7e7b3,
0x413,
0xf89ff06f,
0x80437,
0x693,
0x7ff00793,
0x713,
0xed5ff06f,
0x413,
0x693,
0x7ff00793,
0xec5ff06f,
0x413,
0x693,
0x100793,
0xeb5ff06f,
0x146d793,
0x145d313,
0x100737,
0xfff70713,
0x50813,
0x50e13,
0x7ff37313,
0x7ff7f513,
0x7ff00793,
0xb778b3,
0x60e93,
0xd77733,
0x1f5d593,
0x1f6d693,
0x2f31c63,
0x108e8b3,
0xc089463,
0x650a63,
0x100513,
0xa058c63,
0xfff00513,
0x8067,
0xc76733,
0x200513,
0xa071263,
0xfed592e3,
0x513,
0x8067,
0x4f51063,
0xc76733,
0x200513,
0x8071463,
0x30c63,
0xfcd592e3,
0xfff00513,
0x6058c63,
0x58513,
0x8067,
0x108e8b3,
0xfe0894e3,
0xfff00513,
0x6068063,
0x68513,
0x8067,
0x2030663,
0xf8050ae3,
0xf8d598e3,
0xf86546e3,
0xfca344e3,
0xf91762e3,
0xfce890e3,
0xf7ceeee3,
0x513,
0x3de7863,
0xfb1ff06f,
0x108e833,
0x50663,
0xfa080ee3,
0xf9dff06f,
0xc76633,
0x60863,
0xfa0806e3,
0xfcd586e3,
0xf4dff06f,
0xf40814e3,
0x8067,
0x200513,
0x8067,
0xfd010113,
0x1512a23,
0x145da93,
0x2812423,
0x2912223,
0x1312e23,
0x1412c23,
0x1612823,
0xc59493,
0x2112623,
0x3212023,
0x1712623,
0x7ffafa93,
0x50413,
0x60b13,
0x68993,
0xc4d493,
0x1f5da13,
0x300a8063,
0x7ff00793,
0x36fa8263,
0x349493,
0x1d55793,
0x97e7b3,
0x8004b7,
0x97e4b3,
0x351913,
0xc01a8a93,
0xb93,
0x149d713,
0xc99413,
0x7ff77713,
0xc45413,
0x1f9d993,
0x36070263,
0x7ff00793,
0x3cf70663,
0x341413,
0x1db5793,
0x87e7b3,
0x800437,
0x87e433,
0xc0170693,
0x3b1793,
0x513,
0x2b9713,
0xda8ab3,
0xa76733,
0xa00693,
0x13a4633,
0x1a8593,
0x40e6c863,
0x200693,
0x3ce6c063,
0xfff70713,
0x100693,
0x3ce6fc63,
0x10837,
0xfff80e93,
0x1095693,
0x107d893,
0x1d97933,
0x1d7ff33,
0x3e907b3,
0x3e68333,
0x107d513,
0x3288733,
0x670733,
0xe50533,
0x3168e33,
0x657463,
0x10e0e33,
0x1055713,
0x1d57533,
0x1d7f7b3,
0x1045813,
0x1d47eb3,
0x1051513,
0xf50533,
0x3d90fb3,
0x3d687b3,
0x3280933,
0x3068333,
0xf90933,
0x10fd693,
0x12686b3,
0xf6f663,
0x107b7,
0xf30333,
0x103b7,
0x106d793,
0xfff38293,
0x678333,
0x56f7b3,
0x5fffb3,
0x104d913,
0x54f2b3,
0x1079793,
0x1f787b3,
0x3288433,
0xf70733,
0x25f0fb3,
0x25888b3,
0x10fd693,
0x3e90f33,
0x1e888b3,
0x11686b3,
0x1e6f463,
0x740433,
0x25e83b3,
0x106df13,
0x104b7,
0x8f0f33,
0xfff48413,
0x86f6b3,
0x1069693,
0x8fffb3,
0x1f68fb3,
0x3d90eb3,
0x103d693,
0x32808b3,
0x2580833,
0x1d80833,
0x1068833,
0x1d87463,
0x9888b3,
0x8876b3,
0x83f3b3,
0x1069693,
0x1c70733,
0x7686b3,
0x668333,
0xf737b3,
0xf307b3,
0xd336b3,
0x67b333,
0x1085813,
0x66e6b3,
0x10686b3,
0x1f70833,
0x1e78f33,
0xe83733,
0xef0733,
0xff3433,
0x1e73f33,
0x1e46433,
0xd40433,
0x1140433,
0x1775793,
0x941413,
0xf46433,
0x981793,
0xa7e7b3,
0xf037b3,
0x1785813,
0x971713,
0x107e7b3,
0xe7e7b3,
0x1000737,
0xe47733,
0x28070063,
0x17d713,
0x17f793,
0xf76733,
0x1f41793,
0xf767b3,
0x145413,
0x3ff58693,
0x26d05463,
0x77f713,
0x2070063,
0xf7f713,
0x400513,
0xa70a63,
0x478713,
0xf73533,
0xa40433,
0x70793,
0x1000737,
0xe47733,
0x70a63,
0xff000737,
0xfff70713,
0xe47433,
0x40058693,
0x7fe00713,
0x2ed74a63,
0x1d41713,
0x37d793,
0xf76733,
0x345413,
0xc41413,
0xc45413,
0x1469693,
0x2c12083,
0x86e6b3,
0x2812403,
0x1f61613,
0xc6e7b3,
0x2412483,
0x2012903,
0x1c12983,
0x1812a03,
0x1412a83,
0x1012b03,
0xc12b83,
0x70513,
0x78593,
0x3010113,
0x8067,
0xa4e933,
0x8090063,
0x4048063,
0x48513,
0x421000ef,
0xff550713,
0x1d00793,
0xff850693,
0x40e787b3,
0xd494b3,
0xf457b3,
0x97e7b3,
0xd414b3,
0xc0d00a93,
0x48913,
0x40aa8ab3,
0x78493,
0xce5ff06f,
0x3e9000ef,
0x50793,
0x1578713,
0x1c00693,
0x2050513,
0xfae6dee3,
0xff878793,
0xf417b3,
0xfcdff06f,
0xa4e933,
0x2090263,
0x50913,
0x7ff00a93,
0x300b93,
0xcadff06f,
0x493,
0xa93,
0x100b93,
0xc9dff06f,
0x493,
0x7ff00a93,
0x200b93,
0xc8dff06f,
0x16467b3,
0x8078263,
0x4040063,
0x40513,
0x37d000ef,
0xff550693,
0x1d00713,
0xff850793,
0x40d70733,
0xf41433,
0xeb5733,
0x876733,
0xfb1433,
0xc0d00693,
0x40793,
0x40a686b3,
0x70413,
0xc81ff06f,
0xb0513,
0x341000ef,
0x50793,
0x1578693,
0x1c00713,
0x2050513,
0xfad75ce3,
0xff878793,
0xfb1733,
0xfc9ff06f,
0x16467b3,
0x2078263,
0xb0793,
0x7ff00693,
0x300513,
0xc45ff06f,
0x413,
0x693,
0x100513,
0xc35ff06f,
0x413,
0x7ff00693,
0x200513,
0xc25ff06f,
0x100693,
0xe696b3,
0x5306f713,
0x4071863,
0x2406f813,
0x10081c63,
0x886f693,
0xc2068ae3,
0x98613,
0x200713,
0x12e50063,
0x300713,
0x10e50663,
0x100713,
0xdce518e3,
0x413,
0x713,
0xac0006f,
0xf00693,
0xed70863,
0xb00693,
0xa0613,
0xfcd704e3,
0x48413,
0x90793,
0xb8513,
0xfbdff06f,
0xa8593,
0xd99ff06f,
0x100513,
0x68c63,
0x40d50533,
0x3800713,
0xfaa74ce3,
0x1f00713,
0x6a74663,
0x41e58593,
0xa7d733,
0xb797b3,
0xf037b3,
0xb415b3,
0xb7e7b3,
0xe7e7b3,
0xa45433,
0x77f713,
0x2070063,
0xf7f713,
0x400693,
0xd70a63,
0x478713,
0xf736b3,
0xd40433,
0x70793,
0x800737,
0xe47733,
0x6071e63,
0x1d41713,
0x37d793,
0xf76733,
0x345413,
0x693,
0xd75ff06f,
0xfe100713,
0x40d70733,
0x2000813,
0xe45733,
0x693,
0x1050663,
0x43e58593,
0xb416b3,
0xf6e6b3,
0xd036b3,
0xd767b3,
0x413,
0xf89ff06f,
0x80437,
0x7ff00693,
0x613,
0xd31ff06f,
0x80437,
0x713,
0xfedff06f,
0x413,
0x713,
0x7ff00693,
0xd15ff06f,
0x413,
0x713,
0x100693,
0xd05ff06f,
0x100837,
0xfff80813,
0xfe010113,
0xb878b3,
0x145d713,
0x1d55793,
0x812c23,
0x912a23,
0x7ff77413,
0x1f5d493,
0x389713,
0xd875b3,
0x146d813,
0xe7e7b3,
0x359593,
0x1d65713,
0x112e23,
0x1212823,
0x1312623,
0x7ff87813,
0x7ff00893,
0x351513,
0x1f6d693,
0xb76733,
0x361613,
0x7181c63,
0xc768b3,
0x80140593,
0x88e63,
0x68313,
0x42d49a63,
0x26058863,
0x76041a63,
0x7ff00413,
0x1f80006f,
0x16c313,
0x42649c63,
0x24058c63,
0xfe0406e3,
0x793,
0x513,
0x7ff00413,
0x8006b7,
0xd7f6b3,
0x74068c63,
0x140413,
0x7ff00713,
0x10e40663,
0xff800737,
0xfff70713,
0xe7f7b3,
0x355513,
0x1d79693,
0xa6e6b3,
0x6bc0006f,
0x16c313,
0x410405b3,
0x2c649a63,
0x12b05863,
0x6081663,
0xc766b3,
0x70068663,
0xfff58693,
0x4069863,
0xc50633,
0xa636b3,
0xe78733,
0xd707b3,
0x800737,
0xe7f733,
0x60513,
0x26071863,
0x100413,
0x757713,
0xf80700e3,
0xf57713,
0x400693,
0xf6d70ae3,
0x450713,
0xa736b3,
0xd787b3,
0x70513,
0xf61ff06f,
0x9159263,
0x7ff00413,
0xfd1ff06f,
0xfd1406e3,
0x3800693,
0x6b6cc63,
0x8006b7,
0xd76733,
0x58693,
0x1f00593,
0x6d5c863,
0x2000813,
0x40d80833,
0xd658b3,
0x10715b3,
0x1061833,
0x115e5b3,
0x1003833,
0x105e633,
0xd756b3,
0xa60533,
0xf686b3,
0xc53633,
0xc687b3,
0x800737,
0xe7f733,
0xf60708e3,
0x140413,
0x7ff00713,
0x1ce41863,
0x7ff00413,
0x793,
0x1880006f,
0x3800593,
0xf8d5dee3,
0x693,
0x100613,
0xfbdff06f,
0xfe068593,
0x2000893,
0xb755b3,
0x813,
0x1168863,
0x4000813,
0x40d80833,
0x1071833,
0xc86833,
0x1003833,
0x105e633,
0x693,
0xf89ff06f,
0xc058a63,
0x408806b3,
0x4040e63,
0x3800593,
0x8d5c263,
0x8005b7,
0xb7e7b3,
0x1f00593,
0x8d5c063,
0x2000893,
0x40d888b3,
0x11795b3,
0xd55333,
0x11518b3,
0x65e5b3,
0x11038b3,
0x115e5b3,
0xd7d6b3,
0xc58633,
0xe686b3,
0xb635b3,
0x60513,
0xb687b3,
0x80413,
0xf35ff06f,
0x68413,
0xa7e6b3,
0x68a63,
0xfff40693,
0xe6068ae3,
0x7ff00593,
0xb41863,
0x70793,
0x60513,
0xe85ff06f,
0x3800593,
0xf8d5d6e3,
0x693,
0x100593,
0xfadff06f,
0xfe068593,
0x2000313,
0xb7d5b3,
0x893,
0x668863,
0x4000893,
0x40d888b3,
0x11798b3,
0xa8e8b3,
0x11038b3,
0x115e5b3,
0x693,
0xf79ff06f,
0x140693,
0x7fe6f593,
0x6059463,
0xa7e6b3,
0x4041063,
0xf8068ce3,
0xc766b3,
0xe0068ee3,
0xc50633,
0xa636b3,
0xe78733,
0xd707b3,
0x800737,
0xe7f733,
0x60513,
0xde070ee3,
0xff800737,
0xfff70713,
0xe7f7b3,
0xde9ff06f,
0x4a068c63,
0xc76633,
0xe00606e3,
0x493,
0x7ff00413,
0x807b7,
0x693,
0x4400006f,
0x7ff00593,
0xe6b682e3,
0xc50633,
0xa63533,
0xe78733,
0xa70733,
0x1f71513,
0x165613,
0xc56533,
0x175793,
0x68413,
0xd9dff06f,
0x200413,
0xff800737,
0xfff70713,
0xe7f7b3,
0x155713,
0x157513,
0xa76733,
0x1f79513,
0xe56533,
0x17d793,
0xd71ff06f,
0x12b05663,
0x4081463,
0xc766b3,
0x42068e63,
0xfff58693,
0x2069063,
0x40c50633,
0xc536b3,
0x40e78733,
0x60513,
0x40d707b3,
0x100413,
0x740006f,
0xd71582e3,
0x3800593,
0x2d5d463,
0x693,
0x100613,
0x480006f,
0xd31400e3,
0x3800693,
0xfeb6c6e3,
0x8006b7,
0xd76733,
0x58693,
0x1f00593,
0x4d5cc63,
0x2000813,
0x40d80833,
0xd658b3,
0x10715b3,
0x1061833,
0x115e5b3,
0x1003833,
0x105e633,
0xd756b3,
0x40c50633,
0xc53733,
0x40d786b3,
0x60513,
0x40e687b3,
0x800737,
0xe7f6b3,
0xcc0680e3,
0xfff70713,
0xe7f9b3,
0x50913,
0x23c0006f,
0xfe068593,
0x2000893,
0xb755b3,
0x813,
0x1168863,
0x4000813,
0x40d80833,
0x1071833,
0xc86833,
0x1003833,
0x105e633,
0x693,
0xfa1ff06f,
0x12058c63,
0x6040663,
0x70793,
0x60513,
0x7ff00413,
0x68493,
0xc61ff06f,
0x10058e63,
0x4040e63,
0x793,
0x513,
0x7ff00413,
0x30493,
0xbc9ff06f,
0x10058063,
0x408806b3,
0x6041063,
0x30493,
0x68413,
0xa7e6b3,
0xd8068ee3,
0xfff40693,
0x2069663,
0x40a60533,
0x40f70733,
0xa63633,
0x40c707b3,
0xecdff06f,
0x68493,
0x7ff00413,
0xfd5ff06f,
0x30493,
0xff5ff06f,
0x7ff00593,
0xd6b402e3,
0x3800593,
0x2d5d263,
0x693,
0x100593,
0x440006f,
0x3800593,
0x8d5c663,
0x8005b7,
0xb7e7b3,
0x30493,
0x1f00593,
0x4d5c263,
0x2000893,
0x40d888b3,
0x11795b3,
0xd55333,
0x11518b3,
0x65e5b3,
0x11038b3,
0x115e5b3,
0xd7d6b3,
0x40b605b3,
0x40d706b3,
0xb63633,
0x58513,
0x40c687b3,
0x80413,
0xeb9ff06f,
0xfe068593,
0x2000313,
0xb7d5b3,
0x893,
0x668863,
0x4000893,
0x40d888b3,
0x11798b3,
0xa8e8b3,
0x11038b3,
0x115e5b3,
0x693,
0xfb5ff06f,
0x30493,
0xf61ff06f,
0x140693,
0x7fe6f693,
0x8069863,
0xc766b3,
0xa7e5b3,
0x6041263,
0x59c63,
0x22068a63,
0x70793,
0x60513,
0x30493,
0xb15ff06f,
0xb00688e3,
0x40c50833,
0x10536b3,
0x40e785b3,
0x40d585b3,
0x8006b7,
0xd5f6b3,
0x68c63,
0x40a60533,
0x40f70733,
0xa63633,
0x40c707b3,
0xfc9ff06f,
0xb866b3,
0x1e068463,
0x58793,
0x80513,
0xacdff06f,
0x59c63,
0x1c068e63,
0x70793,
0x60513,
0x30493,
0xae1ff06f,
0xac068ee3,
0xcd1ff06f,
0x40c506b3,
0xd535b3,
0x40e789b3,
0x40b989b3,
0x8005b7,
0xb9f5b3,
0x68913,
0x6058c63,
0x40a60933,
0x40f70733,
0x1263633,
0x40c709b3,
0x30493,
0x6098a63,
0x98513,
0x2c4000ef,
0xff850793,
0x2000693,
0x40f686b3,
0xf99733,
0xd956b3,
0xe6e6b3,
0xf919b3,
0x1087c263,
0x408787b3,
0x178793,
0x2000713,
0x40f70733,
0xe69533,
0xf9d633,
0xe99733,
0xc56533,
0xe03733,
0xe56533,
0xf6d7b3,
0x413,
0xa19ff06f,
0x136e6b3,
0xf8069ee3,
0x793,
0x413,
0x10c0006f,
0x90513,
0x254000ef,
0x1850793,
0x1f00713,
0xf8f756e3,
0xff850513,
0xa916b3,
0x487c063,
0x40878533,
0x150793,
0xf8f75ce3,
0xfe150513,
0x2000613,
0xa6d733,
0x513,
0xc78863,
0x4000513,
0x40f50533,
0xa69533,
0xa03533,
0xe56533,
0x793,
0xf8dff06f,
0x40f40433,
0xff8007b7,
0xfff78793,
0xf6f7b3,
0x1d79693,
0x37d793,
0x1441713,
0x7ff00637,
0xc79793,
0x1c12083,
0x1812403,
0xc77733,
0xc7d793,
0x1f49493,
0xf767b3,
0x97e733,
0x1012903,
0x1412483,
0xc12983,
0x68513,
0x70593,
0x2010113,
0x8067,
0x40f40433,
0xff8007b7,
0xfff78793,
0xf6f7b3,
0x98513,
0x935ff06f,
0x70793,
0x60513,
0x955ff06f,
0x58413,
0x921ff06f,
0x1d79713,
0x355513,
0x7ff00613,
0xa76733,
0x37d793,
0x2c41863,
0xf76733,
0x807b7,
0x98070ee3,
0x493,
0xf69ff06f,
0x793,
0xff5ff06f,
0x493,
0x7ff00413,
0x807b7,
0xf51ff06f,
0x70693,
0xf49ff06f,
0x145d713,
0x1006b7,
0xfff68793,
0x7ff77713,
0x3fe00613,
0xb7f7b3,
0x1f5d593,
0x4e65e63,
0x41d00613,
0xe65a63,
0x80000537,
0xfff54513,
0xa58533,
0x8067,
0xd7e7b3,
0x43300693,
0x40e686b3,
0x1f00613,
0x2d64063,
0xbed70713,
0xe797b3,
0xd55533,
0xa7e533,
0x2058063,
0x40a00533,
0x8067,
0x41300693,
0x40e68733,
0xe7d533,
0xfe9ff06f,
0x513,
0x8067,
0xff010113,
0x112623,
0x812423,
0x912223,
0x8050663,
0x41f55793,
0xa7c433,
0x40f40433,
0x1f55493,
0x40513,
0x80000ef,
0x41e00713,
0xa00793,
0x40a70733,
0x4a7c863,
0xb00793,
0x40a787b3,
0x1550513,
0xf457b3,
0xa41433,
0x48513,
0xc79793,
0xc7d793,
0x1471713,
0x1f51513,
0xf76733,
0xc12083,
0xa767b3,
0x40513,
0x812403,
0x412483,
0x78593,
0x1010113,
0x8067,
0xff550513,
0xa417b3,
0x48513,
0x413,
0xfbdff06f,
0x713,
0x793,
0xff1ff06f,
0x107b7,
0x2f57a63,
0x10053793,
0x17c793,
0x379793,
0x20737,
0x2000693,
0x40f686b3,
0xf55533,
0x3c70793,
0xa787b3,
0x7c503,
0x40a68533,
0x8067,
0x1000737,
0x1000793,
0xfce56ae3,
0x1800793,
0xfcdff06f,
0x0,
0x0,
0x0,
0x0,
0x0,
0x11f8,
0xda8,
0x1120,
0xda8,
0x11e4,
0xda8,
0x1120,
0x11f8,
0x11f8,
0x11e4,
0x1120,
0xd84,
0xd84,
0xd84,
0x11e4,
0x2020100,
0x3030303,
0x4040404,
0x4040404,
0x5050505,
0x5050505,
0x5050505,
0x5050505,
0x6060606,
0x6060606,
0x6060606,
0x6060606,
0x6060606,
0x6060606,
0x6060606,
0x6060606,
0x7070707,
0x7070707,
0x7070707,
0x7070707,
0x7070707,
0x7070707,
0x7070707,
0x7070707,
0x7070707,
0x7070707,
0x7070707,
0x7070707,
0x7070707,
0x7070707,
0x7070707,
0x7070707,
0x8080808,
0x8080808,
0x8080808,
0x8080808,
0x8080808,
0x8080808,
0x8080808,
0x8080808,
0x8080808,
0x8080808,
0x8080808,
0x8080808,
0x8080808,
0x8080808,
0x8080808,
0x8080808,
0x8080808,
0x8080808,
0x8080808,
0x8080808,
0x8080808,
0x8080808,
0x8080808,
0x8080808,
0x8080808,
0x8080808,
0x8080808,
0x8080808,
0x8080808,
0x8080808,
0x8080808,
0x8080808,
0x7f7f7f7f,
0x7f7f7f7f,
0x7f7f7f7f,
0x7f7f7f7f,
0x7e7e7f7f,
0x7d7e7e7e,
0x7c7d7d7d,
0x7b7c7c7c,
0x7a7a7b7b,
0x7979797a,
0x77777878,
0x75767677,
0x74747475,
0x72727373,
0x6f707071,
0x6d6e6e6f,
0x6b6b6c6d,
0x6869696a,
0x66666768,
0x63636465,
0x60616162,
0x5d5e5e5f,
0x5a5b5b5c,
0x56575859,
0x53545556,
0x50515152,
0x4c4d4e4f,
0x48494a4b,
0x45464748,
0x41424344,
0x3d3e3f40,
0x393a3b3c,
0x35363738,
0x31323334,
0x2d2e2f30,
0x292a2b2c,
0x24252628,
0x20212223,
0x1c1d1e1f,
0x17181a1b,
0x13141516,
0xe101112,
0xa0b0c0d,
0x6070809,
0x1020304,
0xfdfeff00,
0xf8f9fafc,
0xf4f5f6f7,
0xeff0f2f3,
0xebecedee,
0xe6e8e9ea,
0xe2e3e4e5,
0xdedfe0e1,
0xdadbdcdd,
0xd5d6d7d8,
0xd1d2d3d4,
0xcdcecfd0,
0xc9cacbcc,
0xc5c6c7c8,
0xc1c2c3c4,
0xbdbebfc0,
0xb9babbbc,
0xb6b7b8b8,
0xb2b3b4b5,
0xafafb0b1,
0xabacadae,
0xa8a9aaaa,
0xa5a5a6a7,
0xa2a2a3a4,
0x9f9fa0a1,
0x9c9d9d9e,
0x999a9a9b,
0x97979898,
0x94959596,
0x92929393,
0x90909191,
0x8d8e8e8f,
0x8c8c8c8d,
0x8a8a8b8b,
0x88898989,
0x87878788,
0x85868686,
0x84848585,
0x83838484,
0x82828383,
0x81828282,
0x81818181,
0x80808181,
0x80808080,
0x80808080,
0x80808080,
0x80808080,
0x81808080,
0x81818181,
0x82828181,
0x83828282,
0x84838383,
0x85848484,
0x86868585,
0x87878786,
0x89898888,
0x8b8a8a89,
0x8c8c8c8b,
0x8e8e8d8d,
0x9190908f,
0x93929291,
0x95959493,
0x98979796,
0x9a9a9998,
0x9d9d9c9b,
0xa09f9f9e,
0xa3a2a2a1,
0xa6a5a5a4,
0xaaa9a8a7,
0xadacabaa,
0xb0afafae,
0xb4b3b2b1,
0xb8b7b6b5,
0xbbbab9b8,
0xbfbebdbc,
0xc3c2c1c0,
0xc7c6c5c4,
0xcbcac9c8,
0xcfcecdcc,
0xd3d2d1d0,
0xd7d6d5d4,
0xdcdbdad8,
0xe0dfdedd,
0xe4e3e2e1,
0xe9e8e6e5,
0xedecebea,
0xf2f0efee,
0xf6f5f4f3,
0xfaf9f8f7,
0xfffefdfc,
0x3020100,
0x8070604,
0xc0b0a09,
0x11100e0d,
0x15141312,
0x1a181716,
0x1e1d1c1b,
0x2221201f,
0x26252423,
0x2b2a2928,
0x2f2e2d2c,
0x33323130,
0x37363534,
0x3b3a3938,
0x3f3e3d3c,
0x43424140,
0x47464544,
0x4a494848,
0x4e4d4c4b,
0x5151504f,
0x55545352,
0x58575656,
0x5b5b5a59,
0x5e5e5d5c,
0x6161605f,
0x64636362,
0x67666665,
0x69696868,
0x6c6b6b6a,
0x6e6e6d6d,
0x70706f6f,
0x73727271,
0x74747473,
0x76767575,
0x78777777,
0x79797978,
0x7b7a7a7a,
0x7c7c7b7b,
0x7d7d7c7c,
0x7e7e7d7d,
0x7f7e7e7e,
0x7f7f7f7f,
0x7f7f7f7f,
0x7f7f7f7f,
0x7f7f7f7f,
0x3020100,
0x8070604,
0xc0b0a09,
0x11100e0d,
0x15141312,
0x1a181716,
0x1e1d1c1b,
0x2221201f,
0x26252423,
0x2b2a2928,
0x2f2e2d2c,
0x33323130,
0x37363534,
0x3b3a3938,
0x3f3e3d3c,
0x43424140,
0x47464544,
0x4a494848,
0x4e4d4c4b,
0x5151504f,
0x55545352,
0x58575656,
0x5b5b5a59,
0x5e5e5d5c,
0x6161605f,
0x64636362,
0x67666665,
0x69696868,
0x6c6b6b6a,
0x6e6e6d6d,
0x70706f6f,
0x73727271,
0x74747473,
0x76767575,
0x78777777,
0x79797978,
0x7b7a7a7a,
0x7c7c7b7b,
0x7d7d7c7c,
0x7e7e7d7d,
0x7f7e7e7e,
0x7f7f7f7f,
0x7f7f7f7f,
0x7f7f7f7f,
0x7f7f7f7f,
0x7f7f7f7f,
0x7f7f7f7f,
0x7f7f7f7f,
0x7f7f7f7f,
0x7e7e7f7f,
0x7d7e7e7e,
0x7c7d7d7d,
0x7b7c7c7c,
0x7a7a7b7b,
0x7979797a,
0x77777878,
0x75767677,
0x74747475,
0x72727373,
0x6f707071,
0x6d6e6e6f,
0x6b6b6c6d,
0x6869696a,
0x66666768,
0x63636465,
0x60616162,
0x5d5e5e5f,
0x5a5b5b5c,
0x56575859,
0x53545556,
0x50515152,
0x4c4d4e4f,
0x48494a4b,
0x45464748,
0x41424344,
0x3d3e3f40,
0x393a3b3c,
0x35363738,
0x31323334,
0x2d2e2f30,
0x292a2b2c,
0x24252628,
0x20212223,
0x1c1d1e1f,
0x17181a1b,
0x13141516,
0xe101112,
0xa0b0c0d,
0x6070809,
0x1020304,
0xfdfeff00,
0xf8f9fafc,
0xf4f5f6f7,
0xeff0f2f3,
0xebecedee,
0xe6e8e9ea,
0xe2e3e4e5,
0xdedfe0e1,
0xdadbdcdd,
0xd5d6d7d8,
0xd1d2d3d4,
0xcdcecfd0,
0xc9cacbcc,
0xc5c6c7c8,
0xc1c2c3c4,
0xbdbebfc0,
0xb9babbbc,
0xb6b7b8b8,
0xb2b3b4b5,
0xafafb0b1,
0xabacadae,
0xa8a9aaaa,
0xa5a5a6a7,
0xa2a2a3a4,
0x9f9fa0a1,
0x9c9d9d9e,
0x999a9a9b,
0x97979898,
0x94959596,
0x92929393,
0x90909191,
0x8d8e8e8f,
0x8c8c8c8d,
0x8a8a8b8b,
0x88898989,
0x87878788,
0x85868686,
0x84848585,
0x83838484,
0x82828383,
0x81828282,
0x81818181,
0x80808181,
0x80808080,
0x80808080,
0x80808080,
0x80808080,
0x81808080,
0x81818181,
0x82828181,
0x83828282,
0x84838383,
0x85848484,
0x86868585,
0x87878786,
0x89898888,
0x8b8a8a89,
0x8c8c8c8b,
0x8e8e8d8d,
0x9190908f,
0x93929291,
0x95959493,
0x98979796,
0x9a9a9998,
0x9d9d9c9b,
0xa09f9f9e,
0xa3a2a2a1,
0xa6a5a5a4,
0xaaa9a8a7,
0xadacabaa,
0xb0afafae,
0xb4b3b2b1,
0xb8b7b6b5,
0xbbbab9b8,
0xbfbebdbc,
0xc3c2c1c0,
0xc7c6c5c4,
0xcbcac9c8,
0xcfcecdcc,
0xd3d2d1d0,
0xd7d6d5d4,
0xdcdbdad8,
0xe0dfdedd,
0xe4e3e2e1,
0xe9e8e6e5,
0xedecebea,
0xf2f0efee,
0xf6f5f4f3,
0xfaf9f8f7,
0xfffefdfc,
0x0,
0x0,
0x0,
0x0,
0x0,
0x0,
0x0,
0x0,
0x0,
0x0,
0x0,
0x0,
0x0,
0x0,
0x0,
0x0,
0x0,
0x0,
0x0,
0x0,
0x0,
0x0,
0x0,
0x0,
0x0,
0x0,
0x0,
0x0,
0x0,
0x0,
0x0,
0x0,
0x0,
0x0,
0x0,
0x0,
0x0,
0x0,
0x0,
0x0,
0x0,
0x0,
0x0,
0x0,
0x0,
0x0,
0x0,
0x0,
0x0,
0x0,
0x0,
0x0,
0x0,
0x0,
0x0,
0x0,
0x0,
0x0,
0x0,
0x0,
0x0,
0x0,
0x0,
0x0,
0x0,
0x0,
0x0,
0x0,
0x0,
0x0,
0x0,
0x0,
0x0,
0x0,
0x0,
0x0,
0x0,
0x0,
0x0,
0x0,
0x0,
0x0,
0x0,
0x0,
0x0,
0x0,
0x0,
0x0,
0x0,
0x0,
0x0,
0x0,
0x0,
0x0,
0x0,
0x0,
0x0,
0x0,
0x0,
0x0,
0x0,
0x0,
0x0,
0x0,
0x0,
0x0,
0x0,
0x0,
0x0,
0x0,
0x0,
0x0,
0x0,
0x0,
0x0,
0x0,
0x0,
0x0,
0x0,
0x0,
0x0,
0x0,
0x0,
0x0,
0x0,
0x0,
0x0,
0x0,
0x0,
0x0,
0x0,
0x0,
0x0,
0x0,
0x0,
0x0,
0x0,
0x0,
0x0,
0x0,
0x0,
0x0,
0x0,
0x0,
0x0,
0x0,
0x0,
0x0,
0x0,
0x0,
0x0,
0x0,
0x0,
0x0,
0x0,
0x0,
0x0,
0x0,
0x0,
0x0,
0x0,
0x0,
0x0,
0x0,
0x0,
0x0,
0x0,
0x0,
0x0,
0x0,
0x0,
0x0,
0x0,
0x0,
0x0,
0x0,
0x0,
0x0,
0x0,
0x0,
0x0,
0x0,
0x0,
0x0,
0x0,
0x0,
0x0,
0x0,
0x0,
0x0,
0x0,
0x0,
0x0,
0x0,
0x0,
0x0,
0x0,
0x0,
0x0,
0x0,
0x0,
0x0,
0x0,
0x0,
0x0,
0x0,
0x0,
0x0,
0x0,
0x0,
0x0,
0x0,
0x0,
0x0,
0x0,
0x0,
0x0,
0x0,
0x0,
0x0,
0x0,
0x0,
0x0,
0x0,
0x0,
0x0,
0x0,
0x0,
0x0,
0x0,
0x0,
0x0,
0x0,
0x0,
0x0,
0x0,
0x0,
0x0,
0x0,
0x0,
0x0,
0x0,
0x0,
0x0,
0x0,
0x0,
0x0,
0x0,
0x0,
0x0,
0x0,
0x0,
0x0,
0x0,
0x0,
0x0,
0x0,
0x0,
0x0,
0x0,
0x0,
0x0,
0x0,
0x0,
0x0,
0x0,
0x0,
0x0,
0x0,
0x0,
0x0,
0x0,
0x0,
0x0,
0x0,
0x0,
0x0,
0x0,
0x0,
0x0,
0x0,
0x0,
0x0,
0x0,
0x0,
0x0,
0x0,
0x0,
0x0,
0x0,
0x0,
0x0,
0x0,
0x0,
0x0,
0x0,
0x0,
0x0,
0x0,
0x0,
0x0,
0x0,
0x0,
0x0,
0x0,
0x0,
0x0,
0x0,
0x0,
0x0,
0x0,
0x0,
0x0,
0x0,
0x0,
0x0,
0x0,
0x0,
0x0,
0x0,
0x0,
0x0,
0x0,
0x0,
0x0,
0x0,
0x0,
0x0,
0x0,
0x0,
0x0,
0x0,
0x0,
0x0,
0x0,
0x0,
0x0,
0x0,
0x0,
0x0,
0x0,
0x0,
0x0,
0x0,
0x0,
0x0,
0x0,
0x0,
0x0,
0x0,
0x0,
0x0,
0x0,
0x0,
0x0,
0x0,
0x0,
0x0,
0x0,
0x0,
0x0,
0x0,
0x0,
0x0,
0x0,
0x0,
0x0,
0x0,
0x0,
0x0,
0x0,
0x0,
0x0,
0x0,
0x0,
0x0,
0x0,
0x0,
0x0,
0x0,
0x0,
0x0,
0x0,
0x0,
0x0,
0x0,
0x0,
0x0,
0x0,
0x0,
0x0,
0x0,
0x0,
0x0,
0x0,
0x0,
0x0,
0x0,
0x0,
0x0,
0x0,
0x0,
0x0,
0x0,
0x0,
0x0,
0x0,
0x0,
0x0,
0x0,
0x0,
0x0,
0x0,
0x0,
0x0,
0x0,
0x0,
0x0,
0x0,
0x0,
0x0,
0x0,
0x0,
0x0,
0x0,
0x0,
0x0,
0x0,
0x0,
0x0,
0x0,
0x0,
0x0,
0x0,
0x0,
0x0,
0x0,
0x0,
0x0,
0x0,
0x0,
0x0,
0x0,
0x0,
0x0,
0x0,
0x0,
0x0,
0x0,
0x0,
0x0,
0x0,
0x0,
0x0,
0x0,
0x0,
0x0,
0x0,
0x0,
0x0,
0x0,
0x0,
0x0,
0x0,
0x0,
0x0,
0x0,
0x0,
0x0,
0x0,
0x0,
0x0,
0x0,
0x0,
0x0,
0x0,
0x0,
0x0,
0x0,
0x0,
0x0,
0x0,
0x0,
0x0,
0x0,
0x0,
0x0,
0x0,
0x0,
0x0,
0x0,
0x0,
0x0,
0x0,
0x0,
0x0,
0x0,
0x0,
0x0,
0x0,
0x0,
0x0,
0x0,
0x0,
0x0,
0x0,
0x0,
0x0,
0x0,
0x0,
0x0,
0x0,
0x0,
0x0,
0x0,
0x0,
0x0,
0x0,
0x0,
0x0,
0x0,
0x0,
0x0,
0x0,
0x0,
0x0,
0x0,
0x0,
0x0,
0x0,
0x0,
0x0,
0x0,
0x0,
0x0,
0x0,
0x0,
0x0,
0x0,
0x0,
0x0,
0x0,
0x0,
0x0,
0x0,
0x0,
0x0,
0x0,
0x0,
0x0,
0x0,
0x0,
0x0,
0x0,
0x0,
0x0,
0x0,
0x0,
0x0,
0x0,
0x0,
0x0,
0x0,
0x0,
0x0,
0x0,
0x0,
0x0,
0x0,
0x0,
0x0,
0x0,
0x0,
0x0,
0x0,
0x0,
0x0,
0x0,
0x0,
0x0,
0x0,
0x0,
0x0,
0x0,
0x0,
0x0,
0x0,
0x0,
0x0,
0x0,
0x0,
0x0,
0x0,
0x0,
0x0,
0x0,
0x0,
0x0,
0x0,
0x0,
0x0,
0x0,
0x0,
0x0,
0x0,
0x0,
0x0,
0x0,
0x0,
0x0,
0x0,
0x0,
0x0,
0x0,
0x0,
0x0,
0x0,
0x0,
0x0,
0x0,
0x0,
0x0,
0x0,
0x0,
0x0,
0x0,
0x0,
0x0,
0x0,
0x0,
0x0,
0x0,
0x0,
0x0,
0x0,
0x0,
0x0,
0x0,
0x0,
0x0,
0x0,
0x0,
0x0,
0x0,
0x0,
0x0,
0x0,
0x0,
0x0,
0x0,
0x0,
0x0,
0x0,
0x0,
0x0,
0x0,
0x0,
0x0,
0x0,
0x0,
0x0,
0x0,
0x0,
0x0,
0x0,
0x0,
0x0,
0x0,
0x0,
0x0,
0x0,
0x0,
0x0,
0x0,
0x0,
0x0,
0x0,
0x0,
0x0,
0x0,
0x0,
0x0,
0x0,
0x0,
0x0,
0x0,
0x0,
0x0,
0x0,
0x0,
0x0,
0x0,
0x0,
0x0,
0x0,
0x0,
0x0,
0x0,
0x0,
0x0,
0x0,
0x0,
0x0,
0x0,
0x0,
0x0,
0x0,
0x0,
0x0,
0x0,
0x0,
0x0,
0x0,
0x0,
0x0,
0x0,
0x0,
0x0,
0x0,
0x0,
0x0,
0x0,
0x0,
0x0,
0x0,
0x0,
0x0,
0x0,
0x0,
0x0,
0x0,
0x0,
0x0,
0x0,
0x0,
0x0,
0x0,
0x0,
0x0,
0x0,
0x0,
0x0,
0x0,
0x0,
0x0,
0x0,
0x0,
0x0,
0x0,
0x0,
0x0,
0x0,
0x0,
0x0,
0x0,
0x0,
0x0,
0x0,
0x0,
0x0,
0x0,
0x0,
0x0,
0x0,
0x0,
0x0,
0x0,
0x0,
0x0,
0x0,
0x0,
0x0,
0x0,
0x0,
0x0,
0x0,
0x0,
0x0,
0x0,
0x0,
0x0,
0x0,
0x0,
0x0,
0x0,
0x0,
0x0,
0x0,
0x0,
0x0,
0x0,
0x0,
0x0,
0x0,
0x0,
0x0,
0x0,
0x0,
0x0,
0x0,
0x0,
0x0,
0x0,
0x0,
0x0,
0x0,
0x0,
0x0,
0x0,
0x0,
0x0,
0x0,
0x0,
0x0,
0x0,
0x0,
0x0,
0x0,
0x0,
0x0,
0x0,
0x0,
0x0,
0x0,
0x0,
0x0,
0x0,
0x0,
0x0,
0x0,
0x0,
0x0,
0x0,
0x0,
0x0,
0x0,
0x0,
0x0,
0x0,
0x0,
0x0,
0x0,
0x0,
0x0,
0x0,
0x0,
0x0,
0x0,
0x0,
0x0,
0x0,
0x0,
0x0,
0x0,
0x0,
0x0,
0x0,
0x0,
0x0,
0x0,
0x0,
0x0,
0x0,
0x0,
0x0,
0x0,
0x0,
0x0,
0x0,
0x0,
0x0,
0x0,
0x0,
0x0,
0x0,
0x0,
0x0,
0x0,
0x0,
0x0,
0x0,
0x0,
0x0,
0x0,
0x0,
0x0,
0x0,
0x0,
0x0,
0x0,
0x0,
0x0,
0x0,
0x0,
0x0,
0x0,
0x0,
0x0,
0x0,
0x0,
0x0,
0x0,
0x0,
0x0,
0x0,
0x0,
0x0,
0x0,
0x0,
0x0,
0x0,
0x0,
0x0,
0x0,
0x0,
0x0,
0x0,
0x0,
0x0,
0x0,
0x0,
0x0,
0x0,
0x0,
0x0,
0x0,
0x0,
0x0,
0x0,
0x0,
0x0,
0x0,
0x0,
0x0,
0x0,
0x0,
0x0,
0x0,
0x0,
0x0,
0x0,
0x0,
0x0,
0x0,
0x0,
0x0,
0x0,
0x0,
0x0,
0x0,
0x0,
0x0,
0x0,
0x0,
0x0,
0x0,
0x0,
0x0,
0x0,
0x0,
0x0,
0x0,
0x0,
0x0,
0x0,
0x0,
0x0,
0x0,
0x0,
0x0,
0x0,
0x0,
0x0,
0x0,
0x0,
0x0,
0x0,
0x0,
0x0,
0x0,
0x0,
0x0,
0x0,
0x0,
0x0,
0x0,
0x0,
0x0,
0x0,
0x0,
0x0,
0x0,
0x0,
0x0,
0x0,
0x0,
0x0,
0x0,
0x0,
0x0,
0x0,
0x0,
0x0,
0x0,
0x0,
0x0,
0x0,
0x0,
0x0,
0x0,
0x0,
0x0,
0x0,
0x0,
0x0,
0x0,
0x0,
0x0,
0x0,
0x0,
0x0,
0x0,
0x0,
0x0,
0x0,
0x0,
0x0,
0x0,
0x0,
0x0,
0x0,
0x0,
0x0,
0x0,
0x0,
0x0,
0x0,
0x0,
0x0,
0x0,
0x0,
0x0,
0x0,
0x0,
0x0,
0x0,
0x0,
0x0,
0x0,
0x0,
0x0,
0x0,
0x0,
0x0,
0x0,
0x0,
0x0,
0x0,
0x0,
0x0,
0x0,
0x0,
0x0,
0x0,
0x0,
0x0,
0x0,
0x0,
0x0,
0x0,
0x0,
0x0,
0x0,
0x0,
0x0,
0x0,
0x0,
0x0,
0x0,
0x0,
0x0,
0x0,
0x0,
0x0,
0x0,
0x0,
0x0,
0x0,
0x0,
0x0,
0x0,
0x0,
0x0,
0x0,
0x0,
0x0,
0x0,
0x0,
0x0,
0x0,
0x0,
0x0,
0x0,
0x0,
0x0,
0x0,
0x0,
0x0,
0x0,
0x0,
0x0,
0x0,
0x0,
0x0,
0x0,
0x0,
0x0,
0x0,
0x0,
0x0,
0x0,
0x0,
0x0,
0x0,
0x0,
0x0,
0x0,
0x0,
0x0,
0x0,
0x0,
0x0,
0x0,
0x0,
0x0,
0x0,
0x0,
0x0,
0x0,
0x0,
0x0,
0x0,
0x0,
0x0,
0x0,
0x0,
0x0,
0x0,
0x0,
0x0,
0x0,
0x0,
0x0,
0x0,
0x0,
0x0,
0x0,
0x0,
0x0,
0x0,
0x0,
0x0,
0x0,
0x0,
0x0,
0x0,
0x0,
0x0,
0x0,
0x0,
0x0,
0x0,
0x0,
0x0,
0x0,
0x0,
0x0,
0x0,
0x0,
0x0,
0x0,
0x0,
0x0,
0x0,
0x0,
0x0,
0x0,
0x0,
0x0,
0x0,
0x0,
0x0,
0x0,
0x0,
0x0,
0x0,
0x0,
0x0,
0x0,
0x0,
0x0,
0x0,
0x0,
0x0,
0x0,
0x0,
0x0,
0x0,
0x0,
0x0,
0x0,
0x0,
0x0,
0x0,
0x0,
0x0,
0x0,
0x0,
0x0,
0x0,
0x0,
0x0,
0x0,
0x0,
0x0,
0x0,
0x0,
0x0,
0x0,
0x0,
0x0,
0x0,
0x0,
0x0,
0x0,
0x0,
0x0,
0x0,
0x0,
0x0,
0x0,
0x0,
0x0,
0x0,
0x0,
0x0,
0x0,
0x0,
0x0,
0x0,
0x0,
0x0,
0x0,
0x0,
0x0,
0x0,
0x0,
0x0,
0x0,
0x0,
0x0,
0x0,
0x0,
0x0,
0x0,
0x0,
0x0,
0x0,
0x0,
0x0,
0x0,
0x0,
0x0,
0x0,
0x0,
0x0,
0x0,
0x0,
0x0,
0x0,
0x0,
0x0,
0x0,
0x0,
0x0,
0x0,
0x0,
0x0,
0x0,
0x0,
0x0,
0x0,
0x0,
0x0,
0x0,
0x0,
0x0,
0x0,
0x0,
0x0,
0x0,
0x0,
0x0,
0x0,
0x0,
0x0,
0x0,
0x0,
0x0,
0x0,
0x0,
0x0,
0x0,
0x0,
0x0,
0x0,
0x0,
0x0,
0x0,
0x0,
0x0,
0x0,
0x0,
0x0,
0x0,
0x0,
0x0,
0x0,
0x0,
0x0,
0x0,
0x0,
0x0,
0x0,
0x0,
0x0,
0x0,
0x0,
0x0,
0x0,
0x0,
0x0,
0x0,
0x0,
0x0,
0x0,
0x0,
0x0,
0x0,
0x0,
0x0,
0x0,
0x0,
0x0,
0x0,
0x0,
0x0,
0x0,
0x0,
0x0,
0x0,
0x0,
0x0,
0x0,
0x0,
0x0,
0x0,
0x0,
0x0,
0x0,
0x0,
0x0,
0x0,
0x0,
0x0,
0x0,
0x0,
0x0,
0x0,
0x0,
0x0,
0x0,
0x0,
0x0,
0x0,
0x0,
0x0,
0x0,
0x0,
0x0,
0x0,
0x0,
0x0,
0x0,
0x0,
0x0,
0x0,
0x0,
0x0,
0x0,
0x0,
0x0,
0x0,
0x0,
0x0,
0x0,
0x0,
0x0,
0x0,
0x0,
0x0,
0x0,
0x0,
0x0,
0x0,
0x0,
0x0,
0x0,
0x0,
0x0,
0x0,
0x0,
0x0,
0x0,
0x0,
0x0,
0x0,
0x0,
0x0,
0x0,
0x0,
0x0,
0x0,
0x0,
0x0,
0x0,
0x0,
0x0,
0x0,
0x0,
0x0,
0x0,
0x0,
0x0,
0x0,
0x0,
0x0,
0x0,
0x0,
0x0,
0x0,
0x0,
0x0,
0x0,
0x0,
0x0,
0x0,
0x0,
0x0,
0x0,
0x0,
0x0,
0x0,
0x0,
0x0,
0x0,
0x0,
0x0,
0x0,
0x0,
0x0,
0x0,
0x0,
0x0,
0x0,
0x0,
0x0,
0x0,
0x0,
0x0,
0x0,
0x0,
0x0,
0x0,
0x0,
0x0,
0x0,
0x0,
0x0,
0x0,
0x0,
0x0,
0x0,
0x0,
0x0,
0x0,
0x0,
0x0,
0x0,
0x0,
0x0,
0x0,
0x0,
0x0,
0x0,
0x0,
0x0,
0x0,
0x0,
0x0,
0x0,
0x0,
0x0,
0x0,
0x0,
0x0,
0x0,
0x0,
0x0,
0x0,
0x0,
0x0,
0x0,
0x0,
0x0,
0x0,
0x0,
0x0,
0x0,
0x0,
0x0,
0x0,
0x0,
0x0,
0x0,
0x0,
0x0,
0x0,
0x0,
0x0,
0x0,
0x0,
0x0,
0x0,
0x0,
0x0,
0x0,
0x0,
0x0,
0x0,
0x0,
0x0,
0x0,
0x0,
0x0,
0x0,
0x0,
0x0,
0x0,
0x0,
0x0,
0x0,
0x0,
0x0,
0x0,
0x0,
0x0,
0x0,
0x0,
0x0,
0x0,
0x0,
0x0,
0x0,
0x0,
0x0,
0x0,
0x0,
0x0,
0x0,
0x0,
0x0,
0x0,
0x0,
0x0,
0x0,
0x0,
0x0,
0x0,
0x0,
0x0,
0x0,
0x0,
0x0,
0x0,
0x0,
0x0,
0x0,
0x0,
0x0,
0x0,
0x0,
0x0,
0x0,
0x0,
0x0,
0x0,
0x0,
0x0,
0x0,
0x0,
0x0,
0x0,
0x0,
0x0,
0x0,
0x0,
0x0,
0x0,
0x0,
0x0,
0x0,
0x0,
0x0,
0x0,
0x0,
0x0,
0x0,
0x0,
0x0,
0x0,
0x0,
0x0,
0x0,
0x0,
0x0,
0x0,
0x0,
0x0,
0x0,
0x0,
0x0,
0x0,
0x0,
0x0,
0x0,
0x0,
0x0,
0x0,
0x0,
0x0,
0x0,
0x0,
0x0,
0x0,
0x0,
0x0,
0x0,
0x0,
0x0,
0x0,
0x0,
0x0,
0x0,
0x0,
0x0,
0x0,
0x0,
0x0,
0x0,
0x0,
0x0,
0x0,
0x0,
0x0,
0x0,
0x0,
0x0,
0x0,
0x0,
0x0,
0x0,
0x0,
0x0,
0x0,
0x0,
0x0,
0x0,
0x0,
0x0,
0x0,
0x0,
0x0,
0x0,
0x0,
0x0,
0x0,
0x0,
0x0,
0x0,
0x0,
0x0,
0x0,
0x0,
0x0,
0x0,
0x0,
0x0,
0x0,
0x0,
0x0,
0x0,
0x0,
0x0,
0x0,
0x0,
0x0,
0x0,
0x0,
0x0,
0x0,
0x0,
0x0,
0x0,
0x0,
0x0,
0x0,
0x0,
0x0,
0x0,
0x0,
0x0,
0x0,
0x0,
0x0,
0x0,
0x0,
0x0,
0x0,
0x0,
0x0,
0x0,
0x0,
0x0,
0x0,
0x0,
0x0,
0x0,
0x0,
0x0,
0x0,
0x0,
0x0,
0x0,
0x0,
0x0,
0x0,
0x0,
0x0,
0x0,
0x0,
0x0,
0x0,
0x0,
0x0,
0x0,
0x0,
0x0,
0x0,
0x0,
0x0,
0x0,
0x0,
0x0,
0x0,
0x0,
0x0,
0x0,
0x0,
0x0,
0x0,
0x0,
0x0,
0x0,
0x0,
0x0,
0x0,
0x0,
0x0,
0x0,
0x0,
0x0,
0x0,
0x0,
0x0,
0x0,
0x0,
0x0,
0x0,
0x0,
0x0,
0x0,
0x0,
0x0,
0x0,
0x0,
0x0,
0x0,
0x0,
0x0,
0x0,
0x0,
0x0,
0x0,
0x0,
0x0,
0x0,
0x0,
0x0,
0x0,
0x0,
0x0,
0x0,
0x0,
0x0,
0x0,
0x0,
0x0,
0x0,
0x0,
0x0,
0x0,
0x0,
0x0,
0x0,
0x0,
0x0,
0x0,
0x0,
0x0,
0x0,
0x0,
0x0,
0x0,
0x0,
0x0,
0x0,
0x0,
0x0,
0x0,
0x0,
0x0,
0x0,
0x0,
0x0,
0x0,
0x0,
0x0,
0x0,
0x0,
0x0,
0x0,
0x0,
0x0,
0x0,
0x0,
0x0,
0x0,
0x0,
0x0,
0x0,
0x0,
0x0,
0x0,
0x0,
0x0,
0x0,
0x0,
0x0,
0x0,
0x0,
0x0,
0x0,
0x0,
0x0,
0x0,
0x0,
0x0,
0x0,
0x0,
0x0,
0x0,
0x0,
0x0,
0x0,
0x0,
0x0,
0x0,
0x0,
0x0,
0x0,
0x0,
0x0,
0x0,
0x0,
0x0,
0x0,
0x0,
0x0,
0x0,
0x0,
0x0,
0x0,
0x0,
0x0,
0x0,
0x0,
0x0,
0x0,
0x0,
0x0,
0x0,
0x0,
0x0,
0x0,
0x0,
0x0,
0x0,
0x0,
0x0,
0x0,
0x0,
0x0,
0x0,
0x0,
0x0,
0x0,
0x0,
0x0,
0x0,
0x0,
0x0,
0x0,
0x0,
0x0,
0x0,
0x0,
0x0,
0x0,
0x0,
0x0,
0x0,
0x0,
0x0,
0x0,
0x0,
0x0,
0x0,
0x0,
0x0,
0x0,
0x0,
0x0,
0x0,
0x0,
0x0,
0x0,
0x0,
0x0,
0x0,
0x0,
0x0,
0x0,
0x0,
0x0,
0x0,
0x0,
0x0,
0x0,
0x0,
0x0,
0x0,
0x0,
0x0,
0x0,
0x0,
0x0,
0x0,
0x0,
0x0,
0x0,
0x0,
0x0,
0x0,
0x0,
0x0,
0x0,
0x0,
0x0,
0x0,
0x0,
0x0,
0x0,
0x0,
0x0,
0x0,
0x0,
0x0,
0x0,
0x0,
0x0,
0x0,
0x0,
0x0,
0x0,
0x0,
0x0,
0x0,
0x0,
0x0,
0x0,
0x0,
0x0,
0x0,
0x0,
0x0,
0x0,
0x0,
0x0,
0x0,
0x0,
0x0,
0x0,
0x0,
0x0,
0x0,
0x0,
0x0,
0x0,
0x0,
0x0,
0x0,
0x0,
0x0,
0x0,
0x0,
0x0,
0x0,
0x0,
0x0,
0x0,
0x0,
0x0,
0x0,
0x0,
0x0,
0x0,
0x0,
0x0,
0x0,
0x0,
0x0,
0x0,
0x0,
0x0,
0x0,
0x0,
0x0,
0x0,
0x0,
0x0,
0x0,
0x0,
0x0,
0x0,
0x0,
0x0,
0x0,
0x0,
0x0,
0x0,
0x0,
0x0,
0x0,
0x0,
0x0,
0x0,
0x0,
0x0,
0x0,
0x0,
0x0,
0x0,
0x0,
0x0,
0x0,
0x0,
0x0,
0x0,
0x0,
0x0,
0x0,
0x0,
0x0,
0x0,
0x0,
0x0,
0x0,
0x0,
0x0,
0x0,
0x0,
0x0,
0x0,
0x0,
0x0,
0x0,
0x0,
0x0,
0x0,
0x0,
0x0,
0x0,
0x0,
0x0,
0x0,
0x0,
0x0,
0x0,
0x0,
0x0,
0x0,
0x0,
0x0,
0x0,
0x0,
0x0,
0x0,
0x0,
0x0,
0x0,
0x0,
0x0,
0x0,
0x0,
0x0,
0x0,
0x0,
0x0,
0x0,
0x0,
0x0,
0x0,
0x0,
0x0,
0x0,
0x0,
0x0,
0x0,
0x0,
0x0,
0x0,
0x0,
0x0,
0x0,
0x0,
0x0,
0x0,
0x0,
0x0,
0x0,
0x0,
0x0,
0x0,
0x0,
0x0,
0x0,
0x0,
0x0,
0x0,
0x0,
0x0,
0x0,
0x0,
0x0,
0x0,
0x0,
0x0,
0x0,
0x0,
0x0,
0x0,
0x0,
0x0,
0x0,
0x0,
0x0,
0x0,
0x0,
0x0,
0x0,
0x0,
0x0,
0x0,
0x0,
0x0,
0x0,
0x0,
0x0,
0x0,
0x0,
0x0,
0x0,
0x0,
0x0,
0x0,
0x0,
0x0,
0x0,
0x0,
0x0,
0x0,
0x0,
0x0,
0x0,
0x0,
0x0,
0x0,
0x0,
0x0,
0x0,
0x0,
0x0,
0x0,
0x0,
0x0,
0x0,
0x0,
0x0,
0x0,
0x0,
0x0,
0x0,
0x0,
0x0,
0x0,
0x0,
0x0,
0x0,
0x0,
0x0,
0x0,
0x0,
0x0,
0x0,
0x0,
0x0,
0x0,
0x0,
0x0,
0x0,
0x0,
0x0,
0x0,
0x0,
0x0,
0x0,
0x0,
0x0,
0x0,
0x0,
0x0,
0x0,
0x0,
0x0,
0x0,
0x0,
0x0,
0x0,
0x0,
0x0,
0x0,
0x0,
0x0,
0x0,
0x0,
0x0,
0x0,
0x0,
0x0,
0x0,
0x0,
0x0,
0x0,
0x0,
0x0,
0x0,
0x0,
0x0,
0x0,
0x0,
0x0,
0x0,
0x0,
0x0,
0x0,
0x0,
0x0,
0x0,
0x0,
0x0,
0x0,
0x0,
0x0,
0x0,
0x0,
0x0,
0x0,
0x0,
0x0,
0x0,
0x0,
0x0,
0x0,
0x0,
0x0,
0x0,
0x0,
0x0,
0x0,
0x0,
0x0,
0x0,
0x0,
0x0,
0x0,
0x0,
0x0,
0x0,
0x0,
0x0,
0x0,
0x0,
0x0,
0x0,
0x0,
0x0,
0x0,
0x0,
0x0,
0x0,
0x0,
0x0,
0x0,
0x0,
0x0,
0x0,
0x0,
0x0,
0x0,
0x0,
0x0,
0x0,
0x0,
0x0,
0x0,
0x0,
0x0,
0x0,
0x0,
0x0,
0x0,
0x0,
0x0,
0x0,
0x0,
0x0,
0x0,
0x0,
0x0,
0x0,
0x0,
0x0,
0x0,
0x0,
0x0,
0x0,
0x0,
0x0,
0x0,
0x0,
0x0,
0x0,
0x0,
0x0,
0x0,
0x0,
0x0,
0x0,
0x0,
0x0,
0x0,
0x0,
0x0,
0x0,
0x0,
0x0,
0x0,
0x0,
0x0,
0x0,
0x0,
0x0,
0x0,
0x0,
0x0,
0x0,
0x0,
0x0,
0x0,
0x0,
0x0,
0x0,
0x0,
0x0,
0x0,
0x0,
0x0,
0x0,
0x0,
0x0,
0x0,
0x0,
0x0,
0x0,
0x0,
0x0,
0x0,
0x0,
0x0,
0x0,
0x0,
0x0,
0x0,
0x0,
0x0,
0x0,
0x0,
0x0,
0x0,
0x0,
0x0,
0x0,
0x0,
0x0,
0x0,
0x0,
0x0,
0x0,
0x0,
0x0,
0x0,
0x0,
0x0,
0x0,
0x0,
0x0,
0x0,
0x0,
0x0,
0x0,
0x0,
0x0,
0x0,
0x0,
0x0,
0x0,
0x0,
0x0,
0x0,
0x0,
0x0,
0x0,
0x0,
0x0,
0x0,
0x0,
0x0,
0x0,
0x0,
0x0,
0x0,
0x0,
0x0,
0x0,
0x0,
0x0,
0x0,
0x0,
0x0,
0x0,
0x0,
0x0,
0x0,
0x0,
0x0,
0x0,
0x0,
0x0,
0x0,
0x0,
0x0,
0x0,
0x0,
0x0,
0x0,
0x0,
0x0,
0x0,
0x0,
0x0,
0x0,
0x0,
0x0,
0x0,
0x0,
0x0,
0x0,
0x0,
0x0,
0x0,
0x0,
0x0,
0x0,
0x0,
0x0,
0x0,
0x0,
0x0,
0x0,
0x0,
0x0,
0x0,
0x0,
0x0,
0x0,
0x0,
0x0,
0x0,
0x0,
0x0,
0x0,
0x0,
0x0,
0x0,
0x0,
0x0,
0x0,
0x0,
0x0,
0x0,
0x0,
0x0,
0x0,
0x0,
0x0,
0x0,
0x0,
0x0,
0x0,
0x0,
0x0,
0x0,
0x0,
0x0,
0x0,
0x0,
0x0,
0x0,
0x0,
0x0,
0x0,
0x0,
0x0,
0x0,
0x0,
0x0,
0x0,
0x0,
0x0,
0x0,
0x0,
0x0,
0x0,
0x0,
0x0,
0x0,
0x0,
0x0,
0x0,
0x0,
0x0,
0x0,
0x0,
0x0,
0x0,
0x0,
0x0,
0x0,
0x0,
0x0,
0x0,
0x0,
0x0,
0x0,
0x0,
0x0,
0x0,
0x0,
0x0,
0x0,
0x0,
0x0,
0x0,
0x0,
0x0,
0x0,
0x0,
0x0,
0x0,
0x0,
0x0,
0x0,
0x0,
0x0,
0x0,
0x0,
0x0,
0x0,
0x0,
0x0,
0x0,
0x0,
0x0,
0x0,
0x0,
0x0,
0x0,
0x0,
0x0,
0x0,
0x0,
0x0,
0x0,
0x0,
0x0,
0x0,
0x0,
0x0,
0x0,
0x0,
0x0,
0x0,
0x0,
0x0,
0x0,
0x0,
0x0,
0x0,
0x0,
0x0,
0x0,
0x0,
0x0,
0x0,
0x0,
0x0,
0x0,
0x0,
0x0,
0x0,
0x0,
0x0,
0x0,
0x0,
0x0,
0x0,
0x0,
0x0,
0x0,
0x0,
0x0,
0x0,
0x0,
0x0,
0x0,
0x0,
0x0,
0x0,
0x0,
0x0,
0x0,
0x0,
0x0,
0x0,
0x0,
0x0,
0x0,
0x0,
0x0,
0x0,
0x0,
0x0,
0x0,
0x0,
0x0,
0x0,
0x0,
0x0,
0x0,
0x0,
0x0,
0x0,
0x0,
0x0,
0x0,
0x0,
0x0,
0x0,
0x0,
0x0,
0x0,
0x0,
0x0,
0x0,
0x0,
0x0,
0x0,
0x0,
0x0,
0x0,
0x0,
0x0,
0x0,
0x0,
0x0,
0x0,
0x0,
0x0,
0x0,
0x0,
0x0,
0x0,
0x0,
0x0,
0x0,
0x0,
0x0,
0x0,
0x0,
0x0,
0x0,
0x0,
0x0,
0x0,
0x0,
0x0,
0x0,
0x0,
0x0,
0x0,
0x0,
0x0,
0x0,
0x0,
0x0,
0x0,
0x0,
0x0,
0x0,
0x0,
0x0,
0x0,
0x0,
0x0,
0x0,
0x0,
0x0,
0x0,
0x0,
0x0,
0x0,
0x0,
0x0,
0x0,
0x0,
0x0,
0x0,
0x0,
0x0,
0x0,
0x0,
0x0,
0x0,
0x0,
0x0,
0x0,
0x0,
0x0,
0x0,
0x0,
0x0,
0x0,
0x0,
0x0,
0x0,
0x0,
0x0,
0x0,
0x0,
0x0,
0x0,
0x0,
0x0,
0x0,
0x0,
0x0,
0x0,
0x0,
0x0,
0x0,
0x0,
0x0,
0x0,
0x0,
0x0,
0x0,
0x0,
0x0,
0x0,
0x0,
0x0,
0x0,
0x0,
0x0,
0x0,
0x0,
0x0,
0x0,
0x0,
0x0,
0x0,
0x0,
0x0,
0x0,
0x0,
0x0,
0x0,
0x0,
0x0,
0x0,
0x0,
0x0,
0x0,
0x0,
0x0,
0x0,
0x0,
0x0,
0x0,
0x0,
0x0,
0x0,
0x0,
0x0,
0x0,
0x0,
0x0,
0x0,
0x0,
0x0,
0x0,
0x0,
0x0,
0x0,
0x0,
0x0,
0x0,
0x0,
0x0,
0x0,
0x0,
0x0,
0x0,
0x0,
0x0,
0x0,
0x0,
0x0,
0x0,
0x0,
0x0,
0x0,
0x0,
0x0,
0x0,
0x0,
0x0,
0x0,
0x0,
0x0,
0x0,
0x0,
0x0,
0x0,
0x0,
0x0,
0x0,
0x0,
0x0,
0x0,
0x0,
0x0,
0x0,
0x0,
0x0,
0x0,
0x0,
0x0,
0x0,
0x0,
0x0,
0x0,
0x0,
0x0,
0x0,
0x0,
0x0,
0x0,
0x0,
0x0,
0x0,
0x0,
0x0,
0x0,
0x0,
0x0,
0x0,
0x0,
0x0,
0x0,
0x0,
0x0,
0x0,
0x0,
0x0,
0x0,
0x0,
0x0,
0x0,
0x0,
0x0,
0x0,
0x0,
0x0,
0x0,
0x0,
0x0,
0x0,
0x0,
0x0,
0x0,
0x0,
0x0,
0x0,
0x0,
0x0,
0x0,
0x0,
0x0,
0x0,
0x0,
0x0,
0x0,
0x0,
0x0,
0x0,
0x0,
0x0,
0x0,
0x0,
0x0,
0x0,
0x0,
0x0,
0x0,
0x0,
0x0,
0x0,
0x0,
0x0,
0x0,
0x0,
0x0,
0x0,
0x0,
0x0,
0x0,
0x0,
0x0,
0x0,
0x0,
0x0,
0x0,
0x0,
0x0,
0x0,
0x0,
0x0,
0x0,
0x0,
0x0,
0x0,
0x0,
0x0,
0x0,
0x0,
0x0,
0x0,
0x0,
0x0,
0x0,
0x0,
0x0,
0x0,
0x0,
0x0,
0x0,
0x0,
0x0,
0x0,
0x0,
0x0,
0x0,
0x0,
0x0,
0x0,
0x0,
0x0,
0x0,
0x0,
0x0,
0x0,
0x0,
0x0,
0x0,
0x0,
0x0,
0x0,
0x0,
0x0,
0x0,
0x0,
0x0,
0x0,
0x0,
0x0,
0x0,
0x0,
0x0,
0x0,
0x0,
0x0,
0x0,
0x0,
0x0,
0x0,
0x0,
0x0,
0x0,
0x0,
0x0,
0x0,
0x0,
0x0,
0x0,
0x0,
0x0,
0x0,
0x0,
0x0,
0x0,
0x0,
0x0,
0x0,
0x0,
0x0,
0x0,
0x0,
0x0,
0x0,
0x0,
0x0,
0x0,
0x0,
0x0,
0x0,
0x0,
0x0,
0x0,
0x0,
0x0,
0x0,
0x0,
0x0,
0x0,
0x0,
0x0,
0x0,
0x0,
0x0,
0x0,
0x0,
0x0,
0x0,
0x0,
0x0,
0x0,
0x0,
0x0,
0x0,
0x0,
0x0,
0x0,
0x0,
0x0,
0x0,
0x0,
0x0,
0x0,
0x0,
0x0,
0x0,
0x0,
0x0,
0x0,
0x0,
0x0,
0x0,
0x0,
0x0,
0x0,
0x0,
0x0,
0x0,
0x0,
0x0,
0x0,
0x0,
0x0,
0x0,
0x0,
0x0,
0x0,
0x0,
0x0,
0x0,
0x0,
0x0,
0x0,
0x0,
0x0,
0x0,
0x0,
0x0,
0x0,
0x0,
0x0,
0x0,
0x0,
0x0,
0x0,
0x0,
0x0,
0x0,
0x0,
0x0,
0x0,
0x0,
0x0,
0x0,
0x0,
0x0,
0x0,
0x0,
0x0,
0x0,
0x0,
0x0,
0x0,
0x0,
0x0,
0x0,
0x0,
0x0,
0x0,
0x0,
0x0,
0x0,
0x0,
0x0,
0x0,
0x0,
0x0,
0x0,
0x0,
0x0,
0x0,
0x0,
0x0,
0x0,
0x0,
0x0,
0x0,
0x0,
0x0,
0x0,
0x0,
0x0,
0x0,
0x0,
0x0,
0x0,
0x0,
0x0,
0x0,
0x0,
0x0,
0x0,
0x0,
0x0,
0x0,
0x0,
0x0,
0x0,
0x0,
0x0,
0x0,
0x0,
0x0,
0x0,
0x0,
0x0,
0x0,
0x0,
0x0,
0x0,
0x0,
0x0,
0x0,
0x0,
0x0,
0x0,
0x0,
0x0,
0x0,
0x0,
0x0,
0x0,
0x0,
0x0,
0x0,
0x0,
0x0,
0x0,
0x0,
0x0,
0x0,
0x0,
0x0,
0x0,
0x0,
0x0,
0x0,
0x0,
0x0,
0x0,
0x0,
0x0,
0x0,
0x0,
0x0,
0x0,
0x0,
0x0,
0x0,
0x0,
0x0,
0x0,
0x0,
0x0,
0x0,
0x0,
0x0,
0x0,
0x0,
0x0,
0x0,
0x0,
0x0,
0x0,
0x0,
0x0,
0x0,
0x0,
0x0,
0x0,
0x0,
0x0,
0x0,
0x0,
0x0,
0x0,
0x0,
0x0,
0x0,
0x0,
0x0,
0x0,
0x0,
0x0,
0x0,
0x0,
0x0,
0x0,
0x0,
0x0,
0x0,
0x0,
0x0,
0x0,
0x0,
0x0,
0x0,
0x0,
0x0,
0x0,
0x0,
0x0,
0x0,
0x0,
0x0,
0x0,
0x0,
0x0,
0x0,
0x0,
0x0,
0x0,
0x0,
0x0,
0x0,
0x0,
0x0,
0x0,
0x0,
0x0,
0x0,
0x0,
0x0,
0x0,
0x0,
0x0,
0x0,
0x0,
0x0,
0x0,
0x0,
0x0,
0x0,
0x0,
0x0,
0x0,
0x0,
0x0,
0x0,
0x0,
0x0,
0x0,
0x0,
0x0,
0x0,
0x0,
0x0,
0x0,
0x0,
0x0,
0x0,
0x0,
0x0,
0x0,
0x0,
0x0,
0x0,
0x0,
0x0,
0x0,
0x0,
0x0,
0x0,
0x0,
0x0,
0x0,
0x0,
0x0,
0x0,
0x0,
0x0,
0x0,
0x0,
0x0,
0x0,
0x0,
0x0,
0x0,
0x0,
0x0,
0x0,
0x0,
0x0,
0x0,
0x0,
0x0,
0x0,
0x0,
0x0,
0x0,
0x0,
0x0,
0x0,
0x0,
0x0,
0x0,
0x0,
0x0,
0x0,
0x0,
0x0,
0x0,
0x0,
0x0,
0x0,
0x0,
0x0,
0x0,
0x0,
0x0,
0x0,
0x0,
0x0,
0x0,
0x0,
0x0,
0x0,
0x0,
0x0,
0x0,
0x0,
0x0,
0x0,
0x0,
0x0,
0x0,
0x0,
0x0,
0x0,
0x0,
0x0,
0x0,
0x0,
0x0,
0x0,
0x0,
0x0,
0x0,
0x0,
0x0,
0x0,
0x0,
0x0,
0x0,
0x0,
0x0,
0x0,
0x0,
0x0,
0x0,
0x0,
0x0,
0x0,
0x0,
0x0,
0x0,
0x0,
0x0,
0x0,
0x0,
0x0,
0x0,
0x0,
0x0,
0x0,
0x0,
0x0,
0x0,
0x0,
0x0,
0x0,
0x0,
0x0,
0x0,
0x0,
0x0,
0x0,
0x0,
0x0,
0x0,
0x0,
0x0,
0x0,
0x0,
0x0,
0x0,
0x0,
0x0,
0x0,
0x0,
0x0,
0x0,
0x0,
0x0,
0x0,
0x0,
0x0,
0x0,
0x0,
0x0,
0x0,
0x0,
0x0,
0x0,
0x0,
0x0,
0x0,
0x0,
0x0,
0x0,
0x0,
0x0,
0x0,
0x0,
0x0,
0x0,
0x0,
0x0,
0x0,
0x0,
0x0,
0x0,
0x0,
0x0,
0x0,
0x0,
0x0,
0x0,
0x0,
0x0,
0x0,
0x0,
0x0,
0x0,
0x0,
0x0,
0x0,
0x0,
0x0,
0x0,
0x0,
0x0,
0x0,
0x0,
0x0,
0x0,
0x0,
0x0,
0x0,
0x0,
0x0,
0x0,
0x0,
0x0,
0x0,
0x0,
0x0,
0x0,
0x0,
0x0,
0x0,
0x0,
0x0,
0x0,
0x0,
0x0,
0x0,
0x0,
0x0,
0x0,
0x0,
0x0,
0x0,
0x0,
0x0,
0x0,
0x0,
0x0,
0x0,
0x0,
0x0,
0x0,
0x0,
0x0,
0x0,
0x0,
0x0,
0x0,
0x0,
0x0,
0x0,
0x0,
0x0,
0x0,
0x7f7f7f7f,
0x7f7f7f7f,
0x7f7f7f7f,
0x7f7f7f7f,
0x7f7f7f7f,
0x7f7f7f7f,
0x7f7f7f7f,
0x7f7f7f7f,
0x7f7f7f7f,
0x7f7f7f7f,
0x7e7e7e7f,
0x7e7e7e7e,
0x7e7e7e7e,
0x7e7e7e7e,
0x7d7d7e7e,
0x7d7d7d7d,
0x7d7d7d7d,
0x7c7d7d7d,
0x7c7c7c7c,
0x7c7c7c7c,
0x7b7b7c7c,
0x7b7b7b7b,
0x7b7b7b7b,
0x7a7a7a7a,
0x7a7a7a7a,
0x7979797a,
0x79797979,
0x78787879,
0x78787878,
0x77777777,
0x76777777,
0x76767676,
0x75757676,
0x75757575,
0x74747475,
0x73747474,
0x73737373,
0x72727273,
0x71717272,
0x71717171,
0x70707070,
0x6f6f6f70,
0x6e6e6f6f,
0x6d6e6e6e,
0x6d6d6d6d,
0x6c6c6c6c,
0x6b6b6b6c,
0x6a6a6b6b,
0x69696a6a,
0x68696969,
0x67686868,
0x67676767,
0x66666666,
0x65656565,
0x64646464,
0x63636363,
0x62626262,
0x61616161,
0x60606060,
0x5f5f5f5f,
0x5e5e5e5e,
0x5c5d5d5d,
0x5b5c5c5c,
0x5a5b5b5b,
0x59595a5a,
0x58585959,
0x57575758,
0x56565657,
0x55555555,
0x53545454,
0x52535353,
0x51515252,
0x50505051,
0x4f4f4f4f,
0x4d4e4e4e,
0x4c4c4d4d,
0x4b4b4b4c,
0x4a4a4a4a,
0x48494949,
0x47474848,
0x46464647,
0x44454545,
0x43434444,
0x42424243,
0x40414141,
0x3f3f4040,
0x3e3e3e3f,
0x3c3d3d3d,
0x3b3b3b3c,
0x393a3a3a,
0x38383939,
0x37373738,
0x35363636,
0x34343435,
0x32333333,
0x31313232,
0x2f303030,
0x2e2e2f2f,
0x2c2d2d2e,
0x2b2b2c2c,
0x2a2a2a2b,
0x28282929,
0x27272728,
0x25252626,
0x24242425,
0x22222323,
0x21212122,
0x1f1f2020,
0x1d1e1e1f,
0x1c1c1d1d,
0x1a1b1b1c,
0x19191a1a,
0x17181818,
0x16161717,
0x14151515,
0x13131314,
0x11121212,
0x10101011,
0xe0e0f0f,
0xc0d0d0e,
0xb0b0c0c,
0x90a0a0a,
0x8080909,
0x6070707,
0x5050506,
0x3030404,
0x1020203,
0x101,
0xff000000,
0xfefeffff,
0xfcfdfdfd,
0xfbfbfbfc,
0xf9f9fafa,
0xf7f8f8f9,
0xf6f6f7f7,
0xf4f5f5f6,
0xf3f3f4f4,
0xf1f2f2f2,
0xf0f0f0f1,
0xeeeeefef,
0xedededee,
0xebebecec,
0xe9eaeaeb,
0xe8e8e9e9,
0xe6e7e7e8,
0xe5e5e6e6,
0xe3e4e4e4,
0xe2e2e3e3,
0xe0e1e1e1,
0xdfdfdfe0,
0xdddedede,
0xdcdcdcdd,
0xdadbdbdb,
0xd9d9d9da,
0xd7d8d8d8,
0xd6d6d6d7,
0xd4d5d5d5,
0xd3d3d4d4,
0xd1d2d2d2,
0xd0d0d1d1,
0xcecfcfd0,
0xcdcdcece,
0xcccccccd,
0xcacacbcb,
0xc9c9c9ca,
0xc7c8c8c8,
0xc6c6c7c7,
0xc5c5c5c6,
0xc3c3c4c4,
0xc2c2c2c3,
0xc0c1c1c1,
0xbfbfc0c0,
0xbebebebf,
0xbcbdbdbd,
0xbbbbbcbc,
0xbabababb,
0xb8b9b9b9,
0xb7b7b8b8,
0xb6b6b6b7,
0xb5b5b5b6,
0xb3b4b4b4,
0xb2b2b3b3,
0xb1b1b1b2,
0xb0b0b0b1,
0xaeafafaf,
0xadadaeae,
0xacacadad,
0xabababac,
0xaaaaaaab,
0xa9a9a9a9,
0xa7a8a8a8,
0xa6a7a7a7,
0xa5a5a6a6,
0xa4a4a5a5,
0xa3a3a4a4,
0xa2a2a2a3,
0xa1a1a1a2,
0xa0a0a0a1,
0x9f9f9fa0,
0x9e9e9e9f,
0x9d9d9d9e,
0x9c9c9c9d,
0x9b9b9b9c,
0x9a9a9a9b,
0x9999999a,
0x98989999,
0x97979898,
0x96979797,
0x95969696,
0x95959595,
0x94949494,
0x93939394,
0x92929393,
0x91929292,
0x91919191,
0x90909090,
0x8f8f8f90,
0x8e8f8f8f,
0x8e8e8e8e,
0x8d8d8d8d,
0x8c8c8d8d,
0x8c8c8c8c,
0x8b8b8b8b,
0x8a8b8b8b,
0x8a8a8a8a,
0x89898a8a,
0x89898989,
0x88888889,
0x88888888,
0x87878787,
0x87878787,
0x86868686,
0x86868686,
0x85858586,
0x85858585,
0x84858585,
0x84848484,
0x84848484,
0x83838484,
0x83838383,
0x83838383,
0x82838383,
0x82828282,
0x82828282,
0x82828282,
0x82828282,
0x81818181,
0x81818181,
0x81818181,
0x81818181,
0x81818181,
0x81818181,
0x81818181,
0x81818181,
0x81818181,
0x81818181,
0xff000000,
0xfefeffff,
0xfcfdfdfd,
0xfbfbfbfc,
0xf9f9fafa,
0xf7f8f8f9,
0xf6f6f7f7,
0xf4f5f5f6,
0xf3f3f4f4,
0xf1f2f2f2,
0xf0f0f0f1,
0xeeeeefef,
0xedededee,
0xebebecec,
0xe9eaeaeb,
0xe8e8e9e9,
0xe6e7e7e8,
0xe5e5e6e6,
0xe3e4e4e4,
0xe2e2e3e3,
0xe0e1e1e1,
0xdfdfdfe0,
0xdddedede,
0xdcdcdcdd,
0xdadbdbdb,
0xd9d9d9da,
0xd7d8d8d8,
0xd6d6d6d7,
0xd4d5d5d5,
0xd3d3d4d4,
0xd1d2d2d2,
0xd0d0d1d1,
0xcecfcfd0,
0xcdcdcece,
0xcccccccd,
0xcacacbcb,
0xc9c9c9ca,
0xc7c8c8c8,
0xc6c6c7c7,
0xc5c5c5c6,
0xc3c3c4c4,
0xc2c2c2c3,
0xc0c1c1c1,
0xbfbfc0c0,
0xbebebebf,
0xbcbdbdbd,
0xbbbbbcbc,
0xbabababb,
0xb8b9b9b9,
0xb7b7b8b8,
0xb6b6b6b7,
0xb5b5b5b6,
0xb3b4b4b4,
0xb2b2b3b3,
0xb1b1b1b2,
0xb0b0b0b1,
0xaeafafaf,
0xadadaeae,
0xacacadad,
0xabababac,
0xaaaaaaab,
0xa9a9a9a9,
0xa7a8a8a8,
0xa6a7a7a7,
0xa5a5a6a6,
0xa4a4a5a5,
0xa3a3a4a4,
0xa2a2a2a3,
0xa1a1a1a2,
0xa0a0a0a1,
0x9f9f9fa0,
0x9e9e9e9f,
0x9d9d9d9e,
0x9c9c9c9d,
0x9b9b9b9c,
0x9a9a9a9b,
0x9999999a,
0x98989999,
0x97979898,
0x96979797,
0x95969696,
0x95959595,
0x94949494,
0x93939394,
0x92929393,
0x91929292,
0x91919191,
0x90909090,
0x8f8f8f90,
0x8e8f8f8f,
0x8e8e8e8e,
0x8d8d8d8d,
0x8c8c8d8d,
0x8c8c8c8c,
0x8b8b8b8b,
0x8a8b8b8b,
0x8a8a8a8a,
0x89898a8a,
0x89898989,
0x88888889,
0x88888888,
0x87878787,
0x87878787,
0x86868686,
0x86868686,
0x85858586,
0x85858585,
0x84858585,
0x84848484,
0x84848484,
0x83838484,
0x83838383,
0x83838383,
0x82838383,
0x82828282,
0x82828282,
0x82828282,
0x82828282,
0x81818181,
0x81818181,
0x81818181,
0x81818181,
0x81818181,
0x81818181,
0x81818181,
0x81818181,
0x81818181,
0x81818181,
0x81818180,
0x81818181,
0x81818181,
0x81818181,
0x81818181,
0x81818181,
0x81818181,
0x81818181,
0x81818181,
0x81818181,
0x82828281,
0x82828282,
0x82828282,
0x82828282,
0x83838282,
0x83838383,
0x83838383,
0x84838383,
0x84848484,
0x84848484,
0x85858484,
0x85858585,
0x85858585,
0x86868686,
0x86868686,
0x87878786,
0x87878787,
0x88888887,
0x88888888,
0x89898989,
0x8a898989,
0x8a8a8a8a,
0x8b8b8a8a,
0x8b8b8b8b,
0x8c8c8c8b,
0x8d8c8c8c,
0x8d8d8d8d,
0x8e8e8e8d,
0x8f8f8e8e,
0x8f8f8f8f,
0x90909090,
0x91919190,
0x92929191,
0x93929292,
0x93939393,
0x94949494,
0x95959594,
0x96969595,
0x97979696,
0x98979797,
0x99989898,
0x99999999,
0x9a9a9a9a,
0x9b9b9b9b,
0x9c9c9c9c,
0x9d9d9d9d,
0x9e9e9e9e,
0x9f9f9f9f,
0xa0a0a0a0,
0xa1a1a1a1,
0xa2a2a2a2,
0xa4a3a3a3,
0xa5a4a4a4,
0xa6a5a5a5,
0xa7a7a6a6,
0xa8a8a7a7,
0xa9a9a9a8,
0xaaaaaaa9,
0xabababab,
0xadacacac,
0xaeadadad,
0xafafaeae,
0xb0b0b0af,
0xb1b1b1b1,
0xb3b2b2b2,
0xb4b4b3b3,
0xb5b5b5b4,
0xb6b6b6b6,
0xb8b7b7b7,
0xb9b9b8b8,
0xbababab9,
0xbcbbbbbb,
0xbdbdbcbc,
0xbebebebd,
0xc0bfbfbf,
0xc1c1c0c0,
0xc2c2c2c1,
0xc4c3c3c3,
0xc5c5c5c4,
0xc7c6c6c6,
0xc8c8c7c7,
0xc9c9c9c8,
0xcbcacaca,
0xcccccccb,
0xcecdcdcd,
0xcfcfcece,
0xd1d0d0d0,
0xd2d2d1d1,
0xd4d3d3d2,
0xd5d5d4d4,
0xd6d6d6d5,
0xd8d8d7d7,
0xd9d9d9d8,
0xdbdbdada,
0xdcdcdcdb,
0xdededddd,
0xdfdfdfde,
0xe1e1e0e0,
0xe3e2e2e1,
0xe4e4e3e3,
0xe6e5e5e4,
0xe7e7e6e6,
0xe9e8e8e8,
0xeaeae9e9,
0xecebebeb,
0xedededec,
0xefeeeeee,
0xf0f0f0ef,
0xf2f2f1f1,
0xf4f3f3f2,
0xf5f5f4f4,
0xf7f6f6f6,
0xf8f8f7f7,
0xfaf9f9f9,
0xfbfbfbfa,
0xfdfdfcfc,
0xfffefefd,
0xffff,
0x7f7f7f7f,
0x7f7f7f7f,
0x7f7f7f7f,
0x7f7f7f7f,
0x7f7f7f7f,
0x7f7f7f7f,
0x7f7f7f7f,
0x7f7f7f7f,
0x7f7f7f7f,
0x7f7f7f7f,
0x7e7e7f7f,
0x7e7e7e7e,
0x7e7e7e7e,
0x7e7e7e7e,
0x7d7d7e7e,
0x7d7d7d7d,
0x7d7d7d7d,
0x7d7d7d7d,
0x7c7c7c7c,
0x7c7c7c7c,
0x7b7b7c7c,
0x7b7b7b7b,
0x7b7b7b7b,
0x7a7a7a7a,
0x7a7a7a7a,
0x79797a7a,
0x79797979,
0x78787979,
0x78787878,
0x77777777,
0x77777777,
0x76767676,
0x75757676,
0x75757575,
0x74747575,
0x74747474,
0x73737373,
0x72727373,
0x71717272,
0x71717171,
0x70707070,
0x6f6f7070,
0x6e6e6f6f,
0x6e6e6e6e,
0x6d6d6d6d,
0x6c6c6c6c,
0x6b6b6c6c,
0x6a6a6b6b,
0x69696a6a,
0x69696969,
0x68686868,
0x67676767,
0x66666666,
0x65656565,
0x64646464,
0x63636363,
0x62626262,
0x61616161,
0x60606060,
0x5f5f5f5f,
0x5e5e5e5e,
0x5d5d5d5d,
0x5c5c5c5c,
0x5b5b5b5b,
0x59595a5a,
0x58585959,
0x57575858,
0x56565757,
0x55555555,
0x54545454,
0x53535353,
0x51515252,
0x50505151,
0x4f4f4f4f,
0x4e4e4e4e,
0x4c4c4d4d,
0x4b4b4c4c,
0x4a4a4a4a,
0x49494949,
0x47474848,
0x46464747,
0x45454545,
0x43434444,
0x42424343,
0x41414141,
0x3f3f4040,
0x3e3e3f3f,
0x3d3d3d3d,
0x3b3b3c3c,
0x3a3a3a3a,
0x38383939,
0x37373838,
0x36363636,
0x34343535,
0x33333333,
0x31313232,
0x30303030,
0x2e2e2f2f,
0x2d2d2e2e,
0x2b2b2c2c,
0x2a2a2b2b,
0x28282929,
0x27272828,
0x25252626,
0x24242525,
0x22222323,
0x21212222,
0x1f1f2020,
0x1e1e1f1f,
0x1c1c1d1d,
0x1b1b1c1c,
0x19191a1a,
0x18181818,
0x16161717,
0x15151515,
0x13131414,
0x12121212,
0x10101111,
0xe0e0f0f,
0xd0d0e0e,
0xb0b0c0c,
0xa0a0a0a,
0x8080909,
0x7070707,
0x5050606,
0x3030404,
0x2020303,
0x101,
0x0,
0xfefeffff,
0xfdfdfdfd,
0xfbfbfcfc,
0xf9f9fafa,
0xf8f8f9f9,
0xf6f6f7f7,
0xf5f5f6f6,
0xf3f3f4f4,
0xf2f2f2f2,
0xf0f0f1f1,
0xeeeeefef,
0xededeeee,
0xebebecec,
0xeaeaebeb,
0xe8e8e9e9,
0xe7e7e8e8,
0xe5e5e6e6,
0xe4e4e4e4,
0xe2e2e3e3,
0xe1e1e1e1,
0xdfdfe0e0,
0xdededede,
0xdcdcdddd,
0xdbdbdbdb,
0xd9d9dada,
0xd8d8d8d8,
0xd6d6d7d7,
0xd5d5d5d5,
0xd3d3d4d4,
0xd2d2d2d2,
0xd0d0d1d1,
0xcfcfd0d0,
0xcdcdcece,
0xcccccdcd,
0xcacacbcb,
0xc9c9caca,
0xc8c8c8c8,
0xc6c6c7c7,
0xc5c5c6c6,
0xc3c3c4c4,
0xc2c2c3c3,
0xc1c1c1c1,
0xbfbfc0c0,
0xbebebfbf,
0xbdbdbdbd,
0xbbbbbcbc,
0xbababbbb,
0xb9b9b9b9,
0xb7b7b8b8,
0xb6b6b7b7,
0xb5b5b6b6,
0xb4b4b4b4,
0xb2b2b3b3,
0xb1b1b2b2,
0xb0b0b1b1,
0xafafafaf,
0xadadaeae,
0xacacadad,
0xababacac,
0xaaaaabab,
0xa9a9a9a9,
0xa8a8a8a8,
0xa7a7a7a7,
0xa5a5a6a6,
0xa4a4a5a5,
0xa3a3a4a4,
0xa2a2a3a3,
0xa1a1a2a2,
0xa0a0a1a1,
0x9f9fa0a0,
0x9e9e9f9f,
0x9d9d9e9e,
0x9c9c9d9d,
0x9b9b9c9c,
0x9a9a9b9b,
0x99999a9a,
0x98989999,
0x97979898,
0x97979797,
0x96969696,
0x95959595,
0x94949494,
0x93939494,
0x92929393,
0x92929292,
0x91919191,
0x90909090,
0x8f8f9090,
0x8f8f8f8f,
0x8e8e8e8e,
0x8d8d8d8d,
0x8c8c8d8d,
0x8c8c8c8c,
0x8b8b8b8b,
0x8b8b8b8b,
0x8a8a8a8a,
0x89898a8a,
0x89898989,
0x88888989,
0x88888888,
0x87878787,
0x87878787,
0x86868686,
0x86868686,
0x85858686,
0x85858585,
0x85858585,
0x84848484,
0x84848484,
0x83838484,
0x83838383,
0x83838383,
0x83838383,
0x82828282,
0x82828282,
0x82828282,
0x82828282,
0x81818181,
0x81818181,
0x81818181,
0x81818181,
0x81818181,
0x81818181,
0x81818181,
0x81818181,
0x81818181,
0x81818181,
0x0,
0xfefeffff,
0xfdfdfdfd,
0xfbfbfcfc,
0xf9f9fafa,
0xf8f8f9f9,
0xf6f6f7f7,
0xf5f5f6f6,
0xf3f3f4f4,
0xf2f2f2f2,
0xf0f0f1f1,
0xeeeeefef,
0xededeeee,
0xebebecec,
0xeaeaebeb,
0xe8e8e9e9,
0xe7e7e8e8,
0xe5e5e6e6,
0xe4e4e4e4,
0xe2e2e3e3,
0xe1e1e1e1,
0xdfdfe0e0,
0xdededede,
0xdcdcdddd,
0xdbdbdbdb,
0xd9d9dada,
0xd8d8d8d8,
0xd6d6d7d7,
0xd5d5d5d5,
0xd3d3d4d4,
0xd2d2d2d2,
0xd0d0d1d1,
0xcfcfd0d0,
0xcdcdcece,
0xcccccdcd,
0xcacacbcb,
0xc9c9caca,
0xc8c8c8c8,
0xc6c6c7c7,
0xc5c5c6c6,
0xc3c3c4c4,
0xc2c2c3c3,
0xc1c1c1c1,
0xbfbfc0c0,
0xbebebfbf,
0xbdbdbdbd,
0xbbbbbcbc,
0xbababbbb,
0xb9b9b9b9,
0xb7b7b8b8,
0xb6b6b7b7,
0xb5b5b6b6,
0xb4b4b4b4,
0xb2b2b3b3,
0xb1b1b2b2,
0xb0b0b1b1,
0xafafafaf,
0xadadaeae,
0xacacadad,
0xababacac,
0xaaaaabab,
0xa9a9a9a9,
0xa8a8a8a8,
0xa7a7a7a7,
0xa5a5a6a6,
0xa4a4a5a5,
0xa3a3a4a4,
0xa2a2a3a3,
0xa1a1a2a2,
0xa0a0a1a1,
0x9f9fa0a0,
0x9e9e9f9f,
0x9d9d9e9e,
0x9c9c9d9d,
0x9b9b9c9c,
0x9a9a9b9b,
0x99999a9a,
0x98989999,
0x97979898,
0x97979797,
0x96969696,
0x95959595,
0x94949494,
0x93939494,
0x92929393,
0x92929292,
0x91919191,
0x90909090,
0x8f8f9090,
0x8f8f8f8f,
0x8e8e8e8e,
0x8d8d8d8d,
0x8c8c8d8d,
0x8c8c8c8c,
0x8b8b8b8b,
0x8b8b8b8b,
0x8a8a8a8a,
0x89898a8a,
0x89898989,
0x88888989,
0x88888888,
0x87878787,
0x87878787,
0x86868686,
0x86868686,
0x85858686,
0x85858585,
0x85858585,
0x84848484,
0x84848484,
0x83838484,
0x83838383,
0x83838383,
0x83838383,
0x82828282,
0x82828282,
0x82828282,
0x82828282,
0x81818181,
0x81818181,
0x81818181,
0x81818181,
0x81818181,
0x81818181,
0x81818181,
0x81818181,
0x81818181,
0x81818181,
0x81818080,
0x81818181,
0x81818181,
0x81818181,
0x81818181,
0x81818181,
0x81818181,
0x81818181,
0x81818181,
0x81818181,
0x82828181,
0x82828282,
0x82828282,
0x82828282,
0x83838282,
0x83838383,
0x83838383,
0x83838383,
0x84848484,
0x84848484,
0x85858484,
0x85858585,
0x85858585,
0x86868686,
0x86868686,
0x87878686,
0x87878787,
0x88888787,
0x88888888,
0x89898989,
0x89898989,
0x8a8a8a8a,
0x8b8b8a8a,
0x8b8b8b8b,
0x8c8c8b8b,
0x8c8c8c8c,
0x8d8d8d8d,
0x8e8e8d8d,
0x8f8f8e8e,
0x8f8f8f8f,
0x90909090,
0x91919090,
0x92929191,
0x92929292,
0x93939393,
0x94949494,
0x95959494,
0x96969595,
0x97979696,
0x97979797,
0x98989898,
0x99999999,
0x9a9a9a9a,
0x9b9b9b9b,
0x9c9c9c9c,
0x9d9d9d9d,
0x9e9e9e9e,
0x9f9f9f9f,
0xa0a0a0a0,
0xa1a1a1a1,
0xa2a2a2a2,
0xa3a3a3a3,
0xa4a4a4a4,
0xa5a5a5a5,
0xa7a7a6a6,
0xa8a8a7a7,
0xa9a9a8a8,
0xaaaaa9a9,
0xabababab,
0xacacacac,
0xadadadad,
0xafafaeae,
0xb0b0afaf,
0xb1b1b1b1,
0xb2b2b2b2,
0xb4b4b3b3,
0xb5b5b4b4,
0xb6b6b6b6,
0xb7b7b7b7,
0xb9b9b8b8,
0xbabab9b9,
0xbbbbbbbb,
0xbdbdbcbc,
0xbebebdbd,
0xbfbfbfbf,
0xc1c1c0c0,
0xc2c2c1c1,
0xc3c3c3c3,
0xc5c5c4c4,
0xc6c6c6c6,
0xc8c8c7c7,
0xc9c9c8c8,
0xcacacaca,
0xcccccbcb,
0xcdcdcdcd,
0xcfcfcece,
0xd0d0d0d0,
0xd2d2d1d1,
0xd3d3d2d2,
0xd5d5d4d4,
0xd6d6d5d5,
0xd8d8d7d7,
0xd9d9d8d8,
0xdbdbdada,
0xdcdcdbdb,
0xdededddd,
0xdfdfdede,
0xe1e1e0e0,
0xe2e2e1e1,
0xe4e4e3e3,
0xe5e5e4e4,
0xe7e7e6e6,
0xe8e8e8e8,
0xeaeae9e9,
0xebebebeb,
0xededecec,
0xeeeeeeee,
0xf0f0efef,
0xf2f2f1f1,
0xf3f3f2f2,
0xf5f5f4f4,
0xf6f6f6f6,
0xf8f8f7f7,
0xf9f9f9f9,
0xfbfbfafa,
0xfdfdfcfc,
0xfefefdfd,
0xffff,
0x7f7f7f7f,
0x7f7f7f7f,
0x7f7f7f7f,
0x7f7f7f7f,
0x7f7f7f7f,
0x7f7f7f7f,
0x7f7f7f7f,
0x7f7f7f7f,
0x7f7f7f7f,
0x7f7f7f7f,
0x7f7f7f7f,
0x7e7e7e7e,
0x7e7e7e7e,
0x7e7e7e7e,
0x7e7e7e7e,
0x7d7d7d7d,
0x7d7d7d7d,
0x7d7d7d7d,
0x7c7c7c7c,
0x7c7c7c7c,
0x7c7c7c7c,
0x7b7b7b7b,
0x7b7b7b7b,
0x7a7a7a7a,
0x7a7a7a7a,
0x7a7a7a7a,
0x79797979,
0x79797979,
0x78787878,
0x77777777,
0x77777777,
0x76767676,
0x76767676,
0x75757575,
0x75757575,
0x74747474,
0x73737373,
0x73737373,
0x72727272,
0x71717171,
0x70707070,
0x70707070,
0x6f6f6f6f,
0x6e6e6e6e,
0x6d6d6d6d,
0x6c6c6c6c,
0x6c6c6c6c,
0x6b6b6b6b,
0x6a6a6a6a,
0x69696969,
0x68686868,
0x67676767,
0x66666666,
0x65656565,
0x64646464,
0x63636363,
0x62626262,
0x61616161,
0x60606060,
0x5f5f5f5f,
0x5e5e5e5e,
0x5d5d5d5d,
0x5c5c5c5c,
0x5b5b5b5b,
0x5a5a5a5a,
0x59595959,
0x58585858,
0x57575757,
0x55555555,
0x54545454,
0x53535353,
0x52525252,
0x51515151,
0x4f4f4f4f,
0x4e4e4e4e,
0x4d4d4d4d,
0x4c4c4c4c,
0x4a4a4a4a,
0x49494949,
0x48484848,
0x47474747,
0x45454545,
0x44444444,
0x43434343,
0x41414141,
0x40404040,
0x3f3f3f3f,
0x3d3d3d3d,
0x3c3c3c3c,
0x3a3a3a3a,
0x39393939,
0x38383838,
0x36363636,
0x35353535,
0x33333333,
0x32323232,
0x30303030,
0x2f2f2f2f,
0x2e2e2e2e,
0x2c2c2c2c,
0x2b2b2b2b,
0x29292929,
0x28282828,
0x26262626,
0x25252525,
0x23232323,
0x22222222,
0x20202020,
0x1f1f1f1f,
0x1d1d1d1d,
0x1c1c1c1c,
0x1a1a1a1a,
0x18181818,
0x17171717,
0x15151515,
0x14141414,
0x12121212,
0x11111111,
0xf0f0f0f,
0xe0e0e0e,
0xc0c0c0c,
0xa0a0a0a,
0x9090909,
0x7070707,
0x6060606,
0x4040404,
0x3030303,
0x1010101,
0x0,
0xffffffff,
0xfdfdfdfd,
0xfcfcfcfc,
0xfafafafa,
0xf9f9f9f9,
0xf7f7f7f7,
0xf6f6f6f6,
0xf4f4f4f4,
0xf2f2f2f2,
0xf1f1f1f1,
0xefefefef,
0xeeeeeeee,
0xecececec,
0xebebebeb,
0xe9e9e9e9,
0xe8e8e8e8,
0xe6e6e6e6,
0xe4e4e4e4,
0xe3e3e3e3,
0xe1e1e1e1,
0xe0e0e0e0,
0xdededede,
0xdddddddd,
0xdbdbdbdb,
0xdadadada,
0xd8d8d8d8,
0xd7d7d7d7,
0xd5d5d5d5,
0xd4d4d4d4,
0xd2d2d2d2,
0xd1d1d1d1,
0xd0d0d0d0,
0xcececece,
0xcdcdcdcd,
0xcbcbcbcb,
0xcacacaca,
0xc8c8c8c8,
0xc7c7c7c7,
0xc6c6c6c6,
0xc4c4c4c4,
0xc3c3c3c3,
0xc1c1c1c1,
0xc0c0c0c0,
0xbfbfbfbf,
0xbdbdbdbd,
0xbcbcbcbc,
0xbbbbbbbb,
0xb9b9b9b9,
0xb8b8b8b8,
0xb7b7b7b7,
0xb6b6b6b6,
0xb4b4b4b4,
0xb3b3b3b3,
0xb2b2b2b2,
0xb1b1b1b1,
0xafafafaf,
0xaeaeaeae,
0xadadadad,
0xacacacac,
0xabababab,
0xa9a9a9a9,
0xa8a8a8a8,
0xa7a7a7a7,
0xa6a6a6a6,
0xa5a5a5a5,
0xa4a4a4a4,
0xa3a3a3a3,
0xa2a2a2a2,
0xa1a1a1a1,
0xa0a0a0a0,
0x9f9f9f9f,
0x9e9e9e9e,
0x9d9d9d9d,
0x9c9c9c9c,
0x9b9b9b9b,
0x9a9a9a9a,
0x99999999,
0x98989898,
0x97979797,
0x96969696,
0x95959595,
0x94949494,
0x94949494,
0x93939393,
0x92929292,
0x91919191,
0x90909090,
0x90909090,
0x8f8f8f8f,
0x8e8e8e8e,
0x8d8d8d8d,
0x8d8d8d8d,
0x8c8c8c8c,
0x8b8b8b8b,
0x8b8b8b8b,
0x8a8a8a8a,
0x8a8a8a8a,
0x89898989,
0x89898989,
0x88888888,
0x87878787,
0x87878787,
0x86868686,
0x86868686,
0x86868686,
0x85858585,
0x85858585,
0x84848484,
0x84848484,
0x84848484,
0x83838383,
0x83838383,
0x83838383,
0x82828282,
0x82828282,
0x82828282,
0x82828282,
0x81818181,
0x81818181,
0x81818181,
0x81818181,
0x81818181,
0x81818181,
0x81818181,
0x81818181,
0x81818181,
0x81818181,
0x0,
0xffffffff,
0xfdfdfdfd,
0xfcfcfcfc,
0xfafafafa,
0xf9f9f9f9,
0xf7f7f7f7,
0xf6f6f6f6,
0xf4f4f4f4,
0xf2f2f2f2,
0xf1f1f1f1,
0xefefefef,
0xeeeeeeee,
0xecececec,
0xebebebeb,
0xe9e9e9e9,
0xe8e8e8e8,
0xe6e6e6e6,
0xe4e4e4e4,
0xe3e3e3e3,
0xe1e1e1e1,
0xe0e0e0e0,
0xdededede,
0xdddddddd,
0xdbdbdbdb,
0xdadadada,
0xd8d8d8d8,
0xd7d7d7d7,
0xd5d5d5d5,
0xd4d4d4d4,
0xd2d2d2d2,
0xd1d1d1d1,
0xd0d0d0d0,
0xcececece,
0xcdcdcdcd,
0xcbcbcbcb,
0xcacacaca,
0xc8c8c8c8,
0xc7c7c7c7,
0xc6c6c6c6,
0xc4c4c4c4,
0xc3c3c3c3,
0xc1c1c1c1,
0xc0c0c0c0,
0xbfbfbfbf,
0xbdbdbdbd,
0xbcbcbcbc,
0xbbbbbbbb,
0xb9b9b9b9,
0xb8b8b8b8,
0xb7b7b7b7,
0xb6b6b6b6,
0xb4b4b4b4,
0xb3b3b3b3,
0xb2b2b2b2,
0xb1b1b1b1,
0xafafafaf,
0xaeaeaeae,
0xadadadad,
0xacacacac,
0xabababab,
0xa9a9a9a9,
0xa8a8a8a8,
0xa7a7a7a7,
0xa6a6a6a6,
0xa5a5a5a5,
0xa4a4a4a4,
0xa3a3a3a3,
0xa2a2a2a2,
0xa1a1a1a1,
0xa0a0a0a0,
0x9f9f9f9f,
0x9e9e9e9e,
0x9d9d9d9d,
0x9c9c9c9c,
0x9b9b9b9b,
0x9a9a9a9a,
0x99999999,
0x98989898,
0x97979797,
0x96969696,
0x95959595,
0x94949494,
0x94949494,
0x93939393,
0x92929292,
0x91919191,
0x90909090,
0x90909090,
0x8f8f8f8f,
0x8e8e8e8e,
0x8d8d8d8d,
0x8d8d8d8d,
0x8c8c8c8c,
0x8b8b8b8b,
0x8b8b8b8b,
0x8a8a8a8a,
0x8a8a8a8a,
0x89898989,
0x89898989,
0x88888888,
0x87878787,
0x87878787,
0x86868686,
0x86868686,
0x86868686,
0x85858585,
0x85858585,
0x84848484,
0x84848484,
0x84848484,
0x83838383,
0x83838383,
0x83838383,
0x82828282,
0x82828282,
0x82828282,
0x82828282,
0x81818181,
0x81818181,
0x81818181,
0x81818181,
0x81818181,
0x81818181,
0x81818181,
0x81818181,
0x81818181,
0x81818181,
0x80808080,
0x81818181,
0x81818181,
0x81818181,
0x81818181,
0x81818181,
0x81818181,
0x81818181,
0x81818181,
0x81818181,
0x81818181,
0x82828282,
0x82828282,
0x82828282,
0x82828282,
0x83838383,
0x83838383,
0x83838383,
0x84848484,
0x84848484,
0x84848484,
0x85858585,
0x85858585,
0x86868686,
0x86868686,
0x86868686,
0x87878787,
0x87878787,
0x88888888,
0x89898989,
0x89898989,
0x8a8a8a8a,
0x8a8a8a8a,
0x8b8b8b8b,
0x8b8b8b8b,
0x8c8c8c8c,
0x8d8d8d8d,
0x8d8d8d8d,
0x8e8e8e8e,
0x8f8f8f8f,
0x90909090,
0x90909090,
0x91919191,
0x92929292,
0x93939393,
0x94949494,
0x94949494,
0x95959595,
0x96969696,
0x97979797,
0x98989898,
0x99999999,
0x9a9a9a9a,
0x9b9b9b9b,
0x9c9c9c9c,
0x9d9d9d9d,
0x9e9e9e9e,
0x9f9f9f9f,
0xa0a0a0a0,
0xa1a1a1a1,
0xa2a2a2a2,
0xa3a3a3a3,
0xa4a4a4a4,
0xa5a5a5a5,
0xa6a6a6a6,
0xa7a7a7a7,
0xa8a8a8a8,
0xa9a9a9a9,
0xabababab,
0xacacacac,
0xadadadad,
0xaeaeaeae,
0xafafafaf,
0xb1b1b1b1,
0xb2b2b2b2,
0xb3b3b3b3,
0xb4b4b4b4,
0xb6b6b6b6,
0xb7b7b7b7,
0xb8b8b8b8,
0xb9b9b9b9,
0xbbbbbbbb,
0xbcbcbcbc,
0xbdbdbdbd,
0xbfbfbfbf,
0xc0c0c0c0,
0xc1c1c1c1,
0xc3c3c3c3,
0xc4c4c4c4,
0xc6c6c6c6,
0xc7c7c7c7,
0xc8c8c8c8,
0xcacacaca,
0xcbcbcbcb,
0xcdcdcdcd,
0xcececece,
0xd0d0d0d0,
0xd1d1d1d1,
0xd2d2d2d2,
0xd4d4d4d4,
0xd5d5d5d5,
0xd7d7d7d7,
0xd8d8d8d8,
0xdadadada,
0xdbdbdbdb,
0xdddddddd,
0xdededede,
0xe0e0e0e0,
0xe1e1e1e1,
0xe3e3e3e3,
0xe4e4e4e4,
0xe6e6e6e6,
0xe8e8e8e8,
0xe9e9e9e9,
0xebebebeb,
0xecececec,
0xeeeeeeee,
0xefefefef,
0xf1f1f1f1,
0xf2f2f2f2,
0xf4f4f4f4,
0xf6f6f6f6,
0xf7f7f7f7,
0xf9f9f9f9,
0xfafafafa,
0xfcfcfcfc,
0xfdfdfdfd,
0xffffffff,
0x7f7f7f7f,
0x7f7f7f7f,
0x7f7f7f7f,
0x7f7f7f7f,
0x7f7f7f7f,
0x7f7f7f7f,
0x7f7f7f7f,
0x7f7f7f7f,
0x7f7f7f7f,
0x7f7f7f7f,
0x7f7f7f7f,
0x7f7f7f7f,
0x7e7e7e7e,
0x7e7e7e7e,
0x7e7e7e7e,
0x7e7e7e7e,
0x7d7d7d7d,
0x7d7d7d7d,
0x7c7c7c7c,
0x7c7c7c7c,
0x7c7c7c7c,
0x7c7c7c7c,
0x7b7b7b7b,
0x7b7b7b7b,
0x7a7a7a7a,
0x7a7a7a7a,
0x79797979,
0x79797979,
0x78787878,
0x78787878,
0x77777777,
0x77777777,
0x76767676,
0x76767676,
0x75757575,
0x75757575,
0x73737373,
0x73737373,
0x72727272,
0x72727272,
0x70707070,
0x70707070,
0x6f6f6f6f,
0x6f6f6f6f,
0x6d6d6d6d,
0x6d6d6d6d,
0x6c6c6c6c,
0x6c6c6c6c,
0x6a6a6a6a,
0x6a6a6a6a,
0x68686868,
0x68686868,
0x66666666,
0x66666666,
0x64646464,
0x64646464,
0x62626262,
0x62626262,
0x60606060,
0x60606060,
0x5e5e5e5e,
0x5e5e5e5e,
0x5c5c5c5c,
0x5c5c5c5c,
0x5a5a5a5a,
0x5a5a5a5a,
0x58585858,
0x58585858,
0x55555555,
0x55555555,
0x53535353,
0x53535353,
0x51515151,
0x51515151,
0x4e4e4e4e,
0x4e4e4e4e,
0x4c4c4c4c,
0x4c4c4c4c,
0x49494949,
0x49494949,
0x47474747,
0x47474747,
0x44444444,
0x44444444,
0x41414141,
0x41414141,
0x3f3f3f3f,
0x3f3f3f3f,
0x3c3c3c3c,
0x3c3c3c3c,
0x39393939,
0x39393939,
0x36363636,
0x36363636,
0x33333333,
0x33333333,
0x30303030,
0x30303030,
0x2e2e2e2e,
0x2e2e2e2e,
0x2b2b2b2b,
0x2b2b2b2b,
0x28282828,
0x28282828,
0x25252525,
0x25252525,
0x22222222,
0x22222222,
0x1f1f1f1f,
0x1f1f1f1f,
0x1c1c1c1c,
0x1c1c1c1c,
0x18181818,
0x18181818,
0x15151515,
0x15151515,
0x12121212,
0x12121212,
0xf0f0f0f,
0xf0f0f0f,
0xc0c0c0c,
0xc0c0c0c,
0x9090909,
0x9090909,
0x6060606,
0x6060606,
0x3030303,
0x3030303,
0x0,
0x0,
0xfdfdfdfd,
0xfdfdfdfd,
0xfafafafa,
0xfafafafa,
0xf7f7f7f7,
0xf7f7f7f7,
0xf4f4f4f4,
0xf4f4f4f4,
0xf1f1f1f1,
0xf1f1f1f1,
0xeeeeeeee,
0xeeeeeeee,
0xebebebeb,
0xebebebeb,
0xe8e8e8e8,
0xe8e8e8e8,
0xe4e4e4e4,
0xe4e4e4e4,
0xe1e1e1e1,
0xe1e1e1e1,
0xdededede,
0xdededede,
0xdbdbdbdb,
0xdbdbdbdb,
0xd8d8d8d8,
0xd8d8d8d8,
0xd5d5d5d5,
0xd5d5d5d5,
0xd2d2d2d2,
0xd2d2d2d2,
0xd0d0d0d0,
0xd0d0d0d0,
0xcdcdcdcd,
0xcdcdcdcd,
0xcacacaca,
0xcacacaca,
0xc7c7c7c7,
0xc7c7c7c7,
0xc4c4c4c4,
0xc4c4c4c4,
0xc1c1c1c1,
0xc1c1c1c1,
0xbfbfbfbf,
0xbfbfbfbf,
0xbcbcbcbc,
0xbcbcbcbc,
0xb9b9b9b9,
0xb9b9b9b9,
0xb7b7b7b7,
0xb7b7b7b7,
0xb4b4b4b4,
0xb4b4b4b4,
0xb2b2b2b2,
0xb2b2b2b2,
0xafafafaf,
0xafafafaf,
0xadadadad,
0xadadadad,
0xabababab,
0xabababab,
0xa8a8a8a8,
0xa8a8a8a8,
0xa6a6a6a6,
0xa6a6a6a6,
0xa4a4a4a4,
0xa4a4a4a4,
0xa2a2a2a2,
0xa2a2a2a2,
0xa0a0a0a0,
0xa0a0a0a0,
0x9e9e9e9e,
0x9e9e9e9e,
0x9c9c9c9c,
0x9c9c9c9c,
0x9a9a9a9a,
0x9a9a9a9a,
0x98989898,
0x98989898,
0x96969696,
0x96969696,
0x94949494,
0x94949494,
0x93939393,
0x93939393,
0x91919191,
0x91919191,
0x90909090,
0x90909090,
0x8e8e8e8e,
0x8e8e8e8e,
0x8d8d8d8d,
0x8d8d8d8d,
0x8b8b8b8b,
0x8b8b8b8b,
0x8a8a8a8a,
0x8a8a8a8a,
0x89898989,
0x89898989,
0x88888888,
0x88888888,
0x87878787,
0x87878787,
0x86868686,
0x86868686,
0x85858585,
0x85858585,
0x84848484,
0x84848484,
0x84848484,
0x84848484,
0x83838383,
0x83838383,
0x82828282,
0x82828282,
0x82828282,
0x82828282,
0x81818181,
0x81818181,
0x81818181,
0x81818181,
0x81818181,
0x81818181,
0x81818181,
0x81818181,
0x81818181,
0x81818181,
0x0,
0x0,
0xfdfdfdfd,
0xfdfdfdfd,
0xfafafafa,
0xfafafafa,
0xf7f7f7f7,
0xf7f7f7f7,
0xf4f4f4f4,
0xf4f4f4f4,
0xf1f1f1f1,
0xf1f1f1f1,
0xeeeeeeee,
0xeeeeeeee,
0xebebebeb,
0xebebebeb,
0xe8e8e8e8,
0xe8e8e8e8,
0xe4e4e4e4,
0xe4e4e4e4,
0xe1e1e1e1,
0xe1e1e1e1,
0xdededede,
0xdededede,
0xdbdbdbdb,
0xdbdbdbdb,
0xd8d8d8d8,
0xd8d8d8d8,
0xd5d5d5d5,
0xd5d5d5d5,
0xd2d2d2d2,
0xd2d2d2d2,
0xd0d0d0d0,
0xd0d0d0d0,
0xcdcdcdcd,
0xcdcdcdcd,
0xcacacaca,
0xcacacaca,
0xc7c7c7c7,
0xc7c7c7c7,
0xc4c4c4c4,
0xc4c4c4c4,
0xc1c1c1c1,
0xc1c1c1c1,
0xbfbfbfbf,
0xbfbfbfbf,
0xbcbcbcbc,
0xbcbcbcbc,
0xb9b9b9b9,
0xb9b9b9b9,
0xb7b7b7b7,
0xb7b7b7b7,
0xb4b4b4b4,
0xb4b4b4b4,
0xb2b2b2b2,
0xb2b2b2b2,
0xafafafaf,
0xafafafaf,
0xadadadad,
0xadadadad,
0xabababab,
0xabababab,
0xa8a8a8a8,
0xa8a8a8a8,
0xa6a6a6a6,
0xa6a6a6a6,
0xa4a4a4a4,
0xa4a4a4a4,
0xa2a2a2a2,
0xa2a2a2a2,
0xa0a0a0a0,
0xa0a0a0a0,
0x9e9e9e9e,
0x9e9e9e9e,
0x9c9c9c9c,
0x9c9c9c9c,
0x9a9a9a9a,
0x9a9a9a9a,
0x98989898,
0x98989898,
0x96969696,
0x96969696,
0x94949494,
0x94949494,
0x93939393,
0x93939393,
0x91919191,
0x91919191,
0x90909090,
0x90909090,
0x8e8e8e8e,
0x8e8e8e8e,
0x8d8d8d8d,
0x8d8d8d8d,
0x8b8b8b8b,
0x8b8b8b8b,
0x8a8a8a8a,
0x8a8a8a8a,
0x89898989,
0x89898989,
0x88888888,
0x88888888,
0x87878787,
0x87878787,
0x86868686,
0x86868686,
0x85858585,
0x85858585,
0x84848484,
0x84848484,
0x84848484,
0x84848484,
0x83838383,
0x83838383,
0x82828282,
0x82828282,
0x82828282,
0x82828282,
0x81818181,
0x81818181,
0x81818181,
0x81818181,
0x81818181,
0x81818181,
0x81818181,
0x81818181,
0x81818181,
0x81818181,
0x80808080,
0x80808080,
0x81818181,
0x81818181,
0x81818181,
0x81818181,
0x81818181,
0x81818181,
0x81818181,
0x81818181,
0x81818181,
0x81818181,
0x82828282,
0x82828282,
0x82828282,
0x82828282,
0x83838383,
0x83838383,
0x84848484,
0x84848484,
0x84848484,
0x84848484,
0x85858585,
0x85858585,
0x86868686,
0x86868686,
0x87878787,
0x87878787,
0x88888888,
0x88888888,
0x89898989,
0x89898989,
0x8a8a8a8a,
0x8a8a8a8a,
0x8b8b8b8b,
0x8b8b8b8b,
0x8d8d8d8d,
0x8d8d8d8d,
0x8e8e8e8e,
0x8e8e8e8e,
0x90909090,
0x90909090,
0x91919191,
0x91919191,
0x93939393,
0x93939393,
0x94949494,
0x94949494,
0x96969696,
0x96969696,
0x98989898,
0x98989898,
0x9a9a9a9a,
0x9a9a9a9a,
0x9c9c9c9c,
0x9c9c9c9c,
0x9e9e9e9e,
0x9e9e9e9e,
0xa0a0a0a0,
0xa0a0a0a0,
0xa2a2a2a2,
0xa2a2a2a2,
0xa4a4a4a4,
0xa4a4a4a4,
0xa6a6a6a6,
0xa6a6a6a6,
0xa8a8a8a8,
0xa8a8a8a8,
0xabababab,
0xabababab,
0xadadadad,
0xadadadad,
0xafafafaf,
0xafafafaf,
0xb2b2b2b2,
0xb2b2b2b2,
0xb4b4b4b4,
0xb4b4b4b4,
0xb7b7b7b7,
0xb7b7b7b7,
0xb9b9b9b9,
0xb9b9b9b9,
0xbcbcbcbc,
0xbcbcbcbc,
0xbfbfbfbf,
0xbfbfbfbf,
0xc1c1c1c1,
0xc1c1c1c1,
0xc4c4c4c4,
0xc4c4c4c4,
0xc7c7c7c7,
0xc7c7c7c7,
0xcacacaca,
0xcacacaca,
0xcdcdcdcd,
0xcdcdcdcd,
0xd0d0d0d0,
0xd0d0d0d0,
0xd2d2d2d2,
0xd2d2d2d2,
0xd5d5d5d5,
0xd5d5d5d5,
0xd8d8d8d8,
0xd8d8d8d8,
0xdbdbdbdb,
0xdbdbdbdb,
0xdededede,
0xdededede,
0xe1e1e1e1,
0xe1e1e1e1,
0xe4e4e4e4,
0xe4e4e4e4,
0xe8e8e8e8,
0xe8e8e8e8,
0xebebebeb,
0xebebebeb,
0xeeeeeeee,
0xeeeeeeee,
0xf1f1f1f1,
0xf1f1f1f1,
0xf4f4f4f4,
0xf4f4f4f4,
0xf7f7f7f7,
0xf7f7f7f7,
0xfafafafa,
0xfafafafa,
0xfdfdfdfd,
0xfdfdfdfd,
0x7f7f7f7f,
0x7f7f7f7f,
0x7f7f7f7f,
0x7f7f7f7f,
0x7f7f7f7f,
0x7f7f7f7f,
0x7f7f7f7f,
0x7f7f7f7f,
0x7f7f7f7f,
0x7f7f7f7f,
0x7f7f7f7f,
0x7f7f7f7f,
0x7e7e7e7e,
0x7e7e7e7e,
0x7e7e7e7e,
0x7e7e7e7e,
0x7d7d7d7d,
0x7d7d7d7d,
0x7d7d7d7d,
0x7d7d7d7d,
0x7c7c7c7c,
0x7c7c7c7c,
0x7c7c7c7c,
0x7c7c7c7c,
0x7a7a7a7a,
0x7a7a7a7a,
0x7a7a7a7a,
0x7a7a7a7a,
0x78787878,
0x78787878,
0x78787878,
0x78787878,
0x76767676,
0x76767676,
0x76767676,
0x76767676,
0x73737373,
0x73737373,
0x73737373,
0x73737373,
0x70707070,
0x70707070,
0x70707070,
0x70707070,
0x6d6d6d6d,
0x6d6d6d6d,
0x6d6d6d6d,
0x6d6d6d6d,
0x6a6a6a6a,
0x6a6a6a6a,
0x6a6a6a6a,
0x6a6a6a6a,
0x66666666,
0x66666666,
0x66666666,
0x66666666,
0x62626262,
0x62626262,
0x62626262,
0x62626262,
0x5e5e5e5e,
0x5e5e5e5e,
0x5e5e5e5e,
0x5e5e5e5e,
0x5a5a5a5a,
0x5a5a5a5a,
0x5a5a5a5a,
0x5a5a5a5a,
0x55555555,
0x55555555,
0x55555555,
0x55555555,
0x51515151,
0x51515151,
0x51515151,
0x51515151,
0x4c4c4c4c,
0x4c4c4c4c,
0x4c4c4c4c,
0x4c4c4c4c,
0x47474747,
0x47474747,
0x47474747,
0x47474747,
0x41414141,
0x41414141,
0x41414141,
0x41414141,
0x3c3c3c3c,
0x3c3c3c3c,
0x3c3c3c3c,
0x3c3c3c3c,
0x36363636,
0x36363636,
0x36363636,
0x36363636,
0x30303030,
0x30303030,
0x30303030,
0x30303030,
0x2b2b2b2b,
0x2b2b2b2b,
0x2b2b2b2b,
0x2b2b2b2b,
0x25252525,
0x25252525,
0x25252525,
0x25252525,
0x1f1f1f1f,
0x1f1f1f1f,
0x1f1f1f1f,
0x1f1f1f1f,
0x18181818,
0x18181818,
0x18181818,
0x18181818,
0x12121212,
0x12121212,
0x12121212,
0x12121212,
0xc0c0c0c,
0xc0c0c0c,
0xc0c0c0c,
0xc0c0c0c,
0x6060606,
0x6060606,
0x6060606,
0x6060606,
0x0,
0x0,
0x0,
0x0,
0xfafafafa,
0xfafafafa,
0xfafafafa,
0xfafafafa,
0xf4f4f4f4,
0xf4f4f4f4,
0xf4f4f4f4,
0xf4f4f4f4,
0xeeeeeeee,
0xeeeeeeee,
0xeeeeeeee,
0xeeeeeeee,
0xe8e8e8e8,
0xe8e8e8e8,
0xe8e8e8e8,
0xe8e8e8e8,
0xe1e1e1e1,
0xe1e1e1e1,
0xe1e1e1e1,
0xe1e1e1e1,
0xdbdbdbdb,
0xdbdbdbdb,
0xdbdbdbdb,
0xdbdbdbdb,
0xd5d5d5d5,
0xd5d5d5d5,
0xd5d5d5d5,
0xd5d5d5d5,
0xd0d0d0d0,
0xd0d0d0d0,
0xd0d0d0d0,
0xd0d0d0d0,
0xcacacaca,
0xcacacaca,
0xcacacaca,
0xcacacaca,
0xc4c4c4c4,
0xc4c4c4c4,
0xc4c4c4c4,
0xc4c4c4c4,
0xbfbfbfbf,
0xbfbfbfbf,
0xbfbfbfbf,
0xbfbfbfbf,
0xb9b9b9b9,
0xb9b9b9b9,
0xb9b9b9b9,
0xb9b9b9b9,
0xb4b4b4b4,
0xb4b4b4b4,
0xb4b4b4b4,
0xb4b4b4b4,
0xafafafaf,
0xafafafaf,
0xafafafaf,
0xafafafaf,
0xabababab,
0xabababab,
0xabababab,
0xabababab,
0xa6a6a6a6,
0xa6a6a6a6,
0xa6a6a6a6,
0xa6a6a6a6,
0xa2a2a2a2,
0xa2a2a2a2,
0xa2a2a2a2,
0xa2a2a2a2,
0x9e9e9e9e,
0x9e9e9e9e,
0x9e9e9e9e,
0x9e9e9e9e,
0x9a9a9a9a,
0x9a9a9a9a,
0x9a9a9a9a,
0x9a9a9a9a,
0x96969696,
0x96969696,
0x96969696,
0x96969696,
0x93939393,
0x93939393,
0x93939393,
0x93939393,
0x90909090,
0x90909090,
0x90909090,
0x90909090,
0x8d8d8d8d,
0x8d8d8d8d,
0x8d8d8d8d,
0x8d8d8d8d,
0x8a8a8a8a,
0x8a8a8a8a,
0x8a8a8a8a,
0x8a8a8a8a,
0x88888888,
0x88888888,
0x88888888,
0x88888888,
0x86868686,
0x86868686,
0x86868686,
0x86868686,
0x84848484,
0x84848484,
0x84848484,
0x84848484,
0x83838383,
0x83838383,
0x83838383,
0x83838383,
0x82828282,
0x82828282,
0x82828282,
0x82828282,
0x81818181,
0x81818181,
0x81818181,
0x81818181,
0x81818181,
0x81818181,
0x81818181,
0x81818181,
0x0,
0x0,
0x0,
0x0,
0xfafafafa,
0xfafafafa,
0xfafafafa,
0xfafafafa,
0xf4f4f4f4,
0xf4f4f4f4,
0xf4f4f4f4,
0xf4f4f4f4,
0xeeeeeeee,
0xeeeeeeee,
0xeeeeeeee,
0xeeeeeeee,
0xe8e8e8e8,
0xe8e8e8e8,
0xe8e8e8e8,
0xe8e8e8e8,
0xe1e1e1e1,
0xe1e1e1e1,
0xe1e1e1e1,
0xe1e1e1e1,
0xdbdbdbdb,
0xdbdbdbdb,
0xdbdbdbdb,
0xdbdbdbdb,
0xd5d5d5d5,
0xd5d5d5d5,
0xd5d5d5d5,
0xd5d5d5d5,
0xd0d0d0d0,
0xd0d0d0d0,
0xd0d0d0d0,
0xd0d0d0d0,
0xcacacaca,
0xcacacaca,
0xcacacaca,
0xcacacaca,
0xc4c4c4c4,
0xc4c4c4c4,
0xc4c4c4c4,
0xc4c4c4c4,
0xbfbfbfbf,
0xbfbfbfbf,
0xbfbfbfbf,
0xbfbfbfbf,
0xb9b9b9b9,
0xb9b9b9b9,
0xb9b9b9b9,
0xb9b9b9b9,
0xb4b4b4b4,
0xb4b4b4b4,
0xb4b4b4b4,
0xb4b4b4b4,
0xafafafaf,
0xafafafaf,
0xafafafaf,
0xafafafaf,
0xabababab,
0xabababab,
0xabababab,
0xabababab,
0xa6a6a6a6,
0xa6a6a6a6,
0xa6a6a6a6,
0xa6a6a6a6,
0xa2a2a2a2,
0xa2a2a2a2,
0xa2a2a2a2,
0xa2a2a2a2,
0x9e9e9e9e,
0x9e9e9e9e,
0x9e9e9e9e,
0x9e9e9e9e,
0x9a9a9a9a,
0x9a9a9a9a,
0x9a9a9a9a,
0x9a9a9a9a,
0x96969696,
0x96969696,
0x96969696,
0x96969696,
0x93939393,
0x93939393,
0x93939393,
0x93939393,
0x90909090,
0x90909090,
0x90909090,
0x90909090,
0x8d8d8d8d,
0x8d8d8d8d,
0x8d8d8d8d,
0x8d8d8d8d,
0x8a8a8a8a,
0x8a8a8a8a,
0x8a8a8a8a,
0x8a8a8a8a,
0x88888888,
0x88888888,
0x88888888,
0x88888888,
0x86868686,
0x86868686,
0x86868686,
0x86868686,
0x84848484,
0x84848484,
0x84848484,
0x84848484,
0x83838383,
0x83838383,
0x83838383,
0x83838383,
0x82828282,
0x82828282,
0x82828282,
0x82828282,
0x81818181,
0x81818181,
0x81818181,
0x81818181,
0x81818181,
0x81818181,
0x81818181,
0x81818181,
0x80808080,
0x80808080,
0x80808080,
0x80808080,
0x81818181,
0x81818181,
0x81818181,
0x81818181,
0x81818181,
0x81818181,
0x81818181,
0x81818181,
0x82828282,
0x82828282,
0x82828282,
0x82828282,
0x83838383,
0x83838383,
0x83838383,
0x83838383,
0x84848484,
0x84848484,
0x84848484,
0x84848484,
0x86868686,
0x86868686,
0x86868686,
0x86868686,
0x88888888,
0x88888888,
0x88888888,
0x88888888,
0x8a8a8a8a,
0x8a8a8a8a,
0x8a8a8a8a,
0x8a8a8a8a,
0x8d8d8d8d,
0x8d8d8d8d,
0x8d8d8d8d,
0x8d8d8d8d,
0x90909090,
0x90909090,
0x90909090,
0x90909090,
0x93939393,
0x93939393,
0x93939393,
0x93939393,
0x96969696,
0x96969696,
0x96969696,
0x96969696,
0x9a9a9a9a,
0x9a9a9a9a,
0x9a9a9a9a,
0x9a9a9a9a,
0x9e9e9e9e,
0x9e9e9e9e,
0x9e9e9e9e,
0x9e9e9e9e,
0xa2a2a2a2,
0xa2a2a2a2,
0xa2a2a2a2,
0xa2a2a2a2,
0xa6a6a6a6,
0xa6a6a6a6,
0xa6a6a6a6,
0xa6a6a6a6,
0xabababab,
0xabababab,
0xabababab,
0xabababab,
0xafafafaf,
0xafafafaf,
0xafafafaf,
0xafafafaf,
0xb4b4b4b4,
0xb4b4b4b4,
0xb4b4b4b4,
0xb4b4b4b4,
0xb9b9b9b9,
0xb9b9b9b9,
0xb9b9b9b9,
0xb9b9b9b9,
0xbfbfbfbf,
0xbfbfbfbf,
0xbfbfbfbf,
0xbfbfbfbf,
0xc4c4c4c4,
0xc4c4c4c4,
0xc4c4c4c4,
0xc4c4c4c4,
0xcacacaca,
0xcacacaca,
0xcacacaca,
0xcacacaca,
0xd0d0d0d0,
0xd0d0d0d0,
0xd0d0d0d0,
0xd0d0d0d0,
0xd5d5d5d5,
0xd5d5d5d5,
0xd5d5d5d5,
0xd5d5d5d5,
0xdbdbdbdb,
0xdbdbdbdb,
0xdbdbdbdb,
0xdbdbdbdb,
0xe1e1e1e1,
0xe1e1e1e1,
0xe1e1e1e1,
0xe1e1e1e1,
0xe8e8e8e8,
0xe8e8e8e8,
0xe8e8e8e8,
0xe8e8e8e8,
0xeeeeeeee,
0xeeeeeeee,
0xeeeeeeee,
0xeeeeeeee,
0xf4f4f4f4,
0xf4f4f4f4,
0xf4f4f4f4,
0xf4f4f4f4,
0xfafafafa,
0xfafafafa,
0xfafafafa,
0xfafafafa,
0x7f7f7f7f,
0x7f7f7f7f,
0x7f7f7f7f,
0x7f7f7f7f,
0x7f7f7f7f,
0x7f7f7f7f,
0x7f7f7f7f,
0x7f7f7f7f,
0x7f7f7f7f,
0x7f7f7f7f,
0x7f7f7f7f,
0x7f7f7f7f,
0x7f7f7f7f,
0x7f7f7f7f,
0x7f7f7f7f,
0x7f7f7f7f,
0x7d7d7d7d,
0x7d7d7d7d,
0x7d7d7d7d,
0x7d7d7d7d,
0x7d7d7d7d,
0x7d7d7d7d,
0x7d7d7d7d,
0x7d7d7d7d,
0x7a7a7a7a,
0x7a7a7a7a,
0x7a7a7a7a,
0x7a7a7a7a,
0x7a7a7a7a,
0x7a7a7a7a,
0x7a7a7a7a,
0x7a7a7a7a,
0x76767676,
0x76767676,
0x76767676,
0x76767676,
0x76767676,
0x76767676,
0x76767676,
0x76767676,
0x70707070,
0x70707070,
0x70707070,
0x70707070,
0x70707070,
0x70707070,
0x70707070,
0x70707070,
0x6a6a6a6a,
0x6a6a6a6a,
0x6a6a6a6a,
0x6a6a6a6a,
0x6a6a6a6a,
0x6a6a6a6a,
0x6a6a6a6a,
0x6a6a6a6a,
0x62626262,
0x62626262,
0x62626262,
0x62626262,
0x62626262,
0x62626262,
0x62626262,
0x62626262,
0x5a5a5a5a,
0x5a5a5a5a,
0x5a5a5a5a,
0x5a5a5a5a,
0x5a5a5a5a,
0x5a5a5a5a,
0x5a5a5a5a,
0x5a5a5a5a,
0x51515151,
0x51515151,
0x51515151,
0x51515151,
0x51515151,
0x51515151,
0x51515151,
0x51515151,
0x47474747,
0x47474747,
0x47474747,
0x47474747,
0x47474747,
0x47474747,
0x47474747,
0x47474747,
0x3c3c3c3c,
0x3c3c3c3c,
0x3c3c3c3c,
0x3c3c3c3c,
0x3c3c3c3c,
0x3c3c3c3c,
0x3c3c3c3c,
0x3c3c3c3c,
0x30303030,
0x30303030,
0x30303030,
0x30303030,
0x30303030,
0x30303030,
0x30303030,
0x30303030,
0x25252525,
0x25252525,
0x25252525,
0x25252525,
0x25252525,
0x25252525,
0x25252525,
0x25252525,
0x18181818,
0x18181818,
0x18181818,
0x18181818,
0x18181818,
0x18181818,
0x18181818,
0x18181818,
0xc0c0c0c,
0xc0c0c0c,
0xc0c0c0c,
0xc0c0c0c,
0xc0c0c0c,
0xc0c0c0c,
0xc0c0c0c,
0xc0c0c0c,
0x0,
0x0,
0x0,
0x0,
0x0,
0x0,
0x0,
0x0,
0xf4f4f4f4,
0xf4f4f4f4,
0xf4f4f4f4,
0xf4f4f4f4,
0xf4f4f4f4,
0xf4f4f4f4,
0xf4f4f4f4,
0xf4f4f4f4,
0xe8e8e8e8,
0xe8e8e8e8,
0xe8e8e8e8,
0xe8e8e8e8,
0xe8e8e8e8,
0xe8e8e8e8,
0xe8e8e8e8,
0xe8e8e8e8,
0xdbdbdbdb,
0xdbdbdbdb,
0xdbdbdbdb,
0xdbdbdbdb,
0xdbdbdbdb,
0xdbdbdbdb,
0xdbdbdbdb,
0xdbdbdbdb,
0xd0d0d0d0,
0xd0d0d0d0,
0xd0d0d0d0,
0xd0d0d0d0,
0xd0d0d0d0,
0xd0d0d0d0,
0xd0d0d0d0,
0xd0d0d0d0,
0xc4c4c4c4,
0xc4c4c4c4,
0xc4c4c4c4,
0xc4c4c4c4,
0xc4c4c4c4,
0xc4c4c4c4,
0xc4c4c4c4,
0xc4c4c4c4,
0xb9b9b9b9,
0xb9b9b9b9,
0xb9b9b9b9,
0xb9b9b9b9,
0xb9b9b9b9,
0xb9b9b9b9,
0xb9b9b9b9,
0xb9b9b9b9,
0xafafafaf,
0xafafafaf,
0xafafafaf,
0xafafafaf,
0xafafafaf,
0xafafafaf,
0xafafafaf,
0xafafafaf,
0xa6a6a6a6,
0xa6a6a6a6,
0xa6a6a6a6,
0xa6a6a6a6,
0xa6a6a6a6,
0xa6a6a6a6,
0xa6a6a6a6,
0xa6a6a6a6,
0x9e9e9e9e,
0x9e9e9e9e,
0x9e9e9e9e,
0x9e9e9e9e,
0x9e9e9e9e,
0x9e9e9e9e,
0x9e9e9e9e,
0x9e9e9e9e,
0x96969696,
0x96969696,
0x96969696,
0x96969696,
0x96969696,
0x96969696,
0x96969696,
0x96969696,
0x90909090,
0x90909090,
0x90909090,
0x90909090,
0x90909090,
0x90909090,
0x90909090,
0x90909090,
0x8a8a8a8a,
0x8a8a8a8a,
0x8a8a8a8a,
0x8a8a8a8a,
0x8a8a8a8a,
0x8a8a8a8a,
0x8a8a8a8a,
0x8a8a8a8a,
0x86868686,
0x86868686,
0x86868686,
0x86868686,
0x86868686,
0x86868686,
0x86868686,
0x86868686,
0x83838383,
0x83838383,
0x83838383,
0x83838383,
0x83838383,
0x83838383,
0x83838383,
0x83838383,
0x81818181,
0x81818181,
0x81818181,
0x81818181,
0x81818181,
0x81818181,
0x81818181,
0x81818181,
0x0,
0x0,
0x0,
0x0,
0x0,
0x0,
0x0,
0x0,
0xf4f4f4f4,
0xf4f4f4f4,
0xf4f4f4f4,
0xf4f4f4f4,
0xf4f4f4f4,
0xf4f4f4f4,
0xf4f4f4f4,
0xf4f4f4f4,
0xe8e8e8e8,
0xe8e8e8e8,
0xe8e8e8e8,
0xe8e8e8e8,
0xe8e8e8e8,
0xe8e8e8e8,
0xe8e8e8e8,
0xe8e8e8e8,
0xdbdbdbdb,
0xdbdbdbdb,
0xdbdbdbdb,
0xdbdbdbdb,
0xdbdbdbdb,
0xdbdbdbdb,
0xdbdbdbdb,
0xdbdbdbdb,
0xd0d0d0d0,
0xd0d0d0d0,
0xd0d0d0d0,
0xd0d0d0d0,
0xd0d0d0d0,
0xd0d0d0d0,
0xd0d0d0d0,
0xd0d0d0d0,
0xc4c4c4c4,
0xc4c4c4c4,
0xc4c4c4c4,
0xc4c4c4c4,
0xc4c4c4c4,
0xc4c4c4c4,
0xc4c4c4c4,
0xc4c4c4c4,
0xb9b9b9b9,
0xb9b9b9b9,
0xb9b9b9b9,
0xb9b9b9b9,
0xb9b9b9b9,
0xb9b9b9b9,
0xb9b9b9b9,
0xb9b9b9b9,
0xafafafaf,
0xafafafaf,
0xafafafaf,
0xafafafaf,
0xafafafaf,
0xafafafaf,
0xafafafaf,
0xafafafaf,
0xa6a6a6a6,
0xa6a6a6a6,
0xa6a6a6a6,
0xa6a6a6a6,
0xa6a6a6a6,
0xa6a6a6a6,
0xa6a6a6a6,
0xa6a6a6a6,
0x9e9e9e9e,
0x9e9e9e9e,
0x9e9e9e9e,
0x9e9e9e9e,
0x9e9e9e9e,
0x9e9e9e9e,
0x9e9e9e9e,
0x9e9e9e9e,
0x96969696,
0x96969696,
0x96969696,
0x96969696,
0x96969696,
0x96969696,
0x96969696,
0x96969696,
0x90909090,
0x90909090,
0x90909090,
0x90909090,
0x90909090,
0x90909090,
0x90909090,
0x90909090,
0x8a8a8a8a,
0x8a8a8a8a,
0x8a8a8a8a,
0x8a8a8a8a,
0x8a8a8a8a,
0x8a8a8a8a,
0x8a8a8a8a,
0x8a8a8a8a,
0x86868686,
0x86868686,
0x86868686,
0x86868686,
0x86868686,
0x86868686,
0x86868686,
0x86868686,
0x83838383,
0x83838383,
0x83838383,
0x83838383,
0x83838383,
0x83838383,
0x83838383,
0x83838383,
0x81818181,
0x81818181,
0x81818181,
0x81818181,
0x81818181,
0x81818181,
0x81818181,
0x81818181,
0x80808080,
0x80808080,
0x80808080,
0x80808080,
0x80808080,
0x80808080,
0x80808080,
0x80808080,
0x81818181,
0x81818181,
0x81818181,
0x81818181,
0x81818181,
0x81818181,
0x81818181,
0x81818181,
0x83838383,
0x83838383,
0x83838383,
0x83838383,
0x83838383,
0x83838383,
0x83838383,
0x83838383,
0x86868686,
0x86868686,
0x86868686,
0x86868686,
0x86868686,
0x86868686,
0x86868686,
0x86868686,
0x8a8a8a8a,
0x8a8a8a8a,
0x8a8a8a8a,
0x8a8a8a8a,
0x8a8a8a8a,
0x8a8a8a8a,
0x8a8a8a8a,
0x8a8a8a8a,
0x90909090,
0x90909090,
0x90909090,
0x90909090,
0x90909090,
0x90909090,
0x90909090,
0x90909090,
0x96969696,
0x96969696,
0x96969696,
0x96969696,
0x96969696,
0x96969696,
0x96969696,
0x96969696,
0x9e9e9e9e,
0x9e9e9e9e,
0x9e9e9e9e,
0x9e9e9e9e,
0x9e9e9e9e,
0x9e9e9e9e,
0x9e9e9e9e,
0x9e9e9e9e,
0xa6a6a6a6,
0xa6a6a6a6,
0xa6a6a6a6,
0xa6a6a6a6,
0xa6a6a6a6,
0xa6a6a6a6,
0xa6a6a6a6,
0xa6a6a6a6,
0xafafafaf,
0xafafafaf,
0xafafafaf,
0xafafafaf,
0xafafafaf,
0xafafafaf,
0xafafafaf,
0xafafafaf,
0xb9b9b9b9,
0xb9b9b9b9,
0xb9b9b9b9,
0xb9b9b9b9,
0xb9b9b9b9,
0xb9b9b9b9,
0xb9b9b9b9,
0xb9b9b9b9,
0xc4c4c4c4,
0xc4c4c4c4,
0xc4c4c4c4,
0xc4c4c4c4,
0xc4c4c4c4,
0xc4c4c4c4,
0xc4c4c4c4,
0xc4c4c4c4,
0xd0d0d0d0,
0xd0d0d0d0,
0xd0d0d0d0,
0xd0d0d0d0,
0xd0d0d0d0,
0xd0d0d0d0,
0xd0d0d0d0,
0xd0d0d0d0,
0xdbdbdbdb,
0xdbdbdbdb,
0xdbdbdbdb,
0xdbdbdbdb,
0xdbdbdbdb,
0xdbdbdbdb,
0xdbdbdbdb,
0xdbdbdbdb,
0xe8e8e8e8,
0xe8e8e8e8,
0xe8e8e8e8,
0xe8e8e8e8,
0xe8e8e8e8,
0xe8e8e8e8,
0xe8e8e8e8,
0xe8e8e8e8,
0xf4f4f4f4,
0xf4f4f4f4,
0xf4f4f4f4,
0xf4f4f4f4,
0xf4f4f4f4,
0xf4f4f4f4,
0xf4f4f4f4,
0xf4f4f4f4,
0x7f7f7f7f,
0x7f7f7f7f,
0x7f7f7f7f,
0x7f7f7f7f,
0x7f7f7f7f,
0x7f7f7f7f,
0x7f7f7f7f,
0x7f7f7f7f,
0x7f7f7f7f,
0x7f7f7f7f,
0x7f7f7f7f,
0x7f7f7f7f,
0x7f7f7f7f,
0x7f7f7f7f,
0x7f7f7f7f,
0x7f7f7f7f,
0x7d7d7d7d,
0x7d7d7d7d,
0x7d7d7d7d,
0x7d7d7d7d,
0x7d7d7d7d,
0x7d7d7d7d,
0x7d7d7d7d,
0x7d7d7d7d,
0x7d7d7d7d,
0x7d7d7d7d,
0x7d7d7d7d,
0x7d7d7d7d,
0x7d7d7d7d,
0x7d7d7d7d,
0x7d7d7d7d,
0x7d7d7d7d,
0x76767676,
0x76767676,
0x76767676,
0x76767676,
0x76767676,
0x76767676,
0x76767676,
0x76767676,
0x76767676,
0x76767676,
0x76767676,
0x76767676,
0x76767676,
0x76767676,
0x76767676,
0x76767676,
0x6a6a6a6a,
0x6a6a6a6a,
0x6a6a6a6a,
0x6a6a6a6a,
0x6a6a6a6a,
0x6a6a6a6a,
0x6a6a6a6a,
0x6a6a6a6a,
0x6a6a6a6a,
0x6a6a6a6a,
0x6a6a6a6a,
0x6a6a6a6a,
0x6a6a6a6a,
0x6a6a6a6a,
0x6a6a6a6a,
0x6a6a6a6a,
0x5a5a5a5a,
0x5a5a5a5a,
0x5a5a5a5a,
0x5a5a5a5a,
0x5a5a5a5a,
0x5a5a5a5a,
0x5a5a5a5a,
0x5a5a5a5a,
0x5a5a5a5a,
0x5a5a5a5a,
0x5a5a5a5a,
0x5a5a5a5a,
0x5a5a5a5a,
0x5a5a5a5a,
0x5a5a5a5a,
0x5a5a5a5a,
0x47474747,
0x47474747,
0x47474747,
0x47474747,
0x47474747,
0x47474747,
0x47474747,
0x47474747,
0x47474747,
0x47474747,
0x47474747,
0x47474747,
0x47474747,
0x47474747,
0x47474747,
0x47474747,
0x30303030,
0x30303030,
0x30303030,
0x30303030,
0x30303030,
0x30303030,
0x30303030,
0x30303030,
0x30303030,
0x30303030,
0x30303030,
0x30303030,
0x30303030,
0x30303030,
0x30303030,
0x30303030,
0x18181818,
0x18181818,
0x18181818,
0x18181818,
0x18181818,
0x18181818,
0x18181818,
0x18181818,
0x18181818,
0x18181818,
0x18181818,
0x18181818,
0x18181818,
0x18181818,
0x18181818,
0x18181818,
0x0,
0x0,
0x0,
0x0,
0x0,
0x0,
0x0,
0x0,
0x0,
0x0,
0x0,
0x0,
0x0,
0x0,
0x0,
0x0,
0xe8e8e8e8,
0xe8e8e8e8,
0xe8e8e8e8,
0xe8e8e8e8,
0xe8e8e8e8,
0xe8e8e8e8,
0xe8e8e8e8,
0xe8e8e8e8,
0xe8e8e8e8,
0xe8e8e8e8,
0xe8e8e8e8,
0xe8e8e8e8,
0xe8e8e8e8,
0xe8e8e8e8,
0xe8e8e8e8,
0xe8e8e8e8,
0xd0d0d0d0,
0xd0d0d0d0,
0xd0d0d0d0,
0xd0d0d0d0,
0xd0d0d0d0,
0xd0d0d0d0,
0xd0d0d0d0,
0xd0d0d0d0,
0xd0d0d0d0,
0xd0d0d0d0,
0xd0d0d0d0,
0xd0d0d0d0,
0xd0d0d0d0,
0xd0d0d0d0,
0xd0d0d0d0,
0xd0d0d0d0,
0xb9b9b9b9,
0xb9b9b9b9,
0xb9b9b9b9,
0xb9b9b9b9,
0xb9b9b9b9,
0xb9b9b9b9,
0xb9b9b9b9,
0xb9b9b9b9,
0xb9b9b9b9,
0xb9b9b9b9,
0xb9b9b9b9,
0xb9b9b9b9,
0xb9b9b9b9,
0xb9b9b9b9,
0xb9b9b9b9,
0xb9b9b9b9,
0xa6a6a6a6,
0xa6a6a6a6,
0xa6a6a6a6,
0xa6a6a6a6,
0xa6a6a6a6,
0xa6a6a6a6,
0xa6a6a6a6,
0xa6a6a6a6,
0xa6a6a6a6,
0xa6a6a6a6,
0xa6a6a6a6,
0xa6a6a6a6,
0xa6a6a6a6,
0xa6a6a6a6,
0xa6a6a6a6,
0xa6a6a6a6,
0x96969696,
0x96969696,
0x96969696,
0x96969696,
0x96969696,
0x96969696,
0x96969696,
0x96969696,
0x96969696,
0x96969696,
0x96969696,
0x96969696,
0x96969696,
0x96969696,
0x96969696,
0x96969696,
0x8a8a8a8a,
0x8a8a8a8a,
0x8a8a8a8a,
0x8a8a8a8a,
0x8a8a8a8a,
0x8a8a8a8a,
0x8a8a8a8a,
0x8a8a8a8a,
0x8a8a8a8a,
0x8a8a8a8a,
0x8a8a8a8a,
0x8a8a8a8a,
0x8a8a8a8a,
0x8a8a8a8a,
0x8a8a8a8a,
0x8a8a8a8a,
0x83838383,
0x83838383,
0x83838383,
0x83838383,
0x83838383,
0x83838383,
0x83838383,
0x83838383,
0x83838383,
0x83838383,
0x83838383,
0x83838383,
0x83838383,
0x83838383,
0x83838383,
0x83838383,
0x0,
0x0,
0x0,
0x0,
0x0,
0x0,
0x0,
0x0,
0x0,
0x0,
0x0,
0x0,
0x0,
0x0,
0x0,
0x0,
0xe8e8e8e8,
0xe8e8e8e8,
0xe8e8e8e8,
0xe8e8e8e8,
0xe8e8e8e8,
0xe8e8e8e8,
0xe8e8e8e8,
0xe8e8e8e8,
0xe8e8e8e8,
0xe8e8e8e8,
0xe8e8e8e8,
0xe8e8e8e8,
0xe8e8e8e8,
0xe8e8e8e8,
0xe8e8e8e8,
0xe8e8e8e8,
0xd0d0d0d0,
0xd0d0d0d0,
0xd0d0d0d0,
0xd0d0d0d0,
0xd0d0d0d0,
0xd0d0d0d0,
0xd0d0d0d0,
0xd0d0d0d0,
0xd0d0d0d0,
0xd0d0d0d0,
0xd0d0d0d0,
0xd0d0d0d0,
0xd0d0d0d0,
0xd0d0d0d0,
0xd0d0d0d0,
0xd0d0d0d0,
0xb9b9b9b9,
0xb9b9b9b9,
0xb9b9b9b9,
0xb9b9b9b9,
0xb9b9b9b9,
0xb9b9b9b9,
0xb9b9b9b9,
0xb9b9b9b9,
0xb9b9b9b9,
0xb9b9b9b9,
0xb9b9b9b9,
0xb9b9b9b9,
0xb9b9b9b9,
0xb9b9b9b9,
0xb9b9b9b9,
0xb9b9b9b9,
0xa6a6a6a6,
0xa6a6a6a6,
0xa6a6a6a6,
0xa6a6a6a6,
0xa6a6a6a6,
0xa6a6a6a6,
0xa6a6a6a6,
0xa6a6a6a6,
0xa6a6a6a6,
0xa6a6a6a6,
0xa6a6a6a6,
0xa6a6a6a6,
0xa6a6a6a6,
0xa6a6a6a6,
0xa6a6a6a6,
0xa6a6a6a6,
0x96969696,
0x96969696,
0x96969696,
0x96969696,
0x96969696,
0x96969696,
0x96969696,
0x96969696,
0x96969696,
0x96969696,
0x96969696,
0x96969696,
0x96969696,
0x96969696,
0x96969696,
0x96969696,
0x8a8a8a8a,
0x8a8a8a8a,
0x8a8a8a8a,
0x8a8a8a8a,
0x8a8a8a8a,
0x8a8a8a8a,
0x8a8a8a8a,
0x8a8a8a8a,
0x8a8a8a8a,
0x8a8a8a8a,
0x8a8a8a8a,
0x8a8a8a8a,
0x8a8a8a8a,
0x8a8a8a8a,
0x8a8a8a8a,
0x8a8a8a8a,
0x83838383,
0x83838383,
0x83838383,
0x83838383,
0x83838383,
0x83838383,
0x83838383,
0x83838383,
0x83838383,
0x83838383,
0x83838383,
0x83838383,
0x83838383,
0x83838383,
0x83838383,
0x83838383,
0x80808080,
0x80808080,
0x80808080,
0x80808080,
0x80808080,
0x80808080,
0x80808080,
0x80808080,
0x80808080,
0x80808080,
0x80808080,
0x80808080,
0x80808080,
0x80808080,
0x80808080,
0x80808080,
0x83838383,
0x83838383,
0x83838383,
0x83838383,
0x83838383,
0x83838383,
0x83838383,
0x83838383,
0x83838383,
0x83838383,
0x83838383,
0x83838383,
0x83838383,
0x83838383,
0x83838383,
0x83838383,
0x8a8a8a8a,
0x8a8a8a8a,
0x8a8a8a8a,
0x8a8a8a8a,
0x8a8a8a8a,
0x8a8a8a8a,
0x8a8a8a8a,
0x8a8a8a8a,
0x8a8a8a8a,
0x8a8a8a8a,
0x8a8a8a8a,
0x8a8a8a8a,
0x8a8a8a8a,
0x8a8a8a8a,
0x8a8a8a8a,
0x8a8a8a8a,
0x96969696,
0x96969696,
0x96969696,
0x96969696,
0x96969696,
0x96969696,
0x96969696,
0x96969696,
0x96969696,
0x96969696,
0x96969696,
0x96969696,
0x96969696,
0x96969696,
0x96969696,
0x96969696,
0xa6a6a6a6,
0xa6a6a6a6,
0xa6a6a6a6,
0xa6a6a6a6,
0xa6a6a6a6,
0xa6a6a6a6,
0xa6a6a6a6,
0xa6a6a6a6,
0xa6a6a6a6,
0xa6a6a6a6,
0xa6a6a6a6,
0xa6a6a6a6,
0xa6a6a6a6,
0xa6a6a6a6,
0xa6a6a6a6,
0xa6a6a6a6,
0xb9b9b9b9,
0xb9b9b9b9,
0xb9b9b9b9,
0xb9b9b9b9,
0xb9b9b9b9,
0xb9b9b9b9,
0xb9b9b9b9,
0xb9b9b9b9,
0xb9b9b9b9,
0xb9b9b9b9,
0xb9b9b9b9,
0xb9b9b9b9,
0xb9b9b9b9,
0xb9b9b9b9,
0xb9b9b9b9,
0xb9b9b9b9,
0xd0d0d0d0,
0xd0d0d0d0,
0xd0d0d0d0,
0xd0d0d0d0,
0xd0d0d0d0,
0xd0d0d0d0,
0xd0d0d0d0,
0xd0d0d0d0,
0xd0d0d0d0,
0xd0d0d0d0,
0xd0d0d0d0,
0xd0d0d0d0,
0xd0d0d0d0,
0xd0d0d0d0,
0xd0d0d0d0,
0xd0d0d0d0,
0xe8e8e8e8,
0xe8e8e8e8,
0xe8e8e8e8,
0xe8e8e8e8,
0xe8e8e8e8,
0xe8e8e8e8,
0xe8e8e8e8,
0xe8e8e8e8,
0xe8e8e8e8,
0xe8e8e8e8,
0xe8e8e8e8,
0xe8e8e8e8,
0xe8e8e8e8,
0xe8e8e8e8,
0xe8e8e8e8,
0xe8e8e8e8,
0x7f7f7f7f,
0x7f7f7f7f,
0x7f7f7f7f,
0x7f7f7f7f,
0x7f7f7f7f,
0x7f7f7f7f,
0x7f7f7f7f,
0x7f7f7f7f,
0x7f7f7f7f,
0x7f7f7f7f,
0x7f7f7f7f,
0x7f7f7f7f,
0x7f7f7f7f,
0x7f7f7f7f,
0x7f7f7f7f,
0x7f7f7f7f,
0x7f7f7f7f,
0x7f7f7f7f,
0x7f7f7f7f,
0x7f7f7f7f,
0x7f7f7f7f,
0x7f7f7f7f,
0x7f7f7f7f,
0x7f7f7f7f,
0x7f7f7f7f,
0x7f7f7f7f,
0x7f7f7f7f,
0x7f7f7f7f,
0x7f7f7f7f,
0x7f7f7f7f,
0x7f7f7f7f,
0x7f7f7f7f,
0x76767676,
0x76767676,
0x76767676,
0x76767676,
0x76767676,
0x76767676,
0x76767676,
0x76767676,
0x76767676,
0x76767676,
0x76767676,
0x76767676,
0x76767676,
0x76767676,
0x76767676,
0x76767676,
0x76767676,
0x76767676,
0x76767676,
0x76767676,
0x76767676,
0x76767676,
0x76767676,
0x76767676,
0x76767676,
0x76767676,
0x76767676,
0x76767676,
0x76767676,
0x76767676,
0x76767676,
0x76767676,
0x5a5a5a5a,
0x5a5a5a5a,
0x5a5a5a5a,
0x5a5a5a5a,
0x5a5a5a5a,
0x5a5a5a5a,
0x5a5a5a5a,
0x5a5a5a5a,
0x5a5a5a5a,
0x5a5a5a5a,
0x5a5a5a5a,
0x5a5a5a5a,
0x5a5a5a5a,
0x5a5a5a5a,
0x5a5a5a5a,
0x5a5a5a5a,
0x5a5a5a5a,
0x5a5a5a5a,
0x5a5a5a5a,
0x5a5a5a5a,
0x5a5a5a5a,
0x5a5a5a5a,
0x5a5a5a5a,
0x5a5a5a5a,
0x5a5a5a5a,
0x5a5a5a5a,
0x5a5a5a5a,
0x5a5a5a5a,
0x5a5a5a5a,
0x5a5a5a5a,
0x5a5a5a5a,
0x5a5a5a5a,
0x30303030,
0x30303030,
0x30303030,
0x30303030,
0x30303030,
0x30303030,
0x30303030,
0x30303030,
0x30303030,
0x30303030,
0x30303030,
0x30303030,
0x30303030,
0x30303030,
0x30303030,
0x30303030,
0x30303030,
0x30303030,
0x30303030,
0x30303030,
0x30303030,
0x30303030,
0x30303030,
0x30303030,
0x30303030,
0x30303030,
0x30303030,
0x30303030,
0x30303030,
0x30303030,
0x30303030,
0x30303030,
0x0,
0x0,
0x0,
0x0,
0x0,
0x0,
0x0,
0x0,
0x0,
0x0,
0x0,
0x0,
0x0,
0x0,
0x0,
0x0,
0x0,
0x0,
0x0,
0x0,
0x0,
0x0,
0x0,
0x0,
0x0,
0x0,
0x0,
0x0,
0x0,
0x0,
0x0,
0x0,
0xd0d0d0d0,
0xd0d0d0d0,
0xd0d0d0d0,
0xd0d0d0d0,
0xd0d0d0d0,
0xd0d0d0d0,
0xd0d0d0d0,
0xd0d0d0d0,
0xd0d0d0d0,
0xd0d0d0d0,
0xd0d0d0d0,
0xd0d0d0d0,
0xd0d0d0d0,
0xd0d0d0d0,
0xd0d0d0d0,
0xd0d0d0d0,
0xd0d0d0d0,
0xd0d0d0d0,
0xd0d0d0d0,
0xd0d0d0d0,
0xd0d0d0d0,
0xd0d0d0d0,
0xd0d0d0d0,
0xd0d0d0d0,
0xd0d0d0d0,
0xd0d0d0d0,
0xd0d0d0d0,
0xd0d0d0d0,
0xd0d0d0d0,
0xd0d0d0d0,
0xd0d0d0d0,
0xd0d0d0d0,
0xa6a6a6a6,
0xa6a6a6a6,
0xa6a6a6a6,
0xa6a6a6a6,
0xa6a6a6a6,
0xa6a6a6a6,
0xa6a6a6a6,
0xa6a6a6a6,
0xa6a6a6a6,
0xa6a6a6a6,
0xa6a6a6a6,
0xa6a6a6a6,
0xa6a6a6a6,
0xa6a6a6a6,
0xa6a6a6a6,
0xa6a6a6a6,
0xa6a6a6a6,
0xa6a6a6a6,
0xa6a6a6a6,
0xa6a6a6a6,
0xa6a6a6a6,
0xa6a6a6a6,
0xa6a6a6a6,
0xa6a6a6a6,
0xa6a6a6a6,
0xa6a6a6a6,
0xa6a6a6a6,
0xa6a6a6a6,
0xa6a6a6a6,
0xa6a6a6a6,
0xa6a6a6a6,
0xa6a6a6a6,
0x8a8a8a8a,
0x8a8a8a8a,
0x8a8a8a8a,
0x8a8a8a8a,
0x8a8a8a8a,
0x8a8a8a8a,
0x8a8a8a8a,
0x8a8a8a8a,
0x8a8a8a8a,
0x8a8a8a8a,
0x8a8a8a8a,
0x8a8a8a8a,
0x8a8a8a8a,
0x8a8a8a8a,
0x8a8a8a8a,
0x8a8a8a8a,
0x8a8a8a8a,
0x8a8a8a8a,
0x8a8a8a8a,
0x8a8a8a8a,
0x8a8a8a8a,
0x8a8a8a8a,
0x8a8a8a8a,
0x8a8a8a8a,
0x8a8a8a8a,
0x8a8a8a8a,
0x8a8a8a8a,
0x8a8a8a8a,
0x8a8a8a8a,
0x8a8a8a8a,
0x8a8a8a8a,
0x8a8a8a8a,
0x0,
0x0,
0x0,
0x0,
0x0,
0x0,
0x0,
0x0,
0x0,
0x0,
0x0,
0x0,
0x0,
0x0,
0x0,
0x0,
0x0,
0x0,
0x0,
0x0,
0x0,
0x0,
0x0,
0x0,
0x0,
0x0,
0x0,
0x0,
0x0,
0x0,
0x0,
0x0,
0xd0d0d0d0,
0xd0d0d0d0,
0xd0d0d0d0,
0xd0d0d0d0,
0xd0d0d0d0,
0xd0d0d0d0,
0xd0d0d0d0,
0xd0d0d0d0,
0xd0d0d0d0,
0xd0d0d0d0,
0xd0d0d0d0,
0xd0d0d0d0,
0xd0d0d0d0,
0xd0d0d0d0,
0xd0d0d0d0,
0xd0d0d0d0,
0xd0d0d0d0,
0xd0d0d0d0,
0xd0d0d0d0,
0xd0d0d0d0,
0xd0d0d0d0,
0xd0d0d0d0,
0xd0d0d0d0,
0xd0d0d0d0,
0xd0d0d0d0,
0xd0d0d0d0,
0xd0d0d0d0,
0xd0d0d0d0,
0xd0d0d0d0,
0xd0d0d0d0,
0xd0d0d0d0,
0xd0d0d0d0,
0xa6a6a6a6,
0xa6a6a6a6,
0xa6a6a6a6,
0xa6a6a6a6,
0xa6a6a6a6,
0xa6a6a6a6,
0xa6a6a6a6,
0xa6a6a6a6,
0xa6a6a6a6,
0xa6a6a6a6,
0xa6a6a6a6,
0xa6a6a6a6,
0xa6a6a6a6,
0xa6a6a6a6,
0xa6a6a6a6,
0xa6a6a6a6,
0xa6a6a6a6,
0xa6a6a6a6,
0xa6a6a6a6,
0xa6a6a6a6,
0xa6a6a6a6,
0xa6a6a6a6,
0xa6a6a6a6,
0xa6a6a6a6,
0xa6a6a6a6,
0xa6a6a6a6,
0xa6a6a6a6,
0xa6a6a6a6,
0xa6a6a6a6,
0xa6a6a6a6,
0xa6a6a6a6,
0xa6a6a6a6,
0x8a8a8a8a,
0x8a8a8a8a,
0x8a8a8a8a,
0x8a8a8a8a,
0x8a8a8a8a,
0x8a8a8a8a,
0x8a8a8a8a,
0x8a8a8a8a,
0x8a8a8a8a,
0x8a8a8a8a,
0x8a8a8a8a,
0x8a8a8a8a,
0x8a8a8a8a,
0x8a8a8a8a,
0x8a8a8a8a,
0x8a8a8a8a,
0x8a8a8a8a,
0x8a8a8a8a,
0x8a8a8a8a,
0x8a8a8a8a,
0x8a8a8a8a,
0x8a8a8a8a,
0x8a8a8a8a,
0x8a8a8a8a,
0x8a8a8a8a,
0x8a8a8a8a,
0x8a8a8a8a,
0x8a8a8a8a,
0x8a8a8a8a,
0x8a8a8a8a,
0x8a8a8a8a,
0x8a8a8a8a,
0x80808080,
0x80808080,
0x80808080,
0x80808080,
0x80808080,
0x80808080,
0x80808080,
0x80808080,
0x80808080,
0x80808080,
0x80808080,
0x80808080,
0x80808080,
0x80808080,
0x80808080,
0x80808080,
0x80808080,
0x80808080,
0x80808080,
0x80808080,
0x80808080,
0x80808080,
0x80808080,
0x80808080,
0x80808080,
0x80808080,
0x80808080,
0x80808080,
0x80808080,
0x80808080,
0x80808080,
0x80808080,
0x8a8a8a8a,
0x8a8a8a8a,
0x8a8a8a8a,
0x8a8a8a8a,
0x8a8a8a8a,
0x8a8a8a8a,
0x8a8a8a8a,
0x8a8a8a8a,
0x8a8a8a8a,
0x8a8a8a8a,
0x8a8a8a8a,
0x8a8a8a8a,
0x8a8a8a8a,
0x8a8a8a8a,
0x8a8a8a8a,
0x8a8a8a8a,
0x8a8a8a8a,
0x8a8a8a8a,
0x8a8a8a8a,
0x8a8a8a8a,
0x8a8a8a8a,
0x8a8a8a8a,
0x8a8a8a8a,
0x8a8a8a8a,
0x8a8a8a8a,
0x8a8a8a8a,
0x8a8a8a8a,
0x8a8a8a8a,
0x8a8a8a8a,
0x8a8a8a8a,
0x8a8a8a8a,
0x8a8a8a8a,
0xa6a6a6a6,
0xa6a6a6a6,
0xa6a6a6a6,
0xa6a6a6a6,
0xa6a6a6a6,
0xa6a6a6a6,
0xa6a6a6a6,
0xa6a6a6a6,
0xa6a6a6a6,
0xa6a6a6a6,
0xa6a6a6a6,
0xa6a6a6a6,
0xa6a6a6a6,
0xa6a6a6a6,
0xa6a6a6a6,
0xa6a6a6a6,
0xa6a6a6a6,
0xa6a6a6a6,
0xa6a6a6a6,
0xa6a6a6a6,
0xa6a6a6a6,
0xa6a6a6a6,
0xa6a6a6a6,
0xa6a6a6a6,
0xa6a6a6a6,
0xa6a6a6a6,
0xa6a6a6a6,
0xa6a6a6a6,
0xa6a6a6a6,
0xa6a6a6a6,
0xa6a6a6a6,
0xa6a6a6a6,
0xd0d0d0d0,
0xd0d0d0d0,
0xd0d0d0d0,
0xd0d0d0d0,
0xd0d0d0d0,
0xd0d0d0d0,
0xd0d0d0d0,
0xd0d0d0d0,
0xd0d0d0d0,
0xd0d0d0d0,
0xd0d0d0d0,
0xd0d0d0d0,
0xd0d0d0d0,
0xd0d0d0d0,
0xd0d0d0d0,
0xd0d0d0d0,
0xd0d0d0d0,
0xd0d0d0d0,
0xd0d0d0d0,
0xd0d0d0d0,
0xd0d0d0d0,
0xd0d0d0d0,
0xd0d0d0d0,
0xd0d0d0d0,
0xd0d0d0d0,
0xd0d0d0d0,
0xd0d0d0d0,
0xd0d0d0d0,
0xd0d0d0d0,
0xd0d0d0d0,
0xd0d0d0d0,
0xd0d0d0d0,
0x7f7f7f7f,
0x7f7f7f7f,
0x7f7f7f7f,
0x7f7f7f7f,
0x7f7f7f7f,
0x7f7f7f7f,
0x7f7f7f7f,
0x7f7f7f7f,
0x7f7f7f7f,
0x7f7f7f7f,
0x7f7f7f7f,
0x7f7f7f7f,
0x7f7f7f7f,
0x7f7f7f7f,
0x7f7f7f7f,
0x7f7f7f7f,
0x7f7f7f7f,
0x7f7f7f7f,
0x7f7f7f7f,
0x7f7f7f7f,
0x7f7f7f7f,
0x7f7f7f7f,
0x7f7f7f7f,
0x7f7f7f7f,
0x7f7f7f7f,
0x7f7f7f7f,
0x7f7f7f7f,
0x7f7f7f7f,
0x7f7f7f7f,
0x7f7f7f7f,
0x7f7f7f7f,
0x7f7f7f7f,
0x7f7f7f7f,
0x7f7f7f7f,
0x7f7f7f7f,
0x7f7f7f7f,
0x7f7f7f7f,
0x7f7f7f7f,
0x7f7f7f7f,
0x7f7f7f7f,
0x7f7f7f7f,
0x7f7f7f7f,
0x7f7f7f7f,
0x7f7f7f7f,
0x7f7f7f7f,
0x7f7f7f7f,
0x7f7f7f7f,
0x7f7f7f7f,
0x7f7f7f7f,
0x7f7f7f7f,
0x7f7f7f7f,
0x7f7f7f7f,
0x7f7f7f7f,
0x7f7f7f7f,
0x7f7f7f7f,
0x7f7f7f7f,
0x7f7f7f7f,
0x7f7f7f7f,
0x7f7f7f7f,
0x7f7f7f7f,
0x7f7f7f7f,
0x7f7f7f7f,
0x7f7f7f7f,
0x7f7f7f7f,
0x5a5a5a5a,
0x5a5a5a5a,
0x5a5a5a5a,
0x5a5a5a5a,
0x5a5a5a5a,
0x5a5a5a5a,
0x5a5a5a5a,
0x5a5a5a5a,
0x5a5a5a5a,
0x5a5a5a5a,
0x5a5a5a5a,
0x5a5a5a5a,
0x5a5a5a5a,
0x5a5a5a5a,
0x5a5a5a5a,
0x5a5a5a5a,
0x5a5a5a5a,
0x5a5a5a5a,
0x5a5a5a5a,
0x5a5a5a5a,
0x5a5a5a5a,
0x5a5a5a5a,
0x5a5a5a5a,
0x5a5a5a5a,
0x5a5a5a5a,
0x5a5a5a5a,
0x5a5a5a5a,
0x5a5a5a5a,
0x5a5a5a5a,
0x5a5a5a5a,
0x5a5a5a5a,
0x5a5a5a5a,
0x5a5a5a5a,
0x5a5a5a5a,
0x5a5a5a5a,
0x5a5a5a5a,
0x5a5a5a5a,
0x5a5a5a5a,
0x5a5a5a5a,
0x5a5a5a5a,
0x5a5a5a5a,
0x5a5a5a5a,
0x5a5a5a5a,
0x5a5a5a5a,
0x5a5a5a5a,
0x5a5a5a5a,
0x5a5a5a5a,
0x5a5a5a5a,
0x5a5a5a5a,
0x5a5a5a5a,
0x5a5a5a5a,
0x5a5a5a5a,
0x5a5a5a5a,
0x5a5a5a5a,
0x5a5a5a5a,
0x5a5a5a5a,
0x5a5a5a5a,
0x5a5a5a5a,
0x5a5a5a5a,
0x5a5a5a5a,
0x5a5a5a5a,
0x5a5a5a5a,
0x5a5a5a5a,
0x5a5a5a5a,
0x0,
0x0,
0x0,
0x0,
0x0,
0x0,
0x0,
0x0,
0x0,
0x0,
0x0,
0x0,
0x0,
0x0,
0x0,
0x0,
0x0,
0x0,
0x0,
0x0,
0x0,
0x0,
0x0,
0x0,
0x0,
0x0,
0x0,
0x0,
0x0,
0x0,
0x0,
0x0,
0x0,
0x0,
0x0,
0x0,
0x0,
0x0,
0x0,
0x0,
0x0,
0x0,
0x0,
0x0,
0x0,
0x0,
0x0,
0x0,
0x0,
0x0,
0x0,
0x0,
0x0,
0x0,
0x0,
0x0,
0x0,
0x0,
0x0,
0x0,
0x0,
0x0,
0x0,
0x0,
0xa6a6a6a6,
0xa6a6a6a6,
0xa6a6a6a6,
0xa6a6a6a6,
0xa6a6a6a6,
0xa6a6a6a6,
0xa6a6a6a6,
0xa6a6a6a6,
0xa6a6a6a6,
0xa6a6a6a6,
0xa6a6a6a6,
0xa6a6a6a6,
0xa6a6a6a6,
0xa6a6a6a6,
0xa6a6a6a6,
0xa6a6a6a6,
0xa6a6a6a6,
0xa6a6a6a6,
0xa6a6a6a6,
0xa6a6a6a6,
0xa6a6a6a6,
0xa6a6a6a6,
0xa6a6a6a6,
0xa6a6a6a6,
0xa6a6a6a6,
0xa6a6a6a6,
0xa6a6a6a6,
0xa6a6a6a6,
0xa6a6a6a6,
0xa6a6a6a6,
0xa6a6a6a6,
0xa6a6a6a6,
0xa6a6a6a6,
0xa6a6a6a6,
0xa6a6a6a6,
0xa6a6a6a6,
0xa6a6a6a6,
0xa6a6a6a6,
0xa6a6a6a6,
0xa6a6a6a6,
0xa6a6a6a6,
0xa6a6a6a6,
0xa6a6a6a6,
0xa6a6a6a6,
0xa6a6a6a6,
0xa6a6a6a6,
0xa6a6a6a6,
0xa6a6a6a6,
0xa6a6a6a6,
0xa6a6a6a6,
0xa6a6a6a6,
0xa6a6a6a6,
0xa6a6a6a6,
0xa6a6a6a6,
0xa6a6a6a6,
0xa6a6a6a6,
0xa6a6a6a6,
0xa6a6a6a6,
0xa6a6a6a6,
0xa6a6a6a6,
0xa6a6a6a6,
0xa6a6a6a6,
0xa6a6a6a6,
0xa6a6a6a6,
0x0,
0x0,
0x0,
0x0,
0x0,
0x0,
0x0,
0x0,
0x0,
0x0,
0x0,
0x0,
0x0,
0x0,
0x0,
0x0,
0x0,
0x0,
0x0,
0x0,
0x0,
0x0,
0x0,
0x0,
0x0,
0x0,
0x0,
0x0,
0x0,
0x0,
0x0,
0x0,
0x0,
0x0,
0x0,
0x0,
0x0,
0x0,
0x0,
0x0,
0x0,
0x0,
0x0,
0x0,
0x0,
0x0,
0x0,
0x0,
0x0,
0x0,
0x0,
0x0,
0x0,
0x0,
0x0,
0x0,
0x0,
0x0,
0x0,
0x0,
0x0,
0x0,
0x0,
0x0,
0xa6a6a6a6,
0xa6a6a6a6,
0xa6a6a6a6,
0xa6a6a6a6,
0xa6a6a6a6,
0xa6a6a6a6,
0xa6a6a6a6,
0xa6a6a6a6,
0xa6a6a6a6,
0xa6a6a6a6,
0xa6a6a6a6,
0xa6a6a6a6,
0xa6a6a6a6,
0xa6a6a6a6,
0xa6a6a6a6,
0xa6a6a6a6,
0xa6a6a6a6,
0xa6a6a6a6,
0xa6a6a6a6,
0xa6a6a6a6,
0xa6a6a6a6,
0xa6a6a6a6,
0xa6a6a6a6,
0xa6a6a6a6,
0xa6a6a6a6,
0xa6a6a6a6,
0xa6a6a6a6,
0xa6a6a6a6,
0xa6a6a6a6,
0xa6a6a6a6,
0xa6a6a6a6,
0xa6a6a6a6,
0xa6a6a6a6,
0xa6a6a6a6,
0xa6a6a6a6,
0xa6a6a6a6,
0xa6a6a6a6,
0xa6a6a6a6,
0xa6a6a6a6,
0xa6a6a6a6,
0xa6a6a6a6,
0xa6a6a6a6,
0xa6a6a6a6,
0xa6a6a6a6,
0xa6a6a6a6,
0xa6a6a6a6,
0xa6a6a6a6,
0xa6a6a6a6,
0xa6a6a6a6,
0xa6a6a6a6,
0xa6a6a6a6,
0xa6a6a6a6,
0xa6a6a6a6,
0xa6a6a6a6,
0xa6a6a6a6,
0xa6a6a6a6,
0xa6a6a6a6,
0xa6a6a6a6,
0xa6a6a6a6,
0xa6a6a6a6,
0xa6a6a6a6,
0xa6a6a6a6,
0xa6a6a6a6,
0xa6a6a6a6,
0x80808080,
0x80808080,
0x80808080,
0x80808080,
0x80808080,
0x80808080,
0x80808080,
0x80808080,
0x80808080,
0x80808080,
0x80808080,
0x80808080,
0x80808080,
0x80808080,
0x80808080,
0x80808080,
0x80808080,
0x80808080,
0x80808080,
0x80808080,
0x80808080,
0x80808080,
0x80808080,
0x80808080,
0x80808080,
0x80808080,
0x80808080,
0x80808080,
0x80808080,
0x80808080,
0x80808080,
0x80808080,
0x80808080,
0x80808080,
0x80808080,
0x80808080,
0x80808080,
0x80808080,
0x80808080,
0x80808080,
0x80808080,
0x80808080,
0x80808080,
0x80808080,
0x80808080,
0x80808080,
0x80808080,
0x80808080,
0x80808080,
0x80808080,
0x80808080,
0x80808080,
0x80808080,
0x80808080,
0x80808080,
0x80808080,
0x80808080,
0x80808080,
0x80808080,
0x80808080,
0x80808080,
0x80808080,
0x80808080,
0x80808080,
0xa6a6a6a6,
0xa6a6a6a6,
0xa6a6a6a6,
0xa6a6a6a6,
0xa6a6a6a6,
0xa6a6a6a6,
0xa6a6a6a6,
0xa6a6a6a6,
0xa6a6a6a6,
0xa6a6a6a6,
0xa6a6a6a6,
0xa6a6a6a6,
0xa6a6a6a6,
0xa6a6a6a6,
0xa6a6a6a6,
0xa6a6a6a6,
0xa6a6a6a6,
0xa6a6a6a6,
0xa6a6a6a6,
0xa6a6a6a6,
0xa6a6a6a6,
0xa6a6a6a6,
0xa6a6a6a6,
0xa6a6a6a6,
0xa6a6a6a6,
0xa6a6a6a6,
0xa6a6a6a6,
0xa6a6a6a6,
0xa6a6a6a6,
0xa6a6a6a6,
0xa6a6a6a6,
0xa6a6a6a6,
0xa6a6a6a6,
0xa6a6a6a6,
0xa6a6a6a6,
0xa6a6a6a6,
0xa6a6a6a6,
0xa6a6a6a6,
0xa6a6a6a6,
0xa6a6a6a6,
0xa6a6a6a6,
0xa6a6a6a6,
0xa6a6a6a6,
0xa6a6a6a6,
0xa6a6a6a6,
0xa6a6a6a6,
0xa6a6a6a6,
0xa6a6a6a6,
0xa6a6a6a6,
0xa6a6a6a6,
0xa6a6a6a6,
0xa6a6a6a6,
0xa6a6a6a6,
0xa6a6a6a6,
0xa6a6a6a6,
0xa6a6a6a6,
0xa6a6a6a6,
0xa6a6a6a6,
0xa6a6a6a6,
0xa6a6a6a6,
0xa6a6a6a6,
0xa6a6a6a6,
0xa6a6a6a6,
0xa6a6a6a6,
0x7f7f7f7f,
0x7f7f7f7f,
0x7f7f7f7f,
0x7f7f7f7f,
0x7f7f7f7f,
0x7f7f7f7f,
0x7f7f7f7f,
0x7f7f7f7f,
0x7f7f7f7f,
0x7f7f7f7f,
0x7f7f7f7f,
0x7f7f7f7f,
0x7f7f7f7f,
0x7f7f7f7f,
0x7f7f7f7f,
0x7f7f7f7f,
0x7f7f7f7f,
0x7f7f7f7f,
0x7f7f7f7f,
0x7f7f7f7f,
0x7f7f7f7f,
0x7f7f7f7f,
0x7f7f7f7f,
0x7f7f7f7f,
0x7f7f7f7f,
0x7f7f7f7f,
0x7f7f7f7f,
0x7f7f7f7f,
0x7f7f7f7f,
0x7f7f7f7f,
0x7f7f7f7f,
0x7f7f7f7f,
0x7f7f7f7f,
0x7f7f7f7f,
0x7f7f7f7f,
0x7f7f7f7f,
0x7f7f7f7f,
0x7f7f7f7f,
0x7f7f7f7f,
0x7f7f7f7f,
0x7f7f7f7f,
0x7f7f7f7f,
0x7f7f7f7f,
0x7f7f7f7f,
0x7f7f7f7f,
0x7f7f7f7f,
0x7f7f7f7f,
0x7f7f7f7f,
0x7f7f7f7f,
0x7f7f7f7f,
0x7f7f7f7f,
0x7f7f7f7f,
0x7f7f7f7f,
0x7f7f7f7f,
0x7f7f7f7f,
0x7f7f7f7f,
0x7f7f7f7f,
0x7f7f7f7f,
0x7f7f7f7f,
0x7f7f7f7f,
0x7f7f7f7f,
0x7f7f7f7f,
0x7f7f7f7f,
0x7f7f7f7f,
0x7f7f7f7f,
0x7f7f7f7f,
0x7f7f7f7f,
0x7f7f7f7f,
0x7f7f7f7f,
0x7f7f7f7f,
0x7f7f7f7f,
0x7f7f7f7f,
0x7f7f7f7f,
0x7f7f7f7f,
0x7f7f7f7f,
0x7f7f7f7f,
0x7f7f7f7f,
0x7f7f7f7f,
0x7f7f7f7f,
0x7f7f7f7f,
0x7f7f7f7f,
0x7f7f7f7f,
0x7f7f7f7f,
0x7f7f7f7f,
0x7f7f7f7f,
0x7f7f7f7f,
0x7f7f7f7f,
0x7f7f7f7f,
0x7f7f7f7f,
0x7f7f7f7f,
0x7f7f7f7f,
0x7f7f7f7f,
0x7f7f7f7f,
0x7f7f7f7f,
0x7f7f7f7f,
0x7f7f7f7f,
0x7f7f7f7f,
0x7f7f7f7f,
0x7f7f7f7f,
0x7f7f7f7f,
0x7f7f7f7f,
0x7f7f7f7f,
0x7f7f7f7f,
0x7f7f7f7f,
0x7f7f7f7f,
0x7f7f7f7f,
0x7f7f7f7f,
0x7f7f7f7f,
0x7f7f7f7f,
0x7f7f7f7f,
0x7f7f7f7f,
0x7f7f7f7f,
0x7f7f7f7f,
0x7f7f7f7f,
0x7f7f7f7f,
0x7f7f7f7f,
0x7f7f7f7f,
0x7f7f7f7f,
0x7f7f7f7f,
0x7f7f7f7f,
0x7f7f7f7f,
0x7f7f7f7f,
0x7f7f7f7f,
0x7f7f7f7f,
0x7f7f7f7f,
0x7f7f7f7f,
0x7f7f7f7f,
0x7f7f7f7f,
0x0,
0x0,
0x0,
0x0,
0x0,
0x0,
0x0,
0x0,
0x0,
0x0,
0x0,
0x0,
0x0,
0x0,
0x0,
0x0,
0x0,
0x0,
0x0,
0x0,
0x0,
0x0,
0x0,
0x0,
0x0,
0x0,
0x0,
0x0,
0x0,
0x0,
0x0,
0x0,
0x0,
0x0,
0x0,
0x0,
0x0,
0x0,
0x0,
0x0,
0x0,
0x0,
0x0,
0x0,
0x0,
0x0,
0x0,
0x0,
0x0,
0x0,
0x0,
0x0,
0x0,
0x0,
0x0,
0x0,
0x0,
0x0,
0x0,
0x0,
0x0,
0x0,
0x0,
0x0,
0x0,
0x0,
0x0,
0x0,
0x0,
0x0,
0x0,
0x0,
0x0,
0x0,
0x0,
0x0,
0x0,
0x0,
0x0,
0x0,
0x0,
0x0,
0x0,
0x0,
0x0,
0x0,
0x0,
0x0,
0x0,
0x0,
0x0,
0x0,
0x0,
0x0,
0x0,
0x0,
0x0,
0x0,
0x0,
0x0,
0x0,
0x0,
0x0,
0x0,
0x0,
0x0,
0x0,
0x0,
0x0,
0x0,
0x0,
0x0,
0x0,
0x0,
0x0,
0x0,
0x0,
0x0,
0x0,
0x0,
0x0,
0x0,
0x0,
0x0,
0x0,
0x0,
0x0,
0x0,
0x0,
0x0,
0x0,
0x0,
0x0,
0x0,
0x0,
0x0,
0x0,
0x0,
0x0,
0x0,
0x0,
0x0,
0x0,
0x0,
0x0,
0x0,
0x0,
0x0,
0x0,
0x0,
0x0,
0x0,
0x0,
0x0,
0x0,
0x0,
0x0,
0x0,
0x0,
0x0,
0x0,
0x0,
0x0,
0x0,
0x0,
0x0,
0x0,
0x0,
0x0,
0x0,
0x0,
0x0,
0x0,
0x0,
0x0,
0x0,
0x0,
0x0,
0x0,
0x0,
0x0,
0x0,
0x0,
0x0,
0x0,
0x0,
0x0,
0x0,
0x0,
0x0,
0x0,
0x0,
0x0,
0x0,
0x0,
0x0,
0x0,
0x0,
0x0,
0x0,
0x0,
0x0,
0x0,
0x0,
0x0,
0x0,
0x0,
0x0,
0x0,
0x0,
0x0,
0x0,
0x0,
0x0,
0x0,
0x0,
0x0,
0x0,
0x0,
0x0,
0x0,
0x0,
0x0,
0x0,
0x0,
0x0,
0x0,
0x0,
0x0,
0x0,
0x0,
0x0,
0x0,
0x0,
0x0,
0x0,
0x0,
0x0,
0x0,
0x0,
0x0,
0x0,
0x0,
0x0,
0x0,
0x0,
0x0,
0x0,
0x0,
0x0,
0x0,
0x0,
0x0,
0x0,
0x0,
0x0,
0x80808080,
0x80808080,
0x80808080,
0x80808080,
0x80808080,
0x80808080,
0x80808080,
0x80808080,
0x80808080,
0x80808080,
0x80808080,
0x80808080,
0x80808080,
0x80808080,
0x80808080,
0x80808080,
0x80808080,
0x80808080,
0x80808080,
0x80808080,
0x80808080,
0x80808080,
0x80808080,
0x80808080,
0x80808080,
0x80808080,
0x80808080,
0x80808080,
0x80808080,
0x80808080,
0x80808080,
0x80808080,
0x80808080,
0x80808080,
0x80808080,
0x80808080,
0x80808080,
0x80808080,
0x80808080,
0x80808080,
0x80808080,
0x80808080,
0x80808080,
0x80808080,
0x80808080,
0x80808080,
0x80808080,
0x80808080,
0x80808080,
0x80808080,
0x80808080,
0x80808080,
0x80808080,
0x80808080,
0x80808080,
0x80808080,
0x80808080,
0x80808080,
0x80808080,
0x80808080,
0x80808080,
0x80808080,
0x80808080,
0x80808080,
0x80808080,
0x80808080,
0x80808080,
0x80808080,
0x80808080,
0x80808080,
0x80808080,
0x80808080,
0x80808080,
0x80808080,
0x80808080,
0x80808080,
0x80808080,
0x80808080,
0x80808080,
0x80808080,
0x80808080,
0x80808080,
0x80808080,
0x80808080,
0x80808080,
0x80808080,
0x80808080,
0x80808080,
0x80808080,
0x80808080,
0x80808080,
0x80808080,
0x80808080,
0x80808080,
0x80808080,
0x80808080,
0x80808080,
0x80808080,
0x80808080,
0x80808080,
0x80808080,
0x80808080,
0x80808080,
0x80808080,
0x80808080,
0x80808080,
0x80808080,
0x80808080,
0x80808080,
0x80808080,
0x80808080,
0x80808080,
0x80808080,
0x80808080,
0x80808080,
0x80808080,
0x80808080,
0x80808080,
0x80808080,
0x80808080,
0x80808080,
0x80808080,
0x80808080,
0x80808080,
0x80808080,
0x80808080,
0x80808080,
0x80808080,
0x7f7f7f7f,
0x7f7f7f7f,
0x7f7f7f7f,
0x7f7f7f7f,
0x7f7f7f7f,
0x7f7f7f7f,
0x7f7f7f7f,
0x7f7f7f7f,
0x7f7f7f7f,
0x7f7f7f7f,
0x7f7f7f7f,
0x7f7f7f7f,
0x7f7f7f7f,
0x7f7f7f7f,
0x7f7f7f7f,
0x7f7f7f7f,
0x7f7f7f7f,
0x7f7f7f7f,
0x7f7f7f7f,
0x7f7f7f7f,
0x7f7f7f7f,
0x7f7f7f7f,
0x7f7f7f7f,
0x7f7f7f7f,
0x7f7f7f7f,
0x7f7f7f7f,
0x7f7f7f7f,
0x7f7f7f7f,
0x7f7f7f7f,
0x7f7f7f7f,
0x7f7f7f7f,
0x7f7f7f7f,
0x7f7f7f7f,
0x7f7f7f7f,
0x7f7f7f7f,
0x7f7f7f7f,
0x7f7f7f7f,
0x7f7f7f7f,
0x7f7f7f7f,
0x7f7f7f7f,
0x7f7f7f7f,
0x7f7f7f7f,
0x7f7f7f7f,
0x7f7f7f7f,
0x7f7f7f7f,
0x7f7f7f7f,
0x7f7f7f7f,
0x7f7f7f7f,
0x7f7f7f7f,
0x7f7f7f7f,
0x7f7f7f7f,
0x7f7f7f7f,
0x7f7f7f7f,
0x7f7f7f7f,
0x7f7f7f7f,
0x7f7f7f7f,
0x7f7f7f7f,
0x7f7f7f7f,
0x7f7f7f7f,
0x7f7f7f7f,
0x7f7f7f7f,
0x7f7f7f7f,
0x7f7f7f7f,
0x7f7f7f7f,
0x7f7f7f7f,
0x7f7f7f7f,
0x7f7f7f7f,
0x7f7f7f7f,
0x7f7f7f7f,
0x7f7f7f7f,
0x7f7f7f7f,
0x7f7f7f7f,
0x7f7f7f7f,
0x7f7f7f7f,
0x7f7f7f7f,
0x7f7f7f7f,
0x7f7f7f7f,
0x7f7f7f7f,
0x7f7f7f7f,
0x7f7f7f7f,
0x7f7f7f7f,
0x7f7f7f7f,
0x7f7f7f7f,
0x7f7f7f7f,
0x7f7f7f7f,
0x7f7f7f7f,
0x7f7f7f7f,
0x7f7f7f7f,
0x7f7f7f7f,
0x7f7f7f7f,
0x7f7f7f7f,
0x7f7f7f7f,
0x7f7f7f7f,
0x7f7f7f7f,
0x7f7f7f7f,
0x7f7f7f7f,
0x7f7f7f7f,
0x7f7f7f7f,
0x7f7f7f7f,
0x7f7f7f7f,
0x7f7f7f7f,
0x7f7f7f7f,
0x7f7f7f7f,
0x7f7f7f7f,
0x7f7f7f7f,
0x7f7f7f7f,
0x7f7f7f7f,
0x7f7f7f7f,
0x7f7f7f7f,
0x7f7f7f7f,
0x7f7f7f7f,
0x7f7f7f7f,
0x7f7f7f7f,
0x7f7f7f7f,
0x7f7f7f7f,
0x7f7f7f7f,
0x7f7f7f7f,
0x7f7f7f7f,
0x7f7f7f7f,
0x7f7f7f7f,
0x7f7f7f7f,
0x7f7f7f7f,
0x7f7f7f7f,
0x7f7f7f7f,
0x7f7f7f7f,
0x7f7f7f7f,
0x7f7f7f7f,
0x7f7f7f7f,
0x7f7f7f7f,
0x7f7f7f7f,
0x7f7f7f7f,
0x7f7f7f7f,
0x7f7f7f7f,
0x7f7f7f7f,
0x7f7f7f7f,
0x7f7f7f7f,
0x7f7f7f7f,
0x7f7f7f7f,
0x7f7f7f7f,
0x7f7f7f7f,
0x7f7f7f7f,
0x7f7f7f7f,
0x7f7f7f7f,
0x7f7f7f7f,
0x7f7f7f7f,
0x7f7f7f7f,
0x7f7f7f7f,
0x7f7f7f7f,
0x7f7f7f7f,
0x7f7f7f7f,
0x7f7f7f7f,
0x7f7f7f7f,
0x7f7f7f7f,
0x7f7f7f7f,
0x7f7f7f7f,
0x7f7f7f7f,
0x7f7f7f7f,
0x7f7f7f7f,
0x7f7f7f7f,
0x7f7f7f7f,
0x7f7f7f7f,
0x7f7f7f7f,
0x7f7f7f7f,
0x7f7f7f7f,
0x7f7f7f7f,
0x7f7f7f7f,
0x7f7f7f7f,
0x7f7f7f7f,
0x7f7f7f7f,
0x7f7f7f7f,
0x7f7f7f7f,
0x7f7f7f7f,
0x7f7f7f7f,
0x7f7f7f7f,
0x7f7f7f7f,
0x7f7f7f7f,
0x7f7f7f7f,
0x7f7f7f7f,
0x7f7f7f7f,
0x7f7f7f7f,
0x7f7f7f7f,
0x7f7f7f7f,
0x7f7f7f7f,
0x7f7f7f7f,
0x7f7f7f7f,
0x7f7f7f7f,
0x7f7f7f7f,
0x7f7f7f7f,
0x7f7f7f7f,
0x7f7f7f7f,
0x7f7f7f7f,
0x7f7f7f7f,
0x7f7f7f7f,
0x7f7f7f7f,
0x7f7f7f7f,
0x7f7f7f7f,
0x7f7f7f7f,
0x7f7f7f7f,
0x7f7f7f7f,
0x7f7f7f7f,
0x7f7f7f7f,
0x7f7f7f7f,
0x7f7f7f7f,
0x7f7f7f7f,
0x7f7f7f7f,
0x7f7f7f7f,
0x7f7f7f7f,
0x7f7f7f7f,
0x7f7f7f7f,
0x7f7f7f7f,
0x7f7f7f7f,
0x7f7f7f7f,
0x7f7f7f7f,
0x7f7f7f7f,
0x7f7f7f7f,
0x7f7f7f7f,
0x7f7f7f7f,
0x7f7f7f7f,
0x7f7f7f7f,
0x7f7f7f7f,
0x7f7f7f7f,
0x7f7f7f7f,
0x7f7f7f7f,
0x7f7f7f7f,
0x7f7f7f7f,
0x7f7f7f7f,
0x7f7f7f7f,
0x7f7f7f7f,
0x7f7f7f7f,
0x7f7f7f7f,
0x7f7f7f7f,
0x7f7f7f7f,
0x7f7f7f7f,
0x7f7f7f7f,
0x7f7f7f7f,
0x7f7f7f7f,
0x7f7f7f7f,
0x7f7f7f7f,
0x7f7f7f7f,
0x7f7f7f7f,
0x7f7f7f7f,
0x7f7f7f7f,
0x7f7f7f7f,
0x7f7f7f7f,
0x7f7f7f7f,
0x7f7f7f7f,
0x7f7f7f7f,
0x7f7f7f7f,
0x7f7f7f7f,
0x7f7f7f7f,
0x7f7f7f7f,
0x7f7f7f7f,
0x7f7f7f7f,
0x7f7f7f7f,
0x7f7f7f7f,
0x7f7f7f7f,
0x0,
0x0,
0x0,
0x0,
0x0,
0x0,
0x0,
0x0,
0x0,
0x0,
0x0,
0x0,
0x0,
0x0,
0x0,
0x0,
0x0,
0x0,
0x0,
0x0,
0x0,
0x0,
0x0,
0x0,
0x0,
0x0,
0x0,
0x0,
0x0,
0x0,
0x0,
0x0,
0x0,
0x0,
0x0,
0x0,
0x0,
0x0,
0x0,
0x0,
0x0,
0x0,
0x0,
0x0,
0x0,
0x0,
0x0,
0x0,
0x0,
0x0,
0x0,
0x0,
0x0,
0x0,
0x0,
0x0,
0x0,
0x0,
0x0,
0x0,
0x0,
0x0,
0x0,
0x0,
0x0,
0x0,
0x0,
0x0,
0x0,
0x0,
0x0,
0x0,
0x0,
0x0,
0x0,
0x0,
0x0,
0x0,
0x0,
0x0,
0x0,
0x0,
0x0,
0x0,
0x0,
0x0,
0x0,
0x0,
0x0,
0x0,
0x0,
0x0,
0x0,
0x0,
0x0,
0x0,
0x0,
0x0,
0x0,
0x0,
0x0,
0x0,
0x0,
0x0,
0x0,
0x0,
0x0,
0x0,
0x0,
0x0,
0x0,
0x0,
0x0,
0x0,
0x0,
0x0,
0x0,
0x0,
0x0,
0x0,
0x0,
0x0,
0x0,
0x0,
0x0,
0x0,
0x0,
0x0,
0x0,
0x0,
0x0,
0x0,
0x0,
0x0,
0x0,
0x0,
0x0,
0x0,
0x0,
0x0,
0x0,
0x0,
0x0,
0x0,
0x0,
0x0,
0x0,
0x0,
0x0,
0x0,
0x0,
0x0,
0x0,
0x0,
0x0,
0x0,
0x0,
0x0,
0x0,
0x0,
0x0,
0x0,
0x0,
0x0,
0x0,
0x0,
0x0,
0x0,
0x0,
0x0,
0x0,
0x0,
0x0,
0x0,
0x0,
0x0,
0x0,
0x0,
0x0,
0x0,
0x0,
0x0,
0x0,
0x0,
0x0,
0x0,
0x0,
0x0,
0x0,
0x0,
0x0,
0x0,
0x0,
0x0,
0x0,
0x0,
0x0,
0x0,
0x0,
0x0,
0x0,
0x0,
0x0,
0x0,
0x0,
0x0,
0x0,
0x0,
0x0,
0x0,
0x0,
0x0,
0x0,
0x0,
0x0,
0x0,
0x0,
0x0,
0x0,
0x0,
0x0,
0x0,
0x0,
0x0,
0x0,
0x0,
0x0,
0x0,
0x0,
0x0,
0x0,
0x0,
0x0,
0x0,
0x0,
0x0,
0x0,
0x0,
0x0,
0x0,
0x0,
0x0,
0x0,
0x0,
0x0,
0x0,
0x0,
0x0,
0x0,
0x0,
0x0,
0x0,
0x0,
0x0,
0x0,
0x0,
0x20000,
0x60004,
0xa0008,
0xe000c,
0x120010,
0x160014,
0x1a0018,
0x1e001c,
0x220020,
0x260024,
0x2a0028,
0x2e002c,
0x320030,
0x360034,
0x3a0038,
0x3e003c,
0x420040,
0x460044,
0x4a0048,
0x4e004c,
0x520050,
0x560054,
0x5a0058,
0x5e005c,
0x620060,
0x660064,
0x6a0068,
0x6e006c,
0x720070,
0x760074,
0x7a0078,
0x7e007c,
0x820080,
0x860084,
0x8a0088,
0x8e008c,
0x920090,
0x960094,
0x9a0098,
0x9e009c,
0xa200a0,
0xa600a4,
0xaa00a8,
0xae00ac,
0xb200b0,
0xb600b4,
0xba00b8,
0xbe00bc,
0xc200c0,
0xc600c4,
0xca00c8,
0xce00cc,
0xd200d0,
0xd600d4,
0xda00d8,
0xde00dc,
0xe200e0,
0xe600e4,
0xea00e8,
0xee00ec,
0xf200f0,
0xf600f4,
0xfa00f8,
0xfe00fc,
0x1020100,
0x1060104,
0x10a0108,
0x10e010c,
0x1120110,
0x1160114,
0x11a0118,
0x11e011c,
0x1220120,
0x1260124,
0x12a0128,
0x12e012c,
0x1320130,
0x1360134,
0x13a0138,
0x13e013c,
0x1420140,
0x1460144,
0x14a0148,
0x14e014c,
0x1520150,
0x1560154,
0x15a0158,
0x15e015c,
0x1620160,
0x1660164,
0x16a0168,
0x16e016c,
0x1720170,
0x1760174,
0x17a0178,
0x17e017c,
0x1820180,
0x1860184,
0x18a0188,
0x18e018c,
0x1920190,
0x1960194,
0x19a0198,
0x19e019c,
0x1a201a0,
0x1a601a4,
0x1aa01a8,
0x1ae01ac,
0x1b201b0,
0x1b601b4,
0x1ba01b8,
0x1be01bc,
0x1c201c0,
0x1c601c4,
0x1ca01c8,
0x1ce01cc,
0x1d201d0,
0x1d601d4,
0x1da01d8,
0x1de01dc,
0x1e201e0,
0x1e601e4,
0x1ea01e8,
0x1ee01ec,
0x1f201f0,
0x1f601f4,
0x1fa01f8,
0x1fe01fc,
0x2020200,
0x2060204,
0x20a0208,
0x20e020c,
0x2120210,
0x2160214,
0x21a0218,
0x21e021c,
0x2220220,
0x2260224,
0x22a0228,
0x22e022c,
0x2320230,
0x2360234,
0x23a0238,
0x23e023c,
0x2420240,
0x2460244,
0x24a0248,
0x24e024c,
0x2520250,
0x2560254,
0x25a0258,
0x25e025c,
0x2620260,
0x2660264,
0x26a0268,
0x26e026c,
0x2720270,
0x2760274,
0x27a0278,
0x27e027c,
0x2820280,
0x2860284,
0x28a0288,
0x28e028c,
0x2920290,
0x2960294,
0x29a0298,
0x29e029c,
0x2a202a0,
0x2a602a4,
0x2aa02a8,
0x2ae02ac,
0x2b202b0,
0x2b602b4,
0x2ba02b8,
0x2be02bc,
0x2c202c0,
0x2c602c4,
0x2ca02c8,
0x2ce02cc,
0x2d202d0,
0x2d602d4,
0x2da02d8,
0x2de02dc,
0x2e202e0,
0x2e602e4,
0x2ea02e8,
0x2ee02ec,
0x2f202f0,
0x2f602f4,
0x2fa02f8,
0x2fe02fc,
0x3020300,
0x3060304,
0x30a0308,
0x30e030c,
0x3120310,
0x3160314,
0x31a0318,
0x31e031c,
0x3220320,
0x3260324,
0x32a0328,
0x32e032c,
0x3320330,
0x3360334,
0x33a0338,
0x33e033c,
0x3420340,
0x3460344,
0x34a0348,
0x34e034c,
0x3520350,
0x3560354,
0x35a0358,
0x35e035c,
0x3620360,
0x3660364,
0x36a0368,
0x36e036c,
0x3720370,
0x3760374,
0x37a0378,
0x37e037c,
0x3820380,
0x3860384,
0x38a0388,
0x38e038c,
0x3920390,
0x3960394,
0x39a0398,
0x39e039c,
0x3a203a0,
0x3a603a4,
0x3aa03a8,
0x3ae03ac,
0x3b203b0,
0x3b603b4,
0x3ba03b8,
0x3be03bc,
0x3c203c0,
0x3c603c4,
0x3ca03c8,
0x3ce03cc,
0x3d203d0,
0x3d603d4,
0x3da03d8,
0x3de03dc,
0x3e203e0,
0x3e603e4,
0x3ea03e8,
0x3ee03ec,
0x3f203f0,
0x3f603f4,
0x3fa03f8,
0x3fe03fc,
0x4020400,
0x4060404,
0x40a0408,
0x40e040c,
0x4120410,
0x4160414,
0x41a0418,
0x41e041c,
0x4220420,
0x4260424,
0x42a0428,
0x42e042c,
0x4320430,
0x4360434,
0x43a0438,
0x43e043c,
0x4420440,
0x4460444,
0x44a0448,
0x44e044c,
0x4520450,
0x4560454,
0x45a0458,
0x45e045c,
0x4620460,
0x4660464,
0x46a0468,
0x46e046c,
0x4720470,
0x4760474,
0x47a0478,
0x47e047c,
0x4820480,
0x4860484,
0x48a0488,
0x48e048c,
0x4920490,
0x4960494,
0x49a0498,
0x49e049c,
0x4a204a0,
0x4a604a4,
0x4aa04a8,
0x4ae04ac,
0x4b204b0,
0x4b604b4,
0x4ba04b8,
0x4be04bc,
0x4c204c0,
0x4c604c4,
0x4ca04c8,
0x4ce04cc,
0x4d204d0,
0x4d604d4,
0x4da04d8,
0x4de04dc,
0x4e204e0,
0x4e604e4,
0x4ea04e8,
0x4ee04ec,
0x4f204f0,
0x4f604f4,
0x4fa04f8,
0x4fe04fc,
0x5020500,
0x5060504,
0x50a0508,
0x50e050c,
0x5120510,
0x5160514,
0x51a0518,
0x51e051c,
0x5220520,
0x5260524,
0x52a0528,
0x52e052c,
0x5320530,
0x5360534,
0x53a0538,
0x53e053c,
0x5420540,
0x5460544,
0x54a0548,
0x54e054c,
0x5520550,
0x5560554,
0x55a0558,
0x55e055c,
0x5620560,
0x5660564,
0x56a0568,
0x56e056c,
0x5720570,
0x5760574,
0x57a0578,
0x57e057c,
0x5820580,
0x5860584,
0x58a0588,
0x58e058c,
0x5920590,
0x5960594,
0x59a0598,
0x59e059c,
0x5a205a0,
0x5a605a4,
0x5aa05a8,
0x5ae05ac,
0x5b205b0,
0x5b605b4,
0x5ba05b8,
0x5be05bc,
0x5c205c0,
0x5c605c4,
0x5ca05c8,
0x5ce05cc,
0x5d205d0,
0x5d605d4,
0x5da05d8,
0x5de05dc,
0x5e205e0,
0x5e605e4,
0x5ea05e8,
0x5ee05ec,
0x5f205f0,
0x5f605f4,
0x5fa05f8,
0x5fe05fc,
0x6020600,
0x6060604,
0x60a0608,
0x60e060c,
0x6120610,
0x6160614,
0x61a0618,
0x61e061c,
0x6220620,
0x6260624,
0x62a0628,
0x62e062c,
0x6320630,
0x6360634,
0x63a0638,
0x63e063c,
0x6420640,
0x6460644,
0x64a0648,
0x64e064c,
0x6520650,
0x6560654,
0x65a0658,
0x65e065c,
0x6620660,
0x6660664,
0x66a0668,
0x66e066c,
0x6720670,
0x6760674,
0x67a0678,
0x67e067c,
0x6820680,
0x6860684,
0x68a0688,
0x68e068c,
0x6920690,
0x6960694,
0x69a0698,
0x69e069c,
0x6a206a0,
0x6a606a4,
0x6aa06a8,
0x6ae06ac,
0x6b206b0,
0x6b606b4,
0x6ba06b8,
0x6be06bc,
0x6c206c0,
0x6c606c4,
0x6ca06c8,
0x6ce06cc,
0x6d206d0,
0x6d606d4,
0x6da06d8,
0x6de06dc,
0x6e206e0,
0x6e606e4,
0x6ea06e8,
0x6ee06ec,
0x6f206f0,
0x6f606f4,
0x6fa06f8,
0x6fe06fc,
0x7020700,
0x7060704,
0x70a0708,
0x70e070c,
0x7120710,
0x7160714,
0x71a0718,
0x71e071c,
0x7220720,
0x7260724,
0x72a0728,
0x72e072c,
0x7320730,
0x7360734,
0x73a0738,
0x73e073c,
0x7420740,
0x7460744,
0x74a0748,
0x74e074c,
0x7520750,
0x7560754,
0x75a0758,
0x75e075c,
0x7620760,
0x7660764,
0x76a0768,
0x76e076c,
0x7720770,
0x7760774,
0x77a0778,
0x77e077c,
0x7820780,
0x7860784,
0x78a0788,
0x78e078c,
0x7920790,
0x7960794,
0x79a0798,
0x79e079c,
0x7a207a0,
0x7a607a4,
0x7aa07a8,
0x7ae07ac,
0x7b207b0,
0x7b607b4,
0x7ba07b8,
0x7be07bc,
0x7c207c0,
0x7c607c4,
0x7ca07c8,
0x7ce07cc,
0x7d207d0,
0x7d607d4,
0x7da07d8,
0x7de07dc,
0x7e207e0,
0x7e607e4,
0x7ea07e8,
0x7ee07ec,
0x7f207f0,
0x7f607f4,
0x7fa07f8,
0x7fe07fc,
0x10000,
0x50004,
0x90008,
0xd000c,
0x110010,
0x150014,
0x190018,
0x1d001c,
0x210020,
0x250024,
0x290028,
0x2d002c,
0x310030,
0x350034,
0x390038,
0x3d003c,
0x410040,
0x450044,
0x490048,
0x4d004c,
0x510050,
0x550054,
0x590058,
0x5d005c,
0x610060,
0x650064,
0x690068,
0x6d006c,
0x710070,
0x750074,
0x790078,
0x7d007c,
0x810080,
0x850084,
0x890088,
0x8d008c,
0x910090,
0x950094,
0x990098,
0x9d009c,
0xa100a0,
0xa500a4,
0xa900a8,
0xad00ac,
0xb100b0,
0xb500b4,
0xb900b8,
0xbd00bc,
0xc100c0,
0xc500c4,
0xc900c8,
0xcd00cc,
0xd100d0,
0xd500d4,
0xd900d8,
0xdd00dc,
0xe100e0,
0xe500e4,
0xe900e8,
0xed00ec,
0xf100f0,
0xf500f4,
0xf900f8,
0xfd00fc,
0x1010100,
0x1050104,
0x1090108,
0x10d010c,
0x1110110,
0x1150114,
0x1190118,
0x11d011c,
0x1210120,
0x1250124,
0x1290128,
0x12d012c,
0x1310130,
0x1350134,
0x1390138,
0x13d013c,
0x1410140,
0x1450144,
0x1490148,
0x14d014c,
0x1510150,
0x1550154,
0x1590158,
0x15d015c,
0x1610160,
0x1650164,
0x1690168,
0x16d016c,
0x1710170,
0x1750174,
0x1790178,
0x17d017c,
0x1810180,
0x1850184,
0x1890188,
0x18d018c,
0x1910190,
0x1950194,
0x1990198,
0x19d019c,
0x1a101a0,
0x1a501a4,
0x1a901a8,
0x1ad01ac,
0x1b101b0,
0x1b501b4,
0x1b901b8,
0x1bd01bc,
0x1c101c0,
0x1c501c4,
0x1c901c8,
0x1cd01cc,
0x1d101d0,
0x1d501d4,
0x1d901d8,
0x1dd01dc,
0x1e101e0,
0x1e501e4,
0x1e901e8,
0x1ed01ec,
0x1f101f0,
0x1f501f4,
0x1f901f8,
0x1fd01fc,
0x2010200,
0x2050204,
0x2090208,
0x20d020c,
0x2110210,
0x2150214,
0x2190218,
0x21d021c,
0x2210220,
0x2250224,
0x2290228,
0x22d022c,
0x2310230,
0x2350234,
0x2390238,
0x23d023c,
0x2410240,
0x2450244,
0x2490248,
0x24d024c,
0x2510250,
0x2550254,
0x2590258,
0x25d025c,
0x2610260,
0x2650264,
0x2690268,
0x26d026c,
0x2710270,
0x2750274,
0x2790278,
0x27d027c,
0x2810280,
0x2850284,
0x2890288,
0x28d028c,
0x2910290,
0x2950294,
0x2990298,
0x29d029c,
0x2a102a0,
0x2a502a4,
0x2a902a8,
0x2ad02ac,
0x2b102b0,
0x2b502b4,
0x2b902b8,
0x2bd02bc,
0x2c102c0,
0x2c502c4,
0x2c902c8,
0x2cd02cc,
0x2d102d0,
0x2d502d4,
0x2d902d8,
0x2dd02dc,
0x2e102e0,
0x2e502e4,
0x2e902e8,
0x2ed02ec,
0x2f102f0,
0x2f502f4,
0x2f902f8,
0x2fd02fc,
0x3010300,
0x3050304,
0x3090308,
0x30d030c,
0x3110310,
0x3150314,
0x3190318,
0x31d031c,
0x3210320,
0x3250324,
0x3290328,
0x32d032c,
0x3310330,
0x3350334,
0x3390338,
0x33d033c,
0x3410340,
0x3450344,
0x3490348,
0x34d034c,
0x3510350,
0x3550354,
0x3590358,
0x35d035c,
0x3610360,
0x3650364,
0x3690368,
0x36d036c,
0x3710370,
0x3750374,
0x3790378,
0x37d037c,
0x3810380,
0x3850384,
0x3890388,
0x38d038c,
0x3910390,
0x3950394,
0x3990398,
0x39d039c,
0x3a103a0,
0x3a503a4,
0x3a903a8,
0x3ad03ac,
0x3b103b0,
0x3b503b4,
0x3b903b8,
0x3bd03bc,
0x3c103c0,
0x3c503c4,
0x3c903c8,
0x3cd03cc,
0x3d103d0,
0x3d503d4,
0x3d903d8,
0x3dd03dc,
0x3e103e0,
0x3e503e4,
0x3e903e8,
0x3ed03ec,
0x3f103f0,
0x3f503f4,
0x3f903f8,
0x3fd03fc,
0x4010400,
0x4050404,
0x4090408,
0x40d040c,
0x4110410,
0x4150414,
0x4190418,
0x41d041c,
0x4210420,
0x4250424,
0x4290428,
0x42d042c,
0x4310430,
0x4350434,
0x4390438,
0x43d043c,
0x4410440,
0x4450444,
0x4490448,
0x44d044c,
0x4510450,
0x4550454,
0x4590458,
0x45d045c,
0x4610460,
0x4650464,
0x4690468,
0x46d046c,
0x4710470,
0x4750474,
0x4790478,
0x47d047c,
0x4810480,
0x4850484,
0x4890488,
0x48d048c,
0x4910490,
0x4950494,
0x4990498,
0x49d049c,
0x4a104a0,
0x4a504a4,
0x4a904a8,
0x4ad04ac,
0x4b104b0,
0x4b504b4,
0x4b904b8,
0x4bd04bc,
0x4c104c0,
0x4c504c4,
0x4c904c8,
0x4cd04cc,
0x4d104d0,
0x4d504d4,
0x4d904d8,
0x4dd04dc,
0x4e104e0,
0x4e504e4,
0x4e904e8,
0x4ed04ec,
0x4f104f0,
0x4f504f4,
0x4f904f8,
0x4fd04fc,
0x5010500,
0x5050504,
0x5090508,
0x50d050c,
0x5110510,
0x5150514,
0x5190518,
0x51d051c,
0x5210520,
0x5250524,
0x5290528,
0x52d052c,
0x5310530,
0x5350534,
0x5390538,
0x53d053c,
0x5410540,
0x5450544,
0x5490548,
0x54d054c,
0x5510550,
0x5550554,
0x5590558,
0x55d055c,
0x5610560,
0x5650564,
0x5690568,
0x56d056c,
0x5710570,
0x5750574,
0x5790578,
0x57d057c,
0x5810580,
0x5850584,
0x5890588,
0x58d058c,
0x5910590,
0x5950594,
0x5990598,
0x59d059c,
0x5a105a0,
0x5a505a4,
0x5a905a8,
0x5ad05ac,
0x5b105b0,
0x5b505b4,
0x5b905b8,
0x5bd05bc,
0x5c105c0,
0x5c505c4,
0x5c905c8,
0x5cd05cc,
0x5d105d0,
0x5d505d4,
0x5d905d8,
0x5dd05dc,
0x5e105e0,
0x5e505e4,
0x5e905e8,
0x5ed05ec,
0x5f105f0,
0x5f505f4,
0x5f905f8,
0x5fd05fc,
0x6010600,
0x6050604,
0x6090608,
0x60d060c,
0x6110610,
0x6150614,
0x6190618,
0x61d061c,
0x6210620,
0x6250624,
0x6290628,
0x62d062c,
0x6310630,
0x6350634,
0x6390638,
0x63d063c,
0x6410640,
0x6450644,
0x6490648,
0x64d064c,
0x6510650,
0x6550654,
0x6590658,
0x65d065c,
0x6610660,
0x6650664,
0x6690668,
0x66d066c,
0x6710670,
0x6750674,
0x6790678,
0x67d067c,
0x6810680,
0x6850684,
0x6890688,
0x68d068c,
0x6910690,
0x6950694,
0x6990698,
0x69d069c,
0x6a106a0,
0x6a506a4,
0x6a906a8,
0x6ad06ac,
0x6b106b0,
0x6b506b4,
0x6b906b8,
0x6bd06bc,
0x6c106c0,
0x6c506c4,
0x6c906c8,
0x6cd06cc,
0x6d106d0,
0x6d506d4,
0x6d906d8,
0x6dd06dc,
0x6e106e0,
0x6e506e4,
0x6e906e8,
0x6ed06ec,
0x6f106f0,
0x6f506f4,
0x6f906f8,
0x6fd06fc,
0x7010700,
0x7050704,
0x7090708,
0x70d070c,
0x7110710,
0x7150714,
0x7190718,
0x71d071c,
0x7210720,
0x7250724,
0x7290728,
0x72d072c,
0x7310730,
0x7350734,
0x7390738,
0x73d073c,
0x7410740,
0x7450744,
0x7490748,
0x74d074c,
0x7510750,
0x7550754,
0x7590758,
0x75d075c,
0x7610760,
0x7650764,
0x7690768,
0x76d076c,
0x7710770,
0x7750774,
0x7790778,
0x77d077c,
0x7810780,
0x7850784,
0x7890788,
0x78d078c,
0x7910790,
0x7950794,
0x7990798,
0x79d079c,
0x7a107a0,
0x7a507a4,
0x7a907a8,
0x7ad07ac,
0x7b107b0,
0x7b507b4,
0x7b907b8,
0x7bd07bc,
0x7c107c0,
0x7c507c4,
0x7c907c8,
0x7cd07cc,
0x7d107d0,
0x7d507d4,
0x7d907d8,
0x7dd07dc,
0x7e107e0,
0x7e507e4,
0x7e907e8,
0x7ed07ec,
0x7f107f0,
0x7f507f4,
0x7f907f8,
0x7fd07fc,
0x10000,
0x30002,
0x90008,
0xb000a,
0x110010,
0x130012,
0x190018,
0x1b001a,
0x210020,
0x230022,
0x290028,
0x2b002a,
0x310030,
0x330032,
0x390038,
0x3b003a,
0x410040,
0x430042,
0x490048,
0x4b004a,
0x510050,
0x530052,
0x590058,
0x5b005a,
0x610060,
0x630062,
0x690068,
0x6b006a,
0x710070,
0x730072,
0x790078,
0x7b007a,
0x810080,
0x830082,
0x890088,
0x8b008a,
0x910090,
0x930092,
0x990098,
0x9b009a,
0xa100a0,
0xa300a2,
0xa900a8,
0xab00aa,
0xb100b0,
0xb300b2,
0xb900b8,
0xbb00ba,
0xc100c0,
0xc300c2,
0xc900c8,
0xcb00ca,
0xd100d0,
0xd300d2,
0xd900d8,
0xdb00da,
0xe100e0,
0xe300e2,
0xe900e8,
0xeb00ea,
0xf100f0,
0xf300f2,
0xf900f8,
0xfb00fa,
0x1010100,
0x1030102,
0x1090108,
0x10b010a,
0x1110110,
0x1130112,
0x1190118,
0x11b011a,
0x1210120,
0x1230122,
0x1290128,
0x12b012a,
0x1310130,
0x1330132,
0x1390138,
0x13b013a,
0x1410140,
0x1430142,
0x1490148,
0x14b014a,
0x1510150,
0x1530152,
0x1590158,
0x15b015a,
0x1610160,
0x1630162,
0x1690168,
0x16b016a,
0x1710170,
0x1730172,
0x1790178,
0x17b017a,
0x1810180,
0x1830182,
0x1890188,
0x18b018a,
0x1910190,
0x1930192,
0x1990198,
0x19b019a,
0x1a101a0,
0x1a301a2,
0x1a901a8,
0x1ab01aa,
0x1b101b0,
0x1b301b2,
0x1b901b8,
0x1bb01ba,
0x1c101c0,
0x1c301c2,
0x1c901c8,
0x1cb01ca,
0x1d101d0,
0x1d301d2,
0x1d901d8,
0x1db01da,
0x1e101e0,
0x1e301e2,
0x1e901e8,
0x1eb01ea,
0x1f101f0,
0x1f301f2,
0x1f901f8,
0x1fb01fa,
0x2010200,
0x2030202,
0x2090208,
0x20b020a,
0x2110210,
0x2130212,
0x2190218,
0x21b021a,
0x2210220,
0x2230222,
0x2290228,
0x22b022a,
0x2310230,
0x2330232,
0x2390238,
0x23b023a,
0x2410240,
0x2430242,
0x2490248,
0x24b024a,
0x2510250,
0x2530252,
0x2590258,
0x25b025a,
0x2610260,
0x2630262,
0x2690268,
0x26b026a,
0x2710270,
0x2730272,
0x2790278,
0x27b027a,
0x2810280,
0x2830282,
0x2890288,
0x28b028a,
0x2910290,
0x2930292,
0x2990298,
0x29b029a,
0x2a102a0,
0x2a302a2,
0x2a902a8,
0x2ab02aa,
0x2b102b0,
0x2b302b2,
0x2b902b8,
0x2bb02ba,
0x2c102c0,
0x2c302c2,
0x2c902c8,
0x2cb02ca,
0x2d102d0,
0x2d302d2,
0x2d902d8,
0x2db02da,
0x2e102e0,
0x2e302e2,
0x2e902e8,
0x2eb02ea,
0x2f102f0,
0x2f302f2,
0x2f902f8,
0x2fb02fa,
0x3010300,
0x3030302,
0x3090308,
0x30b030a,
0x3110310,
0x3130312,
0x3190318,
0x31b031a,
0x3210320,
0x3230322,
0x3290328,
0x32b032a,
0x3310330,
0x3330332,
0x3390338,
0x33b033a,
0x3410340,
0x3430342,
0x3490348,
0x34b034a,
0x3510350,
0x3530352,
0x3590358,
0x35b035a,
0x3610360,
0x3630362,
0x3690368,
0x36b036a,
0x3710370,
0x3730372,
0x3790378,
0x37b037a,
0x3810380,
0x3830382,
0x3890388,
0x38b038a,
0x3910390,
0x3930392,
0x3990398,
0x39b039a,
0x3a103a0,
0x3a303a2,
0x3a903a8,
0x3ab03aa,
0x3b103b0,
0x3b303b2,
0x3b903b8,
0x3bb03ba,
0x3c103c0,
0x3c303c2,
0x3c903c8,
0x3cb03ca,
0x3d103d0,
0x3d303d2,
0x3d903d8,
0x3db03da,
0x3e103e0,
0x3e303e2,
0x3e903e8,
0x3eb03ea,
0x3f103f0,
0x3f303f2,
0x3f903f8,
0x3fb03fa,
0x4010400,
0x4030402,
0x4090408,
0x40b040a,
0x4110410,
0x4130412,
0x4190418,
0x41b041a,
0x4210420,
0x4230422,
0x4290428,
0x42b042a,
0x4310430,
0x4330432,
0x4390438,
0x43b043a,
0x4410440,
0x4430442,
0x4490448,
0x44b044a,
0x4510450,
0x4530452,
0x4590458,
0x45b045a,
0x4610460,
0x4630462,
0x4690468,
0x46b046a,
0x4710470,
0x4730472,
0x4790478,
0x47b047a,
0x4810480,
0x4830482,
0x4890488,
0x48b048a,
0x4910490,
0x4930492,
0x4990498,
0x49b049a,
0x4a104a0,
0x4a304a2,
0x4a904a8,
0x4ab04aa,
0x4b104b0,
0x4b304b2,
0x4b904b8,
0x4bb04ba,
0x4c104c0,
0x4c304c2,
0x4c904c8,
0x4cb04ca,
0x4d104d0,
0x4d304d2,
0x4d904d8,
0x4db04da,
0x4e104e0,
0x4e304e2,
0x4e904e8,
0x4eb04ea,
0x4f104f0,
0x4f304f2,
0x4f904f8,
0x4fb04fa,
0x5010500,
0x5030502,
0x5090508,
0x50b050a,
0x5110510,
0x5130512,
0x5190518,
0x51b051a,
0x5210520,
0x5230522,
0x5290528,
0x52b052a,
0x5310530,
0x5330532,
0x5390538,
0x53b053a,
0x5410540,
0x5430542,
0x5490548,
0x54b054a,
0x5510550,
0x5530552,
0x5590558,
0x55b055a,
0x5610560,
0x5630562,
0x5690568,
0x56b056a,
0x5710570,
0x5730572,
0x5790578,
0x57b057a,
0x5810580,
0x5830582,
0x5890588,
0x58b058a,
0x5910590,
0x5930592,
0x5990598,
0x59b059a,
0x5a105a0,
0x5a305a2,
0x5a905a8,
0x5ab05aa,
0x5b105b0,
0x5b305b2,
0x5b905b8,
0x5bb05ba,
0x5c105c0,
0x5c305c2,
0x5c905c8,
0x5cb05ca,
0x5d105d0,
0x5d305d2,
0x5d905d8,
0x5db05da,
0x5e105e0,
0x5e305e2,
0x5e905e8,
0x5eb05ea,
0x5f105f0,
0x5f305f2,
0x5f905f8,
0x5fb05fa,
0x6010600,
0x6030602,
0x6090608,
0x60b060a,
0x6110610,
0x6130612,
0x6190618,
0x61b061a,
0x6210620,
0x6230622,
0x6290628,
0x62b062a,
0x6310630,
0x6330632,
0x6390638,
0x63b063a,
0x6410640,
0x6430642,
0x6490648,
0x64b064a,
0x6510650,
0x6530652,
0x6590658,
0x65b065a,
0x6610660,
0x6630662,
0x6690668,
0x66b066a,
0x6710670,
0x6730672,
0x6790678,
0x67b067a,
0x6810680,
0x6830682,
0x6890688,
0x68b068a,
0x6910690,
0x6930692,
0x6990698,
0x69b069a,
0x6a106a0,
0x6a306a2,
0x6a906a8,
0x6ab06aa,
0x6b106b0,
0x6b306b2,
0x6b906b8,
0x6bb06ba,
0x6c106c0,
0x6c306c2,
0x6c906c8,
0x6cb06ca,
0x6d106d0,
0x6d306d2,
0x6d906d8,
0x6db06da,
0x6e106e0,
0x6e306e2,
0x6e906e8,
0x6eb06ea,
0x6f106f0,
0x6f306f2,
0x6f906f8,
0x6fb06fa,
0x7010700,
0x7030702,
0x7090708,
0x70b070a,
0x7110710,
0x7130712,
0x7190718,
0x71b071a,
0x7210720,
0x7230722,
0x7290728,
0x72b072a,
0x7310730,
0x7330732,
0x7390738,
0x73b073a,
0x7410740,
0x7430742,
0x7490748,
0x74b074a,
0x7510750,
0x7530752,
0x7590758,
0x75b075a,
0x7610760,
0x7630762,
0x7690768,
0x76b076a,
0x7710770,
0x7730772,
0x7790778,
0x77b077a,
0x7810780,
0x7830782,
0x7890788,
0x78b078a,
0x7910790,
0x7930792,
0x7990798,
0x79b079a,
0x7a107a0,
0x7a307a2,
0x7a907a8,
0x7ab07aa,
0x7b107b0,
0x7b307b2,
0x7b907b8,
0x7bb07ba,
0x7c107c0,
0x7c307c2,
0x7c907c8,
0x7cb07ca,
0x7d107d0,
0x7d307d2,
0x7d907d8,
0x7db07da,
0x7e107e0,
0x7e307e2,
0x7e907e8,
0x7eb07ea,
0x7f107f0,
0x7f307f2,
0x7f907f8,
0x7fb07fa,
0x10000,
0x30002,
0x50004,
0x70006,
0x110010,
0x130012,
0x150014,
0x170016,
0x210020,
0x230022,
0x250024,
0x270026,
0x310030,
0x330032,
0x350034,
0x370036,
0x410040,
0x430042,
0x450044,
0x470046,
0x510050,
0x530052,
0x550054,
0x570056,
0x610060,
0x630062,
0x650064,
0x670066,
0x710070,
0x730072,
0x750074,
0x770076,
0x810080,
0x830082,
0x850084,
0x870086,
0x910090,
0x930092,
0x950094,
0x970096,
0xa100a0,
0xa300a2,
0xa500a4,
0xa700a6,
0xb100b0,
0xb300b2,
0xb500b4,
0xb700b6,
0xc100c0,
0xc300c2,
0xc500c4,
0xc700c6,
0xd100d0,
0xd300d2,
0xd500d4,
0xd700d6,
0xe100e0,
0xe300e2,
0xe500e4,
0xe700e6,
0xf100f0,
0xf300f2,
0xf500f4,
0xf700f6,
0x1010100,
0x1030102,
0x1050104,
0x1070106,
0x1110110,
0x1130112,
0x1150114,
0x1170116,
0x1210120,
0x1230122,
0x1250124,
0x1270126,
0x1310130,
0x1330132,
0x1350134,
0x1370136,
0x1410140,
0x1430142,
0x1450144,
0x1470146,
0x1510150,
0x1530152,
0x1550154,
0x1570156,
0x1610160,
0x1630162,
0x1650164,
0x1670166,
0x1710170,
0x1730172,
0x1750174,
0x1770176,
0x1810180,
0x1830182,
0x1850184,
0x1870186,
0x1910190,
0x1930192,
0x1950194,
0x1970196,
0x1a101a0,
0x1a301a2,
0x1a501a4,
0x1a701a6,
0x1b101b0,
0x1b301b2,
0x1b501b4,
0x1b701b6,
0x1c101c0,
0x1c301c2,
0x1c501c4,
0x1c701c6,
0x1d101d0,
0x1d301d2,
0x1d501d4,
0x1d701d6,
0x1e101e0,
0x1e301e2,
0x1e501e4,
0x1e701e6,
0x1f101f0,
0x1f301f2,
0x1f501f4,
0x1f701f6,
0x2010200,
0x2030202,
0x2050204,
0x2070206,
0x2110210,
0x2130212,
0x2150214,
0x2170216,
0x2210220,
0x2230222,
0x2250224,
0x2270226,
0x2310230,
0x2330232,
0x2350234,
0x2370236,
0x2410240,
0x2430242,
0x2450244,
0x2470246,
0x2510250,
0x2530252,
0x2550254,
0x2570256,
0x2610260,
0x2630262,
0x2650264,
0x2670266,
0x2710270,
0x2730272,
0x2750274,
0x2770276,
0x2810280,
0x2830282,
0x2850284,
0x2870286,
0x2910290,
0x2930292,
0x2950294,
0x2970296,
0x2a102a0,
0x2a302a2,
0x2a502a4,
0x2a702a6,
0x2b102b0,
0x2b302b2,
0x2b502b4,
0x2b702b6,
0x2c102c0,
0x2c302c2,
0x2c502c4,
0x2c702c6,
0x2d102d0,
0x2d302d2,
0x2d502d4,
0x2d702d6,
0x2e102e0,
0x2e302e2,
0x2e502e4,
0x2e702e6,
0x2f102f0,
0x2f302f2,
0x2f502f4,
0x2f702f6,
0x3010300,
0x3030302,
0x3050304,
0x3070306,
0x3110310,
0x3130312,
0x3150314,
0x3170316,
0x3210320,
0x3230322,
0x3250324,
0x3270326,
0x3310330,
0x3330332,
0x3350334,
0x3370336,
0x3410340,
0x3430342,
0x3450344,
0x3470346,
0x3510350,
0x3530352,
0x3550354,
0x3570356,
0x3610360,
0x3630362,
0x3650364,
0x3670366,
0x3710370,
0x3730372,
0x3750374,
0x3770376,
0x3810380,
0x3830382,
0x3850384,
0x3870386,
0x3910390,
0x3930392,
0x3950394,
0x3970396,
0x3a103a0,
0x3a303a2,
0x3a503a4,
0x3a703a6,
0x3b103b0,
0x3b303b2,
0x3b503b4,
0x3b703b6,
0x3c103c0,
0x3c303c2,
0x3c503c4,
0x3c703c6,
0x3d103d0,
0x3d303d2,
0x3d503d4,
0x3d703d6,
0x3e103e0,
0x3e303e2,
0x3e503e4,
0x3e703e6,
0x3f103f0,
0x3f303f2,
0x3f503f4,
0x3f703f6,
0x4010400,
0x4030402,
0x4050404,
0x4070406,
0x4110410,
0x4130412,
0x4150414,
0x4170416,
0x4210420,
0x4230422,
0x4250424,
0x4270426,
0x4310430,
0x4330432,
0x4350434,
0x4370436,
0x4410440,
0x4430442,
0x4450444,
0x4470446,
0x4510450,
0x4530452,
0x4550454,
0x4570456,
0x4610460,
0x4630462,
0x4650464,
0x4670466,
0x4710470,
0x4730472,
0x4750474,
0x4770476,
0x4810480,
0x4830482,
0x4850484,
0x4870486,
0x4910490,
0x4930492,
0x4950494,
0x4970496,
0x4a104a0,
0x4a304a2,
0x4a504a4,
0x4a704a6,
0x4b104b0,
0x4b304b2,
0x4b504b4,
0x4b704b6,
0x4c104c0,
0x4c304c2,
0x4c504c4,
0x4c704c6,
0x4d104d0,
0x4d304d2,
0x4d504d4,
0x4d704d6,
0x4e104e0,
0x4e304e2,
0x4e504e4,
0x4e704e6,
0x4f104f0,
0x4f304f2,
0x4f504f4,
0x4f704f6,
0x5010500,
0x5030502,
0x5050504,
0x5070506,
0x5110510,
0x5130512,
0x5150514,
0x5170516,
0x5210520,
0x5230522,
0x5250524,
0x5270526,
0x5310530,
0x5330532,
0x5350534,
0x5370536,
0x5410540,
0x5430542,
0x5450544,
0x5470546,
0x5510550,
0x5530552,
0x5550554,
0x5570556,
0x5610560,
0x5630562,
0x5650564,
0x5670566,
0x5710570,
0x5730572,
0x5750574,
0x5770576,
0x5810580,
0x5830582,
0x5850584,
0x5870586,
0x5910590,
0x5930592,
0x5950594,
0x5970596,
0x5a105a0,
0x5a305a2,
0x5a505a4,
0x5a705a6,
0x5b105b0,
0x5b305b2,
0x5b505b4,
0x5b705b6,
0x5c105c0,
0x5c305c2,
0x5c505c4,
0x5c705c6,
0x5d105d0,
0x5d305d2,
0x5d505d4,
0x5d705d6,
0x5e105e0,
0x5e305e2,
0x5e505e4,
0x5e705e6,
0x5f105f0,
0x5f305f2,
0x5f505f4,
0x5f705f6,
0x6010600,
0x6030602,
0x6050604,
0x6070606,
0x6110610,
0x6130612,
0x6150614,
0x6170616,
0x6210620,
0x6230622,
0x6250624,
0x6270626,
0x6310630,
0x6330632,
0x6350634,
0x6370636,
0x6410640,
0x6430642,
0x6450644,
0x6470646,
0x6510650,
0x6530652,
0x6550654,
0x6570656,
0x6610660,
0x6630662,
0x6650664,
0x6670666,
0x6710670,
0x6730672,
0x6750674,
0x6770676,
0x6810680,
0x6830682,
0x6850684,
0x6870686,
0x6910690,
0x6930692,
0x6950694,
0x6970696,
0x6a106a0,
0x6a306a2,
0x6a506a4,
0x6a706a6,
0x6b106b0,
0x6b306b2,
0x6b506b4,
0x6b706b6,
0x6c106c0,
0x6c306c2,
0x6c506c4,
0x6c706c6,
0x6d106d0,
0x6d306d2,
0x6d506d4,
0x6d706d6,
0x6e106e0,
0x6e306e2,
0x6e506e4,
0x6e706e6,
0x6f106f0,
0x6f306f2,
0x6f506f4,
0x6f706f6,
0x7010700,
0x7030702,
0x7050704,
0x7070706,
0x7110710,
0x7130712,
0x7150714,
0x7170716,
0x7210720,
0x7230722,
0x7250724,
0x7270726,
0x7310730,
0x7330732,
0x7350734,
0x7370736,
0x7410740,
0x7430742,
0x7450744,
0x7470746,
0x7510750,
0x7530752,
0x7550754,
0x7570756,
0x7610760,
0x7630762,
0x7650764,
0x7670766,
0x7710770,
0x7730772,
0x7750774,
0x7770776,
0x7810780,
0x7830782,
0x7850784,
0x7870786,
0x7910790,
0x7930792,
0x7950794,
0x7970796,
0x7a107a0,
0x7a307a2,
0x7a507a4,
0x7a707a6,
0x7b107b0,
0x7b307b2,
0x7b507b4,
0x7b707b6,
0x7c107c0,
0x7c307c2,
0x7c507c4,
0x7c707c6,
0x7d107d0,
0x7d307d2,
0x7d507d4,
0x7d707d6,
0x7e107e0,
0x7e307e2,
0x7e507e4,
0x7e707e6,
0x7f107f0,
0x7f307f2,
0x7f507f4,
0x7f707f6,
0x10000,
0x30002,
0x50004,
0x70006,
0x90008,
0xb000a,
0xd000c,
0xf000e,
0x210020,
0x230022,
0x250024,
0x270026,
0x290028,
0x2b002a,
0x2d002c,
0x2f002e,
0x410040,
0x430042,
0x450044,
0x470046,
0x490048,
0x4b004a,
0x4d004c,
0x4f004e,
0x610060,
0x630062,
0x650064,
0x670066,
0x690068,
0x6b006a,
0x6d006c,
0x6f006e,
0x810080,
0x830082,
0x850084,
0x870086,
0x890088,
0x8b008a,
0x8d008c,
0x8f008e,
0xa100a0,
0xa300a2,
0xa500a4,
0xa700a6,
0xa900a8,
0xab00aa,
0xad00ac,
0xaf00ae,
0xc100c0,
0xc300c2,
0xc500c4,
0xc700c6,
0xc900c8,
0xcb00ca,
0xcd00cc,
0xcf00ce,
0xe100e0,
0xe300e2,
0xe500e4,
0xe700e6,
0xe900e8,
0xeb00ea,
0xed00ec,
0xef00ee,
0x1010100,
0x1030102,
0x1050104,
0x1070106,
0x1090108,
0x10b010a,
0x10d010c,
0x10f010e,
0x1210120,
0x1230122,
0x1250124,
0x1270126,
0x1290128,
0x12b012a,
0x12d012c,
0x12f012e,
0x1410140,
0x1430142,
0x1450144,
0x1470146,
0x1490148,
0x14b014a,
0x14d014c,
0x14f014e,
0x1610160,
0x1630162,
0x1650164,
0x1670166,
0x1690168,
0x16b016a,
0x16d016c,
0x16f016e,
0x1810180,
0x1830182,
0x1850184,
0x1870186,
0x1890188,
0x18b018a,
0x18d018c,
0x18f018e,
0x1a101a0,
0x1a301a2,
0x1a501a4,
0x1a701a6,
0x1a901a8,
0x1ab01aa,
0x1ad01ac,
0x1af01ae,
0x1c101c0,
0x1c301c2,
0x1c501c4,
0x1c701c6,
0x1c901c8,
0x1cb01ca,
0x1cd01cc,
0x1cf01ce,
0x1e101e0,
0x1e301e2,
0x1e501e4,
0x1e701e6,
0x1e901e8,
0x1eb01ea,
0x1ed01ec,
0x1ef01ee,
0x2010200,
0x2030202,
0x2050204,
0x2070206,
0x2090208,
0x20b020a,
0x20d020c,
0x20f020e,
0x2210220,
0x2230222,
0x2250224,
0x2270226,
0x2290228,
0x22b022a,
0x22d022c,
0x22f022e,
0x2410240,
0x2430242,
0x2450244,
0x2470246,
0x2490248,
0x24b024a,
0x24d024c,
0x24f024e,
0x2610260,
0x2630262,
0x2650264,
0x2670266,
0x2690268,
0x26b026a,
0x26d026c,
0x26f026e,
0x2810280,
0x2830282,
0x2850284,
0x2870286,
0x2890288,
0x28b028a,
0x28d028c,
0x28f028e,
0x2a102a0,
0x2a302a2,
0x2a502a4,
0x2a702a6,
0x2a902a8,
0x2ab02aa,
0x2ad02ac,
0x2af02ae,
0x2c102c0,
0x2c302c2,
0x2c502c4,
0x2c702c6,
0x2c902c8,
0x2cb02ca,
0x2cd02cc,
0x2cf02ce,
0x2e102e0,
0x2e302e2,
0x2e502e4,
0x2e702e6,
0x2e902e8,
0x2eb02ea,
0x2ed02ec,
0x2ef02ee,
0x3010300,
0x3030302,
0x3050304,
0x3070306,
0x3090308,
0x30b030a,
0x30d030c,
0x30f030e,
0x3210320,
0x3230322,
0x3250324,
0x3270326,
0x3290328,
0x32b032a,
0x32d032c,
0x32f032e,
0x3410340,
0x3430342,
0x3450344,
0x3470346,
0x3490348,
0x34b034a,
0x34d034c,
0x34f034e,
0x3610360,
0x3630362,
0x3650364,
0x3670366,
0x3690368,
0x36b036a,
0x36d036c,
0x36f036e,
0x3810380,
0x3830382,
0x3850384,
0x3870386,
0x3890388,
0x38b038a,
0x38d038c,
0x38f038e,
0x3a103a0,
0x3a303a2,
0x3a503a4,
0x3a703a6,
0x3a903a8,
0x3ab03aa,
0x3ad03ac,
0x3af03ae,
0x3c103c0,
0x3c303c2,
0x3c503c4,
0x3c703c6,
0x3c903c8,
0x3cb03ca,
0x3cd03cc,
0x3cf03ce,
0x3e103e0,
0x3e303e2,
0x3e503e4,
0x3e703e6,
0x3e903e8,
0x3eb03ea,
0x3ed03ec,
0x3ef03ee,
0x4010400,
0x4030402,
0x4050404,
0x4070406,
0x4090408,
0x40b040a,
0x40d040c,
0x40f040e,
0x4210420,
0x4230422,
0x4250424,
0x4270426,
0x4290428,
0x42b042a,
0x42d042c,
0x42f042e,
0x4410440,
0x4430442,
0x4450444,
0x4470446,
0x4490448,
0x44b044a,
0x44d044c,
0x44f044e,
0x4610460,
0x4630462,
0x4650464,
0x4670466,
0x4690468,
0x46b046a,
0x46d046c,
0x46f046e,
0x4810480,
0x4830482,
0x4850484,
0x4870486,
0x4890488,
0x48b048a,
0x48d048c,
0x48f048e,
0x4a104a0,
0x4a304a2,
0x4a504a4,
0x4a704a6,
0x4a904a8,
0x4ab04aa,
0x4ad04ac,
0x4af04ae,
0x4c104c0,
0x4c304c2,
0x4c504c4,
0x4c704c6,
0x4c904c8,
0x4cb04ca,
0x4cd04cc,
0x4cf04ce,
0x4e104e0,
0x4e304e2,
0x4e504e4,
0x4e704e6,
0x4e904e8,
0x4eb04ea,
0x4ed04ec,
0x4ef04ee,
0x5010500,
0x5030502,
0x5050504,
0x5070506,
0x5090508,
0x50b050a,
0x50d050c,
0x50f050e,
0x5210520,
0x5230522,
0x5250524,
0x5270526,
0x5290528,
0x52b052a,
0x52d052c,
0x52f052e,
0x5410540,
0x5430542,
0x5450544,
0x5470546,
0x5490548,
0x54b054a,
0x54d054c,
0x54f054e,
0x5610560,
0x5630562,
0x5650564,
0x5670566,
0x5690568,
0x56b056a,
0x56d056c,
0x56f056e,
0x5810580,
0x5830582,
0x5850584,
0x5870586,
0x5890588,
0x58b058a,
0x58d058c,
0x58f058e,
0x5a105a0,
0x5a305a2,
0x5a505a4,
0x5a705a6,
0x5a905a8,
0x5ab05aa,
0x5ad05ac,
0x5af05ae,
0x5c105c0,
0x5c305c2,
0x5c505c4,
0x5c705c6,
0x5c905c8,
0x5cb05ca,
0x5cd05cc,
0x5cf05ce,
0x5e105e0,
0x5e305e2,
0x5e505e4,
0x5e705e6,
0x5e905e8,
0x5eb05ea,
0x5ed05ec,
0x5ef05ee,
0x6010600,
0x6030602,
0x6050604,
0x6070606,
0x6090608,
0x60b060a,
0x60d060c,
0x60f060e,
0x6210620,
0x6230622,
0x6250624,
0x6270626,
0x6290628,
0x62b062a,
0x62d062c,
0x62f062e,
0x6410640,
0x6430642,
0x6450644,
0x6470646,
0x6490648,
0x64b064a,
0x64d064c,
0x64f064e,
0x6610660,
0x6630662,
0x6650664,
0x6670666,
0x6690668,
0x66b066a,
0x66d066c,
0x66f066e,
0x6810680,
0x6830682,
0x6850684,
0x6870686,
0x6890688,
0x68b068a,
0x68d068c,
0x68f068e,
0x6a106a0,
0x6a306a2,
0x6a506a4,
0x6a706a6,
0x6a906a8,
0x6ab06aa,
0x6ad06ac,
0x6af06ae,
0x6c106c0,
0x6c306c2,
0x6c506c4,
0x6c706c6,
0x6c906c8,
0x6cb06ca,
0x6cd06cc,
0x6cf06ce,
0x6e106e0,
0x6e306e2,
0x6e506e4,
0x6e706e6,
0x6e906e8,
0x6eb06ea,
0x6ed06ec,
0x6ef06ee,
0x7010700,
0x7030702,
0x7050704,
0x7070706,
0x7090708,
0x70b070a,
0x70d070c,
0x70f070e,
0x7210720,
0x7230722,
0x7250724,
0x7270726,
0x7290728,
0x72b072a,
0x72d072c,
0x72f072e,
0x7410740,
0x7430742,
0x7450744,
0x7470746,
0x7490748,
0x74b074a,
0x74d074c,
0x74f074e,
0x7610760,
0x7630762,
0x7650764,
0x7670766,
0x7690768,
0x76b076a,
0x76d076c,
0x76f076e,
0x7810780,
0x7830782,
0x7850784,
0x7870786,
0x7890788,
0x78b078a,
0x78d078c,
0x78f078e,
0x7a107a0,
0x7a307a2,
0x7a507a4,
0x7a707a6,
0x7a907a8,
0x7ab07aa,
0x7ad07ac,
0x7af07ae,
0x7c107c0,
0x7c307c2,
0x7c507c4,
0x7c707c6,
0x7c907c8,
0x7cb07ca,
0x7cd07cc,
0x7cf07ce,
0x7e107e0,
0x7e307e2,
0x7e507e4,
0x7e707e6,
0x7e907e8,
0x7eb07ea,
0x7ed07ec,
0x7ef07ee,
0x10000,
0x30002,
0x50004,
0x70006,
0x90008,
0xb000a,
0xd000c,
0xf000e,
0x110010,
0x130012,
0x150014,
0x170016,
0x190018,
0x1b001a,
0x1d001c,
0x1f001e,
0x410040,
0x430042,
0x450044,
0x470046,
0x490048,
0x4b004a,
0x4d004c,
0x4f004e,
0x510050,
0x530052,
0x550054,
0x570056,
0x590058,
0x5b005a,
0x5d005c,
0x5f005e,
0x810080,
0x830082,
0x850084,
0x870086,
0x890088,
0x8b008a,
0x8d008c,
0x8f008e,
0x910090,
0x930092,
0x950094,
0x970096,
0x990098,
0x9b009a,
0x9d009c,
0x9f009e,
0xc100c0,
0xc300c2,
0xc500c4,
0xc700c6,
0xc900c8,
0xcb00ca,
0xcd00cc,
0xcf00ce,
0xd100d0,
0xd300d2,
0xd500d4,
0xd700d6,
0xd900d8,
0xdb00da,
0xdd00dc,
0xdf00de,
0x1010100,
0x1030102,
0x1050104,
0x1070106,
0x1090108,
0x10b010a,
0x10d010c,
0x10f010e,
0x1110110,
0x1130112,
0x1150114,
0x1170116,
0x1190118,
0x11b011a,
0x11d011c,
0x11f011e,
0x1410140,
0x1430142,
0x1450144,
0x1470146,
0x1490148,
0x14b014a,
0x14d014c,
0x14f014e,
0x1510150,
0x1530152,
0x1550154,
0x1570156,
0x1590158,
0x15b015a,
0x15d015c,
0x15f015e,
0x1810180,
0x1830182,
0x1850184,
0x1870186,
0x1890188,
0x18b018a,
0x18d018c,
0x18f018e,
0x1910190,
0x1930192,
0x1950194,
0x1970196,
0x1990198,
0x19b019a,
0x19d019c,
0x19f019e,
0x1c101c0,
0x1c301c2,
0x1c501c4,
0x1c701c6,
0x1c901c8,
0x1cb01ca,
0x1cd01cc,
0x1cf01ce,
0x1d101d0,
0x1d301d2,
0x1d501d4,
0x1d701d6,
0x1d901d8,
0x1db01da,
0x1dd01dc,
0x1df01de,
0x2010200,
0x2030202,
0x2050204,
0x2070206,
0x2090208,
0x20b020a,
0x20d020c,
0x20f020e,
0x2110210,
0x2130212,
0x2150214,
0x2170216,
0x2190218,
0x21b021a,
0x21d021c,
0x21f021e,
0x2410240,
0x2430242,
0x2450244,
0x2470246,
0x2490248,
0x24b024a,
0x24d024c,
0x24f024e,
0x2510250,
0x2530252,
0x2550254,
0x2570256,
0x2590258,
0x25b025a,
0x25d025c,
0x25f025e,
0x2810280,
0x2830282,
0x2850284,
0x2870286,
0x2890288,
0x28b028a,
0x28d028c,
0x28f028e,
0x2910290,
0x2930292,
0x2950294,
0x2970296,
0x2990298,
0x29b029a,
0x29d029c,
0x29f029e,
0x2c102c0,
0x2c302c2,
0x2c502c4,
0x2c702c6,
0x2c902c8,
0x2cb02ca,
0x2cd02cc,
0x2cf02ce,
0x2d102d0,
0x2d302d2,
0x2d502d4,
0x2d702d6,
0x2d902d8,
0x2db02da,
0x2dd02dc,
0x2df02de,
0x3010300,
0x3030302,
0x3050304,
0x3070306,
0x3090308,
0x30b030a,
0x30d030c,
0x30f030e,
0x3110310,
0x3130312,
0x3150314,
0x3170316,
0x3190318,
0x31b031a,
0x31d031c,
0x31f031e,
0x3410340,
0x3430342,
0x3450344,
0x3470346,
0x3490348,
0x34b034a,
0x34d034c,
0x34f034e,
0x3510350,
0x3530352,
0x3550354,
0x3570356,
0x3590358,
0x35b035a,
0x35d035c,
0x35f035e,
0x3810380,
0x3830382,
0x3850384,
0x3870386,
0x3890388,
0x38b038a,
0x38d038c,
0x38f038e,
0x3910390,
0x3930392,
0x3950394,
0x3970396,
0x3990398,
0x39b039a,
0x39d039c,
0x39f039e,
0x3c103c0,
0x3c303c2,
0x3c503c4,
0x3c703c6,
0x3c903c8,
0x3cb03ca,
0x3cd03cc,
0x3cf03ce,
0x3d103d0,
0x3d303d2,
0x3d503d4,
0x3d703d6,
0x3d903d8,
0x3db03da,
0x3dd03dc,
0x3df03de,
0x4010400,
0x4030402,
0x4050404,
0x4070406,
0x4090408,
0x40b040a,
0x40d040c,
0x40f040e,
0x4110410,
0x4130412,
0x4150414,
0x4170416,
0x4190418,
0x41b041a,
0x41d041c,
0x41f041e,
0x4410440,
0x4430442,
0x4450444,
0x4470446,
0x4490448,
0x44b044a,
0x44d044c,
0x44f044e,
0x4510450,
0x4530452,
0x4550454,
0x4570456,
0x4590458,
0x45b045a,
0x45d045c,
0x45f045e,
0x4810480,
0x4830482,
0x4850484,
0x4870486,
0x4890488,
0x48b048a,
0x48d048c,
0x48f048e,
0x4910490,
0x4930492,
0x4950494,
0x4970496,
0x4990498,
0x49b049a,
0x49d049c,
0x49f049e,
0x4c104c0,
0x4c304c2,
0x4c504c4,
0x4c704c6,
0x4c904c8,
0x4cb04ca,
0x4cd04cc,
0x4cf04ce,
0x4d104d0,
0x4d304d2,
0x4d504d4,
0x4d704d6,
0x4d904d8,
0x4db04da,
0x4dd04dc,
0x4df04de,
0x5010500,
0x5030502,
0x5050504,
0x5070506,
0x5090508,
0x50b050a,
0x50d050c,
0x50f050e,
0x5110510,
0x5130512,
0x5150514,
0x5170516,
0x5190518,
0x51b051a,
0x51d051c,
0x51f051e,
0x5410540,
0x5430542,
0x5450544,
0x5470546,
0x5490548,
0x54b054a,
0x54d054c,
0x54f054e,
0x5510550,
0x5530552,
0x5550554,
0x5570556,
0x5590558,
0x55b055a,
0x55d055c,
0x55f055e,
0x5810580,
0x5830582,
0x5850584,
0x5870586,
0x5890588,
0x58b058a,
0x58d058c,
0x58f058e,
0x5910590,
0x5930592,
0x5950594,
0x5970596,
0x5990598,
0x59b059a,
0x59d059c,
0x59f059e,
0x5c105c0,
0x5c305c2,
0x5c505c4,
0x5c705c6,
0x5c905c8,
0x5cb05ca,
0x5cd05cc,
0x5cf05ce,
0x5d105d0,
0x5d305d2,
0x5d505d4,
0x5d705d6,
0x5d905d8,
0x5db05da,
0x5dd05dc,
0x5df05de,
0x6010600,
0x6030602,
0x6050604,
0x6070606,
0x6090608,
0x60b060a,
0x60d060c,
0x60f060e,
0x6110610,
0x6130612,
0x6150614,
0x6170616,
0x6190618,
0x61b061a,
0x61d061c,
0x61f061e,
0x6410640,
0x6430642,
0x6450644,
0x6470646,
0x6490648,
0x64b064a,
0x64d064c,
0x64f064e,
0x6510650,
0x6530652,
0x6550654,
0x6570656,
0x6590658,
0x65b065a,
0x65d065c,
0x65f065e,
0x6810680,
0x6830682,
0x6850684,
0x6870686,
0x6890688,
0x68b068a,
0x68d068c,
0x68f068e,
0x6910690,
0x6930692,
0x6950694,
0x6970696,
0x6990698,
0x69b069a,
0x69d069c,
0x69f069e,
0x6c106c0,
0x6c306c2,
0x6c506c4,
0x6c706c6,
0x6c906c8,
0x6cb06ca,
0x6cd06cc,
0x6cf06ce,
0x6d106d0,
0x6d306d2,
0x6d506d4,
0x6d706d6,
0x6d906d8,
0x6db06da,
0x6dd06dc,
0x6df06de,
0x7010700,
0x7030702,
0x7050704,
0x7070706,
0x7090708,
0x70b070a,
0x70d070c,
0x70f070e,
0x7110710,
0x7130712,
0x7150714,
0x7170716,
0x7190718,
0x71b071a,
0x71d071c,
0x71f071e,
0x7410740,
0x7430742,
0x7450744,
0x7470746,
0x7490748,
0x74b074a,
0x74d074c,
0x74f074e,
0x7510750,
0x7530752,
0x7550754,
0x7570756,
0x7590758,
0x75b075a,
0x75d075c,
0x75f075e,
0x7810780,
0x7830782,
0x7850784,
0x7870786,
0x7890788,
0x78b078a,
0x78d078c,
0x78f078e,
0x7910790,
0x7930792,
0x7950794,
0x7970796,
0x7990798,
0x79b079a,
0x79d079c,
0x79f079e,
0x7c107c0,
0x7c307c2,
0x7c507c4,
0x7c707c6,
0x7c907c8,
0x7cb07ca,
0x7cd07cc,
0x7cf07ce,
0x7d107d0,
0x7d307d2,
0x7d507d4,
0x7d707d6,
0x7d907d8,
0x7db07da,
0x7dd07dc,
0x7df07de,
0x10000,
0x30002,
0x50004,
0x70006,
0x90008,
0xb000a,
0xd000c,
0xf000e,
0x110010,
0x130012,
0x150014,
0x170016,
0x190018,
0x1b001a,
0x1d001c,
0x1f001e,
0x210020,
0x230022,
0x250024,
0x270026,
0x290028,
0x2b002a,
0x2d002c,
0x2f002e,
0x310030,
0x330032,
0x350034,
0x370036,
0x390038,
0x3b003a,
0x3d003c,
0x3f003e,
0x810080,
0x830082,
0x850084,
0x870086,
0x890088,
0x8b008a,
0x8d008c,
0x8f008e,
0x910090,
0x930092,
0x950094,
0x970096,
0x990098,
0x9b009a,
0x9d009c,
0x9f009e,
0xa100a0,
0xa300a2,
0xa500a4,
0xa700a6,
0xa900a8,
0xab00aa,
0xad00ac,
0xaf00ae,
0xb100b0,
0xb300b2,
0xb500b4,
0xb700b6,
0xb900b8,
0xbb00ba,
0xbd00bc,
0xbf00be,
0x1010100,
0x1030102,
0x1050104,
0x1070106,
0x1090108,
0x10b010a,
0x10d010c,
0x10f010e,
0x1110110,
0x1130112,
0x1150114,
0x1170116,
0x1190118,
0x11b011a,
0x11d011c,
0x11f011e,
0x1210120,
0x1230122,
0x1250124,
0x1270126,
0x1290128,
0x12b012a,
0x12d012c,
0x12f012e,
0x1310130,
0x1330132,
0x1350134,
0x1370136,
0x1390138,
0x13b013a,
0x13d013c,
0x13f013e,
0x1810180,
0x1830182,
0x1850184,
0x1870186,
0x1890188,
0x18b018a,
0x18d018c,
0x18f018e,
0x1910190,
0x1930192,
0x1950194,
0x1970196,
0x1990198,
0x19b019a,
0x19d019c,
0x19f019e,
0x1a101a0,
0x1a301a2,
0x1a501a4,
0x1a701a6,
0x1a901a8,
0x1ab01aa,
0x1ad01ac,
0x1af01ae,
0x1b101b0,
0x1b301b2,
0x1b501b4,
0x1b701b6,
0x1b901b8,
0x1bb01ba,
0x1bd01bc,
0x1bf01be,
0x2010200,
0x2030202,
0x2050204,
0x2070206,
0x2090208,
0x20b020a,
0x20d020c,
0x20f020e,
0x2110210,
0x2130212,
0x2150214,
0x2170216,
0x2190218,
0x21b021a,
0x21d021c,
0x21f021e,
0x2210220,
0x2230222,
0x2250224,
0x2270226,
0x2290228,
0x22b022a,
0x22d022c,
0x22f022e,
0x2310230,
0x2330232,
0x2350234,
0x2370236,
0x2390238,
0x23b023a,
0x23d023c,
0x23f023e,
0x2810280,
0x2830282,
0x2850284,
0x2870286,
0x2890288,
0x28b028a,
0x28d028c,
0x28f028e,
0x2910290,
0x2930292,
0x2950294,
0x2970296,
0x2990298,
0x29b029a,
0x29d029c,
0x29f029e,
0x2a102a0,
0x2a302a2,
0x2a502a4,
0x2a702a6,
0x2a902a8,
0x2ab02aa,
0x2ad02ac,
0x2af02ae,
0x2b102b0,
0x2b302b2,
0x2b502b4,
0x2b702b6,
0x2b902b8,
0x2bb02ba,
0x2bd02bc,
0x2bf02be,
0x3010300,
0x3030302,
0x3050304,
0x3070306,
0x3090308,
0x30b030a,
0x30d030c,
0x30f030e,
0x3110310,
0x3130312,
0x3150314,
0x3170316,
0x3190318,
0x31b031a,
0x31d031c,
0x31f031e,
0x3210320,
0x3230322,
0x3250324,
0x3270326,
0x3290328,
0x32b032a,
0x32d032c,
0x32f032e,
0x3310330,
0x3330332,
0x3350334,
0x3370336,
0x3390338,
0x33b033a,
0x33d033c,
0x33f033e,
0x3810380,
0x3830382,
0x3850384,
0x3870386,
0x3890388,
0x38b038a,
0x38d038c,
0x38f038e,
0x3910390,
0x3930392,
0x3950394,
0x3970396,
0x3990398,
0x39b039a,
0x39d039c,
0x39f039e,
0x3a103a0,
0x3a303a2,
0x3a503a4,
0x3a703a6,
0x3a903a8,
0x3ab03aa,
0x3ad03ac,
0x3af03ae,
0x3b103b0,
0x3b303b2,
0x3b503b4,
0x3b703b6,
0x3b903b8,
0x3bb03ba,
0x3bd03bc,
0x3bf03be,
0x4010400,
0x4030402,
0x4050404,
0x4070406,
0x4090408,
0x40b040a,
0x40d040c,
0x40f040e,
0x4110410,
0x4130412,
0x4150414,
0x4170416,
0x4190418,
0x41b041a,
0x41d041c,
0x41f041e,
0x4210420,
0x4230422,
0x4250424,
0x4270426,
0x4290428,
0x42b042a,
0x42d042c,
0x42f042e,
0x4310430,
0x4330432,
0x4350434,
0x4370436,
0x4390438,
0x43b043a,
0x43d043c,
0x43f043e,
0x4810480,
0x4830482,
0x4850484,
0x4870486,
0x4890488,
0x48b048a,
0x48d048c,
0x48f048e,
0x4910490,
0x4930492,
0x4950494,
0x4970496,
0x4990498,
0x49b049a,
0x49d049c,
0x49f049e,
0x4a104a0,
0x4a304a2,
0x4a504a4,
0x4a704a6,
0x4a904a8,
0x4ab04aa,
0x4ad04ac,
0x4af04ae,
0x4b104b0,
0x4b304b2,
0x4b504b4,
0x4b704b6,
0x4b904b8,
0x4bb04ba,
0x4bd04bc,
0x4bf04be,
0x5010500,
0x5030502,
0x5050504,
0x5070506,
0x5090508,
0x50b050a,
0x50d050c,
0x50f050e,
0x5110510,
0x5130512,
0x5150514,
0x5170516,
0x5190518,
0x51b051a,
0x51d051c,
0x51f051e,
0x5210520,
0x5230522,
0x5250524,
0x5270526,
0x5290528,
0x52b052a,
0x52d052c,
0x52f052e,
0x5310530,
0x5330532,
0x5350534,
0x5370536,
0x5390538,
0x53b053a,
0x53d053c,
0x53f053e,
0x5810580,
0x5830582,
0x5850584,
0x5870586,
0x5890588,
0x58b058a,
0x58d058c,
0x58f058e,
0x5910590,
0x5930592,
0x5950594,
0x5970596,
0x5990598,
0x59b059a,
0x59d059c,
0x59f059e,
0x5a105a0,
0x5a305a2,
0x5a505a4,
0x5a705a6,
0x5a905a8,
0x5ab05aa,
0x5ad05ac,
0x5af05ae,
0x5b105b0,
0x5b305b2,
0x5b505b4,
0x5b705b6,
0x5b905b8,
0x5bb05ba,
0x5bd05bc,
0x5bf05be,
0x6010600,
0x6030602,
0x6050604,
0x6070606,
0x6090608,
0x60b060a,
0x60d060c,
0x60f060e,
0x6110610,
0x6130612,
0x6150614,
0x6170616,
0x6190618,
0x61b061a,
0x61d061c,
0x61f061e,
0x6210620,
0x6230622,
0x6250624,
0x6270626,
0x6290628,
0x62b062a,
0x62d062c,
0x62f062e,
0x6310630,
0x6330632,
0x6350634,
0x6370636,
0x6390638,
0x63b063a,
0x63d063c,
0x63f063e,
0x6810680,
0x6830682,
0x6850684,
0x6870686,
0x6890688,
0x68b068a,
0x68d068c,
0x68f068e,
0x6910690,
0x6930692,
0x6950694,
0x6970696,
0x6990698,
0x69b069a,
0x69d069c,
0x69f069e,
0x6a106a0,
0x6a306a2,
0x6a506a4,
0x6a706a6,
0x6a906a8,
0x6ab06aa,
0x6ad06ac,
0x6af06ae,
0x6b106b0,
0x6b306b2,
0x6b506b4,
0x6b706b6,
0x6b906b8,
0x6bb06ba,
0x6bd06bc,
0x6bf06be,
0x7010700,
0x7030702,
0x7050704,
0x7070706,
0x7090708,
0x70b070a,
0x70d070c,
0x70f070e,
0x7110710,
0x7130712,
0x7150714,
0x7170716,
0x7190718,
0x71b071a,
0x71d071c,
0x71f071e,
0x7210720,
0x7230722,
0x7250724,
0x7270726,
0x7290728,
0x72b072a,
0x72d072c,
0x72f072e,
0x7310730,
0x7330732,
0x7350734,
0x7370736,
0x7390738,
0x73b073a,
0x73d073c,
0x73f073e,
0x7810780,
0x7830782,
0x7850784,
0x7870786,
0x7890788,
0x78b078a,
0x78d078c,
0x78f078e,
0x7910790,
0x7930792,
0x7950794,
0x7970796,
0x7990798,
0x79b079a,
0x79d079c,
0x79f079e,
0x7a107a0,
0x7a307a2,
0x7a507a4,
0x7a707a6,
0x7a907a8,
0x7ab07aa,
0x7ad07ac,
0x7af07ae,
0x7b107b0,
0x7b307b2,
0x7b507b4,
0x7b707b6,
0x7b907b8,
0x7bb07ba,
0x7bd07bc,
0x7bf07be,
0x10000,
0x30002,
0x50004,
0x70006,
0x90008,
0xb000a,
0xd000c,
0xf000e,
0x110010,
0x130012,
0x150014,
0x170016,
0x190018,
0x1b001a,
0x1d001c,
0x1f001e,
0x210020,
0x230022,
0x250024,
0x270026,
0x290028,
0x2b002a,
0x2d002c,
0x2f002e,
0x310030,
0x330032,
0x350034,
0x370036,
0x390038,
0x3b003a,
0x3d003c,
0x3f003e,
0x410040,
0x430042,
0x450044,
0x470046,
0x490048,
0x4b004a,
0x4d004c,
0x4f004e,
0x510050,
0x530052,
0x550054,
0x570056,
0x590058,
0x5b005a,
0x5d005c,
0x5f005e,
0x610060,
0x630062,
0x650064,
0x670066,
0x690068,
0x6b006a,
0x6d006c,
0x6f006e,
0x710070,
0x730072,
0x750074,
0x770076,
0x790078,
0x7b007a,
0x7d007c,
0x7f007e,
0x1010100,
0x1030102,
0x1050104,
0x1070106,
0x1090108,
0x10b010a,
0x10d010c,
0x10f010e,
0x1110110,
0x1130112,
0x1150114,
0x1170116,
0x1190118,
0x11b011a,
0x11d011c,
0x11f011e,
0x1210120,
0x1230122,
0x1250124,
0x1270126,
0x1290128,
0x12b012a,
0x12d012c,
0x12f012e,
0x1310130,
0x1330132,
0x1350134,
0x1370136,
0x1390138,
0x13b013a,
0x13d013c,
0x13f013e,
0x1410140,
0x1430142,
0x1450144,
0x1470146,
0x1490148,
0x14b014a,
0x14d014c,
0x14f014e,
0x1510150,
0x1530152,
0x1550154,
0x1570156,
0x1590158,
0x15b015a,
0x15d015c,
0x15f015e,
0x1610160,
0x1630162,
0x1650164,
0x1670166,
0x1690168,
0x16b016a,
0x16d016c,
0x16f016e,
0x1710170,
0x1730172,
0x1750174,
0x1770176,
0x1790178,
0x17b017a,
0x17d017c,
0x17f017e,
0x2010200,
0x2030202,
0x2050204,
0x2070206,
0x2090208,
0x20b020a,
0x20d020c,
0x20f020e,
0x2110210,
0x2130212,
0x2150214,
0x2170216,
0x2190218,
0x21b021a,
0x21d021c,
0x21f021e,
0x2210220,
0x2230222,
0x2250224,
0x2270226,
0x2290228,
0x22b022a,
0x22d022c,
0x22f022e,
0x2310230,
0x2330232,
0x2350234,
0x2370236,
0x2390238,
0x23b023a,
0x23d023c,
0x23f023e,
0x2410240,
0x2430242,
0x2450244,
0x2470246,
0x2490248,
0x24b024a,
0x24d024c,
0x24f024e,
0x2510250,
0x2530252,
0x2550254,
0x2570256,
0x2590258,
0x25b025a,
0x25d025c,
0x25f025e,
0x2610260,
0x2630262,
0x2650264,
0x2670266,
0x2690268,
0x26b026a,
0x26d026c,
0x26f026e,
0x2710270,
0x2730272,
0x2750274,
0x2770276,
0x2790278,
0x27b027a,
0x27d027c,
0x27f027e,
0x3010300,
0x3030302,
0x3050304,
0x3070306,
0x3090308,
0x30b030a,
0x30d030c,
0x30f030e,
0x3110310,
0x3130312,
0x3150314,
0x3170316,
0x3190318,
0x31b031a,
0x31d031c,
0x31f031e,
0x3210320,
0x3230322,
0x3250324,
0x3270326,
0x3290328,
0x32b032a,
0x32d032c,
0x32f032e,
0x3310330,
0x3330332,
0x3350334,
0x3370336,
0x3390338,
0x33b033a,
0x33d033c,
0x33f033e,
0x3410340,
0x3430342,
0x3450344,
0x3470346,
0x3490348,
0x34b034a,
0x34d034c,
0x34f034e,
0x3510350,
0x3530352,
0x3550354,
0x3570356,
0x3590358,
0x35b035a,
0x35d035c,
0x35f035e,
0x3610360,
0x3630362,
0x3650364,
0x3670366,
0x3690368,
0x36b036a,
0x36d036c,
0x36f036e,
0x3710370,
0x3730372,
0x3750374,
0x3770376,
0x3790378,
0x37b037a,
0x37d037c,
0x37f037e,
0x4010400,
0x4030402,
0x4050404,
0x4070406,
0x4090408,
0x40b040a,
0x40d040c,
0x40f040e,
0x4110410,
0x4130412,
0x4150414,
0x4170416,
0x4190418,
0x41b041a,
0x41d041c,
0x41f041e,
0x4210420,
0x4230422,
0x4250424,
0x4270426,
0x4290428,
0x42b042a,
0x42d042c,
0x42f042e,
0x4310430,
0x4330432,
0x4350434,
0x4370436,
0x4390438,
0x43b043a,
0x43d043c,
0x43f043e,
0x4410440,
0x4430442,
0x4450444,
0x4470446,
0x4490448,
0x44b044a,
0x44d044c,
0x44f044e,
0x4510450,
0x4530452,
0x4550454,
0x4570456,
0x4590458,
0x45b045a,
0x45d045c,
0x45f045e,
0x4610460,
0x4630462,
0x4650464,
0x4670466,
0x4690468,
0x46b046a,
0x46d046c,
0x46f046e,
0x4710470,
0x4730472,
0x4750474,
0x4770476,
0x4790478,
0x47b047a,
0x47d047c,
0x47f047e,
0x5010500,
0x5030502,
0x5050504,
0x5070506,
0x5090508,
0x50b050a,
0x50d050c,
0x50f050e,
0x5110510,
0x5130512,
0x5150514,
0x5170516,
0x5190518,
0x51b051a,
0x51d051c,
0x51f051e,
0x5210520,
0x5230522,
0x5250524,
0x5270526,
0x5290528,
0x52b052a,
0x52d052c,
0x52f052e,
0x5310530,
0x5330532,
0x5350534,
0x5370536,
0x5390538,
0x53b053a,
0x53d053c,
0x53f053e,
0x5410540,
0x5430542,
0x5450544,
0x5470546,
0x5490548,
0x54b054a,
0x54d054c,
0x54f054e,
0x5510550,
0x5530552,
0x5550554,
0x5570556,
0x5590558,
0x55b055a,
0x55d055c,
0x55f055e,
0x5610560,
0x5630562,
0x5650564,
0x5670566,
0x5690568,
0x56b056a,
0x56d056c,
0x56f056e,
0x5710570,
0x5730572,
0x5750574,
0x5770576,
0x5790578,
0x57b057a,
0x57d057c,
0x57f057e,
0x6010600,
0x6030602,
0x6050604,
0x6070606,
0x6090608,
0x60b060a,
0x60d060c,
0x60f060e,
0x6110610,
0x6130612,
0x6150614,
0x6170616,
0x6190618,
0x61b061a,
0x61d061c,
0x61f061e,
0x6210620,
0x6230622,
0x6250624,
0x6270626,
0x6290628,
0x62b062a,
0x62d062c,
0x62f062e,
0x6310630,
0x6330632,
0x6350634,
0x6370636,
0x6390638,
0x63b063a,
0x63d063c,
0x63f063e,
0x6410640,
0x6430642,
0x6450644,
0x6470646,
0x6490648,
0x64b064a,
0x64d064c,
0x64f064e,
0x6510650,
0x6530652,
0x6550654,
0x6570656,
0x6590658,
0x65b065a,
0x65d065c,
0x65f065e,
0x6610660,
0x6630662,
0x6650664,
0x6670666,
0x6690668,
0x66b066a,
0x66d066c,
0x66f066e,
0x6710670,
0x6730672,
0x6750674,
0x6770676,
0x6790678,
0x67b067a,
0x67d067c,
0x67f067e,
0x7010700,
0x7030702,
0x7050704,
0x7070706,
0x7090708,
0x70b070a,
0x70d070c,
0x70f070e,
0x7110710,
0x7130712,
0x7150714,
0x7170716,
0x7190718,
0x71b071a,
0x71d071c,
0x71f071e,
0x7210720,
0x7230722,
0x7250724,
0x7270726,
0x7290728,
0x72b072a,
0x72d072c,
0x72f072e,
0x7310730,
0x7330732,
0x7350734,
0x7370736,
0x7390738,
0x73b073a,
0x73d073c,
0x73f073e,
0x7410740,
0x7430742,
0x7450744,
0x7470746,
0x7490748,
0x74b074a,
0x74d074c,
0x74f074e,
0x7510750,
0x7530752,
0x7550754,
0x7570756,
0x7590758,
0x75b075a,
0x75d075c,
0x75f075e,
0x7610760,
0x7630762,
0x7650764,
0x7670766,
0x7690768,
0x76b076a,
0x76d076c,
0x76f076e,
0x7710770,
0x7730772,
0x7750774,
0x7770776,
0x7790778,
0x77b077a,
0x77d077c,
0x77f077e,
0x10000,
0x30002,
0x50004,
0x70006,
0x90008,
0xb000a,
0xd000c,
0xf000e,
0x110010,
0x130012,
0x150014,
0x170016,
0x190018,
0x1b001a,
0x1d001c,
0x1f001e,
0x210020,
0x230022,
0x250024,
0x270026,
0x290028,
0x2b002a,
0x2d002c,
0x2f002e,
0x310030,
0x330032,
0x350034,
0x370036,
0x390038,
0x3b003a,
0x3d003c,
0x3f003e,
0x410040,
0x430042,
0x450044,
0x470046,
0x490048,
0x4b004a,
0x4d004c,
0x4f004e,
0x510050,
0x530052,
0x550054,
0x570056,
0x590058,
0x5b005a,
0x5d005c,
0x5f005e,
0x610060,
0x630062,
0x650064,
0x670066,
0x690068,
0x6b006a,
0x6d006c,
0x6f006e,
0x710070,
0x730072,
0x750074,
0x770076,
0x790078,
0x7b007a,
0x7d007c,
0x7f007e,
0x810080,
0x830082,
0x850084,
0x870086,
0x890088,
0x8b008a,
0x8d008c,
0x8f008e,
0x910090,
0x930092,
0x950094,
0x970096,
0x990098,
0x9b009a,
0x9d009c,
0x9f009e,
0xa100a0,
0xa300a2,
0xa500a4,
0xa700a6,
0xa900a8,
0xab00aa,
0xad00ac,
0xaf00ae,
0xb100b0,
0xb300b2,
0xb500b4,
0xb700b6,
0xb900b8,
0xbb00ba,
0xbd00bc,
0xbf00be,
0xc100c0,
0xc300c2,
0xc500c4,
0xc700c6,
0xc900c8,
0xcb00ca,
0xcd00cc,
0xcf00ce,
0xd100d0,
0xd300d2,
0xd500d4,
0xd700d6,
0xd900d8,
0xdb00da,
0xdd00dc,
0xdf00de,
0xe100e0,
0xe300e2,
0xe500e4,
0xe700e6,
0xe900e8,
0xeb00ea,
0xed00ec,
0xef00ee,
0xf100f0,
0xf300f2,
0xf500f4,
0xf700f6,
0xf900f8,
0xfb00fa,
0xfd00fc,
0xff00fe,
0x2010200,
0x2030202,
0x2050204,
0x2070206,
0x2090208,
0x20b020a,
0x20d020c,
0x20f020e,
0x2110210,
0x2130212,
0x2150214,
0x2170216,
0x2190218,
0x21b021a,
0x21d021c,
0x21f021e,
0x2210220,
0x2230222,
0x2250224,
0x2270226,
0x2290228,
0x22b022a,
0x22d022c,
0x22f022e,
0x2310230,
0x2330232,
0x2350234,
0x2370236,
0x2390238,
0x23b023a,
0x23d023c,
0x23f023e,
0x2410240,
0x2430242,
0x2450244,
0x2470246,
0x2490248,
0x24b024a,
0x24d024c,
0x24f024e,
0x2510250,
0x2530252,
0x2550254,
0x2570256,
0x2590258,
0x25b025a,
0x25d025c,
0x25f025e,
0x2610260,
0x2630262,
0x2650264,
0x2670266,
0x2690268,
0x26b026a,
0x26d026c,
0x26f026e,
0x2710270,
0x2730272,
0x2750274,
0x2770276,
0x2790278,
0x27b027a,
0x27d027c,
0x27f027e,
0x2810280,
0x2830282,
0x2850284,
0x2870286,
0x2890288,
0x28b028a,
0x28d028c,
0x28f028e,
0x2910290,
0x2930292,
0x2950294,
0x2970296,
0x2990298,
0x29b029a,
0x29d029c,
0x29f029e,
0x2a102a0,
0x2a302a2,
0x2a502a4,
0x2a702a6,
0x2a902a8,
0x2ab02aa,
0x2ad02ac,
0x2af02ae,
0x2b102b0,
0x2b302b2,
0x2b502b4,
0x2b702b6,
0x2b902b8,
0x2bb02ba,
0x2bd02bc,
0x2bf02be,
0x2c102c0,
0x2c302c2,
0x2c502c4,
0x2c702c6,
0x2c902c8,
0x2cb02ca,
0x2cd02cc,
0x2cf02ce,
0x2d102d0,
0x2d302d2,
0x2d502d4,
0x2d702d6,
0x2d902d8,
0x2db02da,
0x2dd02dc,
0x2df02de,
0x2e102e0,
0x2e302e2,
0x2e502e4,
0x2e702e6,
0x2e902e8,
0x2eb02ea,
0x2ed02ec,
0x2ef02ee,
0x2f102f0,
0x2f302f2,
0x2f502f4,
0x2f702f6,
0x2f902f8,
0x2fb02fa,
0x2fd02fc,
0x2ff02fe,
0x4010400,
0x4030402,
0x4050404,
0x4070406,
0x4090408,
0x40b040a,
0x40d040c,
0x40f040e,
0x4110410,
0x4130412,
0x4150414,
0x4170416,
0x4190418,
0x41b041a,
0x41d041c,
0x41f041e,
0x4210420,
0x4230422,
0x4250424,
0x4270426,
0x4290428,
0x42b042a,
0x42d042c,
0x42f042e,
0x4310430,
0x4330432,
0x4350434,
0x4370436,
0x4390438,
0x43b043a,
0x43d043c,
0x43f043e,
0x4410440,
0x4430442,
0x4450444,
0x4470446,
0x4490448,
0x44b044a,
0x44d044c,
0x44f044e,
0x4510450,
0x4530452,
0x4550454,
0x4570456,
0x4590458,
0x45b045a,
0x45d045c,
0x45f045e,
0x4610460,
0x4630462,
0x4650464,
0x4670466,
0x4690468,
0x46b046a,
0x46d046c,
0x46f046e,
0x4710470,
0x4730472,
0x4750474,
0x4770476,
0x4790478,
0x47b047a,
0x47d047c,
0x47f047e,
0x4810480,
0x4830482,
0x4850484,
0x4870486,
0x4890488,
0x48b048a,
0x48d048c,
0x48f048e,
0x4910490,
0x4930492,
0x4950494,
0x4970496,
0x4990498,
0x49b049a,
0x49d049c,
0x49f049e,
0x4a104a0,
0x4a304a2,
0x4a504a4,
0x4a704a6,
0x4a904a8,
0x4ab04aa,
0x4ad04ac,
0x4af04ae,
0x4b104b0,
0x4b304b2,
0x4b504b4,
0x4b704b6,
0x4b904b8,
0x4bb04ba,
0x4bd04bc,
0x4bf04be,
0x4c104c0,
0x4c304c2,
0x4c504c4,
0x4c704c6,
0x4c904c8,
0x4cb04ca,
0x4cd04cc,
0x4cf04ce,
0x4d104d0,
0x4d304d2,
0x4d504d4,
0x4d704d6,
0x4d904d8,
0x4db04da,
0x4dd04dc,
0x4df04de,
0x4e104e0,
0x4e304e2,
0x4e504e4,
0x4e704e6,
0x4e904e8,
0x4eb04ea,
0x4ed04ec,
0x4ef04ee,
0x4f104f0,
0x4f304f2,
0x4f504f4,
0x4f704f6,
0x4f904f8,
0x4fb04fa,
0x4fd04fc,
0x4ff04fe,
0x6010600,
0x6030602,
0x6050604,
0x6070606,
0x6090608,
0x60b060a,
0x60d060c,
0x60f060e,
0x6110610,
0x6130612,
0x6150614,
0x6170616,
0x6190618,
0x61b061a,
0x61d061c,
0x61f061e,
0x6210620,
0x6230622,
0x6250624,
0x6270626,
0x6290628,
0x62b062a,
0x62d062c,
0x62f062e,
0x6310630,
0x6330632,
0x6350634,
0x6370636,
0x6390638,
0x63b063a,
0x63d063c,
0x63f063e,
0x6410640,
0x6430642,
0x6450644,
0x6470646,
0x6490648,
0x64b064a,
0x64d064c,
0x64f064e,
0x6510650,
0x6530652,
0x6550654,
0x6570656,
0x6590658,
0x65b065a,
0x65d065c,
0x65f065e,
0x6610660,
0x6630662,
0x6650664,
0x6670666,
0x6690668,
0x66b066a,
0x66d066c,
0x66f066e,
0x6710670,
0x6730672,
0x6750674,
0x6770676,
0x6790678,
0x67b067a,
0x67d067c,
0x67f067e,
0x6810680,
0x6830682,
0x6850684,
0x6870686,
0x6890688,
0x68b068a,
0x68d068c,
0x68f068e,
0x6910690,
0x6930692,
0x6950694,
0x6970696,
0x6990698,
0x69b069a,
0x69d069c,
0x69f069e,
0x6a106a0,
0x6a306a2,
0x6a506a4,
0x6a706a6,
0x6a906a8,
0x6ab06aa,
0x6ad06ac,
0x6af06ae,
0x6b106b0,
0x6b306b2,
0x6b506b4,
0x6b706b6,
0x6b906b8,
0x6bb06ba,
0x6bd06bc,
0x6bf06be,
0x6c106c0,
0x6c306c2,
0x6c506c4,
0x6c706c6,
0x6c906c8,
0x6cb06ca,
0x6cd06cc,
0x6cf06ce,
0x6d106d0,
0x6d306d2,
0x6d506d4,
0x6d706d6,
0x6d906d8,
0x6db06da,
0x6dd06dc,
0x6df06de,
0x6e106e0,
0x6e306e2,
0x6e506e4,
0x6e706e6,
0x6e906e8,
0x6eb06ea,
0x6ed06ec,
0x6ef06ee,
0x6f106f0,
0x6f306f2,
0x6f506f4,
0x6f706f6,
0x6f906f8,
0x6fb06fa,
0x6fd06fc,
0x6ff06fe,
0x10000,
0x30002,
0x50004,
0x70006,
0x90008,
0xb000a,
0xd000c,
0xf000e,
0x110010,
0x130012,
0x150014,
0x170016,
0x190018,
0x1b001a,
0x1d001c,
0x1f001e,
0x210020,
0x230022,
0x250024,
0x270026,
0x290028,
0x2b002a,
0x2d002c,
0x2f002e,
0x310030,
0x330032,
0x350034,
0x370036,
0x390038,
0x3b003a,
0x3d003c,
0x3f003e,
0x410040,
0x430042,
0x450044,
0x470046,
0x490048,
0x4b004a,
0x4d004c,
0x4f004e,
0x510050,
0x530052,
0x550054,
0x570056,
0x590058,
0x5b005a,
0x5d005c,
0x5f005e,
0x610060,
0x630062,
0x650064,
0x670066,
0x690068,
0x6b006a,
0x6d006c,
0x6f006e,
0x710070,
0x730072,
0x750074,
0x770076,
0x790078,
0x7b007a,
0x7d007c,
0x7f007e,
0x810080,
0x830082,
0x850084,
0x870086,
0x890088,
0x8b008a,
0x8d008c,
0x8f008e,
0x910090,
0x930092,
0x950094,
0x970096,
0x990098,
0x9b009a,
0x9d009c,
0x9f009e,
0xa100a0,
0xa300a2,
0xa500a4,
0xa700a6,
0xa900a8,
0xab00aa,
0xad00ac,
0xaf00ae,
0xb100b0,
0xb300b2,
0xb500b4,
0xb700b6,
0xb900b8,
0xbb00ba,
0xbd00bc,
0xbf00be,
0xc100c0,
0xc300c2,
0xc500c4,
0xc700c6,
0xc900c8,
0xcb00ca,
0xcd00cc,
0xcf00ce,
0xd100d0,
0xd300d2,
0xd500d4,
0xd700d6,
0xd900d8,
0xdb00da,
0xdd00dc,
0xdf00de,
0xe100e0,
0xe300e2,
0xe500e4,
0xe700e6,
0xe900e8,
0xeb00ea,
0xed00ec,
0xef00ee,
0xf100f0,
0xf300f2,
0xf500f4,
0xf700f6,
0xf900f8,
0xfb00fa,
0xfd00fc,
0xff00fe,
0x1010100,
0x1030102,
0x1050104,
0x1070106,
0x1090108,
0x10b010a,
0x10d010c,
0x10f010e,
0x1110110,
0x1130112,
0x1150114,
0x1170116,
0x1190118,
0x11b011a,
0x11d011c,
0x11f011e,
0x1210120,
0x1230122,
0x1250124,
0x1270126,
0x1290128,
0x12b012a,
0x12d012c,
0x12f012e,
0x1310130,
0x1330132,
0x1350134,
0x1370136,
0x1390138,
0x13b013a,
0x13d013c,
0x13f013e,
0x1410140,
0x1430142,
0x1450144,
0x1470146,
0x1490148,
0x14b014a,
0x14d014c,
0x14f014e,
0x1510150,
0x1530152,
0x1550154,
0x1570156,
0x1590158,
0x15b015a,
0x15d015c,
0x15f015e,
0x1610160,
0x1630162,
0x1650164,
0x1670166,
0x1690168,
0x16b016a,
0x16d016c,
0x16f016e,
0x1710170,
0x1730172,
0x1750174,
0x1770176,
0x1790178,
0x17b017a,
0x17d017c,
0x17f017e,
0x1810180,
0x1830182,
0x1850184,
0x1870186,
0x1890188,
0x18b018a,
0x18d018c,
0x18f018e,
0x1910190,
0x1930192,
0x1950194,
0x1970196,
0x1990198,
0x19b019a,
0x19d019c,
0x19f019e,
0x1a101a0,
0x1a301a2,
0x1a501a4,
0x1a701a6,
0x1a901a8,
0x1ab01aa,
0x1ad01ac,
0x1af01ae,
0x1b101b0,
0x1b301b2,
0x1b501b4,
0x1b701b6,
0x1b901b8,
0x1bb01ba,
0x1bd01bc,
0x1bf01be,
0x1c101c0,
0x1c301c2,
0x1c501c4,
0x1c701c6,
0x1c901c8,
0x1cb01ca,
0x1cd01cc,
0x1cf01ce,
0x1d101d0,
0x1d301d2,
0x1d501d4,
0x1d701d6,
0x1d901d8,
0x1db01da,
0x1dd01dc,
0x1df01de,
0x1e101e0,
0x1e301e2,
0x1e501e4,
0x1e701e6,
0x1e901e8,
0x1eb01ea,
0x1ed01ec,
0x1ef01ee,
0x1f101f0,
0x1f301f2,
0x1f501f4,
0x1f701f6,
0x1f901f8,
0x1fb01fa,
0x1fd01fc,
0x1ff01fe,
0x4010400,
0x4030402,
0x4050404,
0x4070406,
0x4090408,
0x40b040a,
0x40d040c,
0x40f040e,
0x4110410,
0x4130412,
0x4150414,
0x4170416,
0x4190418,
0x41b041a,
0x41d041c,
0x41f041e,
0x4210420,
0x4230422,
0x4250424,
0x4270426,
0x4290428,
0x42b042a,
0x42d042c,
0x42f042e,
0x4310430,
0x4330432,
0x4350434,
0x4370436,
0x4390438,
0x43b043a,
0x43d043c,
0x43f043e,
0x4410440,
0x4430442,
0x4450444,
0x4470446,
0x4490448,
0x44b044a,
0x44d044c,
0x44f044e,
0x4510450,
0x4530452,
0x4550454,
0x4570456,
0x4590458,
0x45b045a,
0x45d045c,
0x45f045e,
0x4610460,
0x4630462,
0x4650464,
0x4670466,
0x4690468,
0x46b046a,
0x46d046c,
0x46f046e,
0x4710470,
0x4730472,
0x4750474,
0x4770476,
0x4790478,
0x47b047a,
0x47d047c,
0x47f047e,
0x4810480,
0x4830482,
0x4850484,
0x4870486,
0x4890488,
0x48b048a,
0x48d048c,
0x48f048e,
0x4910490,
0x4930492,
0x4950494,
0x4970496,
0x4990498,
0x49b049a,
0x49d049c,
0x49f049e,
0x4a104a0,
0x4a304a2,
0x4a504a4,
0x4a704a6,
0x4a904a8,
0x4ab04aa,
0x4ad04ac,
0x4af04ae,
0x4b104b0,
0x4b304b2,
0x4b504b4,
0x4b704b6,
0x4b904b8,
0x4bb04ba,
0x4bd04bc,
0x4bf04be,
0x4c104c0,
0x4c304c2,
0x4c504c4,
0x4c704c6,
0x4c904c8,
0x4cb04ca,
0x4cd04cc,
0x4cf04ce,
0x4d104d0,
0x4d304d2,
0x4d504d4,
0x4d704d6,
0x4d904d8,
0x4db04da,
0x4dd04dc,
0x4df04de,
0x4e104e0,
0x4e304e2,
0x4e504e4,
0x4e704e6,
0x4e904e8,
0x4eb04ea,
0x4ed04ec,
0x4ef04ee,
0x4f104f0,
0x4f304f2,
0x4f504f4,
0x4f704f6,
0x4f904f8,
0x4fb04fa,
0x4fd04fc,
0x4ff04fe,
0x5010500,
0x5030502,
0x5050504,
0x5070506,
0x5090508,
0x50b050a,
0x50d050c,
0x50f050e,
0x5110510,
0x5130512,
0x5150514,
0x5170516,
0x5190518,
0x51b051a,
0x51d051c,
0x51f051e,
0x5210520,
0x5230522,
0x5250524,
0x5270526,
0x5290528,
0x52b052a,
0x52d052c,
0x52f052e,
0x5310530,
0x5330532,
0x5350534,
0x5370536,
0x5390538,
0x53b053a,
0x53d053c,
0x53f053e,
0x5410540,
0x5430542,
0x5450544,
0x5470546,
0x5490548,
0x54b054a,
0x54d054c,
0x54f054e,
0x5510550,
0x5530552,
0x5550554,
0x5570556,
0x5590558,
0x55b055a,
0x55d055c,
0x55f055e,
0x5610560,
0x5630562,
0x5650564,
0x5670566,
0x5690568,
0x56b056a,
0x56d056c,
0x56f056e,
0x5710570,
0x5730572,
0x5750574,
0x5770576,
0x5790578,
0x57b057a,
0x57d057c,
0x57f057e,
0x5810580,
0x5830582,
0x5850584,
0x5870586,
0x5890588,
0x58b058a,
0x58d058c,
0x58f058e,
0x5910590,
0x5930592,
0x5950594,
0x5970596,
0x5990598,
0x59b059a,
0x59d059c,
0x59f059e,
0x5a105a0,
0x5a305a2,
0x5a505a4,
0x5a705a6,
0x5a905a8,
0x5ab05aa,
0x5ad05ac,
0x5af05ae,
0x5b105b0,
0x5b305b2,
0x5b505b4,
0x5b705b6,
0x5b905b8,
0x5bb05ba,
0x5bd05bc,
0x5bf05be,
0x5c105c0,
0x5c305c2,
0x5c505c4,
0x5c705c6,
0x5c905c8,
0x5cb05ca,
0x5cd05cc,
0x5cf05ce,
0x5d105d0,
0x5d305d2,
0x5d505d4,
0x5d705d6,
0x5d905d8,
0x5db05da,
0x5dd05dc,
0x5df05de,
0x5e105e0,
0x5e305e2,
0x5e505e4,
0x5e705e6,
0x5e905e8,
0x5eb05ea,
0x5ed05ec,
0x5ef05ee,
0x5f105f0,
0x5f305f2,
0x5f505f4,
0x5f705f6,
0x5f905f8,
0x5fb05fa,
0x5fd05fc,
0x5ff05fe,
0x10000,
0x30002,
0x50004,
0x70006,
0x90008,
0xb000a,
0xd000c,
0xf000e,
0x110010,
0x130012,
0x150014,
0x170016,
0x190018,
0x1b001a,
0x1d001c,
0x1f001e,
0x210020,
0x230022,
0x250024,
0x270026,
0x290028,
0x2b002a,
0x2d002c,
0x2f002e,
0x310030,
0x330032,
0x350034,
0x370036,
0x390038,
0x3b003a,
0x3d003c,
0x3f003e,
0x410040,
0x430042,
0x450044,
0x470046,
0x490048,
0x4b004a,
0x4d004c,
0x4f004e,
0x510050,
0x530052,
0x550054,
0x570056,
0x590058,
0x5b005a,
0x5d005c,
0x5f005e,
0x610060,
0x630062,
0x650064,
0x670066,
0x690068,
0x6b006a,
0x6d006c,
0x6f006e,
0x710070,
0x730072,
0x750074,
0x770076,
0x790078,
0x7b007a,
0x7d007c,
0x7f007e,
0x810080,
0x830082,
0x850084,
0x870086,
0x890088,
0x8b008a,
0x8d008c,
0x8f008e,
0x910090,
0x930092,
0x950094,
0x970096,
0x990098,
0x9b009a,
0x9d009c,
0x9f009e,
0xa100a0,
0xa300a2,
0xa500a4,
0xa700a6,
0xa900a8,
0xab00aa,
0xad00ac,
0xaf00ae,
0xb100b0,
0xb300b2,
0xb500b4,
0xb700b6,
0xb900b8,
0xbb00ba,
0xbd00bc,
0xbf00be,
0xc100c0,
0xc300c2,
0xc500c4,
0xc700c6,
0xc900c8,
0xcb00ca,
0xcd00cc,
0xcf00ce,
0xd100d0,
0xd300d2,
0xd500d4,
0xd700d6,
0xd900d8,
0xdb00da,
0xdd00dc,
0xdf00de,
0xe100e0,
0xe300e2,
0xe500e4,
0xe700e6,
0xe900e8,
0xeb00ea,
0xed00ec,
0xef00ee,
0xf100f0,
0xf300f2,
0xf500f4,
0xf700f6,
0xf900f8,
0xfb00fa,
0xfd00fc,
0xff00fe,
0x1010100,
0x1030102,
0x1050104,
0x1070106,
0x1090108,
0x10b010a,
0x10d010c,
0x10f010e,
0x1110110,
0x1130112,
0x1150114,
0x1170116,
0x1190118,
0x11b011a,
0x11d011c,
0x11f011e,
0x1210120,
0x1230122,
0x1250124,
0x1270126,
0x1290128,
0x12b012a,
0x12d012c,
0x12f012e,
0x1310130,
0x1330132,
0x1350134,
0x1370136,
0x1390138,
0x13b013a,
0x13d013c,
0x13f013e,
0x1410140,
0x1430142,
0x1450144,
0x1470146,
0x1490148,
0x14b014a,
0x14d014c,
0x14f014e,
0x1510150,
0x1530152,
0x1550154,
0x1570156,
0x1590158,
0x15b015a,
0x15d015c,
0x15f015e,
0x1610160,
0x1630162,
0x1650164,
0x1670166,
0x1690168,
0x16b016a,
0x16d016c,
0x16f016e,
0x1710170,
0x1730172,
0x1750174,
0x1770176,
0x1790178,
0x17b017a,
0x17d017c,
0x17f017e,
0x1810180,
0x1830182,
0x1850184,
0x1870186,
0x1890188,
0x18b018a,
0x18d018c,
0x18f018e,
0x1910190,
0x1930192,
0x1950194,
0x1970196,
0x1990198,
0x19b019a,
0x19d019c,
0x19f019e,
0x1a101a0,
0x1a301a2,
0x1a501a4,
0x1a701a6,
0x1a901a8,
0x1ab01aa,
0x1ad01ac,
0x1af01ae,
0x1b101b0,
0x1b301b2,
0x1b501b4,
0x1b701b6,
0x1b901b8,
0x1bb01ba,
0x1bd01bc,
0x1bf01be,
0x1c101c0,
0x1c301c2,
0x1c501c4,
0x1c701c6,
0x1c901c8,
0x1cb01ca,
0x1cd01cc,
0x1cf01ce,
0x1d101d0,
0x1d301d2,
0x1d501d4,
0x1d701d6,
0x1d901d8,
0x1db01da,
0x1dd01dc,
0x1df01de,
0x1e101e0,
0x1e301e2,
0x1e501e4,
0x1e701e6,
0x1e901e8,
0x1eb01ea,
0x1ed01ec,
0x1ef01ee,
0x1f101f0,
0x1f301f2,
0x1f501f4,
0x1f701f6,
0x1f901f8,
0x1fb01fa,
0x1fd01fc,
0x1ff01fe,
0x2010200,
0x2030202,
0x2050204,
0x2070206,
0x2090208,
0x20b020a,
0x20d020c,
0x20f020e,
0x2110210,
0x2130212,
0x2150214,
0x2170216,
0x2190218,
0x21b021a,
0x21d021c,
0x21f021e,
0x2210220,
0x2230222,
0x2250224,
0x2270226,
0x2290228,
0x22b022a,
0x22d022c,
0x22f022e,
0x2310230,
0x2330232,
0x2350234,
0x2370236,
0x2390238,
0x23b023a,
0x23d023c,
0x23f023e,
0x2410240,
0x2430242,
0x2450244,
0x2470246,
0x2490248,
0x24b024a,
0x24d024c,
0x24f024e,
0x2510250,
0x2530252,
0x2550254,
0x2570256,
0x2590258,
0x25b025a,
0x25d025c,
0x25f025e,
0x2610260,
0x2630262,
0x2650264,
0x2670266,
0x2690268,
0x26b026a,
0x26d026c,
0x26f026e,
0x2710270,
0x2730272,
0x2750274,
0x2770276,
0x2790278,
0x27b027a,
0x27d027c,
0x27f027e,
0x2810280,
0x2830282,
0x2850284,
0x2870286,
0x2890288,
0x28b028a,
0x28d028c,
0x28f028e,
0x2910290,
0x2930292,
0x2950294,
0x2970296,
0x2990298,
0x29b029a,
0x29d029c,
0x29f029e,
0x2a102a0,
0x2a302a2,
0x2a502a4,
0x2a702a6,
0x2a902a8,
0x2ab02aa,
0x2ad02ac,
0x2af02ae,
0x2b102b0,
0x2b302b2,
0x2b502b4,
0x2b702b6,
0x2b902b8,
0x2bb02ba,
0x2bd02bc,
0x2bf02be,
0x2c102c0,
0x2c302c2,
0x2c502c4,
0x2c702c6,
0x2c902c8,
0x2cb02ca,
0x2cd02cc,
0x2cf02ce,
0x2d102d0,
0x2d302d2,
0x2d502d4,
0x2d702d6,
0x2d902d8,
0x2db02da,
0x2dd02dc,
0x2df02de,
0x2e102e0,
0x2e302e2,
0x2e502e4,
0x2e702e6,
0x2e902e8,
0x2eb02ea,
0x2ed02ec,
0x2ef02ee,
0x2f102f0,
0x2f302f2,
0x2f502f4,
0x2f702f6,
0x2f902f8,
0x2fb02fa,
0x2fd02fc,
0x2ff02fe,
0x3010300,
0x3030302,
0x3050304,
0x3070306,
0x3090308,
0x30b030a,
0x30d030c,
0x30f030e,
0x3110310,
0x3130312,
0x3150314,
0x3170316,
0x3190318,
0x31b031a,
0x31d031c,
0x31f031e,
0x3210320,
0x3230322,
0x3250324,
0x3270326,
0x3290328,
0x32b032a,
0x32d032c,
0x32f032e,
0x3310330,
0x3330332,
0x3350334,
0x3370336,
0x3390338,
0x33b033a,
0x33d033c,
0x33f033e,
0x3410340,
0x3430342,
0x3450344,
0x3470346,
0x3490348,
0x34b034a,
0x34d034c,
0x34f034e,
0x3510350,
0x3530352,
0x3550354,
0x3570356,
0x3590358,
0x35b035a,
0x35d035c,
0x35f035e,
0x3610360,
0x3630362,
0x3650364,
0x3670366,
0x3690368,
0x36b036a,
0x36d036c,
0x36f036e,
0x3710370,
0x3730372,
0x3750374,
0x3770376,
0x3790378,
0x37b037a,
0x37d037c,
0x37f037e,
0x3810380,
0x3830382,
0x3850384,
0x3870386,
0x3890388,
0x38b038a,
0x38d038c,
0x38f038e,
0x3910390,
0x3930392,
0x3950394,
0x3970396,
0x3990398,
0x39b039a,
0x39d039c,
0x39f039e,
0x3a103a0,
0x3a303a2,
0x3a503a4,
0x3a703a6,
0x3a903a8,
0x3ab03aa,
0x3ad03ac,
0x3af03ae,
0x3b103b0,
0x3b303b2,
0x3b503b4,
0x3b703b6,
0x3b903b8,
0x3bb03ba,
0x3bd03bc,
0x3bf03be,
0x3c103c0,
0x3c303c2,
0x3c503c4,
0x3c703c6,
0x3c903c8,
0x3cb03ca,
0x3cd03cc,
0x3cf03ce,
0x3d103d0,
0x3d303d2,
0x3d503d4,
0x3d703d6,
0x3d903d8,
0x3db03da,
0x3dd03dc,
0x3df03de,
0x3e103e0,
0x3e303e2,
0x3e503e4,
0x3e703e6,
0x3e903e8,
0x3eb03ea,
0x3ed03ec,
0x3ef03ee,
0x3f103f0,
0x3f303f2,
0x3f503f4,
0x3f703f6,
0x3f903f8,
0x3fb03fa,
0x3fd03fc,
0x3ff03fe,
0x30001,
0x70005,
0xb0009,
0xf000d,
0x130011,
0x170015,
0x1b0019,
0x1f001d,
0x230021,
0x270025,
0x2b0029,
0x2f002d,
0x330031,
0x370035,
0x3b0039,
0x3f003d,
0x430041,
0x470045,
0x4b0049,
0x4f004d,
0x530051,
0x570055,
0x5b0059,
0x5f005d,
0x630061,
0x670065,
0x6b0069,
0x6f006d,
0x730071,
0x770075,
0x7b0079,
0x7f007d,
0x830081,
0x870085,
0x8b0089,
0x8f008d,
0x930091,
0x970095,
0x9b0099,
0x9f009d,
0xa300a1,
0xa700a5,
0xab00a9,
0xaf00ad,
0xb300b1,
0xb700b5,
0xbb00b9,
0xbf00bd,
0xc300c1,
0xc700c5,
0xcb00c9,
0xcf00cd,
0xd300d1,
0xd700d5,
0xdb00d9,
0xdf00dd,
0xe300e1,
0xe700e5,
0xeb00e9,
0xef00ed,
0xf300f1,
0xf700f5,
0xfb00f9,
0xff00fd,
0x1030101,
0x1070105,
0x10b0109,
0x10f010d,
0x1130111,
0x1170115,
0x11b0119,
0x11f011d,
0x1230121,
0x1270125,
0x12b0129,
0x12f012d,
0x1330131,
0x1370135,
0x13b0139,
0x13f013d,
0x1430141,
0x1470145,
0x14b0149,
0x14f014d,
0x1530151,
0x1570155,
0x15b0159,
0x15f015d,
0x1630161,
0x1670165,
0x16b0169,
0x16f016d,
0x1730171,
0x1770175,
0x17b0179,
0x17f017d,
0x1830181,
0x1870185,
0x18b0189,
0x18f018d,
0x1930191,
0x1970195,
0x19b0199,
0x19f019d,
0x1a301a1,
0x1a701a5,
0x1ab01a9,
0x1af01ad,
0x1b301b1,
0x1b701b5,
0x1bb01b9,
0x1bf01bd,
0x1c301c1,
0x1c701c5,
0x1cb01c9,
0x1cf01cd,
0x1d301d1,
0x1d701d5,
0x1db01d9,
0x1df01dd,
0x1e301e1,
0x1e701e5,
0x1eb01e9,
0x1ef01ed,
0x1f301f1,
0x1f701f5,
0x1fb01f9,
0x1ff01fd,
0x2030201,
0x2070205,
0x20b0209,
0x20f020d,
0x2130211,
0x2170215,
0x21b0219,
0x21f021d,
0x2230221,
0x2270225,
0x22b0229,
0x22f022d,
0x2330231,
0x2370235,
0x23b0239,
0x23f023d,
0x2430241,
0x2470245,
0x24b0249,
0x24f024d,
0x2530251,
0x2570255,
0x25b0259,
0x25f025d,
0x2630261,
0x2670265,
0x26b0269,
0x26f026d,
0x2730271,
0x2770275,
0x27b0279,
0x27f027d,
0x2830281,
0x2870285,
0x28b0289,
0x28f028d,
0x2930291,
0x2970295,
0x29b0299,
0x29f029d,
0x2a302a1,
0x2a702a5,
0x2ab02a9,
0x2af02ad,
0x2b302b1,
0x2b702b5,
0x2bb02b9,
0x2bf02bd,
0x2c302c1,
0x2c702c5,
0x2cb02c9,
0x2cf02cd,
0x2d302d1,
0x2d702d5,
0x2db02d9,
0x2df02dd,
0x2e302e1,
0x2e702e5,
0x2eb02e9,
0x2ef02ed,
0x2f302f1,
0x2f702f5,
0x2fb02f9,
0x2ff02fd,
0x3030301,
0x3070305,
0x30b0309,
0x30f030d,
0x3130311,
0x3170315,
0x31b0319,
0x31f031d,
0x3230321,
0x3270325,
0x32b0329,
0x32f032d,
0x3330331,
0x3370335,
0x33b0339,
0x33f033d,
0x3430341,
0x3470345,
0x34b0349,
0x34f034d,
0x3530351,
0x3570355,
0x35b0359,
0x35f035d,
0x3630361,
0x3670365,
0x36b0369,
0x36f036d,
0x3730371,
0x3770375,
0x37b0379,
0x37f037d,
0x3830381,
0x3870385,
0x38b0389,
0x38f038d,
0x3930391,
0x3970395,
0x39b0399,
0x39f039d,
0x3a303a1,
0x3a703a5,
0x3ab03a9,
0x3af03ad,
0x3b303b1,
0x3b703b5,
0x3bb03b9,
0x3bf03bd,
0x3c303c1,
0x3c703c5,
0x3cb03c9,
0x3cf03cd,
0x3d303d1,
0x3d703d5,
0x3db03d9,
0x3df03dd,
0x3e303e1,
0x3e703e5,
0x3eb03e9,
0x3ef03ed,
0x3f303f1,
0x3f703f5,
0x3fb03f9,
0x3ff03fd,
0x4030401,
0x4070405,
0x40b0409,
0x40f040d,
0x4130411,
0x4170415,
0x41b0419,
0x41f041d,
0x4230421,
0x4270425,
0x42b0429,
0x42f042d,
0x4330431,
0x4370435,
0x43b0439,
0x43f043d,
0x4430441,
0x4470445,
0x44b0449,
0x44f044d,
0x4530451,
0x4570455,
0x45b0459,
0x45f045d,
0x4630461,
0x4670465,
0x46b0469,
0x46f046d,
0x4730471,
0x4770475,
0x47b0479,
0x47f047d,
0x4830481,
0x4870485,
0x48b0489,
0x48f048d,
0x4930491,
0x4970495,
0x49b0499,
0x49f049d,
0x4a304a1,
0x4a704a5,
0x4ab04a9,
0x4af04ad,
0x4b304b1,
0x4b704b5,
0x4bb04b9,
0x4bf04bd,
0x4c304c1,
0x4c704c5,
0x4cb04c9,
0x4cf04cd,
0x4d304d1,
0x4d704d5,
0x4db04d9,
0x4df04dd,
0x4e304e1,
0x4e704e5,
0x4eb04e9,
0x4ef04ed,
0x4f304f1,
0x4f704f5,
0x4fb04f9,
0x4ff04fd,
0x5030501,
0x5070505,
0x50b0509,
0x50f050d,
0x5130511,
0x5170515,
0x51b0519,
0x51f051d,
0x5230521,
0x5270525,
0x52b0529,
0x52f052d,
0x5330531,
0x5370535,
0x53b0539,
0x53f053d,
0x5430541,
0x5470545,
0x54b0549,
0x54f054d,
0x5530551,
0x5570555,
0x55b0559,
0x55f055d,
0x5630561,
0x5670565,
0x56b0569,
0x56f056d,
0x5730571,
0x5770575,
0x57b0579,
0x57f057d,
0x5830581,
0x5870585,
0x58b0589,
0x58f058d,
0x5930591,
0x5970595,
0x59b0599,
0x59f059d,
0x5a305a1,
0x5a705a5,
0x5ab05a9,
0x5af05ad,
0x5b305b1,
0x5b705b5,
0x5bb05b9,
0x5bf05bd,
0x5c305c1,
0x5c705c5,
0x5cb05c9,
0x5cf05cd,
0x5d305d1,
0x5d705d5,
0x5db05d9,
0x5df05dd,
0x5e305e1,
0x5e705e5,
0x5eb05e9,
0x5ef05ed,
0x5f305f1,
0x5f705f5,
0x5fb05f9,
0x5ff05fd,
0x6030601,
0x6070605,
0x60b0609,
0x60f060d,
0x6130611,
0x6170615,
0x61b0619,
0x61f061d,
0x6230621,
0x6270625,
0x62b0629,
0x62f062d,
0x6330631,
0x6370635,
0x63b0639,
0x63f063d,
0x6430641,
0x6470645,
0x64b0649,
0x64f064d,
0x6530651,
0x6570655,
0x65b0659,
0x65f065d,
0x6630661,
0x6670665,
0x66b0669,
0x66f066d,
0x6730671,
0x6770675,
0x67b0679,
0x67f067d,
0x6830681,
0x6870685,
0x68b0689,
0x68f068d,
0x6930691,
0x6970695,
0x69b0699,
0x69f069d,
0x6a306a1,
0x6a706a5,
0x6ab06a9,
0x6af06ad,
0x6b306b1,
0x6b706b5,
0x6bb06b9,
0x6bf06bd,
0x6c306c1,
0x6c706c5,
0x6cb06c9,
0x6cf06cd,
0x6d306d1,
0x6d706d5,
0x6db06d9,
0x6df06dd,
0x6e306e1,
0x6e706e5,
0x6eb06e9,
0x6ef06ed,
0x6f306f1,
0x6f706f5,
0x6fb06f9,
0x6ff06fd,
0x7030701,
0x7070705,
0x70b0709,
0x70f070d,
0x7130711,
0x7170715,
0x71b0719,
0x71f071d,
0x7230721,
0x7270725,
0x72b0729,
0x72f072d,
0x7330731,
0x7370735,
0x73b0739,
0x73f073d,
0x7430741,
0x7470745,
0x74b0749,
0x74f074d,
0x7530751,
0x7570755,
0x75b0759,
0x75f075d,
0x7630761,
0x7670765,
0x76b0769,
0x76f076d,
0x7730771,
0x7770775,
0x77b0779,
0x77f077d,
0x7830781,
0x7870785,
0x78b0789,
0x78f078d,
0x7930791,
0x7970795,
0x79b0799,
0x79f079d,
0x7a307a1,
0x7a707a5,
0x7ab07a9,
0x7af07ad,
0x7b307b1,
0x7b707b5,
0x7bb07b9,
0x7bf07bd,
0x7c307c1,
0x7c707c5,
0x7cb07c9,
0x7cf07cd,
0x7d307d1,
0x7d707d5,
0x7db07d9,
0x7df07dd,
0x7e307e1,
0x7e707e5,
0x7eb07e9,
0x7ef07ed,
0x7f307f1,
0x7f707f5,
0x7fb07f9,
0x7ff07fd,
0x30002,
0x70006,
0xb000a,
0xf000e,
0x130012,
0x170016,
0x1b001a,
0x1f001e,
0x230022,
0x270026,
0x2b002a,
0x2f002e,
0x330032,
0x370036,
0x3b003a,
0x3f003e,
0x430042,
0x470046,
0x4b004a,
0x4f004e,
0x530052,
0x570056,
0x5b005a,
0x5f005e,
0x630062,
0x670066,
0x6b006a,
0x6f006e,
0x730072,
0x770076,
0x7b007a,
0x7f007e,
0x830082,
0x870086,
0x8b008a,
0x8f008e,
0x930092,
0x970096,
0x9b009a,
0x9f009e,
0xa300a2,
0xa700a6,
0xab00aa,
0xaf00ae,
0xb300b2,
0xb700b6,
0xbb00ba,
0xbf00be,
0xc300c2,
0xc700c6,
0xcb00ca,
0xcf00ce,
0xd300d2,
0xd700d6,
0xdb00da,
0xdf00de,
0xe300e2,
0xe700e6,
0xeb00ea,
0xef00ee,
0xf300f2,
0xf700f6,
0xfb00fa,
0xff00fe,
0x1030102,
0x1070106,
0x10b010a,
0x10f010e,
0x1130112,
0x1170116,
0x11b011a,
0x11f011e,
0x1230122,
0x1270126,
0x12b012a,
0x12f012e,
0x1330132,
0x1370136,
0x13b013a,
0x13f013e,
0x1430142,
0x1470146,
0x14b014a,
0x14f014e,
0x1530152,
0x1570156,
0x15b015a,
0x15f015e,
0x1630162,
0x1670166,
0x16b016a,
0x16f016e,
0x1730172,
0x1770176,
0x17b017a,
0x17f017e,
0x1830182,
0x1870186,
0x18b018a,
0x18f018e,
0x1930192,
0x1970196,
0x19b019a,
0x19f019e,
0x1a301a2,
0x1a701a6,
0x1ab01aa,
0x1af01ae,
0x1b301b2,
0x1b701b6,
0x1bb01ba,
0x1bf01be,
0x1c301c2,
0x1c701c6,
0x1cb01ca,
0x1cf01ce,
0x1d301d2,
0x1d701d6,
0x1db01da,
0x1df01de,
0x1e301e2,
0x1e701e6,
0x1eb01ea,
0x1ef01ee,
0x1f301f2,
0x1f701f6,
0x1fb01fa,
0x1ff01fe,
0x2030202,
0x2070206,
0x20b020a,
0x20f020e,
0x2130212,
0x2170216,
0x21b021a,
0x21f021e,
0x2230222,
0x2270226,
0x22b022a,
0x22f022e,
0x2330232,
0x2370236,
0x23b023a,
0x23f023e,
0x2430242,
0x2470246,
0x24b024a,
0x24f024e,
0x2530252,
0x2570256,
0x25b025a,
0x25f025e,
0x2630262,
0x2670266,
0x26b026a,
0x26f026e,
0x2730272,
0x2770276,
0x27b027a,
0x27f027e,
0x2830282,
0x2870286,
0x28b028a,
0x28f028e,
0x2930292,
0x2970296,
0x29b029a,
0x29f029e,
0x2a302a2,
0x2a702a6,
0x2ab02aa,
0x2af02ae,
0x2b302b2,
0x2b702b6,
0x2bb02ba,
0x2bf02be,
0x2c302c2,
0x2c702c6,
0x2cb02ca,
0x2cf02ce,
0x2d302d2,
0x2d702d6,
0x2db02da,
0x2df02de,
0x2e302e2,
0x2e702e6,
0x2eb02ea,
0x2ef02ee,
0x2f302f2,
0x2f702f6,
0x2fb02fa,
0x2ff02fe,
0x3030302,
0x3070306,
0x30b030a,
0x30f030e,
0x3130312,
0x3170316,
0x31b031a,
0x31f031e,
0x3230322,
0x3270326,
0x32b032a,
0x32f032e,
0x3330332,
0x3370336,
0x33b033a,
0x33f033e,
0x3430342,
0x3470346,
0x34b034a,
0x34f034e,
0x3530352,
0x3570356,
0x35b035a,
0x35f035e,
0x3630362,
0x3670366,
0x36b036a,
0x36f036e,
0x3730372,
0x3770376,
0x37b037a,
0x37f037e,
0x3830382,
0x3870386,
0x38b038a,
0x38f038e,
0x3930392,
0x3970396,
0x39b039a,
0x39f039e,
0x3a303a2,
0x3a703a6,
0x3ab03aa,
0x3af03ae,
0x3b303b2,
0x3b703b6,
0x3bb03ba,
0x3bf03be,
0x3c303c2,
0x3c703c6,
0x3cb03ca,
0x3cf03ce,
0x3d303d2,
0x3d703d6,
0x3db03da,
0x3df03de,
0x3e303e2,
0x3e703e6,
0x3eb03ea,
0x3ef03ee,
0x3f303f2,
0x3f703f6,
0x3fb03fa,
0x3ff03fe,
0x4030402,
0x4070406,
0x40b040a,
0x40f040e,
0x4130412,
0x4170416,
0x41b041a,
0x41f041e,
0x4230422,
0x4270426,
0x42b042a,
0x42f042e,
0x4330432,
0x4370436,
0x43b043a,
0x43f043e,
0x4430442,
0x4470446,
0x44b044a,
0x44f044e,
0x4530452,
0x4570456,
0x45b045a,
0x45f045e,
0x4630462,
0x4670466,
0x46b046a,
0x46f046e,
0x4730472,
0x4770476,
0x47b047a,
0x47f047e,
0x4830482,
0x4870486,
0x48b048a,
0x48f048e,
0x4930492,
0x4970496,
0x49b049a,
0x49f049e,
0x4a304a2,
0x4a704a6,
0x4ab04aa,
0x4af04ae,
0x4b304b2,
0x4b704b6,
0x4bb04ba,
0x4bf04be,
0x4c304c2,
0x4c704c6,
0x4cb04ca,
0x4cf04ce,
0x4d304d2,
0x4d704d6,
0x4db04da,
0x4df04de,
0x4e304e2,
0x4e704e6,
0x4eb04ea,
0x4ef04ee,
0x4f304f2,
0x4f704f6,
0x4fb04fa,
0x4ff04fe,
0x5030502,
0x5070506,
0x50b050a,
0x50f050e,
0x5130512,
0x5170516,
0x51b051a,
0x51f051e,
0x5230522,
0x5270526,
0x52b052a,
0x52f052e,
0x5330532,
0x5370536,
0x53b053a,
0x53f053e,
0x5430542,
0x5470546,
0x54b054a,
0x54f054e,
0x5530552,
0x5570556,
0x55b055a,
0x55f055e,
0x5630562,
0x5670566,
0x56b056a,
0x56f056e,
0x5730572,
0x5770576,
0x57b057a,
0x57f057e,
0x5830582,
0x5870586,
0x58b058a,
0x58f058e,
0x5930592,
0x5970596,
0x59b059a,
0x59f059e,
0x5a305a2,
0x5a705a6,
0x5ab05aa,
0x5af05ae,
0x5b305b2,
0x5b705b6,
0x5bb05ba,
0x5bf05be,
0x5c305c2,
0x5c705c6,
0x5cb05ca,
0x5cf05ce,
0x5d305d2,
0x5d705d6,
0x5db05da,
0x5df05de,
0x5e305e2,
0x5e705e6,
0x5eb05ea,
0x5ef05ee,
0x5f305f2,
0x5f705f6,
0x5fb05fa,
0x5ff05fe,
0x6030602,
0x6070606,
0x60b060a,
0x60f060e,
0x6130612,
0x6170616,
0x61b061a,
0x61f061e,
0x6230622,
0x6270626,
0x62b062a,
0x62f062e,
0x6330632,
0x6370636,
0x63b063a,
0x63f063e,
0x6430642,
0x6470646,
0x64b064a,
0x64f064e,
0x6530652,
0x6570656,
0x65b065a,
0x65f065e,
0x6630662,
0x6670666,
0x66b066a,
0x66f066e,
0x6730672,
0x6770676,
0x67b067a,
0x67f067e,
0x6830682,
0x6870686,
0x68b068a,
0x68f068e,
0x6930692,
0x6970696,
0x69b069a,
0x69f069e,
0x6a306a2,
0x6a706a6,
0x6ab06aa,
0x6af06ae,
0x6b306b2,
0x6b706b6,
0x6bb06ba,
0x6bf06be,
0x6c306c2,
0x6c706c6,
0x6cb06ca,
0x6cf06ce,
0x6d306d2,
0x6d706d6,
0x6db06da,
0x6df06de,
0x6e306e2,
0x6e706e6,
0x6eb06ea,
0x6ef06ee,
0x6f306f2,
0x6f706f6,
0x6fb06fa,
0x6ff06fe,
0x7030702,
0x7070706,
0x70b070a,
0x70f070e,
0x7130712,
0x7170716,
0x71b071a,
0x71f071e,
0x7230722,
0x7270726,
0x72b072a,
0x72f072e,
0x7330732,
0x7370736,
0x73b073a,
0x73f073e,
0x7430742,
0x7470746,
0x74b074a,
0x74f074e,
0x7530752,
0x7570756,
0x75b075a,
0x75f075e,
0x7630762,
0x7670766,
0x76b076a,
0x76f076e,
0x7730772,
0x7770776,
0x77b077a,
0x77f077e,
0x7830782,
0x7870786,
0x78b078a,
0x78f078e,
0x7930792,
0x7970796,
0x79b079a,
0x79f079e,
0x7a307a2,
0x7a707a6,
0x7ab07aa,
0x7af07ae,
0x7b307b2,
0x7b707b6,
0x7bb07ba,
0x7bf07be,
0x7c307c2,
0x7c707c6,
0x7cb07ca,
0x7cf07ce,
0x7d307d2,
0x7d707d6,
0x7db07da,
0x7df07de,
0x7e307e2,
0x7e707e6,
0x7eb07ea,
0x7ef07ee,
0x7f307f2,
0x7f707f6,
0x7fb07fa,
0x7ff07fe,
0x50004,
0x70006,
0xd000c,
0xf000e,
0x150014,
0x170016,
0x1d001c,
0x1f001e,
0x250024,
0x270026,
0x2d002c,
0x2f002e,
0x350034,
0x370036,
0x3d003c,
0x3f003e,
0x450044,
0x470046,
0x4d004c,
0x4f004e,
0x550054,
0x570056,
0x5d005c,
0x5f005e,
0x650064,
0x670066,
0x6d006c,
0x6f006e,
0x750074,
0x770076,
0x7d007c,
0x7f007e,
0x850084,
0x870086,
0x8d008c,
0x8f008e,
0x950094,
0x970096,
0x9d009c,
0x9f009e,
0xa500a4,
0xa700a6,
0xad00ac,
0xaf00ae,
0xb500b4,
0xb700b6,
0xbd00bc,
0xbf00be,
0xc500c4,
0xc700c6,
0xcd00cc,
0xcf00ce,
0xd500d4,
0xd700d6,
0xdd00dc,
0xdf00de,
0xe500e4,
0xe700e6,
0xed00ec,
0xef00ee,
0xf500f4,
0xf700f6,
0xfd00fc,
0xff00fe,
0x1050104,
0x1070106,
0x10d010c,
0x10f010e,
0x1150114,
0x1170116,
0x11d011c,
0x11f011e,
0x1250124,
0x1270126,
0x12d012c,
0x12f012e,
0x1350134,
0x1370136,
0x13d013c,
0x13f013e,
0x1450144,
0x1470146,
0x14d014c,
0x14f014e,
0x1550154,
0x1570156,
0x15d015c,
0x15f015e,
0x1650164,
0x1670166,
0x16d016c,
0x16f016e,
0x1750174,
0x1770176,
0x17d017c,
0x17f017e,
0x1850184,
0x1870186,
0x18d018c,
0x18f018e,
0x1950194,
0x1970196,
0x19d019c,
0x19f019e,
0x1a501a4,
0x1a701a6,
0x1ad01ac,
0x1af01ae,
0x1b501b4,
0x1b701b6,
0x1bd01bc,
0x1bf01be,
0x1c501c4,
0x1c701c6,
0x1cd01cc,
0x1cf01ce,
0x1d501d4,
0x1d701d6,
0x1dd01dc,
0x1df01de,
0x1e501e4,
0x1e701e6,
0x1ed01ec,
0x1ef01ee,
0x1f501f4,
0x1f701f6,
0x1fd01fc,
0x1ff01fe,
0x2050204,
0x2070206,
0x20d020c,
0x20f020e,
0x2150214,
0x2170216,
0x21d021c,
0x21f021e,
0x2250224,
0x2270226,
0x22d022c,
0x22f022e,
0x2350234,
0x2370236,
0x23d023c,
0x23f023e,
0x2450244,
0x2470246,
0x24d024c,
0x24f024e,
0x2550254,
0x2570256,
0x25d025c,
0x25f025e,
0x2650264,
0x2670266,
0x26d026c,
0x26f026e,
0x2750274,
0x2770276,
0x27d027c,
0x27f027e,
0x2850284,
0x2870286,
0x28d028c,
0x28f028e,
0x2950294,
0x2970296,
0x29d029c,
0x29f029e,
0x2a502a4,
0x2a702a6,
0x2ad02ac,
0x2af02ae,
0x2b502b4,
0x2b702b6,
0x2bd02bc,
0x2bf02be,
0x2c502c4,
0x2c702c6,
0x2cd02cc,
0x2cf02ce,
0x2d502d4,
0x2d702d6,
0x2dd02dc,
0x2df02de,
0x2e502e4,
0x2e702e6,
0x2ed02ec,
0x2ef02ee,
0x2f502f4,
0x2f702f6,
0x2fd02fc,
0x2ff02fe,
0x3050304,
0x3070306,
0x30d030c,
0x30f030e,
0x3150314,
0x3170316,
0x31d031c,
0x31f031e,
0x3250324,
0x3270326,
0x32d032c,
0x32f032e,
0x3350334,
0x3370336,
0x33d033c,
0x33f033e,
0x3450344,
0x3470346,
0x34d034c,
0x34f034e,
0x3550354,
0x3570356,
0x35d035c,
0x35f035e,
0x3650364,
0x3670366,
0x36d036c,
0x36f036e,
0x3750374,
0x3770376,
0x37d037c,
0x37f037e,
0x3850384,
0x3870386,
0x38d038c,
0x38f038e,
0x3950394,
0x3970396,
0x39d039c,
0x39f039e,
0x3a503a4,
0x3a703a6,
0x3ad03ac,
0x3af03ae,
0x3b503b4,
0x3b703b6,
0x3bd03bc,
0x3bf03be,
0x3c503c4,
0x3c703c6,
0x3cd03cc,
0x3cf03ce,
0x3d503d4,
0x3d703d6,
0x3dd03dc,
0x3df03de,
0x3e503e4,
0x3e703e6,
0x3ed03ec,
0x3ef03ee,
0x3f503f4,
0x3f703f6,
0x3fd03fc,
0x3ff03fe,
0x4050404,
0x4070406,
0x40d040c,
0x40f040e,
0x4150414,
0x4170416,
0x41d041c,
0x41f041e,
0x4250424,
0x4270426,
0x42d042c,
0x42f042e,
0x4350434,
0x4370436,
0x43d043c,
0x43f043e,
0x4450444,
0x4470446,
0x44d044c,
0x44f044e,
0x4550454,
0x4570456,
0x45d045c,
0x45f045e,
0x4650464,
0x4670466,
0x46d046c,
0x46f046e,
0x4750474,
0x4770476,
0x47d047c,
0x47f047e,
0x4850484,
0x4870486,
0x48d048c,
0x48f048e,
0x4950494,
0x4970496,
0x49d049c,
0x49f049e,
0x4a504a4,
0x4a704a6,
0x4ad04ac,
0x4af04ae,
0x4b504b4,
0x4b704b6,
0x4bd04bc,
0x4bf04be,
0x4c504c4,
0x4c704c6,
0x4cd04cc,
0x4cf04ce,
0x4d504d4,
0x4d704d6,
0x4dd04dc,
0x4df04de,
0x4e504e4,
0x4e704e6,
0x4ed04ec,
0x4ef04ee,
0x4f504f4,
0x4f704f6,
0x4fd04fc,
0x4ff04fe,
0x5050504,
0x5070506,
0x50d050c,
0x50f050e,
0x5150514,
0x5170516,
0x51d051c,
0x51f051e,
0x5250524,
0x5270526,
0x52d052c,
0x52f052e,
0x5350534,
0x5370536,
0x53d053c,
0x53f053e,
0x5450544,
0x5470546,
0x54d054c,
0x54f054e,
0x5550554,
0x5570556,
0x55d055c,
0x55f055e,
0x5650564,
0x5670566,
0x56d056c,
0x56f056e,
0x5750574,
0x5770576,
0x57d057c,
0x57f057e,
0x5850584,
0x5870586,
0x58d058c,
0x58f058e,
0x5950594,
0x5970596,
0x59d059c,
0x59f059e,
0x5a505a4,
0x5a705a6,
0x5ad05ac,
0x5af05ae,
0x5b505b4,
0x5b705b6,
0x5bd05bc,
0x5bf05be,
0x5c505c4,
0x5c705c6,
0x5cd05cc,
0x5cf05ce,
0x5d505d4,
0x5d705d6,
0x5dd05dc,
0x5df05de,
0x5e505e4,
0x5e705e6,
0x5ed05ec,
0x5ef05ee,
0x5f505f4,
0x5f705f6,
0x5fd05fc,
0x5ff05fe,
0x6050604,
0x6070606,
0x60d060c,
0x60f060e,
0x6150614,
0x6170616,
0x61d061c,
0x61f061e,
0x6250624,
0x6270626,
0x62d062c,
0x62f062e,
0x6350634,
0x6370636,
0x63d063c,
0x63f063e,
0x6450644,
0x6470646,
0x64d064c,
0x64f064e,
0x6550654,
0x6570656,
0x65d065c,
0x65f065e,
0x6650664,
0x6670666,
0x66d066c,
0x66f066e,
0x6750674,
0x6770676,
0x67d067c,
0x67f067e,
0x6850684,
0x6870686,
0x68d068c,
0x68f068e,
0x6950694,
0x6970696,
0x69d069c,
0x69f069e,
0x6a506a4,
0x6a706a6,
0x6ad06ac,
0x6af06ae,
0x6b506b4,
0x6b706b6,
0x6bd06bc,
0x6bf06be,
0x6c506c4,
0x6c706c6,
0x6cd06cc,
0x6cf06ce,
0x6d506d4,
0x6d706d6,
0x6dd06dc,
0x6df06de,
0x6e506e4,
0x6e706e6,
0x6ed06ec,
0x6ef06ee,
0x6f506f4,
0x6f706f6,
0x6fd06fc,
0x6ff06fe,
0x7050704,
0x7070706,
0x70d070c,
0x70f070e,
0x7150714,
0x7170716,
0x71d071c,
0x71f071e,
0x7250724,
0x7270726,
0x72d072c,
0x72f072e,
0x7350734,
0x7370736,
0x73d073c,
0x73f073e,
0x7450744,
0x7470746,
0x74d074c,
0x74f074e,
0x7550754,
0x7570756,
0x75d075c,
0x75f075e,
0x7650764,
0x7670766,
0x76d076c,
0x76f076e,
0x7750774,
0x7770776,
0x77d077c,
0x77f077e,
0x7850784,
0x7870786,
0x78d078c,
0x78f078e,
0x7950794,
0x7970796,
0x79d079c,
0x79f079e,
0x7a507a4,
0x7a707a6,
0x7ad07ac,
0x7af07ae,
0x7b507b4,
0x7b707b6,
0x7bd07bc,
0x7bf07be,
0x7c507c4,
0x7c707c6,
0x7cd07cc,
0x7cf07ce,
0x7d507d4,
0x7d707d6,
0x7dd07dc,
0x7df07de,
0x7e507e4,
0x7e707e6,
0x7ed07ec,
0x7ef07ee,
0x7f507f4,
0x7f707f6,
0x7fd07fc,
0x7ff07fe,
0x90008,
0xb000a,
0xd000c,
0xf000e,
0x190018,
0x1b001a,
0x1d001c,
0x1f001e,
0x290028,
0x2b002a,
0x2d002c,
0x2f002e,
0x390038,
0x3b003a,
0x3d003c,
0x3f003e,
0x490048,
0x4b004a,
0x4d004c,
0x4f004e,
0x590058,
0x5b005a,
0x5d005c,
0x5f005e,
0x690068,
0x6b006a,
0x6d006c,
0x6f006e,
0x790078,
0x7b007a,
0x7d007c,
0x7f007e,
0x890088,
0x8b008a,
0x8d008c,
0x8f008e,
0x990098,
0x9b009a,
0x9d009c,
0x9f009e,
0xa900a8,
0xab00aa,
0xad00ac,
0xaf00ae,
0xb900b8,
0xbb00ba,
0xbd00bc,
0xbf00be,
0xc900c8,
0xcb00ca,
0xcd00cc,
0xcf00ce,
0xd900d8,
0xdb00da,
0xdd00dc,
0xdf00de,
0xe900e8,
0xeb00ea,
0xed00ec,
0xef00ee,
0xf900f8,
0xfb00fa,
0xfd00fc,
0xff00fe,
0x1090108,
0x10b010a,
0x10d010c,
0x10f010e,
0x1190118,
0x11b011a,
0x11d011c,
0x11f011e,
0x1290128,
0x12b012a,
0x12d012c,
0x12f012e,
0x1390138,
0x13b013a,
0x13d013c,
0x13f013e,
0x1490148,
0x14b014a,
0x14d014c,
0x14f014e,
0x1590158,
0x15b015a,
0x15d015c,
0x15f015e,
0x1690168,
0x16b016a,
0x16d016c,
0x16f016e,
0x1790178,
0x17b017a,
0x17d017c,
0x17f017e,
0x1890188,
0x18b018a,
0x18d018c,
0x18f018e,
0x1990198,
0x19b019a,
0x19d019c,
0x19f019e,
0x1a901a8,
0x1ab01aa,
0x1ad01ac,
0x1af01ae,
0x1b901b8,
0x1bb01ba,
0x1bd01bc,
0x1bf01be,
0x1c901c8,
0x1cb01ca,
0x1cd01cc,
0x1cf01ce,
0x1d901d8,
0x1db01da,
0x1dd01dc,
0x1df01de,
0x1e901e8,
0x1eb01ea,
0x1ed01ec,
0x1ef01ee,
0x1f901f8,
0x1fb01fa,
0x1fd01fc,
0x1ff01fe,
0x2090208,
0x20b020a,
0x20d020c,
0x20f020e,
0x2190218,
0x21b021a,
0x21d021c,
0x21f021e,
0x2290228,
0x22b022a,
0x22d022c,
0x22f022e,
0x2390238,
0x23b023a,
0x23d023c,
0x23f023e,
0x2490248,
0x24b024a,
0x24d024c,
0x24f024e,
0x2590258,
0x25b025a,
0x25d025c,
0x25f025e,
0x2690268,
0x26b026a,
0x26d026c,
0x26f026e,
0x2790278,
0x27b027a,
0x27d027c,
0x27f027e,
0x2890288,
0x28b028a,
0x28d028c,
0x28f028e,
0x2990298,
0x29b029a,
0x29d029c,
0x29f029e,
0x2a902a8,
0x2ab02aa,
0x2ad02ac,
0x2af02ae,
0x2b902b8,
0x2bb02ba,
0x2bd02bc,
0x2bf02be,
0x2c902c8,
0x2cb02ca,
0x2cd02cc,
0x2cf02ce,
0x2d902d8,
0x2db02da,
0x2dd02dc,
0x2df02de,
0x2e902e8,
0x2eb02ea,
0x2ed02ec,
0x2ef02ee,
0x2f902f8,
0x2fb02fa,
0x2fd02fc,
0x2ff02fe,
0x3090308,
0x30b030a,
0x30d030c,
0x30f030e,
0x3190318,
0x31b031a,
0x31d031c,
0x31f031e,
0x3290328,
0x32b032a,
0x32d032c,
0x32f032e,
0x3390338,
0x33b033a,
0x33d033c,
0x33f033e,
0x3490348,
0x34b034a,
0x34d034c,
0x34f034e,
0x3590358,
0x35b035a,
0x35d035c,
0x35f035e,
0x3690368,
0x36b036a,
0x36d036c,
0x36f036e,
0x3790378,
0x37b037a,
0x37d037c,
0x37f037e,
0x3890388,
0x38b038a,
0x38d038c,
0x38f038e,
0x3990398,
0x39b039a,
0x39d039c,
0x39f039e,
0x3a903a8,
0x3ab03aa,
0x3ad03ac,
0x3af03ae,
0x3b903b8,
0x3bb03ba,
0x3bd03bc,
0x3bf03be,
0x3c903c8,
0x3cb03ca,
0x3cd03cc,
0x3cf03ce,
0x3d903d8,
0x3db03da,
0x3dd03dc,
0x3df03de,
0x3e903e8,
0x3eb03ea,
0x3ed03ec,
0x3ef03ee,
0x3f903f8,
0x3fb03fa,
0x3fd03fc,
0x3ff03fe,
0x4090408,
0x40b040a,
0x40d040c,
0x40f040e,
0x4190418,
0x41b041a,
0x41d041c,
0x41f041e,
0x4290428,
0x42b042a,
0x42d042c,
0x42f042e,
0x4390438,
0x43b043a,
0x43d043c,
0x43f043e,
0x4490448,
0x44b044a,
0x44d044c,
0x44f044e,
0x4590458,
0x45b045a,
0x45d045c,
0x45f045e,
0x4690468,
0x46b046a,
0x46d046c,
0x46f046e,
0x4790478,
0x47b047a,
0x47d047c,
0x47f047e,
0x4890488,
0x48b048a,
0x48d048c,
0x48f048e,
0x4990498,
0x49b049a,
0x49d049c,
0x49f049e,
0x4a904a8,
0x4ab04aa,
0x4ad04ac,
0x4af04ae,
0x4b904b8,
0x4bb04ba,
0x4bd04bc,
0x4bf04be,
0x4c904c8,
0x4cb04ca,
0x4cd04cc,
0x4cf04ce,
0x4d904d8,
0x4db04da,
0x4dd04dc,
0x4df04de,
0x4e904e8,
0x4eb04ea,
0x4ed04ec,
0x4ef04ee,
0x4f904f8,
0x4fb04fa,
0x4fd04fc,
0x4ff04fe,
0x5090508,
0x50b050a,
0x50d050c,
0x50f050e,
0x5190518,
0x51b051a,
0x51d051c,
0x51f051e,
0x5290528,
0x52b052a,
0x52d052c,
0x52f052e,
0x5390538,
0x53b053a,
0x53d053c,
0x53f053e,
0x5490548,
0x54b054a,
0x54d054c,
0x54f054e,
0x5590558,
0x55b055a,
0x55d055c,
0x55f055e,
0x5690568,
0x56b056a,
0x56d056c,
0x56f056e,
0x5790578,
0x57b057a,
0x57d057c,
0x57f057e,
0x5890588,
0x58b058a,
0x58d058c,
0x58f058e,
0x5990598,
0x59b059a,
0x59d059c,
0x59f059e,
0x5a905a8,
0x5ab05aa,
0x5ad05ac,
0x5af05ae,
0x5b905b8,
0x5bb05ba,
0x5bd05bc,
0x5bf05be,
0x5c905c8,
0x5cb05ca,
0x5cd05cc,
0x5cf05ce,
0x5d905d8,
0x5db05da,
0x5dd05dc,
0x5df05de,
0x5e905e8,
0x5eb05ea,
0x5ed05ec,
0x5ef05ee,
0x5f905f8,
0x5fb05fa,
0x5fd05fc,
0x5ff05fe,
0x6090608,
0x60b060a,
0x60d060c,
0x60f060e,
0x6190618,
0x61b061a,
0x61d061c,
0x61f061e,
0x6290628,
0x62b062a,
0x62d062c,
0x62f062e,
0x6390638,
0x63b063a,
0x63d063c,
0x63f063e,
0x6490648,
0x64b064a,
0x64d064c,
0x64f064e,
0x6590658,
0x65b065a,
0x65d065c,
0x65f065e,
0x6690668,
0x66b066a,
0x66d066c,
0x66f066e,
0x6790678,
0x67b067a,
0x67d067c,
0x67f067e,
0x6890688,
0x68b068a,
0x68d068c,
0x68f068e,
0x6990698,
0x69b069a,
0x69d069c,
0x69f069e,
0x6a906a8,
0x6ab06aa,
0x6ad06ac,
0x6af06ae,
0x6b906b8,
0x6bb06ba,
0x6bd06bc,
0x6bf06be,
0x6c906c8,
0x6cb06ca,
0x6cd06cc,
0x6cf06ce,
0x6d906d8,
0x6db06da,
0x6dd06dc,
0x6df06de,
0x6e906e8,
0x6eb06ea,
0x6ed06ec,
0x6ef06ee,
0x6f906f8,
0x6fb06fa,
0x6fd06fc,
0x6ff06fe,
0x7090708,
0x70b070a,
0x70d070c,
0x70f070e,
0x7190718,
0x71b071a,
0x71d071c,
0x71f071e,
0x7290728,
0x72b072a,
0x72d072c,
0x72f072e,
0x7390738,
0x73b073a,
0x73d073c,
0x73f073e,
0x7490748,
0x74b074a,
0x74d074c,
0x74f074e,
0x7590758,
0x75b075a,
0x75d075c,
0x75f075e,
0x7690768,
0x76b076a,
0x76d076c,
0x76f076e,
0x7790778,
0x77b077a,
0x77d077c,
0x77f077e,
0x7890788,
0x78b078a,
0x78d078c,
0x78f078e,
0x7990798,
0x79b079a,
0x79d079c,
0x79f079e,
0x7a907a8,
0x7ab07aa,
0x7ad07ac,
0x7af07ae,
0x7b907b8,
0x7bb07ba,
0x7bd07bc,
0x7bf07be,
0x7c907c8,
0x7cb07ca,
0x7cd07cc,
0x7cf07ce,
0x7d907d8,
0x7db07da,
0x7dd07dc,
0x7df07de,
0x7e907e8,
0x7eb07ea,
0x7ed07ec,
0x7ef07ee,
0x7f907f8,
0x7fb07fa,
0x7fd07fc,
0x7ff07fe,
0x110010,
0x130012,
0x150014,
0x170016,
0x190018,
0x1b001a,
0x1d001c,
0x1f001e,
0x310030,
0x330032,
0x350034,
0x370036,
0x390038,
0x3b003a,
0x3d003c,
0x3f003e,
0x510050,
0x530052,
0x550054,
0x570056,
0x590058,
0x5b005a,
0x5d005c,
0x5f005e,
0x710070,
0x730072,
0x750074,
0x770076,
0x790078,
0x7b007a,
0x7d007c,
0x7f007e,
0x910090,
0x930092,
0x950094,
0x970096,
0x990098,
0x9b009a,
0x9d009c,
0x9f009e,
0xb100b0,
0xb300b2,
0xb500b4,
0xb700b6,
0xb900b8,
0xbb00ba,
0xbd00bc,
0xbf00be,
0xd100d0,
0xd300d2,
0xd500d4,
0xd700d6,
0xd900d8,
0xdb00da,
0xdd00dc,
0xdf00de,
0xf100f0,
0xf300f2,
0xf500f4,
0xf700f6,
0xf900f8,
0xfb00fa,
0xfd00fc,
0xff00fe,
0x1110110,
0x1130112,
0x1150114,
0x1170116,
0x1190118,
0x11b011a,
0x11d011c,
0x11f011e,
0x1310130,
0x1330132,
0x1350134,
0x1370136,
0x1390138,
0x13b013a,
0x13d013c,
0x13f013e,
0x1510150,
0x1530152,
0x1550154,
0x1570156,
0x1590158,
0x15b015a,
0x15d015c,
0x15f015e,
0x1710170,
0x1730172,
0x1750174,
0x1770176,
0x1790178,
0x17b017a,
0x17d017c,
0x17f017e,
0x1910190,
0x1930192,
0x1950194,
0x1970196,
0x1990198,
0x19b019a,
0x19d019c,
0x19f019e,
0x1b101b0,
0x1b301b2,
0x1b501b4,
0x1b701b6,
0x1b901b8,
0x1bb01ba,
0x1bd01bc,
0x1bf01be,
0x1d101d0,
0x1d301d2,
0x1d501d4,
0x1d701d6,
0x1d901d8,
0x1db01da,
0x1dd01dc,
0x1df01de,
0x1f101f0,
0x1f301f2,
0x1f501f4,
0x1f701f6,
0x1f901f8,
0x1fb01fa,
0x1fd01fc,
0x1ff01fe,
0x2110210,
0x2130212,
0x2150214,
0x2170216,
0x2190218,
0x21b021a,
0x21d021c,
0x21f021e,
0x2310230,
0x2330232,
0x2350234,
0x2370236,
0x2390238,
0x23b023a,
0x23d023c,
0x23f023e,
0x2510250,
0x2530252,
0x2550254,
0x2570256,
0x2590258,
0x25b025a,
0x25d025c,
0x25f025e,
0x2710270,
0x2730272,
0x2750274,
0x2770276,
0x2790278,
0x27b027a,
0x27d027c,
0x27f027e,
0x2910290,
0x2930292,
0x2950294,
0x2970296,
0x2990298,
0x29b029a,
0x29d029c,
0x29f029e,
0x2b102b0,
0x2b302b2,
0x2b502b4,
0x2b702b6,
0x2b902b8,
0x2bb02ba,
0x2bd02bc,
0x2bf02be,
0x2d102d0,
0x2d302d2,
0x2d502d4,
0x2d702d6,
0x2d902d8,
0x2db02da,
0x2dd02dc,
0x2df02de,
0x2f102f0,
0x2f302f2,
0x2f502f4,
0x2f702f6,
0x2f902f8,
0x2fb02fa,
0x2fd02fc,
0x2ff02fe,
0x3110310,
0x3130312,
0x3150314,
0x3170316,
0x3190318,
0x31b031a,
0x31d031c,
0x31f031e,
0x3310330,
0x3330332,
0x3350334,
0x3370336,
0x3390338,
0x33b033a,
0x33d033c,
0x33f033e,
0x3510350,
0x3530352,
0x3550354,
0x3570356,
0x3590358,
0x35b035a,
0x35d035c,
0x35f035e,
0x3710370,
0x3730372,
0x3750374,
0x3770376,
0x3790378,
0x37b037a,
0x37d037c,
0x37f037e,
0x3910390,
0x3930392,
0x3950394,
0x3970396,
0x3990398,
0x39b039a,
0x39d039c,
0x39f039e,
0x3b103b0,
0x3b303b2,
0x3b503b4,
0x3b703b6,
0x3b903b8,
0x3bb03ba,
0x3bd03bc,
0x3bf03be,
0x3d103d0,
0x3d303d2,
0x3d503d4,
0x3d703d6,
0x3d903d8,
0x3db03da,
0x3dd03dc,
0x3df03de,
0x3f103f0,
0x3f303f2,
0x3f503f4,
0x3f703f6,
0x3f903f8,
0x3fb03fa,
0x3fd03fc,
0x3ff03fe,
0x4110410,
0x4130412,
0x4150414,
0x4170416,
0x4190418,
0x41b041a,
0x41d041c,
0x41f041e,
0x4310430,
0x4330432,
0x4350434,
0x4370436,
0x4390438,
0x43b043a,
0x43d043c,
0x43f043e,
0x4510450,
0x4530452,
0x4550454,
0x4570456,
0x4590458,
0x45b045a,
0x45d045c,
0x45f045e,
0x4710470,
0x4730472,
0x4750474,
0x4770476,
0x4790478,
0x47b047a,
0x47d047c,
0x47f047e,
0x4910490,
0x4930492,
0x4950494,
0x4970496,
0x4990498,
0x49b049a,
0x49d049c,
0x49f049e,
0x4b104b0,
0x4b304b2,
0x4b504b4,
0x4b704b6,
0x4b904b8,
0x4bb04ba,
0x4bd04bc,
0x4bf04be,
0x4d104d0,
0x4d304d2,
0x4d504d4,
0x4d704d6,
0x4d904d8,
0x4db04da,
0x4dd04dc,
0x4df04de,
0x4f104f0,
0x4f304f2,
0x4f504f4,
0x4f704f6,
0x4f904f8,
0x4fb04fa,
0x4fd04fc,
0x4ff04fe,
0x5110510,
0x5130512,
0x5150514,
0x5170516,
0x5190518,
0x51b051a,
0x51d051c,
0x51f051e,
0x5310530,
0x5330532,
0x5350534,
0x5370536,
0x5390538,
0x53b053a,
0x53d053c,
0x53f053e,
0x5510550,
0x5530552,
0x5550554,
0x5570556,
0x5590558,
0x55b055a,
0x55d055c,
0x55f055e,
0x5710570,
0x5730572,
0x5750574,
0x5770576,
0x5790578,
0x57b057a,
0x57d057c,
0x57f057e,
0x5910590,
0x5930592,
0x5950594,
0x5970596,
0x5990598,
0x59b059a,
0x59d059c,
0x59f059e,
0x5b105b0,
0x5b305b2,
0x5b505b4,
0x5b705b6,
0x5b905b8,
0x5bb05ba,
0x5bd05bc,
0x5bf05be,
0x5d105d0,
0x5d305d2,
0x5d505d4,
0x5d705d6,
0x5d905d8,
0x5db05da,
0x5dd05dc,
0x5df05de,
0x5f105f0,
0x5f305f2,
0x5f505f4,
0x5f705f6,
0x5f905f8,
0x5fb05fa,
0x5fd05fc,
0x5ff05fe,
0x6110610,
0x6130612,
0x6150614,
0x6170616,
0x6190618,
0x61b061a,
0x61d061c,
0x61f061e,
0x6310630,
0x6330632,
0x6350634,
0x6370636,
0x6390638,
0x63b063a,
0x63d063c,
0x63f063e,
0x6510650,
0x6530652,
0x6550654,
0x6570656,
0x6590658,
0x65b065a,
0x65d065c,
0x65f065e,
0x6710670,
0x6730672,
0x6750674,
0x6770676,
0x6790678,
0x67b067a,
0x67d067c,
0x67f067e,
0x6910690,
0x6930692,
0x6950694,
0x6970696,
0x6990698,
0x69b069a,
0x69d069c,
0x69f069e,
0x6b106b0,
0x6b306b2,
0x6b506b4,
0x6b706b6,
0x6b906b8,
0x6bb06ba,
0x6bd06bc,
0x6bf06be,
0x6d106d0,
0x6d306d2,
0x6d506d4,
0x6d706d6,
0x6d906d8,
0x6db06da,
0x6dd06dc,
0x6df06de,
0x6f106f0,
0x6f306f2,
0x6f506f4,
0x6f706f6,
0x6f906f8,
0x6fb06fa,
0x6fd06fc,
0x6ff06fe,
0x7110710,
0x7130712,
0x7150714,
0x7170716,
0x7190718,
0x71b071a,
0x71d071c,
0x71f071e,
0x7310730,
0x7330732,
0x7350734,
0x7370736,
0x7390738,
0x73b073a,
0x73d073c,
0x73f073e,
0x7510750,
0x7530752,
0x7550754,
0x7570756,
0x7590758,
0x75b075a,
0x75d075c,
0x75f075e,
0x7710770,
0x7730772,
0x7750774,
0x7770776,
0x7790778,
0x77b077a,
0x77d077c,
0x77f077e,
0x7910790,
0x7930792,
0x7950794,
0x7970796,
0x7990798,
0x79b079a,
0x79d079c,
0x79f079e,
0x7b107b0,
0x7b307b2,
0x7b507b4,
0x7b707b6,
0x7b907b8,
0x7bb07ba,
0x7bd07bc,
0x7bf07be,
0x7d107d0,
0x7d307d2,
0x7d507d4,
0x7d707d6,
0x7d907d8,
0x7db07da,
0x7dd07dc,
0x7df07de,
0x7f107f0,
0x7f307f2,
0x7f507f4,
0x7f707f6,
0x7f907f8,
0x7fb07fa,
0x7fd07fc,
0x7ff07fe,
0x210020,
0x230022,
0x250024,
0x270026,
0x290028,
0x2b002a,
0x2d002c,
0x2f002e,
0x310030,
0x330032,
0x350034,
0x370036,
0x390038,
0x3b003a,
0x3d003c,
0x3f003e,
0x610060,
0x630062,
0x650064,
0x670066,
0x690068,
0x6b006a,
0x6d006c,
0x6f006e,
0x710070,
0x730072,
0x750074,
0x770076,
0x790078,
0x7b007a,
0x7d007c,
0x7f007e,
0xa100a0,
0xa300a2,
0xa500a4,
0xa700a6,
0xa900a8,
0xab00aa,
0xad00ac,
0xaf00ae,
0xb100b0,
0xb300b2,
0xb500b4,
0xb700b6,
0xb900b8,
0xbb00ba,
0xbd00bc,
0xbf00be,
0xe100e0,
0xe300e2,
0xe500e4,
0xe700e6,
0xe900e8,
0xeb00ea,
0xed00ec,
0xef00ee,
0xf100f0,
0xf300f2,
0xf500f4,
0xf700f6,
0xf900f8,
0xfb00fa,
0xfd00fc,
0xff00fe,
0x1210120,
0x1230122,
0x1250124,
0x1270126,
0x1290128,
0x12b012a,
0x12d012c,
0x12f012e,
0x1310130,
0x1330132,
0x1350134,
0x1370136,
0x1390138,
0x13b013a,
0x13d013c,
0x13f013e,
0x1610160,
0x1630162,
0x1650164,
0x1670166,
0x1690168,
0x16b016a,
0x16d016c,
0x16f016e,
0x1710170,
0x1730172,
0x1750174,
0x1770176,
0x1790178,
0x17b017a,
0x17d017c,
0x17f017e,
0x1a101a0,
0x1a301a2,
0x1a501a4,
0x1a701a6,
0x1a901a8,
0x1ab01aa,
0x1ad01ac,
0x1af01ae,
0x1b101b0,
0x1b301b2,
0x1b501b4,
0x1b701b6,
0x1b901b8,
0x1bb01ba,
0x1bd01bc,
0x1bf01be,
0x1e101e0,
0x1e301e2,
0x1e501e4,
0x1e701e6,
0x1e901e8,
0x1eb01ea,
0x1ed01ec,
0x1ef01ee,
0x1f101f0,
0x1f301f2,
0x1f501f4,
0x1f701f6,
0x1f901f8,
0x1fb01fa,
0x1fd01fc,
0x1ff01fe,
0x2210220,
0x2230222,
0x2250224,
0x2270226,
0x2290228,
0x22b022a,
0x22d022c,
0x22f022e,
0x2310230,
0x2330232,
0x2350234,
0x2370236,
0x2390238,
0x23b023a,
0x23d023c,
0x23f023e,
0x2610260,
0x2630262,
0x2650264,
0x2670266,
0x2690268,
0x26b026a,
0x26d026c,
0x26f026e,
0x2710270,
0x2730272,
0x2750274,
0x2770276,
0x2790278,
0x27b027a,
0x27d027c,
0x27f027e,
0x2a102a0,
0x2a302a2,
0x2a502a4,
0x2a702a6,
0x2a902a8,
0x2ab02aa,
0x2ad02ac,
0x2af02ae,
0x2b102b0,
0x2b302b2,
0x2b502b4,
0x2b702b6,
0x2b902b8,
0x2bb02ba,
0x2bd02bc,
0x2bf02be,
0x2e102e0,
0x2e302e2,
0x2e502e4,
0x2e702e6,
0x2e902e8,
0x2eb02ea,
0x2ed02ec,
0x2ef02ee,
0x2f102f0,
0x2f302f2,
0x2f502f4,
0x2f702f6,
0x2f902f8,
0x2fb02fa,
0x2fd02fc,
0x2ff02fe,
0x3210320,
0x3230322,
0x3250324,
0x3270326,
0x3290328,
0x32b032a,
0x32d032c,
0x32f032e,
0x3310330,
0x3330332,
0x3350334,
0x3370336,
0x3390338,
0x33b033a,
0x33d033c,
0x33f033e,
0x3610360,
0x3630362,
0x3650364,
0x3670366,
0x3690368,
0x36b036a,
0x36d036c,
0x36f036e,
0x3710370,
0x3730372,
0x3750374,
0x3770376,
0x3790378,
0x37b037a,
0x37d037c,
0x37f037e,
0x3a103a0,
0x3a303a2,
0x3a503a4,
0x3a703a6,
0x3a903a8,
0x3ab03aa,
0x3ad03ac,
0x3af03ae,
0x3b103b0,
0x3b303b2,
0x3b503b4,
0x3b703b6,
0x3b903b8,
0x3bb03ba,
0x3bd03bc,
0x3bf03be,
0x3e103e0,
0x3e303e2,
0x3e503e4,
0x3e703e6,
0x3e903e8,
0x3eb03ea,
0x3ed03ec,
0x3ef03ee,
0x3f103f0,
0x3f303f2,
0x3f503f4,
0x3f703f6,
0x3f903f8,
0x3fb03fa,
0x3fd03fc,
0x3ff03fe,
0x4210420,
0x4230422,
0x4250424,
0x4270426,
0x4290428,
0x42b042a,
0x42d042c,
0x42f042e,
0x4310430,
0x4330432,
0x4350434,
0x4370436,
0x4390438,
0x43b043a,
0x43d043c,
0x43f043e,
0x4610460,
0x4630462,
0x4650464,
0x4670466,
0x4690468,
0x46b046a,
0x46d046c,
0x46f046e,
0x4710470,
0x4730472,
0x4750474,
0x4770476,
0x4790478,
0x47b047a,
0x47d047c,
0x47f047e,
0x4a104a0,
0x4a304a2,
0x4a504a4,
0x4a704a6,
0x4a904a8,
0x4ab04aa,
0x4ad04ac,
0x4af04ae,
0x4b104b0,
0x4b304b2,
0x4b504b4,
0x4b704b6,
0x4b904b8,
0x4bb04ba,
0x4bd04bc,
0x4bf04be,
0x4e104e0,
0x4e304e2,
0x4e504e4,
0x4e704e6,
0x4e904e8,
0x4eb04ea,
0x4ed04ec,
0x4ef04ee,
0x4f104f0,
0x4f304f2,
0x4f504f4,
0x4f704f6,
0x4f904f8,
0x4fb04fa,
0x4fd04fc,
0x4ff04fe,
0x5210520,
0x5230522,
0x5250524,
0x5270526,
0x5290528,
0x52b052a,
0x52d052c,
0x52f052e,
0x5310530,
0x5330532,
0x5350534,
0x5370536,
0x5390538,
0x53b053a,
0x53d053c,
0x53f053e,
0x5610560,
0x5630562,
0x5650564,
0x5670566,
0x5690568,
0x56b056a,
0x56d056c,
0x56f056e,
0x5710570,
0x5730572,
0x5750574,
0x5770576,
0x5790578,
0x57b057a,
0x57d057c,
0x57f057e,
0x5a105a0,
0x5a305a2,
0x5a505a4,
0x5a705a6,
0x5a905a8,
0x5ab05aa,
0x5ad05ac,
0x5af05ae,
0x5b105b0,
0x5b305b2,
0x5b505b4,
0x5b705b6,
0x5b905b8,
0x5bb05ba,
0x5bd05bc,
0x5bf05be,
0x5e105e0,
0x5e305e2,
0x5e505e4,
0x5e705e6,
0x5e905e8,
0x5eb05ea,
0x5ed05ec,
0x5ef05ee,
0x5f105f0,
0x5f305f2,
0x5f505f4,
0x5f705f6,
0x5f905f8,
0x5fb05fa,
0x5fd05fc,
0x5ff05fe,
0x6210620,
0x6230622,
0x6250624,
0x6270626,
0x6290628,
0x62b062a,
0x62d062c,
0x62f062e,
0x6310630,
0x6330632,
0x6350634,
0x6370636,
0x6390638,
0x63b063a,
0x63d063c,
0x63f063e,
0x6610660,
0x6630662,
0x6650664,
0x6670666,
0x6690668,
0x66b066a,
0x66d066c,
0x66f066e,
0x6710670,
0x6730672,
0x6750674,
0x6770676,
0x6790678,
0x67b067a,
0x67d067c,
0x67f067e,
0x6a106a0,
0x6a306a2,
0x6a506a4,
0x6a706a6,
0x6a906a8,
0x6ab06aa,
0x6ad06ac,
0x6af06ae,
0x6b106b0,
0x6b306b2,
0x6b506b4,
0x6b706b6,
0x6b906b8,
0x6bb06ba,
0x6bd06bc,
0x6bf06be,
0x6e106e0,
0x6e306e2,
0x6e506e4,
0x6e706e6,
0x6e906e8,
0x6eb06ea,
0x6ed06ec,
0x6ef06ee,
0x6f106f0,
0x6f306f2,
0x6f506f4,
0x6f706f6,
0x6f906f8,
0x6fb06fa,
0x6fd06fc,
0x6ff06fe,
0x7210720,
0x7230722,
0x7250724,
0x7270726,
0x7290728,
0x72b072a,
0x72d072c,
0x72f072e,
0x7310730,
0x7330732,
0x7350734,
0x7370736,
0x7390738,
0x73b073a,
0x73d073c,
0x73f073e,
0x7610760,
0x7630762,
0x7650764,
0x7670766,
0x7690768,
0x76b076a,
0x76d076c,
0x76f076e,
0x7710770,
0x7730772,
0x7750774,
0x7770776,
0x7790778,
0x77b077a,
0x77d077c,
0x77f077e,
0x7a107a0,
0x7a307a2,
0x7a507a4,
0x7a707a6,
0x7a907a8,
0x7ab07aa,
0x7ad07ac,
0x7af07ae,
0x7b107b0,
0x7b307b2,
0x7b507b4,
0x7b707b6,
0x7b907b8,
0x7bb07ba,
0x7bd07bc,
0x7bf07be,
0x7e107e0,
0x7e307e2,
0x7e507e4,
0x7e707e6,
0x7e907e8,
0x7eb07ea,
0x7ed07ec,
0x7ef07ee,
0x7f107f0,
0x7f307f2,
0x7f507f4,
0x7f707f6,
0x7f907f8,
0x7fb07fa,
0x7fd07fc,
0x7ff07fe,
0x410040,
0x430042,
0x450044,
0x470046,
0x490048,
0x4b004a,
0x4d004c,
0x4f004e,
0x510050,
0x530052,
0x550054,
0x570056,
0x590058,
0x5b005a,
0x5d005c,
0x5f005e,
0x610060,
0x630062,
0x650064,
0x670066,
0x690068,
0x6b006a,
0x6d006c,
0x6f006e,
0x710070,
0x730072,
0x750074,
0x770076,
0x790078,
0x7b007a,
0x7d007c,
0x7f007e,
0xc100c0,
0xc300c2,
0xc500c4,
0xc700c6,
0xc900c8,
0xcb00ca,
0xcd00cc,
0xcf00ce,
0xd100d0,
0xd300d2,
0xd500d4,
0xd700d6,
0xd900d8,
0xdb00da,
0xdd00dc,
0xdf00de,
0xe100e0,
0xe300e2,
0xe500e4,
0xe700e6,
0xe900e8,
0xeb00ea,
0xed00ec,
0xef00ee,
0xf100f0,
0xf300f2,
0xf500f4,
0xf700f6,
0xf900f8,
0xfb00fa,
0xfd00fc,
0xff00fe,
0x1410140,
0x1430142,
0x1450144,
0x1470146,
0x1490148,
0x14b014a,
0x14d014c,
0x14f014e,
0x1510150,
0x1530152,
0x1550154,
0x1570156,
0x1590158,
0x15b015a,
0x15d015c,
0x15f015e,
0x1610160,
0x1630162,
0x1650164,
0x1670166,
0x1690168,
0x16b016a,
0x16d016c,
0x16f016e,
0x1710170,
0x1730172,
0x1750174,
0x1770176,
0x1790178,
0x17b017a,
0x17d017c,
0x17f017e,
0x1c101c0,
0x1c301c2,
0x1c501c4,
0x1c701c6,
0x1c901c8,
0x1cb01ca,
0x1cd01cc,
0x1cf01ce,
0x1d101d0,
0x1d301d2,
0x1d501d4,
0x1d701d6,
0x1d901d8,
0x1db01da,
0x1dd01dc,
0x1df01de,
0x1e101e0,
0x1e301e2,
0x1e501e4,
0x1e701e6,
0x1e901e8,
0x1eb01ea,
0x1ed01ec,
0x1ef01ee,
0x1f101f0,
0x1f301f2,
0x1f501f4,
0x1f701f6,
0x1f901f8,
0x1fb01fa,
0x1fd01fc,
0x1ff01fe,
0x2410240,
0x2430242,
0x2450244,
0x2470246,
0x2490248,
0x24b024a,
0x24d024c,
0x24f024e,
0x2510250,
0x2530252,
0x2550254,
0x2570256,
0x2590258,
0x25b025a,
0x25d025c,
0x25f025e,
0x2610260,
0x2630262,
0x2650264,
0x2670266,
0x2690268,
0x26b026a,
0x26d026c,
0x26f026e,
0x2710270,
0x2730272,
0x2750274,
0x2770276,
0x2790278,
0x27b027a,
0x27d027c,
0x27f027e,
0x2c102c0,
0x2c302c2,
0x2c502c4,
0x2c702c6,
0x2c902c8,
0x2cb02ca,
0x2cd02cc,
0x2cf02ce,
0x2d102d0,
0x2d302d2,
0x2d502d4,
0x2d702d6,
0x2d902d8,
0x2db02da,
0x2dd02dc,
0x2df02de,
0x2e102e0,
0x2e302e2,
0x2e502e4,
0x2e702e6,
0x2e902e8,
0x2eb02ea,
0x2ed02ec,
0x2ef02ee,
0x2f102f0,
0x2f302f2,
0x2f502f4,
0x2f702f6,
0x2f902f8,
0x2fb02fa,
0x2fd02fc,
0x2ff02fe,
0x3410340,
0x3430342,
0x3450344,
0x3470346,
0x3490348,
0x34b034a,
0x34d034c,
0x34f034e,
0x3510350,
0x3530352,
0x3550354,
0x3570356,
0x3590358,
0x35b035a,
0x35d035c,
0x35f035e,
0x3610360,
0x3630362,
0x3650364,
0x3670366,
0x3690368,
0x36b036a,
0x36d036c,
0x36f036e,
0x3710370,
0x3730372,
0x3750374,
0x3770376,
0x3790378,
0x37b037a,
0x37d037c,
0x37f037e,
0x3c103c0,
0x3c303c2,
0x3c503c4,
0x3c703c6,
0x3c903c8,
0x3cb03ca,
0x3cd03cc,
0x3cf03ce,
0x3d103d0,
0x3d303d2,
0x3d503d4,
0x3d703d6,
0x3d903d8,
0x3db03da,
0x3dd03dc,
0x3df03de,
0x3e103e0,
0x3e303e2,
0x3e503e4,
0x3e703e6,
0x3e903e8,
0x3eb03ea,
0x3ed03ec,
0x3ef03ee,
0x3f103f0,
0x3f303f2,
0x3f503f4,
0x3f703f6,
0x3f903f8,
0x3fb03fa,
0x3fd03fc,
0x3ff03fe,
0x4410440,
0x4430442,
0x4450444,
0x4470446,
0x4490448,
0x44b044a,
0x44d044c,
0x44f044e,
0x4510450,
0x4530452,
0x4550454,
0x4570456,
0x4590458,
0x45b045a,
0x45d045c,
0x45f045e,
0x4610460,
0x4630462,
0x4650464,
0x4670466,
0x4690468,
0x46b046a,
0x46d046c,
0x46f046e,
0x4710470,
0x4730472,
0x4750474,
0x4770476,
0x4790478,
0x47b047a,
0x47d047c,
0x47f047e,
0x4c104c0,
0x4c304c2,
0x4c504c4,
0x4c704c6,
0x4c904c8,
0x4cb04ca,
0x4cd04cc,
0x4cf04ce,
0x4d104d0,
0x4d304d2,
0x4d504d4,
0x4d704d6,
0x4d904d8,
0x4db04da,
0x4dd04dc,
0x4df04de,
0x4e104e0,
0x4e304e2,
0x4e504e4,
0x4e704e6,
0x4e904e8,
0x4eb04ea,
0x4ed04ec,
0x4ef04ee,
0x4f104f0,
0x4f304f2,
0x4f504f4,
0x4f704f6,
0x4f904f8,
0x4fb04fa,
0x4fd04fc,
0x4ff04fe,
0x5410540,
0x5430542,
0x5450544,
0x5470546,
0x5490548,
0x54b054a,
0x54d054c,
0x54f054e,
0x5510550,
0x5530552,
0x5550554,
0x5570556,
0x5590558,
0x55b055a,
0x55d055c,
0x55f055e,
0x5610560,
0x5630562,
0x5650564,
0x5670566,
0x5690568,
0x56b056a,
0x56d056c,
0x56f056e,
0x5710570,
0x5730572,
0x5750574,
0x5770576,
0x5790578,
0x57b057a,
0x57d057c,
0x57f057e,
0x5c105c0,
0x5c305c2,
0x5c505c4,
0x5c705c6,
0x5c905c8,
0x5cb05ca,
0x5cd05cc,
0x5cf05ce,
0x5d105d0,
0x5d305d2,
0x5d505d4,
0x5d705d6,
0x5d905d8,
0x5db05da,
0x5dd05dc,
0x5df05de,
0x5e105e0,
0x5e305e2,
0x5e505e4,
0x5e705e6,
0x5e905e8,
0x5eb05ea,
0x5ed05ec,
0x5ef05ee,
0x5f105f0,
0x5f305f2,
0x5f505f4,
0x5f705f6,
0x5f905f8,
0x5fb05fa,
0x5fd05fc,
0x5ff05fe,
0x6410640,
0x6430642,
0x6450644,
0x6470646,
0x6490648,
0x64b064a,
0x64d064c,
0x64f064e,
0x6510650,
0x6530652,
0x6550654,
0x6570656,
0x6590658,
0x65b065a,
0x65d065c,
0x65f065e,
0x6610660,
0x6630662,
0x6650664,
0x6670666,
0x6690668,
0x66b066a,
0x66d066c,
0x66f066e,
0x6710670,
0x6730672,
0x6750674,
0x6770676,
0x6790678,
0x67b067a,
0x67d067c,
0x67f067e,
0x6c106c0,
0x6c306c2,
0x6c506c4,
0x6c706c6,
0x6c906c8,
0x6cb06ca,
0x6cd06cc,
0x6cf06ce,
0x6d106d0,
0x6d306d2,
0x6d506d4,
0x6d706d6,
0x6d906d8,
0x6db06da,
0x6dd06dc,
0x6df06de,
0x6e106e0,
0x6e306e2,
0x6e506e4,
0x6e706e6,
0x6e906e8,
0x6eb06ea,
0x6ed06ec,
0x6ef06ee,
0x6f106f0,
0x6f306f2,
0x6f506f4,
0x6f706f6,
0x6f906f8,
0x6fb06fa,
0x6fd06fc,
0x6ff06fe,
0x7410740,
0x7430742,
0x7450744,
0x7470746,
0x7490748,
0x74b074a,
0x74d074c,
0x74f074e,
0x7510750,
0x7530752,
0x7550754,
0x7570756,
0x7590758,
0x75b075a,
0x75d075c,
0x75f075e,
0x7610760,
0x7630762,
0x7650764,
0x7670766,
0x7690768,
0x76b076a,
0x76d076c,
0x76f076e,
0x7710770,
0x7730772,
0x7750774,
0x7770776,
0x7790778,
0x77b077a,
0x77d077c,
0x77f077e,
0x7c107c0,
0x7c307c2,
0x7c507c4,
0x7c707c6,
0x7c907c8,
0x7cb07ca,
0x7cd07cc,
0x7cf07ce,
0x7d107d0,
0x7d307d2,
0x7d507d4,
0x7d707d6,
0x7d907d8,
0x7db07da,
0x7dd07dc,
0x7df07de,
0x7e107e0,
0x7e307e2,
0x7e507e4,
0x7e707e6,
0x7e907e8,
0x7eb07ea,
0x7ed07ec,
0x7ef07ee,
0x7f107f0,
0x7f307f2,
0x7f507f4,
0x7f707f6,
0x7f907f8,
0x7fb07fa,
0x7fd07fc,
0x7ff07fe,
0x810080,
0x830082,
0x850084,
0x870086,
0x890088,
0x8b008a,
0x8d008c,
0x8f008e,
0x910090,
0x930092,
0x950094,
0x970096,
0x990098,
0x9b009a,
0x9d009c,
0x9f009e,
0xa100a0,
0xa300a2,
0xa500a4,
0xa700a6,
0xa900a8,
0xab00aa,
0xad00ac,
0xaf00ae,
0xb100b0,
0xb300b2,
0xb500b4,
0xb700b6,
0xb900b8,
0xbb00ba,
0xbd00bc,
0xbf00be,
0xc100c0,
0xc300c2,
0xc500c4,
0xc700c6,
0xc900c8,
0xcb00ca,
0xcd00cc,
0xcf00ce,
0xd100d0,
0xd300d2,
0xd500d4,
0xd700d6,
0xd900d8,
0xdb00da,
0xdd00dc,
0xdf00de,
0xe100e0,
0xe300e2,
0xe500e4,
0xe700e6,
0xe900e8,
0xeb00ea,
0xed00ec,
0xef00ee,
0xf100f0,
0xf300f2,
0xf500f4,
0xf700f6,
0xf900f8,
0xfb00fa,
0xfd00fc,
0xff00fe,
0x1810180,
0x1830182,
0x1850184,
0x1870186,
0x1890188,
0x18b018a,
0x18d018c,
0x18f018e,
0x1910190,
0x1930192,
0x1950194,
0x1970196,
0x1990198,
0x19b019a,
0x19d019c,
0x19f019e,
0x1a101a0,
0x1a301a2,
0x1a501a4,
0x1a701a6,
0x1a901a8,
0x1ab01aa,
0x1ad01ac,
0x1af01ae,
0x1b101b0,
0x1b301b2,
0x1b501b4,
0x1b701b6,
0x1b901b8,
0x1bb01ba,
0x1bd01bc,
0x1bf01be,
0x1c101c0,
0x1c301c2,
0x1c501c4,
0x1c701c6,
0x1c901c8,
0x1cb01ca,
0x1cd01cc,
0x1cf01ce,
0x1d101d0,
0x1d301d2,
0x1d501d4,
0x1d701d6,
0x1d901d8,
0x1db01da,
0x1dd01dc,
0x1df01de,
0x1e101e0,
0x1e301e2,
0x1e501e4,
0x1e701e6,
0x1e901e8,
0x1eb01ea,
0x1ed01ec,
0x1ef01ee,
0x1f101f0,
0x1f301f2,
0x1f501f4,
0x1f701f6,
0x1f901f8,
0x1fb01fa,
0x1fd01fc,
0x1ff01fe,
0x2810280,
0x2830282,
0x2850284,
0x2870286,
0x2890288,
0x28b028a,
0x28d028c,
0x28f028e,
0x2910290,
0x2930292,
0x2950294,
0x2970296,
0x2990298,
0x29b029a,
0x29d029c,
0x29f029e,
0x2a102a0,
0x2a302a2,
0x2a502a4,
0x2a702a6,
0x2a902a8,
0x2ab02aa,
0x2ad02ac,
0x2af02ae,
0x2b102b0,
0x2b302b2,
0x2b502b4,
0x2b702b6,
0x2b902b8,
0x2bb02ba,
0x2bd02bc,
0x2bf02be,
0x2c102c0,
0x2c302c2,
0x2c502c4,
0x2c702c6,
0x2c902c8,
0x2cb02ca,
0x2cd02cc,
0x2cf02ce,
0x2d102d0,
0x2d302d2,
0x2d502d4,
0x2d702d6,
0x2d902d8,
0x2db02da,
0x2dd02dc,
0x2df02de,
0x2e102e0,
0x2e302e2,
0x2e502e4,
0x2e702e6,
0x2e902e8,
0x2eb02ea,
0x2ed02ec,
0x2ef02ee,
0x2f102f0,
0x2f302f2,
0x2f502f4,
0x2f702f6,
0x2f902f8,
0x2fb02fa,
0x2fd02fc,
0x2ff02fe,
0x3810380,
0x3830382,
0x3850384,
0x3870386,
0x3890388,
0x38b038a,
0x38d038c,
0x38f038e,
0x3910390,
0x3930392,
0x3950394,
0x3970396,
0x3990398,
0x39b039a,
0x39d039c,
0x39f039e,
0x3a103a0,
0x3a303a2,
0x3a503a4,
0x3a703a6,
0x3a903a8,
0x3ab03aa,
0x3ad03ac,
0x3af03ae,
0x3b103b0,
0x3b303b2,
0x3b503b4,
0x3b703b6,
0x3b903b8,
0x3bb03ba,
0x3bd03bc,
0x3bf03be,
0x3c103c0,
0x3c303c2,
0x3c503c4,
0x3c703c6,
0x3c903c8,
0x3cb03ca,
0x3cd03cc,
0x3cf03ce,
0x3d103d0,
0x3d303d2,
0x3d503d4,
0x3d703d6,
0x3d903d8,
0x3db03da,
0x3dd03dc,
0x3df03de,
0x3e103e0,
0x3e303e2,
0x3e503e4,
0x3e703e6,
0x3e903e8,
0x3eb03ea,
0x3ed03ec,
0x3ef03ee,
0x3f103f0,
0x3f303f2,
0x3f503f4,
0x3f703f6,
0x3f903f8,
0x3fb03fa,
0x3fd03fc,
0x3ff03fe,
0x4810480,
0x4830482,
0x4850484,
0x4870486,
0x4890488,
0x48b048a,
0x48d048c,
0x48f048e,
0x4910490,
0x4930492,
0x4950494,
0x4970496,
0x4990498,
0x49b049a,
0x49d049c,
0x49f049e,
0x4a104a0,
0x4a304a2,
0x4a504a4,
0x4a704a6,
0x4a904a8,
0x4ab04aa,
0x4ad04ac,
0x4af04ae,
0x4b104b0,
0x4b304b2,
0x4b504b4,
0x4b704b6,
0x4b904b8,
0x4bb04ba,
0x4bd04bc,
0x4bf04be,
0x4c104c0,
0x4c304c2,
0x4c504c4,
0x4c704c6,
0x4c904c8,
0x4cb04ca,
0x4cd04cc,
0x4cf04ce,
0x4d104d0,
0x4d304d2,
0x4d504d4,
0x4d704d6,
0x4d904d8,
0x4db04da,
0x4dd04dc,
0x4df04de,
0x4e104e0,
0x4e304e2,
0x4e504e4,
0x4e704e6,
0x4e904e8,
0x4eb04ea,
0x4ed04ec,
0x4ef04ee,
0x4f104f0,
0x4f304f2,
0x4f504f4,
0x4f704f6,
0x4f904f8,
0x4fb04fa,
0x4fd04fc,
0x4ff04fe,
0x5810580,
0x5830582,
0x5850584,
0x5870586,
0x5890588,
0x58b058a,
0x58d058c,
0x58f058e,
0x5910590,
0x5930592,
0x5950594,
0x5970596,
0x5990598,
0x59b059a,
0x59d059c,
0x59f059e,
0x5a105a0,
0x5a305a2,
0x5a505a4,
0x5a705a6,
0x5a905a8,
0x5ab05aa,
0x5ad05ac,
0x5af05ae,
0x5b105b0,
0x5b305b2,
0x5b505b4,
0x5b705b6,
0x5b905b8,
0x5bb05ba,
0x5bd05bc,
0x5bf05be,
0x5c105c0,
0x5c305c2,
0x5c505c4,
0x5c705c6,
0x5c905c8,
0x5cb05ca,
0x5cd05cc,
0x5cf05ce,
0x5d105d0,
0x5d305d2,
0x5d505d4,
0x5d705d6,
0x5d905d8,
0x5db05da,
0x5dd05dc,
0x5df05de,
0x5e105e0,
0x5e305e2,
0x5e505e4,
0x5e705e6,
0x5e905e8,
0x5eb05ea,
0x5ed05ec,
0x5ef05ee,
0x5f105f0,
0x5f305f2,
0x5f505f4,
0x5f705f6,
0x5f905f8,
0x5fb05fa,
0x5fd05fc,
0x5ff05fe,
0x6810680,
0x6830682,
0x6850684,
0x6870686,
0x6890688,
0x68b068a,
0x68d068c,
0x68f068e,
0x6910690,
0x6930692,
0x6950694,
0x6970696,
0x6990698,
0x69b069a,
0x69d069c,
0x69f069e,
0x6a106a0,
0x6a306a2,
0x6a506a4,
0x6a706a6,
0x6a906a8,
0x6ab06aa,
0x6ad06ac,
0x6af06ae,
0x6b106b0,
0x6b306b2,
0x6b506b4,
0x6b706b6,
0x6b906b8,
0x6bb06ba,
0x6bd06bc,
0x6bf06be,
0x6c106c0,
0x6c306c2,
0x6c506c4,
0x6c706c6,
0x6c906c8,
0x6cb06ca,
0x6cd06cc,
0x6cf06ce,
0x6d106d0,
0x6d306d2,
0x6d506d4,
0x6d706d6,
0x6d906d8,
0x6db06da,
0x6dd06dc,
0x6df06de,
0x6e106e0,
0x6e306e2,
0x6e506e4,
0x6e706e6,
0x6e906e8,
0x6eb06ea,
0x6ed06ec,
0x6ef06ee,
0x6f106f0,
0x6f306f2,
0x6f506f4,
0x6f706f6,
0x6f906f8,
0x6fb06fa,
0x6fd06fc,
0x6ff06fe,
0x7810780,
0x7830782,
0x7850784,
0x7870786,
0x7890788,
0x78b078a,
0x78d078c,
0x78f078e,
0x7910790,
0x7930792,
0x7950794,
0x7970796,
0x7990798,
0x79b079a,
0x79d079c,
0x79f079e,
0x7a107a0,
0x7a307a2,
0x7a507a4,
0x7a707a6,
0x7a907a8,
0x7ab07aa,
0x7ad07ac,
0x7af07ae,
0x7b107b0,
0x7b307b2,
0x7b507b4,
0x7b707b6,
0x7b907b8,
0x7bb07ba,
0x7bd07bc,
0x7bf07be,
0x7c107c0,
0x7c307c2,
0x7c507c4,
0x7c707c6,
0x7c907c8,
0x7cb07ca,
0x7cd07cc,
0x7cf07ce,
0x7d107d0,
0x7d307d2,
0x7d507d4,
0x7d707d6,
0x7d907d8,
0x7db07da,
0x7dd07dc,
0x7df07de,
0x7e107e0,
0x7e307e2,
0x7e507e4,
0x7e707e6,
0x7e907e8,
0x7eb07ea,
0x7ed07ec,
0x7ef07ee,
0x7f107f0,
0x7f307f2,
0x7f507f4,
0x7f707f6,
0x7f907f8,
0x7fb07fa,
0x7fd07fc,
0x7ff07fe,
0x1010100,
0x1030102,
0x1050104,
0x1070106,
0x1090108,
0x10b010a,
0x10d010c,
0x10f010e,
0x1110110,
0x1130112,
0x1150114,
0x1170116,
0x1190118,
0x11b011a,
0x11d011c,
0x11f011e,
0x1210120,
0x1230122,
0x1250124,
0x1270126,
0x1290128,
0x12b012a,
0x12d012c,
0x12f012e,
0x1310130,
0x1330132,
0x1350134,
0x1370136,
0x1390138,
0x13b013a,
0x13d013c,
0x13f013e,
0x1410140,
0x1430142,
0x1450144,
0x1470146,
0x1490148,
0x14b014a,
0x14d014c,
0x14f014e,
0x1510150,
0x1530152,
0x1550154,
0x1570156,
0x1590158,
0x15b015a,
0x15d015c,
0x15f015e,
0x1610160,
0x1630162,
0x1650164,
0x1670166,
0x1690168,
0x16b016a,
0x16d016c,
0x16f016e,
0x1710170,
0x1730172,
0x1750174,
0x1770176,
0x1790178,
0x17b017a,
0x17d017c,
0x17f017e,
0x1810180,
0x1830182,
0x1850184,
0x1870186,
0x1890188,
0x18b018a,
0x18d018c,
0x18f018e,
0x1910190,
0x1930192,
0x1950194,
0x1970196,
0x1990198,
0x19b019a,
0x19d019c,
0x19f019e,
0x1a101a0,
0x1a301a2,
0x1a501a4,
0x1a701a6,
0x1a901a8,
0x1ab01aa,
0x1ad01ac,
0x1af01ae,
0x1b101b0,
0x1b301b2,
0x1b501b4,
0x1b701b6,
0x1b901b8,
0x1bb01ba,
0x1bd01bc,
0x1bf01be,
0x1c101c0,
0x1c301c2,
0x1c501c4,
0x1c701c6,
0x1c901c8,
0x1cb01ca,
0x1cd01cc,
0x1cf01ce,
0x1d101d0,
0x1d301d2,
0x1d501d4,
0x1d701d6,
0x1d901d8,
0x1db01da,
0x1dd01dc,
0x1df01de,
0x1e101e0,
0x1e301e2,
0x1e501e4,
0x1e701e6,
0x1e901e8,
0x1eb01ea,
0x1ed01ec,
0x1ef01ee,
0x1f101f0,
0x1f301f2,
0x1f501f4,
0x1f701f6,
0x1f901f8,
0x1fb01fa,
0x1fd01fc,
0x1ff01fe,
0x3010300,
0x3030302,
0x3050304,
0x3070306,
0x3090308,
0x30b030a,
0x30d030c,
0x30f030e,
0x3110310,
0x3130312,
0x3150314,
0x3170316,
0x3190318,
0x31b031a,
0x31d031c,
0x31f031e,
0x3210320,
0x3230322,
0x3250324,
0x3270326,
0x3290328,
0x32b032a,
0x32d032c,
0x32f032e,
0x3310330,
0x3330332,
0x3350334,
0x3370336,
0x3390338,
0x33b033a,
0x33d033c,
0x33f033e,
0x3410340,
0x3430342,
0x3450344,
0x3470346,
0x3490348,
0x34b034a,
0x34d034c,
0x34f034e,
0x3510350,
0x3530352,
0x3550354,
0x3570356,
0x3590358,
0x35b035a,
0x35d035c,
0x35f035e,
0x3610360,
0x3630362,
0x3650364,
0x3670366,
0x3690368,
0x36b036a,
0x36d036c,
0x36f036e,
0x3710370,
0x3730372,
0x3750374,
0x3770376,
0x3790378,
0x37b037a,
0x37d037c,
0x37f037e,
0x3810380,
0x3830382,
0x3850384,
0x3870386,
0x3890388,
0x38b038a,
0x38d038c,
0x38f038e,
0x3910390,
0x3930392,
0x3950394,
0x3970396,
0x3990398,
0x39b039a,
0x39d039c,
0x39f039e,
0x3a103a0,
0x3a303a2,
0x3a503a4,
0x3a703a6,
0x3a903a8,
0x3ab03aa,
0x3ad03ac,
0x3af03ae,
0x3b103b0,
0x3b303b2,
0x3b503b4,
0x3b703b6,
0x3b903b8,
0x3bb03ba,
0x3bd03bc,
0x3bf03be,
0x3c103c0,
0x3c303c2,
0x3c503c4,
0x3c703c6,
0x3c903c8,
0x3cb03ca,
0x3cd03cc,
0x3cf03ce,
0x3d103d0,
0x3d303d2,
0x3d503d4,
0x3d703d6,
0x3d903d8,
0x3db03da,
0x3dd03dc,
0x3df03de,
0x3e103e0,
0x3e303e2,
0x3e503e4,
0x3e703e6,
0x3e903e8,
0x3eb03ea,
0x3ed03ec,
0x3ef03ee,
0x3f103f0,
0x3f303f2,
0x3f503f4,
0x3f703f6,
0x3f903f8,
0x3fb03fa,
0x3fd03fc,
0x3ff03fe,
0x5010500,
0x5030502,
0x5050504,
0x5070506,
0x5090508,
0x50b050a,
0x50d050c,
0x50f050e,
0x5110510,
0x5130512,
0x5150514,
0x5170516,
0x5190518,
0x51b051a,
0x51d051c,
0x51f051e,
0x5210520,
0x5230522,
0x5250524,
0x5270526,
0x5290528,
0x52b052a,
0x52d052c,
0x52f052e,
0x5310530,
0x5330532,
0x5350534,
0x5370536,
0x5390538,
0x53b053a,
0x53d053c,
0x53f053e,
0x5410540,
0x5430542,
0x5450544,
0x5470546,
0x5490548,
0x54b054a,
0x54d054c,
0x54f054e,
0x5510550,
0x5530552,
0x5550554,
0x5570556,
0x5590558,
0x55b055a,
0x55d055c,
0x55f055e,
0x5610560,
0x5630562,
0x5650564,
0x5670566,
0x5690568,
0x56b056a,
0x56d056c,
0x56f056e,
0x5710570,
0x5730572,
0x5750574,
0x5770576,
0x5790578,
0x57b057a,
0x57d057c,
0x57f057e,
0x5810580,
0x5830582,
0x5850584,
0x5870586,
0x5890588,
0x58b058a,
0x58d058c,
0x58f058e,
0x5910590,
0x5930592,
0x5950594,
0x5970596,
0x5990598,
0x59b059a,
0x59d059c,
0x59f059e,
0x5a105a0,
0x5a305a2,
0x5a505a4,
0x5a705a6,
0x5a905a8,
0x5ab05aa,
0x5ad05ac,
0x5af05ae,
0x5b105b0,
0x5b305b2,
0x5b505b4,
0x5b705b6,
0x5b905b8,
0x5bb05ba,
0x5bd05bc,
0x5bf05be,
0x5c105c0,
0x5c305c2,
0x5c505c4,
0x5c705c6,
0x5c905c8,
0x5cb05ca,
0x5cd05cc,
0x5cf05ce,
0x5d105d0,
0x5d305d2,
0x5d505d4,
0x5d705d6,
0x5d905d8,
0x5db05da,
0x5dd05dc,
0x5df05de,
0x5e105e0,
0x5e305e2,
0x5e505e4,
0x5e705e6,
0x5e905e8,
0x5eb05ea,
0x5ed05ec,
0x5ef05ee,
0x5f105f0,
0x5f305f2,
0x5f505f4,
0x5f705f6,
0x5f905f8,
0x5fb05fa,
0x5fd05fc,
0x5ff05fe,
0x7010700,
0x7030702,
0x7050704,
0x7070706,
0x7090708,
0x70b070a,
0x70d070c,
0x70f070e,
0x7110710,
0x7130712,
0x7150714,
0x7170716,
0x7190718,
0x71b071a,
0x71d071c,
0x71f071e,
0x7210720,
0x7230722,
0x7250724,
0x7270726,
0x7290728,
0x72b072a,
0x72d072c,
0x72f072e,
0x7310730,
0x7330732,
0x7350734,
0x7370736,
0x7390738,
0x73b073a,
0x73d073c,
0x73f073e,
0x7410740,
0x7430742,
0x7450744,
0x7470746,
0x7490748,
0x74b074a,
0x74d074c,
0x74f074e,
0x7510750,
0x7530752,
0x7550754,
0x7570756,
0x7590758,
0x75b075a,
0x75d075c,
0x75f075e,
0x7610760,
0x7630762,
0x7650764,
0x7670766,
0x7690768,
0x76b076a,
0x76d076c,
0x76f076e,
0x7710770,
0x7730772,
0x7750774,
0x7770776,
0x7790778,
0x77b077a,
0x77d077c,
0x77f077e,
0x7810780,
0x7830782,
0x7850784,
0x7870786,
0x7890788,
0x78b078a,
0x78d078c,
0x78f078e,
0x7910790,
0x7930792,
0x7950794,
0x7970796,
0x7990798,
0x79b079a,
0x79d079c,
0x79f079e,
0x7a107a0,
0x7a307a2,
0x7a507a4,
0x7a707a6,
0x7a907a8,
0x7ab07aa,
0x7ad07ac,
0x7af07ae,
0x7b107b0,
0x7b307b2,
0x7b507b4,
0x7b707b6,
0x7b907b8,
0x7bb07ba,
0x7bd07bc,
0x7bf07be,
0x7c107c0,
0x7c307c2,
0x7c507c4,
0x7c707c6,
0x7c907c8,
0x7cb07ca,
0x7cd07cc,
0x7cf07ce,
0x7d107d0,
0x7d307d2,
0x7d507d4,
0x7d707d6,
0x7d907d8,
0x7db07da,
0x7dd07dc,
0x7df07de,
0x7e107e0,
0x7e307e2,
0x7e507e4,
0x7e707e6,
0x7e907e8,
0x7eb07ea,
0x7ed07ec,
0x7ef07ee,
0x7f107f0,
0x7f307f2,
0x7f507f4,
0x7f707f6,
0x7f907f8,
0x7fb07fa,
0x7fd07fc,
0x7ff07fe,
0x2010200,
0x2030202,
0x2050204,
0x2070206,
0x2090208,
0x20b020a,
0x20d020c,
0x20f020e,
0x2110210,
0x2130212,
0x2150214,
0x2170216,
0x2190218,
0x21b021a,
0x21d021c,
0x21f021e,
0x2210220,
0x2230222,
0x2250224,
0x2270226,
0x2290228,
0x22b022a,
0x22d022c,
0x22f022e,
0x2310230,
0x2330232,
0x2350234,
0x2370236,
0x2390238,
0x23b023a,
0x23d023c,
0x23f023e,
0x2410240,
0x2430242,
0x2450244,
0x2470246,
0x2490248,
0x24b024a,
0x24d024c,
0x24f024e,
0x2510250,
0x2530252,
0x2550254,
0x2570256,
0x2590258,
0x25b025a,
0x25d025c,
0x25f025e,
0x2610260,
0x2630262,
0x2650264,
0x2670266,
0x2690268,
0x26b026a,
0x26d026c,
0x26f026e,
0x2710270,
0x2730272,
0x2750274,
0x2770276,
0x2790278,
0x27b027a,
0x27d027c,
0x27f027e,
0x2810280,
0x2830282,
0x2850284,
0x2870286,
0x2890288,
0x28b028a,
0x28d028c,
0x28f028e,
0x2910290,
0x2930292,
0x2950294,
0x2970296,
0x2990298,
0x29b029a,
0x29d029c,
0x29f029e,
0x2a102a0,
0x2a302a2,
0x2a502a4,
0x2a702a6,
0x2a902a8,
0x2ab02aa,
0x2ad02ac,
0x2af02ae,
0x2b102b0,
0x2b302b2,
0x2b502b4,
0x2b702b6,
0x2b902b8,
0x2bb02ba,
0x2bd02bc,
0x2bf02be,
0x2c102c0,
0x2c302c2,
0x2c502c4,
0x2c702c6,
0x2c902c8,
0x2cb02ca,
0x2cd02cc,
0x2cf02ce,
0x2d102d0,
0x2d302d2,
0x2d502d4,
0x2d702d6,
0x2d902d8,
0x2db02da,
0x2dd02dc,
0x2df02de,
0x2e102e0,
0x2e302e2,
0x2e502e4,
0x2e702e6,
0x2e902e8,
0x2eb02ea,
0x2ed02ec,
0x2ef02ee,
0x2f102f0,
0x2f302f2,
0x2f502f4,
0x2f702f6,
0x2f902f8,
0x2fb02fa,
0x2fd02fc,
0x2ff02fe,
0x3010300,
0x3030302,
0x3050304,
0x3070306,
0x3090308,
0x30b030a,
0x30d030c,
0x30f030e,
0x3110310,
0x3130312,
0x3150314,
0x3170316,
0x3190318,
0x31b031a,
0x31d031c,
0x31f031e,
0x3210320,
0x3230322,
0x3250324,
0x3270326,
0x3290328,
0x32b032a,
0x32d032c,
0x32f032e,
0x3310330,
0x3330332,
0x3350334,
0x3370336,
0x3390338,
0x33b033a,
0x33d033c,
0x33f033e,
0x3410340,
0x3430342,
0x3450344,
0x3470346,
0x3490348,
0x34b034a,
0x34d034c,
0x34f034e,
0x3510350,
0x3530352,
0x3550354,
0x3570356,
0x3590358,
0x35b035a,
0x35d035c,
0x35f035e,
0x3610360,
0x3630362,
0x3650364,
0x3670366,
0x3690368,
0x36b036a,
0x36d036c,
0x36f036e,
0x3710370,
0x3730372,
0x3750374,
0x3770376,
0x3790378,
0x37b037a,
0x37d037c,
0x37f037e,
0x3810380,
0x3830382,
0x3850384,
0x3870386,
0x3890388,
0x38b038a,
0x38d038c,
0x38f038e,
0x3910390,
0x3930392,
0x3950394,
0x3970396,
0x3990398,
0x39b039a,
0x39d039c,
0x39f039e,
0x3a103a0,
0x3a303a2,
0x3a503a4,
0x3a703a6,
0x3a903a8,
0x3ab03aa,
0x3ad03ac,
0x3af03ae,
0x3b103b0,
0x3b303b2,
0x3b503b4,
0x3b703b6,
0x3b903b8,
0x3bb03ba,
0x3bd03bc,
0x3bf03be,
0x3c103c0,
0x3c303c2,
0x3c503c4,
0x3c703c6,
0x3c903c8,
0x3cb03ca,
0x3cd03cc,
0x3cf03ce,
0x3d103d0,
0x3d303d2,
0x3d503d4,
0x3d703d6,
0x3d903d8,
0x3db03da,
0x3dd03dc,
0x3df03de,
0x3e103e0,
0x3e303e2,
0x3e503e4,
0x3e703e6,
0x3e903e8,
0x3eb03ea,
0x3ed03ec,
0x3ef03ee,
0x3f103f0,
0x3f303f2,
0x3f503f4,
0x3f703f6,
0x3f903f8,
0x3fb03fa,
0x3fd03fc,
0x3ff03fe,
0x6010600,
0x6030602,
0x6050604,
0x6070606,
0x6090608,
0x60b060a,
0x60d060c,
0x60f060e,
0x6110610,
0x6130612,
0x6150614,
0x6170616,
0x6190618,
0x61b061a,
0x61d061c,
0x61f061e,
0x6210620,
0x6230622,
0x6250624,
0x6270626,
0x6290628,
0x62b062a,
0x62d062c,
0x62f062e,
0x6310630,
0x6330632,
0x6350634,
0x6370636,
0x6390638,
0x63b063a,
0x63d063c,
0x63f063e,
0x6410640,
0x6430642,
0x6450644,
0x6470646,
0x6490648,
0x64b064a,
0x64d064c,
0x64f064e,
0x6510650,
0x6530652,
0x6550654,
0x6570656,
0x6590658,
0x65b065a,
0x65d065c,
0x65f065e,
0x6610660,
0x6630662,
0x6650664,
0x6670666,
0x6690668,
0x66b066a,
0x66d066c,
0x66f066e,
0x6710670,
0x6730672,
0x6750674,
0x6770676,
0x6790678,
0x67b067a,
0x67d067c,
0x67f067e,
0x6810680,
0x6830682,
0x6850684,
0x6870686,
0x6890688,
0x68b068a,
0x68d068c,
0x68f068e,
0x6910690,
0x6930692,
0x6950694,
0x6970696,
0x6990698,
0x69b069a,
0x69d069c,
0x69f069e,
0x6a106a0,
0x6a306a2,
0x6a506a4,
0x6a706a6,
0x6a906a8,
0x6ab06aa,
0x6ad06ac,
0x6af06ae,
0x6b106b0,
0x6b306b2,
0x6b506b4,
0x6b706b6,
0x6b906b8,
0x6bb06ba,
0x6bd06bc,
0x6bf06be,
0x6c106c0,
0x6c306c2,
0x6c506c4,
0x6c706c6,
0x6c906c8,
0x6cb06ca,
0x6cd06cc,
0x6cf06ce,
0x6d106d0,
0x6d306d2,
0x6d506d4,
0x6d706d6,
0x6d906d8,
0x6db06da,
0x6dd06dc,
0x6df06de,
0x6e106e0,
0x6e306e2,
0x6e506e4,
0x6e706e6,
0x6e906e8,
0x6eb06ea,
0x6ed06ec,
0x6ef06ee,
0x6f106f0,
0x6f306f2,
0x6f506f4,
0x6f706f6,
0x6f906f8,
0x6fb06fa,
0x6fd06fc,
0x6ff06fe,
0x7010700,
0x7030702,
0x7050704,
0x7070706,
0x7090708,
0x70b070a,
0x70d070c,
0x70f070e,
0x7110710,
0x7130712,
0x7150714,
0x7170716,
0x7190718,
0x71b071a,
0x71d071c,
0x71f071e,
0x7210720,
0x7230722,
0x7250724,
0x7270726,
0x7290728,
0x72b072a,
0x72d072c,
0x72f072e,
0x7310730,
0x7330732,
0x7350734,
0x7370736,
0x7390738,
0x73b073a,
0x73d073c,
0x73f073e,
0x7410740,
0x7430742,
0x7450744,
0x7470746,
0x7490748,
0x74b074a,
0x74d074c,
0x74f074e,
0x7510750,
0x7530752,
0x7550754,
0x7570756,
0x7590758,
0x75b075a,
0x75d075c,
0x75f075e,
0x7610760,
0x7630762,
0x7650764,
0x7670766,
0x7690768,
0x76b076a,
0x76d076c,
0x76f076e,
0x7710770,
0x7730772,
0x7750774,
0x7770776,
0x7790778,
0x77b077a,
0x77d077c,
0x77f077e,
0x7810780,
0x7830782,
0x7850784,
0x7870786,
0x7890788,
0x78b078a,
0x78d078c,
0x78f078e,
0x7910790,
0x7930792,
0x7950794,
0x7970796,
0x7990798,
0x79b079a,
0x79d079c,
0x79f079e,
0x7a107a0,
0x7a307a2,
0x7a507a4,
0x7a707a6,
0x7a907a8,
0x7ab07aa,
0x7ad07ac,
0x7af07ae,
0x7b107b0,
0x7b307b2,
0x7b507b4,
0x7b707b6,
0x7b907b8,
0x7bb07ba,
0x7bd07bc,
0x7bf07be,
0x7c107c0,
0x7c307c2,
0x7c507c4,
0x7c707c6,
0x7c907c8,
0x7cb07ca,
0x7cd07cc,
0x7cf07ce,
0x7d107d0,
0x7d307d2,
0x7d507d4,
0x7d707d6,
0x7d907d8,
0x7db07da,
0x7dd07dc,
0x7df07de,
0x7e107e0,
0x7e307e2,
0x7e507e4,
0x7e707e6,
0x7e907e8,
0x7eb07ea,
0x7ed07ec,
0x7ef07ee,
0x7f107f0,
0x7f307f2,
0x7f507f4,
0x7f707f6,
0x7f907f8,
0x7fb07fa,
0x7fd07fc,
0x7ff07fe,
0x4010400,
0x4030402,
0x4050404,
0x4070406,
0x4090408,
0x40b040a,
0x40d040c,
0x40f040e,
0x4110410,
0x4130412,
0x4150414,
0x4170416,
0x4190418,
0x41b041a,
0x41d041c,
0x41f041e,
0x4210420,
0x4230422,
0x4250424,
0x4270426,
0x4290428,
0x42b042a,
0x42d042c,
0x42f042e,
0x4310430,
0x4330432,
0x4350434,
0x4370436,
0x4390438,
0x43b043a,
0x43d043c,
0x43f043e,
0x4410440,
0x4430442,
0x4450444,
0x4470446,
0x4490448,
0x44b044a,
0x44d044c,
0x44f044e,
0x4510450,
0x4530452,
0x4550454,
0x4570456,
0x4590458,
0x45b045a,
0x45d045c,
0x45f045e,
0x4610460,
0x4630462,
0x4650464,
0x4670466,
0x4690468,
0x46b046a,
0x46d046c,
0x46f046e,
0x4710470,
0x4730472,
0x4750474,
0x4770476,
0x4790478,
0x47b047a,
0x47d047c,
0x47f047e,
0x4810480,
0x4830482,
0x4850484,
0x4870486,
0x4890488,
0x48b048a,
0x48d048c,
0x48f048e,
0x4910490,
0x4930492,
0x4950494,
0x4970496,
0x4990498,
0x49b049a,
0x49d049c,
0x49f049e,
0x4a104a0,
0x4a304a2,
0x4a504a4,
0x4a704a6,
0x4a904a8,
0x4ab04aa,
0x4ad04ac,
0x4af04ae,
0x4b104b0,
0x4b304b2,
0x4b504b4,
0x4b704b6,
0x4b904b8,
0x4bb04ba,
0x4bd04bc,
0x4bf04be,
0x4c104c0,
0x4c304c2,
0x4c504c4,
0x4c704c6,
0x4c904c8,
0x4cb04ca,
0x4cd04cc,
0x4cf04ce,
0x4d104d0,
0x4d304d2,
0x4d504d4,
0x4d704d6,
0x4d904d8,
0x4db04da,
0x4dd04dc,
0x4df04de,
0x4e104e0,
0x4e304e2,
0x4e504e4,
0x4e704e6,
0x4e904e8,
0x4eb04ea,
0x4ed04ec,
0x4ef04ee,
0x4f104f0,
0x4f304f2,
0x4f504f4,
0x4f704f6,
0x4f904f8,
0x4fb04fa,
0x4fd04fc,
0x4ff04fe,
0x5010500,
0x5030502,
0x5050504,
0x5070506,
0x5090508,
0x50b050a,
0x50d050c,
0x50f050e,
0x5110510,
0x5130512,
0x5150514,
0x5170516,
0x5190518,
0x51b051a,
0x51d051c,
0x51f051e,
0x5210520,
0x5230522,
0x5250524,
0x5270526,
0x5290528,
0x52b052a,
0x52d052c,
0x52f052e,
0x5310530,
0x5330532,
0x5350534,
0x5370536,
0x5390538,
0x53b053a,
0x53d053c,
0x53f053e,
0x5410540,
0x5430542,
0x5450544,
0x5470546,
0x5490548,
0x54b054a,
0x54d054c,
0x54f054e,
0x5510550,
0x5530552,
0x5550554,
0x5570556,
0x5590558,
0x55b055a,
0x55d055c,
0x55f055e,
0x5610560,
0x5630562,
0x5650564,
0x5670566,
0x5690568,
0x56b056a,
0x56d056c,
0x56f056e,
0x5710570,
0x5730572,
0x5750574,
0x5770576,
0x5790578,
0x57b057a,
0x57d057c,
0x57f057e,
0x5810580,
0x5830582,
0x5850584,
0x5870586,
0x5890588,
0x58b058a,
0x58d058c,
0x58f058e,
0x5910590,
0x5930592,
0x5950594,
0x5970596,
0x5990598,
0x59b059a,
0x59d059c,
0x59f059e,
0x5a105a0,
0x5a305a2,
0x5a505a4,
0x5a705a6,
0x5a905a8,
0x5ab05aa,
0x5ad05ac,
0x5af05ae,
0x5b105b0,
0x5b305b2,
0x5b505b4,
0x5b705b6,
0x5b905b8,
0x5bb05ba,
0x5bd05bc,
0x5bf05be,
0x5c105c0,
0x5c305c2,
0x5c505c4,
0x5c705c6,
0x5c905c8,
0x5cb05ca,
0x5cd05cc,
0x5cf05ce,
0x5d105d0,
0x5d305d2,
0x5d505d4,
0x5d705d6,
0x5d905d8,
0x5db05da,
0x5dd05dc,
0x5df05de,
0x5e105e0,
0x5e305e2,
0x5e505e4,
0x5e705e6,
0x5e905e8,
0x5eb05ea,
0x5ed05ec,
0x5ef05ee,
0x5f105f0,
0x5f305f2,
0x5f505f4,
0x5f705f6,
0x5f905f8,
0x5fb05fa,
0x5fd05fc,
0x5ff05fe,
0x6010600,
0x6030602,
0x6050604,
0x6070606,
0x6090608,
0x60b060a,
0x60d060c,
0x60f060e,
0x6110610,
0x6130612,
0x6150614,
0x6170616,
0x6190618,
0x61b061a,
0x61d061c,
0x61f061e,
0x6210620,
0x6230622,
0x6250624,
0x6270626,
0x6290628,
0x62b062a,
0x62d062c,
0x62f062e,
0x6310630,
0x6330632,
0x6350634,
0x6370636,
0x6390638,
0x63b063a,
0x63d063c,
0x63f063e,
0x6410640,
0x6430642,
0x6450644,
0x6470646,
0x6490648,
0x64b064a,
0x64d064c,
0x64f064e,
0x6510650,
0x6530652,
0x6550654,
0x6570656,
0x6590658,
0x65b065a,
0x65d065c,
0x65f065e,
0x6610660,
0x6630662,
0x6650664,
0x6670666,
0x6690668,
0x66b066a,
0x66d066c,
0x66f066e,
0x6710670,
0x6730672,
0x6750674,
0x6770676,
0x6790678,
0x67b067a,
0x67d067c,
0x67f067e,
0x6810680,
0x6830682,
0x6850684,
0x6870686,
0x6890688,
0x68b068a,
0x68d068c,
0x68f068e,
0x6910690,
0x6930692,
0x6950694,
0x6970696,
0x6990698,
0x69b069a,
0x69d069c,
0x69f069e,
0x6a106a0,
0x6a306a2,
0x6a506a4,
0x6a706a6,
0x6a906a8,
0x6ab06aa,
0x6ad06ac,
0x6af06ae,
0x6b106b0,
0x6b306b2,
0x6b506b4,
0x6b706b6,
0x6b906b8,
0x6bb06ba,
0x6bd06bc,
0x6bf06be,
0x6c106c0,
0x6c306c2,
0x6c506c4,
0x6c706c6,
0x6c906c8,
0x6cb06ca,
0x6cd06cc,
0x6cf06ce,
0x6d106d0,
0x6d306d2,
0x6d506d4,
0x6d706d6,
0x6d906d8,
0x6db06da,
0x6dd06dc,
0x6df06de,
0x6e106e0,
0x6e306e2,
0x6e506e4,
0x6e706e6,
0x6e906e8,
0x6eb06ea,
0x6ed06ec,
0x6ef06ee,
0x6f106f0,
0x6f306f2,
0x6f506f4,
0x6f706f6,
0x6f906f8,
0x6fb06fa,
0x6fd06fc,
0x6ff06fe,
0x7010700,
0x7030702,
0x7050704,
0x7070706,
0x7090708,
0x70b070a,
0x70d070c,
0x70f070e,
0x7110710,
0x7130712,
0x7150714,
0x7170716,
0x7190718,
0x71b071a,
0x71d071c,
0x71f071e,
0x7210720,
0x7230722,
0x7250724,
0x7270726,
0x7290728,
0x72b072a,
0x72d072c,
0x72f072e,
0x7310730,
0x7330732,
0x7350734,
0x7370736,
0x7390738,
0x73b073a,
0x73d073c,
0x73f073e,
0x7410740,
0x7430742,
0x7450744,
0x7470746,
0x7490748,
0x74b074a,
0x74d074c,
0x74f074e,
0x7510750,
0x7530752,
0x7550754,
0x7570756,
0x7590758,
0x75b075a,
0x75d075c,
0x75f075e,
0x7610760,
0x7630762,
0x7650764,
0x7670766,
0x7690768,
0x76b076a,
0x76d076c,
0x76f076e,
0x7710770,
0x7730772,
0x7750774,
0x7770776,
0x7790778,
0x77b077a,
0x77d077c,
0x77f077e,
0x7810780,
0x7830782,
0x7850784,
0x7870786,
0x7890788,
0x78b078a,
0x78d078c,
0x78f078e,
0x7910790,
0x7930792,
0x7950794,
0x7970796,
0x7990798,
0x79b079a,
0x79d079c,
0x79f079e,
0x7a107a0,
0x7a307a2,
0x7a507a4,
0x7a707a6,
0x7a907a8,
0x7ab07aa,
0x7ad07ac,
0x7af07ae,
0x7b107b0,
0x7b307b2,
0x7b507b4,
0x7b707b6,
0x7b907b8,
0x7bb07ba,
0x7bd07bc,
0x7bf07be,
0x7c107c0,
0x7c307c2,
0x7c507c4,
0x7c707c6,
0x7c907c8,
0x7cb07ca,
0x7cd07cc,
0x7cf07ce,
0x7d107d0,
0x7d307d2,
0x7d507d4,
0x7d707d6,
0x7d907d8,
0x7db07da,
0x7dd07dc,
0x7df07de,
0x7e107e0,
0x7e307e2,
0x7e507e4,
0x7e707e6,
0x7e907e8,
0x7eb07ea,
0x7ed07ec,
0x7ef07ee,
0x7f107f0,
0x7f307f2,
0x7f507f4,
0x7f707f6,
0x7f907f8,
0x7fb07fa,
0x7fd07fc,
0x7ff07fe,
0x0,
0x0,
0x0,
0x0,
0x0,
0x0,
0x0,
0x0,
0x0,
0x0,
0x0,
0x0,
0x0,
0x0,
0x0,
0x0,
0x0,
0x0,
0x0,
0x0,
0x0,
0x0,
0x0,
0x0,
0x0,
0x0,
0x0,
0x0,
0x0,
0x0,
0x0,
0x0,
0x0,
0x0,
0x0,
0x0,
0x0,
0x0,
0x0,
0x0,
0x0,
0x0,
0x0,
0x0,
0x0,
0x0,
0x0,
0x0,
0x0,
0x0,
0x0,
0x0,
0x0,
0x0,
0x0,
0x0,
0x0,
0x0,
0x0,
0x0,
0x0,
0x0,
0x0,
0x0,
0x0,
0x0,
0x0,
0x0,
0x0,
0x0,
0x0,
0x0,
0x0,
0x0,
0x0,
0x0,
0x0,
0x0,
0x0,
0x0,
0x0,
0x0,
0x0,
0x0,
0x0,
0x0,
0x0,
0x0,
0x0,
0x0,
0x0,
0x0,
0x0,
0x0,
0x0,
0x0,
0x0,
0x0,
0x0,
0x0,
0x0,
0x0,
0x0,
0x0,
0x0,
0x0,
0x0,
0x0,
0x0,
0x0,
0x0,
0x0,
0x0,
0x0,
0x0,
0x0,
0x0,
0x0,
0x0,
0x0,
0x0,
0x0,
0x0,
0x0,
0x0,
0x0,
0x0,
0x0,
0x0,
0x0,
0x0,
0x0,
0x0,
0x0,
0x0,
0x0,
0x0,
0x0,
0x0,
0x0,
0x0,
0x0,
0x0,
0x0,
0x0,
0x0,
0x0,
0x0,
0x0,
0x0,
0x0,
0x0,
0x0,
0x0,
0x0,
0x0,
0x0,
0x0,
0x0,
0x0,
0x0,
0x0,
0x0,
0x0,
0x0,
0x0,
0x0,
0x0,
0x0,
0x0,
0x0,
0x0,
0x0,
0x0,
0x0,
0x0,
0x0,
0x0,
0x0,
0x0,
0x0,
0x0,
0x0,
0x0,
0x0,
0x0,
0x0,
0x0,
0x0,
0x0,
0x0,
0x0,
0x0,
0x0,
0x0,
0x0,
0x0,
0x0,
0x0,
0x0,
0x0,
0x0,
0x0,
0x0,
0x0,
0x0,
0x0,
0x0,
0x0,
0x0,
0x0,
0x0,
0x0,
0x0,
0x0,
0x0,
0x0,
0x0,
0x0,
0x0,
0x0,
0x0,
0x0,
0x0,
0x0,
0x0,
0x0,
0x0,
0x0,
0x0,
0x0,
0x0,
0x0,
0x0,
0x0,
0x0,
0x0,
0x0,
0x0,
0x0,
0x0,
0x0,
0x0,
0x0,
0x0,
0x0,
0x0,
0x0,
0x0,
0x0,
0x0,
0x0,
0x0,
0x0,
0x0,
0x0,
0x0,
0x0,
0x0,
0x0,
0x0,
0x0,
0x0,
0x0,
0x0,
0x0,
0x0,
0x0,
0x0,
0x0,
0x0,
0x0,
0x0,
0x0,
0x0,
0x0,
0x0,
0x0,
0x0,
0x0,
0x0,
0x0,
0x0,
0x0,
0x0,
0x0,
0x0,
0x0,
0x0,
0x0,
0x0,
0x0,
0x0,
0x0,
0x0,
0x0,
0x0,
0x0,
0x0,
0x0,
0x0,
0x0,
0x0,
0x0,
0x0,
0x0,
0x0,
0x0,
0x0,
0x0,
0x0,
0x0,
0x0,
0x0,
0x0,
0x0,
0x0,
0x0,
0x0,
0x0,
0x0,
0x0,
0x0,
0x0,
0x0,
0x0,
0x0,
0x0,
0x0,
0x0,
0x0,
0x0,
0x0,
0x0,
0x0,
0x0,
0x0,
0x0,
0x0,
0x0,
0x0,
0x0,
0x0,
0x0,
0x0,
0x0,
0x0,
0x0,
0x0,
0x0,
0x0,
0x0,
0x0,
0x0,
0x0,
0x0,
0x0,
0x0,
0x0,
0x0,
0x0,
0x0,
0x0,
0x0,
0x0,
0x0,
0x0,
0x0,
0x0,
0x0,
0x0,
0x0,
0x0,
0x0,
0x0,
0x0,
0x0,
0x0,
0x0,
0x0,
0x0,
0x0,
0x0,
0x0,
0x0,
0x0,
0x0,
0x0,
0x0,
0x0,
0x0,
0x0,
0x0,
0x0,
0x0,
0x0,
0x0,
0x0,
0x0,
0x0,
0x0,
0x0,
0x0,
0x0,
0x0,
0x0,
0x0,
0x0,
0x0,
0x0,
0x0,
0x0,
0x0,
0x0,
0x0,
0x0,
0x0,
0x0,
0x0,
0x0,
0x0,
0x0,
0x0,
0x0,
0x0,
0x0,
0x0,
0x0,
0x0,
0x0,
0x0,
0x0,
0x0,
0x0,
0x0,
0x0,
0x0,
0x0,
0x0,
0x0,
0x0,
0x0,
0x0,
0x0,
0x0,
0x0,
0x0,
0x0,
0x0,
0x0,
0x0,
0x0,
0x0,
0x0,
0x0,
0x0,
0x0,
0x0,
0x0,
0x0,
0x0,
0x0,
0x0,
0x0,
0x0,
0x0,
0x0,
0x0,
0x0,
0x0,
0x0,
0x0,
0x0,
0x0,
0x0,
0x0,
0x0,
0x0,
0x0,
0x0,
0x0,
0x0,
0x0,
0x0,
0x0,
0x0,
0x0,
0x0,
0x0,
0x0,
0x0,
0x0,
0x0,
0x0,
0x0,
0x0,
0x0,
0x0,
0x0,
0x0,
0x0,
0x0,
0x0,
0x0,
0x0,
0x0,
0x0,
0x0,
0x0,
0x0,
0x0,
0x0,
0x0,
0x0,
0x0,
0x0,
0x0,
0x0,
0x0,
0x0,
0x0,
0x0,
0x0,
0x0,
0x0,
0x0,
0x0,
0x0,
0x0,
0x0,
0x0,
0x0,
0x0,
0x0,
0x0,
0x0,
0x0,
0x0,
0x0,
0x0,
0x0,
0x0,
0x0,
0x0,
0x0,
0x0,
0x0,
0x0,
0x0,
0x0,
0x0,
0x0,
0x0,
0x0,
0x0,
0x0,
0x0,
0x0,
0x0,
0x0,
0x0,
0x0,
0x0,
0x0,
0x0,
0x0,
0x0,
0x0,
0x0,
0x0,
0x0,
0x0,
0x0,
0x0,
0x0,
0x0,
0x0,
0x0,
0x0,
0x0,
0x0,
0x0,
0x0,
0x0,
0x0,
0x0,
0x0,
0x0,
0x0,
0x0,
0x0,
0x0,
0x0,
0x0,
0x0,
0x0,
0x0,
0x0,
0x0,
0x0,
0x0,
0x0,
0x0,
0x0,
0x0,
0x0,
0x0,
0x0,
0x0,
0x0,
0x0,
0x0,
0x0,
0x0,
0x0,
0x0,
0x0,
0x0,
0x0,
0x0,
0x0,
0x0,
0x0,
0x0,
0x0,
0x0,
0x0,
0x0,
0x0,
0x0,
0x0,
0x0,
0x0,
0x0,
0x0,
0x0,
0x0,
0x0,
0x0,
0x0,
0x0,
0x0,
0x0,
0x0,
0x0,
0x0,
0x0,
0x0,
0x0,
0x0,
0x0,
0x0,
0x0,
0x0,
0x0,
0x0,
0x0,
0x0,
0x0,
0x0,
0x0,
0x0,
0x0,
0x0,
0x0,
0x0,
0x0,
0x0,
0x0,
0x0,
0x0,
0x0,
0x0,
0x0,
0x0,
0x0,
0x0,
0x0,
0x0,
0x0,
0x0,
0x0,
0x0,
0x0,
0x0,
0x0,
0x0,
0x0,
0x0,
0x0,
0x0,
0x0,
0x0,
0x0,
0x0,
0x0,
0x0,
0x0,
0x0,
0x0,
0x0,
0x0,
0x0,
0x0,
0x0,
0x0,
0x0,
0x0,
0x0,
0x0,
0x0,
0x0,
0x0,
0x0,
0x0,
0x0,
0x0,
0x0,
0x0,
0x0,
0x0,
0x0,
0x0,
0x0,
0x0,
0x0,
0x0,
0x0,
0x0,
0x0,
0x0,
0x0,
0x0,
0x0,
0x0,
0x0,
0x0,
0x0,
0x0,
0x0,
0x0,
0x0,
0x0,
0x0,
0x0,
0x0,
0x0,
0x0,
0x0,
0x0,
0x0,
0x0,
0x0,
0x0,
0x0,
0x0,
0x0,
0x0,
0x0,
0x0,
0x0,
0x0,
0x0,
0x0,
0x0,
0x0,
0x0,
0x0,
0x0,
0x0,
0x0,
0x0,
0x0,
0x0,
0x0,
0x0,
0x0,
0x0,
0x0,
0x0,
0x0,
0x0,
0x0,
0x0,
0x0,
0x0,
0x0,
0x0,
0x0,
0x0,
0x0,
0x0,
0x0,
0x0,
0x0,
0x0,
0x0,
0x0,
0x0,
0x0,
0x0,
0x0,
0x0,
0x0,
0x0,
0x0,
0x0,
0x0,
0x0,
0x0,
0x0,
0x0,
0x0,
0x0,
0x0,
0x0,
0x0,
0x0,
0x0,
0x0,
0x0,
0x0,
0x0,
0x0,
0x0,
0x0,
0x0,
0x0,
0x0,
0x0,
0x0,
0x0,
0x0,
0x0,
0x0,
0x0,
0x0,
0x0,
0x0,
0x0,
0x0,
0x0,
0x0,
0x0,
0x0,
0x0,
0x0,
0x0,
0x0,
0x0,
0x0,
0x0,
0x0,
0x0,
0x0,
0x0,
0x0,
0x0,
0x0,
0x0,
0x0,
0x0,
0x0,
0x0,
0x0,
0x0,
0x0,
0x0,
0x0,
0x0,
0x0,
0x0,
0x0,
0x0,
0x0,
0x0,
0x0,
0x0,
0x0,
0x0,
0x0,
0x0,
0x0,
0x0,
0x0,
0x0,
0x0,
0x0,
0x0,
0x0,
0x0,
0x0,
0x0,
0x0,
0x0,
0x0,
0x0,
0x0,
0x0,
0x0,
0x0,
0x0,
0x0,
0x0,
0x0,
0x0,
0x0,
0x0,
0x0,
0x0,
0x0,
0x0,
0x0,
0x0,
0x0,
0x0,
0x0,
0x0,
0x0,
0x0,
0x0,
0x0,
0x0,
0x0,
0x0,
0x0,
0x0,
0x0,
0x0,
0x0,
0x0,
0x0,
0x0,
0x0,
0x0,
0x0,
0x0,
0x0,
0x0,
0x0,
0x0,
0x0,
0x0,
0x0,
0x0,
0x0,
0x0,
0x0,
0x0,
0x0,
0x0,
0x0,
0x0,
0x0,
0x0,
0x0,
0x0,
0x0,
0x0,
0x0,
0x0,
0x0,
0x0,
0x0,
0x0,
0x0,
0x0,
0x0,
0x0,
0x0,
0x0,
0x0,
0x0,
0x0,
0x0,
0x0,
0x0,
0x0,
0x0,
0x0,
0x0,
0x0,
0x0,
0x0,
0x0,
0x0,
0x0,
0x0,
0x0,
0x0,
0x0,
0x0,
0x0,
0x0,
0x0,
0x0,
0x0,
0x0,
0x0,
0x0,
0x0,
0x0,
0x0,
0x0,
0x0,
0x0,
0x0,
0x0,
0x0,
0x0,
0x0,
0x0,
0x0,
0x0,
0x0,
0x0,
0x0,
0x0,
0x0,
0x0,
0x0,
0x0,
0x0,
0x0,
0x0,
0x0,
0x0,
0x0,
0x0,
0x0,
0x0,
0x0,
0x0,
0x0,
0x0,
0x0,
0x0,
0x0,
0x0,
0x0,
0x0,
0x0,
0x0,
0x0,
0x0,
0x0,
0x0,
0x0,
0x0,
0x0,
0x0,
0x0,
0x0,
0x0,
0x0,
0x0,
0x0,
0x0,
0x0,
0x0,
0x0,
0x0,
0x0,
0x0,
0x0,
0x0,
0x0,
0x0,
0x0,
0x0,
0x0,
0x0,
0x0,
0x0,
0x0,
0x0,
0x0,
0x0,
0x0,
0x0,
0x0,
0x0,
0x0,
0x0,
0x0,
0x0,
0x0,
0x0,
0x0,
0x0,
0x0,
0x0,
0x0,
0x0,
0x0,
0x0,
0x0,
0x0,
0x0,
0x0,
0x0,
0x0,
0x0,
0x0,
0x0,
0x0,
0x0,
0x0,
0x0,
0x0,
0x0,
0x0,
0x0,
0x0,
0x0,
0x0,
0x0,
0x0,
0x0,
0x0,
0x0,
0x0,
0x0,
0x0,
0x0,
0x0,
0x0,
0x0,
0x0,
0x0,
0x0,
0x0,
0x0,
0x0,
0x0,
0x0,
0x0,
0x0,
0x0,
0x0,
0x0,
0x0,
0x0,
0x0,
0x0,
0x0,
0x0,
0x0,
0x0,
0x0,
0x0,
0x0,
0x0,
0x0,
0x0,
0x0,
0x0,
0x0,
0x0,
0x0,
0x0,
0x0,
0x0,
0x0,
0x0,
0x0,
0x0,
0x0,
0x0,
0x0,
0x0,
0x0,
0x0,
0x0,
0x0,
0x0,
0x0,
0x0,
0x0,
0x0,
0x0,
0x0,
0x0,
0x0,
0x0,
0x0,
0x0,
0x0,
0x0,
0x0,
0x0,
0x0,
0x0,
0x0,
0x0,
0x0,
0x0,
0x0,
0x0,
0x0,
};
unsigned int nrPDCCH_2p0_slice_phase1_bin_size = sizeof(nrPDCCH_2p0_slice_phase1_bin);