unsigned int PDSCHDag2_hw_2p0_bin[] __attribute__((aligned(64), section(".dag"))) = {
0x93,
0x113,
0x193,
0x213,
0x293,
0x313,
0x393,
0x413,
0x493,
0x513,
0x593,
0x613,
0x693,
0x713,
0x793,
0x813,
0x893,
0x913,
0x993,
0xa13,
0xa93,
0xb13,
0xb93,
0xc13,
0xc93,
0xd13,
0xd93,
0xe13,
0xe93,
0xf13,
0xf93,
0x24137,
0x8000ef,
0x100073,
0x81010113,
0x7e112623,
0x7e812423,
0x7e912223,
0x7f212023,
0x7d312e23,
0x7d412c23,
0x7d512a23,
0x7d612823,
0x7d712623,
0x7d812423,
0x7d912223,
0x7da12023,
0x7bb12e23,
0x7f010413,
0x2637,
0xd5060613,
0x40c10133,
0xfc017113,
0x10493,
0x2b4ae23,
0x50c13,
0x801ff537,
0x52223,
0x80022537,
0x55383,
0x255b03,
0x3c4a583,
0x7c255a83,
0x3c4a583,
0x3c4a583,
0x4038863,
0x7c455a03,
0x40b0a63,
0x7ca55e83,
0x80022837,
0x884503,
0x4050663,
0x784683,
0x884703,
0x593,
0x2537,
0x4fe50513,
0xa487b3,
0x2e5d863,
0xb68633,
0xb78533,
0xc50023,
0x158593,
0xfee5c8e3,
0x180006f,
0xa8393,
0x7c455a03,
0xfa0b1ae3,
0xa0b13,
0xfadff06f,
0x684503,
0xfff50513,
0x153513,
0x25b7,
0x48058593,
0xb485b3,
0xa58023,
0x2537,
0x48150513,
0xa48533,
0x50023,
0x25484503,
0xff77093,
0xa050e63,
0x893,
0x813,
0x800227b7,
0x2537,
0x4fe50513,
0xa482b3,
0x2537,
0x45650513,
0xa48333,
0x80006f,
0x188893,
0x418d663,
0x613,
0x80006f,
0x160613,
0x2547c503,
0xfea654e3,
0xf605b3,
0x2465c503,
0xffd556e3,
0x11286b3,
0x6c703,
0x2465c503,
0xfca71ee3,
0x68683,
0xff87513,
0x180813,
0xa30533,
0xd50023,
0xfc5ff06f,
0x593,
0xff87693,
0x2537,
0x45650513,
0xa487b3,
0x2537,
0x47250513,
0xa48733,
0x74d5dc63,
0xb78533,
0x50603,
0xb70533,
0xc50023,
0x158593,
0xfed5c6e3,
0x73c0006f,
0x713,
0x6008863,
0x793,
0xff00813,
0x2537,
0x4fe50513,
0xa488b3,
0x80006f,
0x170713,
0xff7f613,
0x2175463,
0xe885b3,
0x5c683,
0xff87513,
0xa6d463,
0x5c803,
0x5c503,
0xfca65ee3,
0x5c783,
0xfd5ff06f,
0x2537,
0x48050513,
0xa48533,
0x54503,
0x51463,
0x813,
0xff87513,
0x40a60533,
0x150713,
0x593,
0xd00613,
0x2537,
0x44850513,
0xa486b3,
0xb64a63,
0xb68533,
0x50023,
0x158593,
0xfeb65ae3,
0xff77693,
0x6068a63,
0x2537,
0x48150513,
0xa48533,
0x54503,
0xc050063,
0x80022637,
0x24564503,
0x100593,
0xb50663,
0x24464503,
0x4a5c463,
0x16d593,
0x4e058a63,
0x2537,
0x48050513,
0xa48533,
0x54503,
0x30050e63,
0x500513,
0x3aa5f263,
0x80022537,
0x24454503,
0x2537,
0x44650513,
0xa48533,
0x50023,
0x100293,
0x4bc0006f,
0x813,
0xff87713,
0x60070c63,
0x2537,
0x48050513,
0xa48533,
0x54503,
0xc050463,
0x613,
0x2537,
0x44850513,
0xa487b3,
0xce65c63,
0x2537,
0x4fe50513,
0xa48533,
0x50683,
0xc785b3,
0x58503,
0xd50533,
0xa58023,
0x160613,
0xfce64ee3,
0xac0006f,
0x80022637,
0x24464583,
0x300513,
0x26b54e63,
0x24564583,
0x100513,
0x2aa59263,
0x2537,
0x48050513,
0xa48533,
0x54503,
0x36050863,
0xe00513,
0xd57463,
0x2740106f,
0x269593,
0x20537,
0x2c50513,
0xa58533,
0x52503,
0x50067,
0x80022537,
0x24454583,
0xfff58613,
0x300513,
0xa66463,
0x5c0106f,
0x2537,
0x43650513,
0xa48533,
0x50023,
0x400513,
0x100106f,
0x1029513,
0x1055513,
0x50e63,
0x80022537,
0x24350503,
0x25b7,
0x44858593,
0xb485b3,
0xa58023,
0x593,
0x80022637,
0x2537,
0x41a50513,
0xa486b3,
0x24564503,
0x2a70533,
0xa5de63,
0xb68533,
0x50023,
0x158593,
0x24564503,
0x2a70533,
0xfea5c6e3,
0x80022537,
0x24554583,
0x200513,
0x8a59463,
0xfff70693,
0x171813,
0x2537,
0x44850513,
0xa48733,
0xe80533,
0xfff50613,
0x206c463,
0xd705b3,
0x58503,
0x150513,
0xa60023,
0x58503,
0xfea60fa3,
0xfff68693,
0xffe60613,
0xfe06d0e3,
0x100793,
0xff87613,
0x800226b7,
0x2537,
0x41a50513,
0xa48733,
0x100593,
0x2456c503,
0x2a60533,
0xa5de63,
0xb70533,
0xf50023,
0x258593,
0x2456c503,
0x2a60533,
0xfea5c6e3,
0x713,
0x693,
0xff87793,
0x2537,
0x4fe50513,
0xa488b3,
0x2537,
0x44850513,
0xa48833,
0x2537,
0x40c50513,
0xa482b3,
0x80006f,
0x170713,
0x593,
0x174663,
0x340006f,
0x158593,
0xfef5d6e3,
0xe88533,
0x54603,
0xb80533,
0x54503,
0xfea614e3,
0xff6f513,
0x168693,
0xa28533,
0xb50023,
0xfd5ff06f,
0xff6ff13,
0x2537,
0x40c50513,
0xa48833,
0x2537,
0x44850513,
0xa487b3,
0x2537,
0x47250513,
0xa48733,
0x3e5d263,
0xb80533,
0x54503,
0xa78533,
0x50603,
0xb70533,
0xc50023,
0x158593,
0xffe5c2e3,
0x593,
0xff6f693,
0x2537,
0x40c50513,
0xa48833,
0x2537,
0x41a50513,
0xa487b3,
0x2537,
0x46450513,
0xa48733,
0x36d5d263,
0xb80533,
0x54503,
0xa78533,
0x50603,
0xb70533,
0xc50023,
0x158593,
0xfed5c2e3,
0x3400006f,
0x813,
0x5c0106f,
0x80022737,
0x24374603,
0x200513,
0xca61463,
0xffc58613,
0x300513,
0x16a67663,
0x80022537,
0x24454503,
0x200513,
0xcc0006f,
0x2537,
0x48050513,
0xa48533,
0x54503,
0x10050463,
0xe00513,
0x44d562e3,
0x7537,
0xd55533,
0x157513,
0x46051ae3,
0x30000513,
0xd55533,
0x157513,
0x4a0516e3,
0x1537,
0xc0050513,
0xd55533,
0x157513,
0x400508e3,
0x80022537,
0x24454583,
0x100513,
0x5aa596e3,
0x5610006f,
0xffb58613,
0x300513,
0x12a67663,
0x80022537,
0x24454503,
0xc4050ae3,
0x2537,
0x44650513,
0xa48533,
0x50023,
0x400513,
0x2637,
0x44760613,
0xc48633,
0xa60023,
0x200293,
0xf80006f,
0x24374503,
0x300613,
0xec51663,
0xffc58513,
0xea66063,
0x80022537,
0x24454503,
0x300513,
0x2637,
0x44660613,
0xc48633,
0xa60023,
0x100293,
0xc00006f,
0xffc68593,
0xa00513,
0x70b564e3,
0x259593,
0x20537,
0x50513,
0xa58533,
0x52503,
0x50067,
0x80022537,
0x24454583,
0x300513,
0x4eb57ee3,
0x6dd0006f,
0xe00513,
0x6cd56ae3,
0x3f000513,
0xd55533,
0x157513,
0x32051ee3,
0x2537,
0xc0050513,
0xd55533,
0x157513,
0x42050ae3,
0x80022537,
0x24454583,
0x100513,
0x4aa59ce3,
0x4090006f,
0x700513,
0x2a59e63,
0x80022537,
0x24454503,
0xe80508e3,
0x200293,
0x2537,
0x44650513,
0xa48533,
0x550023,
0x600513,
0x2637,
0x44760613,
0xc48633,
0xa60023,
0x80006f,
0x293,
0x2537,
0x48050513,
0xa48533,
0x54503,
0x40b68833,
0x50e63,
0xff87593,
0x500513,
0x2a5fe63,
0x80022537,
0x24454503,
0x900006f,
0x80022637,
0x24364583,
0x200513,
0x2a59863,
0xff87593,
0xffb58613,
0x300513,
0x2a66c63,
0x400513,
0xfca588e3,
0x2a10006f,
0xffb58593,
0x300513,
0x2a5e063,
0x2910006f,
0x24364503,
0x300593,
0x4b51e63,
0xff87613,
0xffb60513,
0x26b578e3,
0x80022537,
0x24454503,
0x2050863,
0x2537,
0x44450513,
0xa48533,
0x50023,
0x400513,
0x25b7,
0x44558593,
0xb485b3,
0xa58023,
0x200893,
0x180006f,
0x2537,
0x44450513,
0xa48533,
0x50023,
0x100893,
0x593,
0x1029513,
0x1055693,
0x2537,
0x44650513,
0xa487b3,
0x2537,
0x44850513,
0xa48733,
0xd5de63,
0xb78533,
0x50603,
0xb70533,
0xc50023,
0x158593,
0xfed5c6e3,
0x593,
0x2537,
0x44450513,
0xa487b3,
0x2537,
0x44850513,
0xa48733,
0x2d5d063,
0xb78533,
0x50503,
0xa80633,
0xb70533,
0xc50023,
0x158593,
0xfed5c4e3,
0x10537,
0xfff50513,
0xa2f5b3,
0xa8f533,
0xa58833,
0xff87713,
0x9e0718e3,
0xf13,
0x593,
0x2537,
0x2f950513,
0xa48633,
0x75da63,
0xb60533,
0x50023,
0x158593,
0xfe75cae3,
0x613,
0x800226b7,
0xa68593,
0x2537,
0x2f950513,
0xa487b3,
0x100713,
0x2306d503,
0x2a65263,
0x5d503,
0x2757533,
0xa78533,
0xe50023,
0x160613,
0x258593,
0x2306d503,
0xfea642e3,
0x593,
0x693,
0x2537,
0x2f950513,
0xa48633,
0x80006f,
0x158593,
0x75dc63,
0xb60533,
0x54503,
0xfe0508e3,
0x168693,
0xfe9ff06f,
0x593,
0x613,
0xff6fb93,
0x2537,
0x2f950513,
0xa486b3,
0x2537,
0x1e650513,
0xa48733,
0x80006f,
0x158593,
0x275d263,
0xb68533,
0x54503,
0xfe0508e3,
0xff67513,
0x160613,
0xa70533,
0xb50023,
0xfddff06f,
0xff67713,
0x2537,
0x1e650513,
0xa48833,
0xe805b3,
0xff00513,
0xa58023,
0x800226b7,
0x3486c503,
0x2051863,
0x593,
0x2537,
0xd350513,
0xa487b3,
0xe5de63,
0xb80533,
0x50603,
0xb78533,
0xc50023,
0x158593,
0xfee5c6e3,
0x593,
0x2346a503,
0xa5f863,
0x158593,
0x2346a503,
0xfea5ece3,
0x80022637,
0x24264883,
0x24064503,
0x100593,
0x8b51863,
0x2537,
0xcd50513,
0xa48533,
0x50023,
0x200513,
0x26b7,
0xce68693,
0xd486b3,
0xa68023,
0x400513,
0x26b7,
0xcf68693,
0xd486b3,
0xa68023,
0x600313,
0x2537,
0xd050513,
0xa48533,
0x650023,
0x800513,
0x26b7,
0xd168693,
0xd486b3,
0xa68023,
0xa00513,
0x26b7,
0xd268693,
0xd486b3,
0xa68023,
0x2537,
0xca50513,
0xa48533,
0x715ca63,
0x50023,
0xf80006f,
0x2537,
0xcd50513,
0xa48533,
0x50023,
0x2537,
0xce50513,
0xa48533,
0xb50023,
0x600513,
0x26b7,
0xcf68693,
0xd486b3,
0xa68023,
0x700513,
0x26b7,
0xd068693,
0xd486b3,
0xa68023,
0x4b89063,
0x2537,
0xca50513,
0xa48533,
0x50023,
0x400313,
0x100893,
0x900006f,
0x50023,
0x100513,
0x25b7,
0xcb58593,
0xb485b3,
0xa58023,
0x200893,
0x700006f,
0x88513,
0x200893,
0x3151663,
0x2537,
0xca50513,
0xa48533,
0x50023,
0x2537,
0xcb50513,
0xa48533,
0x1150023,
0x400313,
0x3c0006f,
0x2537,
0xca50513,
0xa48533,
0x50023,
0x2537,
0xcb50513,
0xa48533,
0x1150023,
0x400313,
0x2537,
0xcc50513,
0xa48533,
0x650023,
0x300893,
0x793,
0x564f83,
0x2b648713,
0x80022837,
0x2537,
0x1e650513,
0xa486b3,
0x3c4a503,
0x7ca85503,
0x2a7de63,
0x593,
0x70613,
0x175de63,
0xb68533,
0x54503,
0xa61023,
0x158593,
0x260613,
0xff75c6e3,
0x178793,
0x22670713,
0x3c4a503,
0x7ca85503,
0xfca7c6e3,
0x224a823,
0xff010293,
0x28113,
0x593,
0xb00613,
0x100693,
0xb64a63,
0xb28533,
0xd50023,
0x158593,
0xfeb65ae3,
0x800226b7,
0x26d6c503,
0x593,
0x1150833,
0x2af48713,
0x26d6c503,
0x2a5d063,
0xd58533,
0x26950603,
0xb70533,
0xc50023,
0x158593,
0x26d6c503,
0xfea5c4e3,
0x593,
0x2537,
0xca50513,
0xa487b3,
0x80022737,
0x2af48693,
0x315d263,
0xb78533,
0x50603,
0x26d74503,
0xa58533,
0xa68533,
0xc50023,
0x158593,
0xff15c2e3,
0x713,
0x25b48793,
0xff87693,
0x2537,
0xcd50513,
0xa488b3,
0x2af48813,
0x2675e63,
0x593,
0x2d5d463,
0xe88533,
0x50603,
0xb80533,
0x50503,
0xa60633,
0xb78533,
0xc50023,
0x158593,
0xfed5c0e3,
0x170713,
0x778793,
0xfc6746e3,
0xff010893,
0x88113,
0x813,
0x25b48713,
0xb00793,
0xc0006f,
0x180813,
0x770713,
0x2685863,
0x593,
0x80006f,
0x158593,
0xfed5d4e3,
0xb70633,
0x64503,
0xfea7c8e3,
0x64503,
0xa28533,
0x50023,
0xfe1ff06f,
0x393,
0x593,
0xb00613,
0x80006f,
0x158593,
0x2b64063,
0xb28533,
0x54503,
0xfe0508e3,
0x788533,
0x138393,
0xb50023,
0xfe1ff06f,
0x593,
0x18948613,
0x1d5da63,
0xb60533,
0x50023,
0x158593,
0xffd5cae3,
0x813,
0x2537,
0x4fe50513,
0xa48e33,
0x18948313,
0xc00293,
0xb00693,
0xe00793,
0x19748713,
0x4185063,
0x10e0633,
0x64503,
0x593,
0xa30533,
0x550023,
0x2b6c063,
0x64503,
0x2f50533,
0xa58533,
0xa70533,
0xb50023,
0x158593,
0xfeb6d4e3,
0x180813,
0xfc1844e3,
0x293,
0x10f1513,
0x1055f13,
0x2537,
0x47250513,
0xa48e33,
0x18948313,
0xe00813,
0x19748793,
0x5e2d463,
0x5e0733,
0x74503,
0x593,
0xa30533,
0x750023,
0x275d463,
0x74603,
0xb88533,
0x50683,
0x3060533,
0xa58533,
0xa78533,
0xd50023,
0x158593,
0xfe75c0e3,
0x128293,
0xfde2c0e3,
0x204ac23,
0x613,
0x2537,
0x4fe50513,
0xa48833,
0x22600793,
0x2b648713,
0x10537,
0xfff50693,
0x18948893,
0x80006f,
0x160613,
0x4165263,
0xc805b3,
0x5c503,
0x2f50533,
0xa70533,
0x55503,
0xfed502e3,
0x5c503,
0xa88533,
0x54503,
0x2ab85b3,
0x384a503,
0x1051513,
0x1055513,
0xb50533,
0x2a4ac23,
0xfbdff06f,
0x313,
0xc93,
0x41e08533,
0xc00993,
0x33505b3,
0x3e38533,
0xa58533,
0x2a4aa23,
0x344a503,
0x14a49023,
0x2537,
0xd4050513,
0x13,
0x13,
0x13,
0x13,
0x13,
0x13,
0x13,
0x13,
0x13,
0x13,
0x800705b,
0x13,
0x13,
0x13,
0x13,
0x13,
0x13,
0x13,
0x13,
0x13,
0x13,
0x801ff5b7,
0x100513,
0xa5a223,
0x80100e37,
0x35e85b3,
0x2537,
0x4fe50513,
0xa48533,
0x54603,
0xffff8513,
0x2a58533,
0x33502b3,
0x3560533,
0x33508b3,
0x2537,
0x4fe50513,
0xa48db3,
0x22600913,
0x2b648f93,
0x10537,
0xfff50d13,
0x18948393,
0xe00f13,
0x19748e93,
0x80006f,
0x1c8c93,
0xa1cde63,
0x19d87b3,
0x7c503,
0x3250533,
0xaf8533,
0x55503,
0xffa502e3,
0x813,
0xfd785ee3,
0x613,
0x7c503,
0xa38533,
0x54503,
0x6a65e63,
0x7c583,
0x3e58733,
0x3258533,
0xaf86b3,
0x181513,
0xa68533,
0x55683,
0xe60533,
0xae8533,
0x54703,
0x1668533,
0x41450533,
0x3350533,
0xa706b3,
0x2ba8533,
0x3350533,
0xa68533,
0x550533,
0x411505b3,
0x1031513,
0x1055513,
0x151513,
0xae0533,
0xb51023,
0x160613,
0x130313,
0x7c503,
0xa38533,
0x54503,
0xf8a646e3,
0x180813,
0xf77848e3,
0xf45ff06f,
0x801ff737,
0x72223,
0x384a503,
0x1051513,
0x1055593,
0x840015ab,
0x0,
0x13,
0x13,
0x13,
0x13,
0x13,
0x13,
0x13,
0x13,
0x13,
0x13,
0x13,
0x13,
0x13,
0x13,
0x13,
0x13,
0x13,
0x13,
0x13,
0x13,
0x13,
0x13,
0x13,
0x13,
0x13,
0x800705b,
0x344a503,
0x10a49023,
0x3c4a503,
0x800226b7,
0x7c269603,
0xc00513,
0x2a60533,
0xca49023,
0x86c503,
0x8a49023,
0x384a503,
0x4a49023,
0x159613,
0x800705b,
0x76682537,
0xd7150513,
0x2a72423,
0x500513,
0x2a72623,
0x80100537,
0x800005b7,
0xb50533,
0x2a72823,
0x2c72a23,
0x4048513,
0xb50533,
0x2a72c23,
0x4000613,
0x2c72e23,
0x10048513,
0xb50533,
0x4a72023,
0x4c72223,
0xc048513,
0xb50533,
0x4a72423,
0x4c72623,
0x8048513,
0xb50533,
0x4a72823,
0x4c72a23,
0x72023,
0x304a103,
0x2537,
0x54050513,
0x40a40133,
0x2537,
0xd5050513,
0xa10133,
0x7ec12083,
0x7e812403,
0x7e412483,
0x7e012903,
0x7dc12983,
0x7d812a03,
0x7d412a83,
0x7d012b03,
0x7cc12b83,
0x7c812c03,
0x7c412c83,
0x7c012d03,
0x7bc12d83,
0x7f010113,
0x8067,
0xffb68593,
0x300513,
0x38a5f663,
0x80022537,
0x24454503,
0x100813,
0x36a86e63,
0x2537,
0x43650513,
0xa48533,
0x50023,
0x36c0006f,
0x400513,
0xd2a60863,
0x893,
0xdd4ff06f,
0x80022537,
0x24454583,
0x100513,
0x16a59063,
0x2537,
0x43650513,
0xa48533,
0x50023,
0x900513,
0x1140006f,
0x80022537,
0x24454583,
0x100513,
0x18b54463,
0x12058c63,
0x100513,
0xaa58c63,
0x3100006f,
0x80022537,
0x24454583,
0x100513,
0x10a59c63,
0x2537,
0x43650513,
0xa48533,
0x50023,
0x500513,
0xcc0006f,
0x80022537,
0x24454583,
0xffe58613,
0x200513,
0x1ca66e63,
0x100513,
0xea59263,
0x2537,
0x43650513,
0xa48533,
0x50023,
0x600513,
0x980006f,
0x80022537,
0x24454583,
0x100513,
0x14b54063,
0xa058e63,
0x100513,
0x28a59c63,
0x2537,
0x43650513,
0xa48533,
0x50023,
0x800513,
0x640006f,
0x6537,
0xd55533,
0x157513,
0x26050863,
0x80022537,
0x24454583,
0x100513,
0x6a59c63,
0x2537,
0x43650513,
0xa48533,
0x50023,
0xa00513,
0x2c0006f,
0x80022537,
0x24454583,
0xfff58613,
0x300513,
0x4a67663,
0x2537,
0x43650513,
0xa48533,
0x50023,
0x700513,
0x25b7,
0x43758593,
0xb485b3,
0xa58023,
0x200813,
0x20c0006f,
0x80022537,
0x24454583,
0xffe58613,
0x200513,
0x24a66063,
0x100513,
0xeaa584e3,
0x1e059463,
0x2537,
0x43650513,
0xa48533,
0x50023,
0x100813,
0x1d40006f,
0x80022537,
0x24454583,
0x100513,
0x10b54263,
0xfc058ce3,
0x100513,
0x1aa59a63,
0x2537,
0x43650513,
0xa48533,
0x50023,
0xb00513,
0xf81ff06f,
0x200513,
0x2a59c63,
0x2537,
0x43650513,
0xa48533,
0x50023,
0x500513,
0x25b7,
0x43758593,
0xb485b3,
0xa58023,
0xa00513,
0x2340006f,
0x200513,
0x1ca58c63,
0x300513,
0x14a59c63,
0x25b7,
0x43658593,
0xb485b3,
0x58023,
0x25b7,
0x43758593,
0xb485b3,
0xa58023,
0x600513,
0x25b7,
0x43858593,
0xb485b3,
0xa58023,
0x900513,
0xac0006f,
0x80022537,
0x24454583,
0x100513,
0xab54a63,
0xf20582e3,
0x100513,
0xdaa58ee3,
0xfc0006f,
0x2537,
0x43650513,
0xa48533,
0x50023,
0x300813,
0x2537,
0x43750513,
0xa48533,
0x1050023,
0x600513,
0x25b7,
0x43858593,
0xb485b3,
0xa58023,
0xc40006f,
0x200513,
0x14a58e63,
0x300513,
0xaa59863,
0x2537,
0x43650513,
0xa48533,
0x50023,
0x500513,
0x25b7,
0x43758593,
0xb485b3,
0xa58023,
0x800513,
0x25b7,
0x43858593,
0xb485b3,
0xa58023,
0xb00513,
0x25b7,
0x43958593,
0xb485b3,
0xa58023,
0x400813,
0x600006f,
0x200513,
0xaa58063,
0x300813,
0x5059663,
0x2537,
0x43650513,
0xa48533,
0x50023,
0x500513,
0x25b7,
0x43758593,
0xb485b3,
0xa58023,
0x800513,
0x25b7,
0x43858593,
0xb485b3,
0xa58023,
0xb00513,
0x25b7,
0x43958593,
0xf3dff06f,
0x813,
0x593,
0x2537,
0x43650513,
0xa48733,
0x2537,
0x44850513,
0xa486b3,
0x105de63,
0xb70533,
0x50603,
0xb68533,
0xc50023,
0x158593,
0xff05c6e3,
0x100293,
0xff87713,
0xac070863,
0xcb9fe06f,
0x2537,
0x43650513,
0xa48533,
0x50023,
0x600513,
0x25b7,
0x43758593,
0xb485b3,
0xa58023,
0x900513,
0x580006f,
0x2537,
0x43650513,
0xa48533,
0x50023,
0x400513,
0x25b7,
0x43758593,
0xb485b3,
0xa58023,
0x800513,
0x2c0006f,
0x2537,
0x43650513,
0xa48533,
0x50023,
0x700513,
0x25b7,
0x43758593,
0xb485b3,
0xa58023,
0xb00513,
0x25b7,
0x43858593,
0xb485b3,
0xa58023,
0x300813,
0xf25ff06f,
0x0,
0x0,
0x0,
0x0,
0x0,
0x0,
0x0,
0x0,
0x0,
0x78c,
0x78c,
0x78c,
0x78c,
0x1434,
0x1434,
0x1474,
0x1474,
0x1560,
0x14ac,
0x14ac,
0x78c,
0x78c,
0x78c,
0x78c,
0x78c,
0x420,
0x420,
0x420,
0x1394,
0x1394,
0x13c8,
0x13c8,
0x134c,
0x134c,
0x134c,
0x0,
0x0,
0x0,
0x0,
0x0,
0x0,
0x93,
0x113,
0x193,
0x213,
0x293,
0x313,
0x393,
0x413,
0x493,
0x513,
0x593,
0x613,
0x693,
0x713,
0x793,
0x813,
0x893,
0x913,
0x993,
0xa13,
0xa93,
0xb13,
0xb93,
0xc13,
0xc93,
0xd13,
0xd93,
0xe13,
0xe93,
0xf13,
0xf93,
0x24137,
0x8000ef,
0x100073,
0xc0010113,
0x3e112e23,
0x3e812c23,
0x3e912a23,
0x3f212823,
0x3f312623,
0x3f412423,
0x3f512223,
0x3f612023,
0x3d712e23,
0x3d812c23,
0x3d912a23,
0x3da12823,
0x40010413,
0xfc017113,
0x10493,
0x50993,
0x801ff537,
0x52223,
0x80022537,
0x55e03,
0x255b03,
0x7c255a83,
0x40e0663,
0x7c455a03,
0x40b0863,
0x80022837,
0x7ca85e83,
0x584f03,
0x884503,
0x4050263,
0x784683,
0x884703,
0x593,
0x3c248793,
0x2e5d863,
0xb68633,
0xb78533,
0xc50023,
0x158593,
0xfee5c8e3,
0x180006f,
0xa8e13,
0x7c455a03,
0xfa0b1ce3,
0xa0b13,
0xfb1ff06f,
0x684503,
0xfff50513,
0x153513,
0x38a48023,
0x380480a3,
0x25484503,
0x1a050663,
0x893,
0x813,
0xff77393,
0x800227b7,
0x3c248293,
0x35648313,
0x80006f,
0x188893,
0x478d663,
0x613,
0x80006f,
0x160613,
0x2547c503,
0xfea654e3,
0xf605b3,
0x2465c503,
0xffd556e3,
0x11286b3,
0x6c703,
0x2465c503,
0xfca71ee3,
0x68683,
0xff87513,
0x180813,
0xa30533,
0xd50023,
0xfc5ff06f,
0x593,
0xff87693,
0x35648793,
0x37248713,
0xd5de63,
0xb78533,
0x50603,
0xb70533,
0xc50023,
0x158593,
0xfed5c6e3,
0x593,
0x22348613,
0x1c5da63,
0xb60533,
0x50023,
0x158593,
0xffc5cae3,
0x613,
0x800226b7,
0xa68593,
0x22348793,
0x100713,
0x2306d503,
0x2a65263,
0x5d503,
0x3c57533,
0xa78533,
0xe50023,
0x160613,
0x258593,
0x2306d503,
0xfea642e3,
0x693,
0x593,
0x22348613,
0x80006f,
0x158593,
0x1c5dc63,
0xb60533,
0x54503,
0xfe0508e3,
0x168693,
0xfe9ff06f,
0x613,
0x593,
0xff6fb93,
0x22348693,
0x11048713,
0x80006f,
0x158593,
0x3c5d263,
0xb68533,
0x54503,
0xfe0508e3,
0xff67513,
0x160613,
0xa70533,
0xb50023,
0xfddff06f,
0x80022637,
0x27e64903,
0x10c9513,
0x1055c13,
0x20c0a63,
0x593,
0x37906b3,
0x23462503,
0xa5f863,
0x158593,
0x23462503,
0xfea5ece3,
0x100513,
0x6051263,
0x1855663,
0x150513,
0xff854ee3,
0xd13,
0x540006f,
0xff77393,
0x40038463,
0x713,
0x793,
0xff00813,
0x3c248893,
0x80006f,
0x170713,
0xff7f613,
0x30775e63,
0xe885b3,
0x5c683,
0xff87513,
0xa6d463,
0x5c803,
0x5c503,
0xfca65ee3,
0x5c783,
0xfd5ff06f,
0x2dc0d33,
0x1537,
0x80050513,
0x13,
0x13,
0x13,
0x13,
0x13,
0x13,
0x13,
0x13,
0x13,
0x13,
0x800705b,
0x13,
0x13,
0x13,
0x13,
0x13,
0x13,
0x13,
0x13,
0x13,
0x13,
0x801ff5b7,
0x100513,
0xa5a223,
0x80100e37,
0x3c24c503,
0x613,
0x393,
0x593,
0x3550533,
0xc00693,
0x2d50333,
0x35e8533,
0x2d50533,
0x1e5da63,
0xc383b3,
0x158593,
0xa60633,
0xffe5cae3,
0x793,
0x293,
0x11048f93,
0xc00893,
0x80022f37,
0x37248e93,
0x80006f,
0x128293,
0x782de63,
0x813,
0xff785ae3,
0x693,
0x726d063,
0x10f8533,
0x54503,
0x3150733,
0x1e68533,
0x27254583,
0x5e8533,
0x54603,
0x1670533,
0x41450533,
0xa585b3,
0x2ca8533,
0x3150533,
0xa58533,
0x750533,
0x406505b3,
0x1079513,
0x1055513,
0x151513,
0xae0533,
0xb51023,
0x168693,
0x178793,
0xfb26c4e3,
0x180813,
0xf9784ce3,
0xf85ff06f,
0x693,
0x801ff5b7,
0x5a223,
0x1537,
0x80050513,
0x8400152b,
0x0,
0x8400152b,
0x0,
0x8400152b,
0x0,
0x8400152b,
0x0,
0x8400152b,
0x0,
0x8400152b,
0x2000000,
0x13,
0x13,
0x13,
0x13,
0x13,
0x13,
0x13,
0x13,
0x13,
0x13,
0x800705b,
0x13,
0x13,
0x13,
0x13,
0x13,
0x13,
0x13,
0x13,
0x13,
0x13,
0x100513,
0xa5a223,
0x80100637,
0x37248713,
0x386d263,
0xd70533,
0x54583,
0x3c24c503,
0x40a58533,
0xa61023,
0x168693,
0x260613,
0xff86c2e3,
0x801ff6b7,
0x6a223,
0xd949023,
0x10537,
0xfff50513,
0xad75b3,
0xacf633,
0x2c5d533,
0x8a49023,
0x200513,
0x4a49023,
0x159593,
0x161713,
0x800705b,
0xb8ff1537,
0xc7550513,
0x2a6a423,
0x500513,
0x2a6a623,
0x80101537,
0x80000637,
0xc50533,
0x2a6a823,
0x2b6aa23,
0x80100537,
0xc50533,
0x2a6ac23,
0x2e6ae23,
0xc048513,
0xc50533,
0x4a6a023,
0x4000593,
0x4b6a223,
0x8048513,
0xc50533,
0x4a6a423,
0x4b6a623,
0x4048513,
0xc50533,
0x4a6a823,
0x4b6aa23,
0x6a023,
0xc0040113,
0x3fc12083,
0x3f812403,
0x3f412483,
0x3f012903,
0x3ec12983,
0x3e812a03,
0x3e412a83,
0x3e012b03,
0x3dc12b83,
0x3d812c03,
0x3d412c83,
0x3d012d03,
0x40010113,
0x8067,
0x3804c503,
0x51463,
0x813,
0xff87513,
0x40a60533,
0x150713,
0x593,
0xd00613,
0x34848693,
0xb64a63,
0xb68533,
0x50023,
0x158593,
0xfeb65ae3,
0xff77693,
0x4068863,
0x3814c503,
0xa050063,
0x80022637,
0x24564503,
0x100593,
0xb50663,
0x24464503,
0x2a5c863,
0x16d593,
0x42058263,
0x3804c503,
0x2a050063,
0x500513,
0x30a5fe63,
0x80022537,
0x24454503,
0x34048323,
0x100293,
0x4040006f,
0x813,
0xff87713,
0x50070863,
0x3804c503,
0xa050663,
0x613,
0x34848793,
0xae65c63,
0x3c248683,
0xc785b3,
0x58503,
0xd50533,
0xa58023,
0x160613,
0xfee644e3,
0x980006f,
0x713,
0x593,
0xd00613,
0x34848693,
0xf4b656e3,
0xf59ff06f,
0x80022637,
0x24464583,
0x300513,
0x20b54a63,
0x24564583,
0x100513,
0x22a59e63,
0x3804c503,
0x2e050263,
0xe00513,
0x76d56863,
0x269593,
0x20537,
0x2c50513,
0xa58533,
0x52503,
0x50067,
0x80022537,
0x24454583,
0xfff58613,
0x300513,
0x5ea67663,
0x32048b23,
0x400513,
0x5a80006f,
0x1029513,
0x1055513,
0x50863,
0x80022537,
0x24350503,
0x34a48423,
0x80022637,
0x24564503,
0x10f93,
0x2a70533,
0xf50513,
0xff057513,
0x40a10333,
0x30113,
0x593,
0x24564503,
0x2a70533,
0xa5de63,
0xb30533,
0x50023,
0x158593,
0x24564503,
0x2a70533,
0xfea5c6e3,
0x80022537,
0x24554583,
0x200513,
0x6a59a63,
0xfff70693,
0x171813,
0x34848713,
0xe80533,
0xfff50613,
0x206c463,
0xd705b3,
0x58503,
0x150513,
0xa60023,
0x58503,
0xfea60fa3,
0xfff68693,
0xffe60613,
0xfe06d0e3,
0x100713,
0xff87613,
0x800226b7,
0x100593,
0x2456c503,
0x2a60533,
0xa5de63,
0xb30533,
0xe50023,
0x258593,
0x2456c503,
0x2a60533,
0xfea5c6e3,
0xf38513,
0x1f057513,
0x40a102b3,
0x28113,
0x713,
0x693,
0xff87793,
0x3c248893,
0x34848813,
0x80006f,
0x170713,
0x593,
0x774663,
0x340006f,
0x158593,
0xfef5d6e3,
0xe88533,
0x54603,
0xb80533,
0x54503,
0xfea614e3,
0xff6f513,
0x168693,
0xa28533,
0xb50023,
0xfd5ff06f,
0xff6fc93,
0x34848793,
0x37248713,
0x395d263,
0xb28533,
0x54503,
0xa78533,
0x50603,
0xb70533,
0xc50023,
0x158593,
0xff95c2e3,
0x593,
0xff6f693,
0x36448713,
0x2d5d263,
0xb28533,
0x54503,
0xa30533,
0x50603,
0xb70533,
0xc50023,
0x158593,
0xfed5c2e3,
0xf8113,
0x593,
0x22348613,
0x8dc5c0e3,
0x8cdff06f,
0x813,
0x5a00006f,
0x80022737,
0x24374603,
0x200513,
0xaa61263,
0xffc58613,
0x300513,
0x12a67e63,
0x80022537,
0x24454503,
0x200513,
0xa80006f,
0x3804c503,
0xe050263,
0xe00513,
0x26d56a63,
0x7537,
0xd55533,
0x157513,
0x2a051463,
0x30000513,
0xd55533,
0x157513,
0x2c051a63,
0x1537,
0xc0050513,
0xd55533,
0x157513,
0x24050063,
0x80022537,
0x24454583,
0x100513,
0x38a59e63,
0x3580006f,
0xffb58613,
0x300513,
0xea67863,
0x80022537,
0x24454503,
0xcc050ee3,
0x34048323,
0x400513,
0x34a483a3,
0x200293,
0xd40006f,
0x24374503,
0x300613,
0xcc51463,
0xffc58513,
0xaa66e63,
0x80022537,
0x24454503,
0x300513,
0x34a48323,
0x100293,
0xa80006f,
0xffc68593,
0xa00513,
0x48b56663,
0x259593,
0x20537,
0x50513,
0xa58533,
0x52503,
0x50067,
0x80022537,
0x24454583,
0x300513,
0x30b57863,
0x4600006f,
0xe00513,
0x44d56c63,
0x3f000513,
0xd55533,
0x157513,
0x18051863,
0x2537,
0xc0050513,
0xd55533,
0x157513,
0x24050e63,
0x80022537,
0x24454583,
0x100513,
0x2ca59663,
0x23c0006f,
0x700513,
0x2a59263,
0x80022537,
0x24454503,
0xec0500e3,
0x200293,
0x34548323,
0x600513,
0x34a483a3,
0x80006f,
0x293,
0x3804c503,
0x40b68833,
0x50e63,
0xff87593,
0x500513,
0x2a5fe63,
0x80022537,
0x24454503,
0x780006f,
0x80022637,
0x24364583,
0x200513,
0x2a59863,
0xff87593,
0xffb58613,
0x300513,
0x2a66c63,
0x400513,
0xfca588e3,
0x11c0006f,
0xffb58593,
0x300513,
0x2a5e063,
0x10c0006f,
0x24364503,
0x300593,
0x2b51c63,
0xff87613,
0xffb60513,
0xeb57663,
0x80022537,
0x24454503,
0x50c63,
0x34048223,
0x400513,
0x34a482a3,
0x200893,
0xc0006f,
0x34048223,
0x100893,
0x593,
0x1029513,
0x1055693,
0x34648793,
0x34848713,
0xd5de63,
0xb78533,
0x50603,
0xb70533,
0xc50023,
0x158593,
0xfed5c6e3,
0x593,
0x34448793,
0x34848713,
0x2d5d063,
0xb78533,
0x50503,
0xa80633,
0xb70533,
0xc50023,
0x158593,
0xfed5c4e3,
0x10537,
0xfff50513,
0xa2f5b3,
0xa8f533,
0xa58833,
0xff87713,
0xae071ce3,
0xc93,
0x593,
0x22348613,
0xe1c5c663,
0xe18ff06f,
0xffb68593,
0x300513,
0x2aa5fe63,
0x80022537,
0x24454503,
0x100813,
0x2aa86663,
0x32048b23,
0x593,
0x33648713,
0x34848693,
0x2b05c663,
0x2c00006f,
0x400513,
0xeaa60ae3,
0x893,
0xf35ff06f,
0x80022537,
0x24454583,
0x100513,
0x10a59e63,
0x32048b23,
0x900513,
0xd80006f,
0x80022537,
0x24454583,
0x100513,
0x14b54463,
0x10058063,
0x100513,
0x8a58a63,
0x2480006f,
0x80022537,
0x24454583,
0x100513,
0xea59063,
0x32048b23,
0x500513,
0x9c0006f,
0x80022537,
0x24454583,
0xffe58613,
0x200513,
0x16a66663,
0x100513,
0xaa59c63,
0x32048b23,
0x600513,
0x740006f,
0x80022537,
0x24454583,
0x100513,
0x10b54063,
0x8058e63,
0x100513,
0x1ea59463,
0x32048b23,
0x800513,
0x4c0006f,
0x6537,
0xd55533,
0x157513,
0x1c050663,
0x80022537,
0x24454583,
0x100513,
0x6a59263,
0x32048b23,
0xa00513,
0x200006f,
0x80022537,
0x24454583,
0xfff58613,
0x300513,
0x4a67263,
0x32048b23,
0x700513,
0x32a48ba3,
0x200813,
0x593,
0x33648713,
0x34848693,
0x1905c863,
0x1a40006f,
0x80022537,
0x24454583,
0xffe58613,
0x200513,
0x1aa66063,
0x100513,
0xeea586e3,
0x14059c63,
0x32048b23,
0x100813,
0x593,
0x33648713,
0x34848693,
0x1505ca63,
0x1680006f,
0x80022537,
0x24454583,
0x100513,
0xab54463,
0xfc058ae3,
0x100513,
0x12a59063,
0x32048b23,
0xb00513,
0xf85ff06f,
0x200513,
0x2a59063,
0x32048b23,
0x500513,
0x32a48ba3,
0xa00513,
0x16c0006f,
0x200513,
0x14a58063,
0x300513,
0xea59463,
0x32048b23,
0x32a48ba3,
0x600513,
0x32a48c23,
0x900513,
0x740006f,
0x80022537,
0x24454583,
0x100513,
0x8b54063,
0xf60584e3,
0x100513,
0xe4a582e3,
0xb00006f,
0x32048b23,
0x300813,
0x33048ba3,
0x600513,
0x32a48c23,
0x593,
0x33648713,
0x34848693,
0xb05c063,
0xb40006f,
0x200513,
0xea58263,
0x300513,
0x6a59c63,
0x32048b23,
0x500513,
0x32a48ba3,
0x800513,
0x32a48c23,
0xb00513,
0x32a48ca3,
0x400813,
0x593,
0x33648713,
0x34848693,
0x505ce63,
0x700006f,
0x200513,
0x6a58c63,
0x300813,
0x3059a63,
0x32048b23,
0x500513,
0x32a48ba3,
0x800513,
0x32a48c23,
0xb00513,
0x32a48ca3,
0x593,
0x33648713,
0x34848693,
0x105ce63,
0x300006f,
0x813,
0x593,
0x33648713,
0x34848693,
0x105de63,
0xb70533,
0x50603,
0xb68533,
0xc50023,
0x158593,
0xff05c6e3,
0x100293,
0xff87713,
0xfe071463,
0xcf1ff06f,
0x32048b23,
0x600513,
0x32a48ba3,
0x900513,
0x280006f,
0x32048b23,
0x400513,
0x32a48ba3,
0x800513,
0x140006f,
0x32048b23,
0x700513,
0x32a48ba3,
0xb00513,
0x32a48c23,
0x300813,
0x593,
0x33648713,
0x34848693,
0xf905c6e3,
0xfa1ff06f,
0x0,
0x0,
0x0,
0x0,
0x0,
0x0,
0x0,
0x0,
0x0,
0x0,
0x0,
0xa54,
0xa54,
0xa54,
0xa54,
0xd18,
0xd18,
0xd50,
0xd50,
0xdf8,
0xd8c,
0xd8c,
0xa54,
0xa54,
0xa54,
0xa54,
0xa54,
0x770,
0x770,
0x770,
0xc9c,
0xc9c,
0xcc4,
0xcc4,
0xc60,
0xc60,
0xc60,
0x0,
0x0,
0x0,
0x0,
0x0,
0x0,
0x93,
0x113,
0x193,
0x213,
0x293,
0x313,
0x393,
0x413,
0x493,
0x513,
0x593,
0x613,
0x693,
0x713,
0x793,
0x813,
0x893,
0x913,
0x993,
0xa13,
0xa93,
0xb13,
0xb93,
0xc13,
0xc93,
0xd13,
0xd93,
0xe13,
0xe93,
0xf13,
0xf93,
0x24137,
0x8000ef,
0x100073,
0xf8010113,
0x6112e23,
0x6812c23,
0x6912a23,
0x7212823,
0x7312623,
0x7412423,
0x7512223,
0x7612023,
0x5712e23,
0x5812c23,
0x5912a23,
0x5a12823,
0x5b12623,
0x8010413,
0xf8b42423,
0x50293,
0x10000513,
0x40000513,
0x80022637,
0x65503,
0x265383,
0xf8842583,
0x7f00593,
0xf8842683,
0xb39463,
0x7c465383,
0x800225b7,
0x85c503,
0x75c783,
0x65c603,
0xa78533,
0xfff50513,
0x60463,
0x78613,
0x2445c703,
0x2435c803,
0x2455ce83,
0x2305de03,
0x65c583,
0x1051513,
0x1055513,
0x40c50533,
0x150613,
0x72058063,
0x80022537,
0x24554503,
0x100593,
0x1061613,
0x693,
0x76b51463,
0x1065513,
0x551593,
0x471513,
0xa585b3,
0x20537,
0x39050513,
0xa58533,
0xfe050613,
0xfac40593,
0x300713,
0xd74e63,
0x62503,
0xa5a023,
0x168693,
0x458593,
0x460613,
0xfed756e3,
0x80022537,
0x654583,
0x100513,
0x2a59863,
0x613,
0xfac40593,
0x300693,
0x2c6c263,
0x5a503,
0xf50533,
0xa5a023,
0x160613,
0x458593,
0xfec6d6e3,
0x80006f,
0xfb042623,
0xfa042423,
0xfa042223,
0xfa042023,
0x7f00513,
0xf8a42e23,
0x80022337,
0x24534583,
0x200513,
0xca59863,
0x793,
0xf8c40813,
0xfac40593,
0xf9440713,
0x300893,
0x180006f,
0xa81023,
0x178793,
0x280813,
0x458593,
0x270713,
0x2f8c263,
0x5a683,
0x5a603,
0x7f00513,
0xd71023,
0xfca60ce3,
0x5a503,
0x150513,
0xfcdff06f,
0x713,
0xf8c40793,
0xf9440693,
0xfb040513,
0x300813,
0x2e84463,
0x6d603,
0x7d583,
0xfec52e23,
0xb52023,
0x170713,
0x450513,
0x278793,
0x268693,
0xfee850e3,
0xf9e40713,
0x100693,
0xfb040613,
0x300813,
0x7f00793,
0x140006f,
0xa71023,
0x168693,
0x270713,
0x460613,
0xd84c63,
0x62583,
0x100513,
0xfef592e3,
0x7f00513,
0xfddff06f,
0x634583,
0x100513,
0x2a59263,
0xf8842503,
0x80022637,
0x7ca65583,
0xe00513,
0xa59863,
0x864583,
0x600513,
0x2a58263,
0xf8842503,
0x80022637,
0x7ca65583,
0xc00513,
0x2a59a63,
0x864583,
0x700513,
0x2a59463,
0x593,
0xfac40513,
0x300613,
0x7f00693,
0xb64a63,
0xd52023,
0x158593,
0x450513,
0xfeb65ae3,
0x80022837,
0x24184503,
0x793,
0x51463,
0x38793,
0x24084503,
0xfff50513,
0x153513,
0x251513,
0xf8842583,
0x7c085883,
0x856613,
0x1e1513,
0x1050533,
0x855703,
0x855683,
0xa85583,
0xe78533,
0x150513,
0x2a602b3,
0x40b68533,
0x150513,
0xf8842583,
0x7c685683,
0xf8842583,
0x7ce85583,
0x2a60b33,
0x100e13,
0x400a93,
0x1ce8463,
0x800a93,
0x993,
0xf13,
0x26784d03,
0x2b6fcb3,
0x35b0533,
0x40155513,
0x1000155b,
0x3c0f000,
0x1000155b,
0x4411000,
0x7f00093,
0x189b93,
0x1bec13,
0x2000a13,
0x801ffdb7,
0x1e00393,
0x10000f93,
0x40000913,
0x1f00793,
0x1e28593,
0x84211537,
0x84350513,
0x2a59533,
0xb50533,
0x1f55593,
0x40455513,
0xb508b3,
0xffe00493,
0x1fb5513,
0xab0533,
0x40155813,
0x200e93,
0x41628333,
0x8c0006f,
0x300002db,
0x1d00a,
0x180012ab,
0x9,
0x800012ab,
0x220001c,
0xc00785b,
0x400,
0x1c00182b,
0x1d,
0x8400182b,
0x6,
0x4200085b,
0x3400022,
0x8400182b,
0x1c,
0x4200085b,
0x2c00022,
0xc00785b,
0x400,
0x1099513,
0x1055513,
0x2ab05b3,
0x1f5d513,
0xa58533,
0x40155513,
0x8400182b,
0xa,
0x4000085b,
0x3c00034,
0x4000085b,
0x440002c,
0x198993,
0x1f0f13,
0x2f5f5263,
0x2f1513,
0xfac40593,
0xa585b3,
0x5a503,
0xfe1504e3,
0xf8842503,
0x80022537,
0x7ca51503,
0x5a583,
0x613,
0x3950533,
0xb50533,
0x150513,
0x3850533,
0x1151513,
0x1756533,
0x1a505b3,
0x41f5d513,
0x155513,
0xa58533,
0x800006b7,
0xd57533,
0xa586b3,
0x10001a5b,
0x2a0a800,
0x13,
0x13,
0x13,
0x13,
0x13,
0x13,
0x13,
0x13,
0x13,
0x13,
0x800705b,
0x13,
0x13,
0x13,
0x13,
0x13,
0x13,
0x13,
0x13,
0x13,
0x13,
0x1cda223,
0x80101737,
0x50070713,
0xc3ce63,
0x16f593,
0xc70533,
0xb50023,
0x16d693,
0x160613,
0xfec3d6e3,
0xda223,
0x1a2b,
0xa800,
0x100017db,
0x1204800,
0x420007db,
0x41c800,
0x300007db,
0x604804,
0x420007db,
0x41c000,
0x300007db,
0x601804,
0x420007db,
0x41b800,
0x300007db,
0x601804,
0x420007db,
0x41b000,
0x300007db,
0x601804,
0x420007db,
0x41a800,
0x300007db,
0x601804,
0x420007db,
0x41a000,
0x300007db,
0x601804,
0x420007db,
0x419800,
0x300007db,
0x601804,
0x420007db,
0x419000,
0x300007db,
0x601804,
0x420007db,
0x418800,
0x300007db,
0x601804,
0x420007db,
0x418000,
0x300007db,
0x601804,
0x420007db,
0x417800,
0x300007db,
0x601804,
0x420007db,
0x417000,
0x300007db,
0x601804,
0x420007db,
0x416800,
0x300007db,
0x601804,
0x420007db,
0x416000,
0x300007db,
0x601804,
0x420007db,
0x415800,
0x300007db,
0x601804,
0x420007db,
0x415000,
0x300007db,
0x601804,
0x420007db,
0x414800,
0x300007db,
0x601804,
0x420007db,
0x414000,
0x300007db,
0x601804,
0x420007db,
0x413800,
0x300007db,
0x601804,
0x420007db,
0x413000,
0x300007db,
0x1804,
0xc0077db,
0x600406,
0x400007db,
0xa01800,
0x100513,
0xd31556e3,
0x100017db,
0x200800,
0x420007db,
0x408000,
0x300007db,
0x200804,
0x420007db,
0x407800,
0x300007db,
0x200804,
0x420007db,
0x407000,
0x300007db,
0x200804,
0x420007db,
0x406800,
0x300007db,
0x200804,
0x420007db,
0x406000,
0x300007db,
0x200804,
0x420007db,
0x405800,
0x300007db,
0x200804,
0x420007db,
0x405000,
0x300007db,
0x804,
0x840017ab,
0x60180f,
0x400007db,
0xa01800,
0x150513,
0xf7154ae3,
0xc99ff06f,
0x1099513,
0x1055513,
0x2ab05b3,
0x1f5d513,
0xa58533,
0x40155593,
0x5a00513,
0x180015ab,
0xf00a,
0x180015ab,
0x81100a,
0x800705b,
0x526e0537,
0xfb950513,
0x801ff637,
0x2a62423,
0x200513,
0x2a62623,
0x80100537,
0x800006b7,
0xd50533,
0x2a62823,
0x2b62a23,
0x80100537,
0x40050513,
0xd50533,
0x2a62c23,
0x2b62e23,
0x62023,
0x7c12083,
0x7812403,
0x7412483,
0x7012903,
0x6c12983,
0x6812a03,
0x6412a83,
0x6012b03,
0x5c12b83,
0x5812c03,
0x5412c83,
0x5012d03,
0x4c12d83,
0x8010113,
0x8067,
0x80022537,
0x24554583,
0x693,
0x100513,
0x8a59c63,
0x1061513,
0x1055513,
0x651593,
0x471513,
0xa585b3,
0x20537,
0x1050513,
0xa58533,
0xfc050613,
0xfac40593,
0x300713,
0x90d740e3,
0x62503,
0xa5a023,
0x168693,
0x458593,
0x460613,
0xfed756e3,
0x8e5ff06f,
0x1065513,
0x551593,
0x471513,
0xa585b3,
0x21537,
0x8d050513,
0xa58533,
0xfe050613,
0xfac40593,
0x300713,
0x8ad74ce3,
0x62503,
0xa5a023,
0x168693,
0x458593,
0x460613,
0xfed756e3,
0x89dff06f,
0x1061513,
0x1055513,
0x651593,
0x471513,
0xa585b3,
0x20537,
0x71050513,
0xa58533,
0xfc050613,
0xfac40593,
0x300713,
0x86d746e3,
0x62503,
0xa5a023,
0x168693,
0x458593,
0x460613,
0xfed756e3,
0x851ff06f,
0x0,
0x0,
0x0,
0x0,
0x0,
0x0,
0x0,
0x0,
0x0,
0x0,
0x0,
0x0,
0x0,
0x7f,
0x0,
0x0,
0x0,
0x7f,
0x7f,
0x7f,
0x7f,
0x7f,
0x7f,
0x7f,
0x7f,
0x7f,
0x7f,
0x7f,
0x7f,
0x7f,
0x7f,
0x7f,
0x7f,
0x7f,
0x7f,
0x7f,
0x7f,
0x7f,
0x7f,
0x7f,
0x7f,
0x7f,
0x7f,
0x7f,
0x7f,
0x7f,
0x7f,
0x7f,
0x7f,
0x0,
0x0,
0x0,
0x0,
0x0,
0x0,
0x0,
0x0,
0x0,
0x0,
0x0,
0x0,
0x0,
0x0,
0x0,
0x0,
0x0,
0x0,
0x0,
0x0,
0x0,
0x0,
0x0,
0x0,
0x0,
0x0,
0x0,
0x0,
0x0,
0x0,
0x0,
0x0,
0x0,
0x0,
0x0,
0x0,
0x0,
0x0,
0x0,
0x0,
0x0,
0x0,
0x0,
0x0,
0x0,
0x0,
0x0,
0x0,
0x0,
0x0,
0x0,
0x0,
0x0,
0x0,
0x0,
0x0,
0x0,
0x0,
0x0,
0x0,
0x0,
0x0,
0x0,
0x0,
0x0,
0x0,
0x0,
0x0,
0x0,
0x0,
0x0,
0x0,
0x0,
0x0,
0x0,
0x0,
0x0,
0x0,
0x0,
0x0,
0x0,
0x0,
0x0,
0x0,
0x0,
0x7,
0x7f,
0x7f,
0x0,
0x7,
0x7f,
0x7f,
0x0,
0x7,
0x7f,
0x7f,
0x0,
0x0,
0x0,
0x0,
0x0,
0x7,
0x7f,
0x7f,
0x0,
0x7,
0x7f,
0x7f,
0x0,
0x7,
0x7f,
0x7f,
0x0,
0x0,
0x0,
0x0,
0x0,
0x9,
0x7f,
0x7f,
0x0,
0x6,
0x9,
0x7f,
0x0,
0x6,
0x9,
0x7f,
0x0,
0x0,
0x0,
0x0,
0x0,
0x9,
0x7f,
0x7f,
0x0,
0x6,
0x9,
0x7f,
0x0,
0x6,
0x9,
0x7f,
0x0,
0x0,
0x0,
0x0,
0x0,
0x9,
0x7f,
0x7f,
0x0,
0x6,
0x9,
0x7f,
0x0,
0x5,
0x8,
0xb,
0x0,
0x0,
0x0,
0x0,
0x0,
0xb,
0x7f,
0x7f,
0x0,
0x7,
0xb,
0x7f,
0x0,
0x5,
0x8,
0xb,
0x0,
0x0,
0x0,
0x0,
0x0,
0xb,
0x7f,
0x7f,
0x0,
0x7,
0xb,
0x7f,
0x0,
0x5,
0x8,
0xb,
0x7f,
0x7f,
0x7f,
0x7f,
0x7f,
0x7f,
0x7f,
0x7f,
0x7f,
0x7f,
0x7f,
0x7f,
0x7f,
0x7f,
0x7f,
0x7f,
0x0,
0x0,
0x0,
0x0,
0x0,
0x0,
0x0,
0x0,
0x0,
0x0,
0x0,
0x0,
0x0,
0x0,
0x0,
0x0,
0x0,
0x0,
0x0,
0x0,
0x0,
0x0,
0x0,
0x0,
0x0,
0x0,
0x0,
0x0,
0x0,
0x0,
0x0,
0x0,
0x0,
0x0,
0x0,
0x0,
0x0,
0x0,
0x0,
0x0,
0x0,
0x0,
0x0,
0x0,
0x0,
0x0,
0x0,
0x0,
0x0,
0x0,
0x0,
0x0,
0x0,
0x4,
0x7f,
0x7f,
0x0,
0x4,
0x7f,
0x7f,
0x0,
0x4,
0x7f,
0x7f,
0x0,
0x0,
0x0,
0x0,
0x0,
0x4,
0x7f,
0x7f,
0x0,
0x4,
0x7f,
0x7f,
0x0,
0x4,
0x7f,
0x7f,
0x0,
0x0,
0x0,
0x0,
0x0,
0x4,
0x7f,
0x7f,
0x0,
0x4,
0x7f,
0x7f,
0x0,
0x4,
0x7f,
0x7f,
0x0,
0x0,
0x0,
0x0,
0x0,
0x6,
0x7f,
0x7f,
0x0,
0x3,
0x6,
0x7f,
0x0,
0x3,
0x6,
0x7f,
0x0,
0x0,
0x0,
0x0,
0x0,
0x7,
0x7f,
0x7f,
0x0,
0x4,
0x7,
0x7f,
0x0,
0x4,
0x7,
0x7f,
0x0,
0x0,
0x0,
0x0,
0x0,
0x7,
0x7f,
0x7f,
0x0,
0x4,
0x7,
0x7f,
0x0,
0x4,
0x7,
0x7f,
0x0,
0x0,
0x0,
0x0,
0x0,
0x8,
0x7f,
0x7f,
0x0,
0x4,
0x8,
0x7f,
0x0,
0x3,
0x6,
0x9,
0x0,
0x0,
0x0,
0x0,
0x0,
0x9,
0x7f,
0x7f,
0x0,
0x5,
0x9,
0x7f,
0x0,
0x3,
0x6,
0x9,
0x0,
0x0,
0x0,
0x0,
0x0,
0x9,
0x7f,
0x7f,
0x0,
0x5,
0x9,
0x7f,
0x0,
0x3,
0x6,
0x9,
0x7f,
0x7f,
0x7f,
0x7f,
0x7f,
0x7f,
0x7f,
0x7f,
0x7f,
0x7f,
0x7f,
0x7f,
0x7f,
0x7f,
0x7f,
0x7f,
0x7f,
0x7f,
0x7f,
0x7f,
0x7f,
0x7f,
0x7f,
0x7f,
0x7f,
0x7f,
0x7f,
0x7f,
0x7f,
0x7f,
0x7f,
0x7f,
0x7f,
0x7f,
0x7f,
0x7f,
0x7f,
0x7f,
0x7f,
0x7f,
0x0,
0x0,
0x0,
0x0,
0x0,
0x0,
0x0,
0x0,
0x0,
0x0,
0x0,
0x0,
0x0,
0x0,
0x0,
0x0,
0x0,
0x0,
0x0,
0x0,
0x0,
0x0,
0x0,
0x0,
0x0,
0x0,
0x0,
0x0,
0x0,
0x0,
0x0,
0x0,
0x0,
0x0,
0x0,
0x0,
0x0,
0x0,
0x0,
0x0,
0x0,
0x0,
0x0,
0x0,
0x0,
0x0,
0x0,
0x0,
0x0,
0x0,
0x0,
0x0,
0x0,
0x8,
0x7f,
0x7f,
0x0,
0x0,
0x0,
0x0,
0x0,
0x8,
0x7f,
0x7f,
0x0,
0x0,
0x0,
0x0,
0x0,
0x8,
0x7f,
0x7f,
0x0,
0x0,
0x0,
0x0,
0x0,
0xa,
0x7f,
0x7f,
0x0,
0x0,
0x0,
0x0,
0x0,
0xa,
0x7f,
0x7f,
0x7f,
0x7f,
0x7f,
0x7f,
0x7f,
0x7f,
0x7f,
0x7f,
0x7f,
0x7f,
0x7f,
0x7f,
0x7f,
0x7f,
0x7f,
0x7f,
0x7f,
0x7f,
0x7f,
0x7f,
0x7f,
0x7f,
0x7f,
0x7f,
0x7f,
0x7f,
0x7f,
0x7f,
0x7f,
0x7f,
0x7f,
0x7f,
0x0,
0x0,
0x0,
0x0,
0x0,
0x0,
0x0,
0x0,
0x0,
0x0,
0x0,
0x0,
0x0,
0x0,
0x0,
0x0,
0x0,
0x0,
0x0,
0x0,
0x0,
0x0,
0x0,
0x0,
0x0,
0x0,
0x0,
0x0,
0x0,
0x5,
0x7f,
0x7f,
0x0,
0x0,
0x0,
0x0,
0x0,
0x5,
0x7f,
0x7f,
0x0,
0x0,
0x0,
0x0,
0x0,
0x7,
0x7f,
0x7f,
0x0,
0x0,
0x0,
0x0,
0x0,
0x7,
0x7f,
0x7f,
0x0,
0x0,
0x0,
0x0,
0x0,
0x8,
0x7f,
0x7f,
0x0,
0x0,
0x0,
0x0,
0x0,
0x8,
0x7f,
0x7f,
0x7f,
0x7f,
0x7f,
0x7f,
0x7f,
0x7f,
0x7f,
0x7f,
0x0,
0x0,
0x0,
0x0,
0x0,
0x0,
0x0,
0x0,
0x0,
0x0,
0x0,
0x0,
0x93,
0x113,
0x193,
0x213,
0x293,
0x313,
0x393,
0x413,
0x493,
0x513,
0x593,
0x613,
0x693,
0x713,
0x793,
0x813,
0x893,
0x913,
0x993,
0xa13,
0xa93,
0xb13,
0xb93,
0xc13,
0xc93,
0xd13,
0xd93,
0xe13,
0xe93,
0xf13,
0xf93,
0x24137,
0x8000ef,
0x100073,
0xf8010113,
0x6112e23,
0x6812c23,
0x8010413,
0xfc017113,
0x40800513,
0xa12023,
0x800705b,
0x877a537,
0x2b750513,
0x801ff5b7,
0x2a5a423,
0x100513,
0x2a5a623,
0x80000637,
0x10513,
0xc50533,
0x2a5a823,
0x4000513,
0x2a5aa23,
0x5a023,
0xf8040113,
0x7c12083,
0x7812403,
0x8010113,
0x8067,
0x0,
0x0,
0x0,
0x0,
0x93,
0x113,
0x193,
0x213,
0x293,
0x313,
0x393,
0x413,
0x493,
0x513,
0x593,
0x613,
0x693,
0x713,
0x793,
0x813,
0x893,
0x913,
0x993,
0xa13,
0xa93,
0xb13,
0xb93,
0xc13,
0xc93,
0xd13,
0xd93,
0xe13,
0xe93,
0xf13,
0xf93,
0x24137,
0x8000ef,
0x100073,
0xfa010113,
0x4112e23,
0x4812c23,
0x4912a23,
0x5212823,
0x5312623,
0x5412423,
0x5512223,
0x5612023,
0x3712e23,
0x3812c23,
0x3912a23,
0x3a12823,
0x3b12623,
0x6010413,
0x88393,
0x80313,
0x78293,
0x70893,
0x68813,
0x60793,
0x58613,
0x800225b7,
0x25d703,
0x45a503,
0x445a683,
0x425d603,
0x1051513,
0xa76533,
0xfaa42623,
0x1069513,
0xa66533,
0xfaa42423,
0x825d703,
0x845a503,
0xc45a683,
0xc25d603,
0x1051513,
0xa76533,
0xfaa42823,
0x1069513,
0xa66d33,
0x1025d703,
0x1045a503,
0x1445a683,
0x1425d603,
0x1051513,
0xa76e33,
0x1069513,
0xa66bb3,
0x1825d283,
0x1845a503,
0x1c25d803,
0x1c45a703,
0x4000593,
0x1051693,
0x10d5f93,
0x13f9f93,
0x13fdf93,
0x2001ffdb,
0x700015db,
0x1a,
0x13,
0x13,
0x13,
0x13,
0x13,
0x13,
0x13,
0x13,
0x13,
0x13,
0x800705b,
0x13,
0x13,
0x13,
0x13,
0x13,
0x13,
0x13,
0x13,
0x13,
0x13,
0x801ff8b7,
0x100513,
0xa8a223,
0x801005b7,
0x5c783,
0x15c603,
0xd2e533,
0xfaa42a23,
0x1071513,
0xa86db3,
0x861693,
0x25c703,
0x358503,
0x45c803,
0x558603,
0xd7eb33,
0x851513,
0xa76a33,
0x861693,
0x65c703,
0x75c503,
0x85c603,
0x95c583,
0xd86c33,
0x851513,
0xa766b3,
0x859513,
0xa66533,
0xfaa42e23,
0x8a223,
0x209b7,
0x21537,
0xa9a023,
0x20937,
0x1c92223,
0x1069513,
0x41055a93,
0xfbc42503,
0x1051513,
0x41055513,
0xfca42023,
0xfc042503,
0x2aa8533,
0x204b7,
0xa4a423,
0x438000ef,
0x22537,
0xa9a023,
0x1792223,
0xfc042503,
0xa4a423,
0x420000ef,
0xfc042223,
0x10b1513,
0xfaa42c23,
0xfb842503,
0x41055c93,
0x10a1513,
0x41055613,
0x2537,
0x40050513,
0xad05b3,
0x20537,
0xb52623,
0x2cc8533,
0xfca42423,
0x20537,
0xfac42583,
0xb52823,
0x20537,
0xfa842583,
0xb52a23,
0x20537,
0xfb442583,
0xb52c23,
0x20537,
0x1b52e23,
0x20537,
0x215b7,
0x2b52023,
0x20537,
0xfb042583,
0x2b52223,
0x20537,
0x225b7,
0x2b52423,
0x20537,
0x3952623,
0x20537,
0x2c52823,
0x10c1513,
0x41055593,
0x20537,
0x2b52a23,
0x20537,
0x3552c23,
0x20537,
0xfc042583,
0x2b52e23,
0x205b7,
0x700513,
0x4a5a023,
0x20d37,
0x20a37,
0x20db7,
0x100006f,
0xfc442503,
0x150513,
0xfca42223,
0xfc442503,
0xfc042583,
0x16b55063,
0xfc442503,
0x151513,
0x225b7,
0xb50533,
0x51c03,
0xfc442503,
0x35509b3,
0x199513,
0x215b7,
0xb50533,
0x51583,
0x1598533,
0x151513,
0x21637,
0xc50533,
0xffe51503,
0x493,
0x395ebb3,
0x3956b33,
0xa8913,
0x200006f,
0x205b7,
0x535a223,
0x49d2423,
0x4aa2623,
0x3d4000ef,
0x4048493,
0xfc090913,
0x154da63,
0x4000513,
0xfd254ee3,
0x90513,
0xfd5ff06f,
0x13,
0x13,
0x13,
0x13,
0x13,
0x13,
0x13,
0x13,
0x13,
0x13,
0x800705b,
0x493,
0xa8913,
0x180006f,
0x49d2423,
0x4aa2623,
0x574000ef,
0x8048493,
0xf8090913,
0x154da63,
0x8000513,
0xff2542e3,
0x90513,
0xfddff06f,
0x13,
0x13,
0x13,
0x13,
0x13,
0x13,
0x13,
0x13,
0x13,
0x13,
0x800705b,
0x493,
0xc8913,
0x300006f,
0x205b7,
0x495a823,
0x4aa2623,
0x20537,
0x5852a23,
0x20537,
0x5752c23,
0x56dae23,
0x6cc000ef,
0x8048493,
0xf8090913,
0xeb94d0e3,
0x8000513,
0xfd2546e3,
0x90513,
0xfc5ff06f,
0xa13,
0x13,
0x13,
0x13,
0x13,
0x13,
0x13,
0x13,
0x13,
0x13,
0x13,
0x800705b,
0xfb842503,
0x41055a93,
0x20c37,
0x20bb7,
0x100b13,
0x22d37,
0x20cb7,
0xfc042503,
0xfff50913,
0x209b7,
0x140006f,
0xd1503,
0x6aca023,
0x724000ef,
0x80a0a13,
0x55a5063,
0x414a85b3,
0x8000513,
0xb54463,
0x58513,
0x54c2823,
0x4aba623,
0xfbc42503,
0xfd6508e3,
0x493,
0xfd24dae3,
0x699a223,
0x7dc000ef,
0x148493,
0xff24cae3,
0xfc1ff06f,
0x13,
0x13,
0x13,
0x13,
0x13,
0x13,
0x13,
0x13,
0x13,
0x13,
0x800705b,
0x2537,
0xd4050513,
0x20637,
0xc62503,
0xfc842583,
0x1055f93,
0x13f9f93,
0x13fdf93,
0x2001ffdb,
0x700015db,
0xa,
0xc62583,
0xc537,
0xa58533,
0xfc842583,
0x1055f93,
0x13f9f93,
0x13fdf93,
0x2001ffdb,
0x700015db,
0x3b0ec0a,
0xfc842503,
0x152b,
0x0,
0xfc842503,
0x152b,
0x3b0ec00,
0x800705b,
0x2f001537,
0x37550513,
0x801ff5b7,
0x2a5a423,
0x200513,
0x2a5a623,
0x80100537,
0x80000637,
0xc50533,
0x2a5a823,
0xfc842503,
0x2a5aa23,
0x80102537,
0xd8050513,
0xc50533,
0x2a5ac23,
0xfc842503,
0x2a5ae23,
0x5a023,
0x5c12083,
0x5812403,
0x5412483,
0x5012903,
0x4c12983,
0x4812a03,
0x4412a83,
0x4012b03,
0x3c12b83,
0x3812c03,
0x3412c83,
0x3012d03,
0x2c12d83,
0x6010113,
0x8067,
0xff010113,
0x112623,
0x812423,
0x1010413,
0x20537,
0x52303,
0x20537,
0x452283,
0x20537,
0x852803,
0x4000513,
0x793,
0x801ff8b7,
0x100393,
0xc0006f,
0x8a223,
0x4078793,
0xb07dc63,
0x40f80533,
0x4000713,
0xa74463,
0x50713,
0x693,
0x179593,
0xb28533,
0x1055f93,
0x13f9f93,
0x13fdf93,
0x2001ffdb,
0x7400175b,
0xa,
0x13,
0x13,
0x13,
0x13,
0x13,
0x13,
0x13,
0x13,
0x13,
0x13,
0x800705b,
0x13,
0x13,
0x13,
0x13,
0x13,
0x13,
0x13,
0x13,
0x13,
0x13,
0x78a223,
0xb30633,
0x801005b7,
0xf6e6d0e3,
0x59503,
0xa61023,
0x168693,
0x260613,
0x258593,
0xfee6c6e3,
0xf45ff06f,
0xc12083,
0x812403,
0x1010113,
0x8067,
0xfc010113,
0x2112e23,
0x2812c23,
0x2912a23,
0x3212823,
0x3312623,
0x3412423,
0x3512223,
0x3612023,
0x1712e23,
0x1812c23,
0x1912a23,
0x1a12823,
0x1b12623,
0x4010413,
0x20537,
0x4452603,
0x20537,
0x4852b83,
0x20537,
0x4c52483,
0x20537,
0x4052d83,
0x20537,
0x1052683,
0x20537,
0x1452c03,
0x20537,
0x1852c83,
0x20537,
0x1c52d03,
0x20537,
0x2052583,
0x8000513,
0x20537,
0x6b52423,
0x17609b3,
0x20537,
0x7352623,
0x20537,
0x6952823,
0x20b37,
0x22937,
0x8090a13,
0x74b2a23,
0x20ab7,
0x6daac23,
0x6fc000ef,
0x10090913,
0x72b2a23,
0x78aac23,
0x6ec000ef,
0x10a5f93,
0x13f9f93,
0x13fdf93,
0x2001ffdb,
0x700014db,
0x300c14,
0x1095f93,
0x13f9f93,
0x13fdf93,
0x2001ffdb,
0x700014db,
0x401012,
0x1998533,
0x1055f93,
0x13f9f93,
0x13fdf93,
0x2001ffdb,
0x700014db,
0x20080a,
0x1a98533,
0x1055f93,
0x13f9f93,
0x13fdf93,
0x2001ffdb,
0x700014db,
0x10040a,
0x20007ddb,
0x180004ab,
0x600c02,
0x180004ab,
0x501001,
0x180004ab,
0x100c01,
0x180004ab,
0x1002,
0x2000705b,
0x800004ab,
0x201805,
0x900004ab,
0x400,
0x20637,
0xc62503,
0x17505b3,
0x18537,
0xa58533,
0x1055f93,
0x13f9f93,
0x13fdf93,
0x2001ffdb,
0x780014db,
0x80a,
0xc62503,
0x17505b3,
0x19537,
0xa58533,
0x1055f93,
0x13f9f93,
0x13fdf93,
0x2001ffdb,
0x780014db,
0xa,
0x3c12083,
0x3812403,
0x3412483,
0x3012903,
0x2c12983,
0x2812a03,
0x2412a83,
0x2012b03,
0x1c12b83,
0x1812c03,
0x1412c83,
0x1012d03,
0xc12d83,
0x4010113,
0x8067,
0xff010113,
0x112623,
0x812423,
0x1010413,
0x20537,
0x4852683,
0x20537,
0x4c52583,
0x20537,
0x3852803,
0x20537,
0x3452883,
0x8000513,
0x202b7,
0xc2a503,
0xd50633,
0x18737,
0xe60533,
0x1055f93,
0x13f9f93,
0x13fdf93,
0x2001ffdb,
0x700015db,
0x300c0a,
0x197b7,
0xf60533,
0x1055f93,
0x13f9f93,
0x13fdf93,
0x2001ffdb,
0x700015db,
0x40100a,
0x170513,
0xa60533,
0x1055f93,
0x13f9f93,
0x13fdf93,
0x2001ffdb,
0x700015db,
0xa,
0x178513,
0xa60533,
0x1055f93,
0x13f9f93,
0x13fdf93,
0x2001ffdb,
0x700015db,
0x10040a,
0xb68533,
0x9051263,
0x13,
0x13,
0x13,
0x13,
0x13,
0x13,
0x13,
0x13,
0x13,
0x13,
0x800705b,
0x13,
0x13,
0x13,
0x13,
0x13,
0x13,
0x13,
0x13,
0x13,
0x13,
0x801ff637,
0x100513,
0xa62223,
0x80100537,
0xb50533,
0xfe050fa3,
0x80100537,
0x8050513,
0xb50533,
0xfe050fa3,
0x62223,
0x900005ab,
0xc00,
0x900005ab,
0x101001,
0x100015db,
0x200811,
0x600005ab,
0x800,
0x600005ab,
0x100801,
0xc2a503,
0xd50633,
0x1a537,
0xa60533,
0x1055f93,
0x13f9f93,
0x13fdf93,
0x2001ffdb,
0x780015db,
0xa,
0xc2a503,
0xd50633,
0x1b537,
0xa60533,
0x1055f93,
0x13f9f93,
0x13fdf93,
0x2001ffdb,
0x780015db,
0x40a,
0xc12083,
0x812403,
0x1010113,
0x8067,
0xfd010113,
0x2112623,
0x2812423,
0x2912223,
0x3212023,
0x1312e23,
0x1412c23,
0x1512a23,
0x1612823,
0x1712623,
0x1812423,
0x3010413,
0x20c37,
0x50c2903,
0x20bb7,
0x4cba583,
0x20537,
0x5852a03,
0x20537,
0x5c52a83,
0xb909b3,
0x100b13,
0x80006f,
0x990933,
0x5395663,
0x41298533,
0x4000493,
0xa4c463,
0x50493,
0x1495863,
0x412a0533,
0xa4da63,
0x140006f,
0x1595863,
0x412a8533,
0xa4c463,
0x50493,
0x52c2823,
0x49ba623,
0x4c0000ef,
0xfa9b4ee3,
0x100493,
0xfb5ff06f,
0x2c12083,
0x2812403,
0x2412483,
0x2012903,
0x1c12983,
0x1812a03,
0x1412a83,
0x1012b03,
0xc12b83,
0x812c03,
0x3010113,
0x8067,
0xff010113,
0x112623,
0x812423,
0x1010413,
0x20537,
0x5052603,
0x20537,
0x4c52683,
0x20537,
0x2c52803,
0x20537,
0x3052783,
0x20537,
0x6052503,
0x8000593,
0x20737,
0xc72583,
0x3050533,
0xc50533,
0xa58533,
0x1055f93,
0x13f9f93,
0x13fdf93,
0x2001ffdb,
0x700016db,
0x10040a,
0xc8b7,
0x1150533,
0x1055f93,
0x13f9f93,
0x13fdf93,
0x2001ffdb,
0x700016db,
0xa,
0x593,
0x4f5da63,
0xc72503,
0xa60533,
0x1055f93,
0x13f9f93,
0x13fdf93,
0x2001ffdb,
0x780016db,
0x40a,
0xc72503,
0xa60533,
0x1150533,
0x1055f93,
0x13f9f93,
0x13fdf93,
0x2001ffdb,
0x780016db,
0xa,
0x158593,
0x1060633,
0xfaf5cae3,
0xc12083,
0x812403,
0x1010113,
0x8067,
0xff010113,
0x112623,
0x812423,
0x1010413,
0x20537,
0x5052283,
0x20537,
0x4c52683,
0x20537,
0x2c52883,
0x20537,
0x3052e03,
0x20537,
0x6452303,
0x20537,
0x2852583,
0x20537,
0x3c52383,
0x131513,
0xa58533,
0x51703,
0x251803,
0x8000513,
0x20537,
0xc52583,
0x3170633,
0xc58533,
0x550533,
0x1055f93,
0x13f9f93,
0x13fdf93,
0x2001ffdb,
0x700016db,
0x80200a,
0xc537,
0xa587b3,
0xc78533,
0x550533,
0x1055f93,
0x13f9f93,
0x13fdf93,
0x2001ffdb,
0x700016db,
0x701c0a,
0x3180633,
0xc58533,
0x550533,
0x1055f93,
0x13f9f93,
0x13fdf93,
0x2001ffdb,
0x700016db,
0x60180a,
0xc78533,
0x550533,
0x1055f93,
0x13f9f93,
0x13fdf93,
0x2001ffdb,
0x700016db,
0x50140a,
0x40e80533,
0x100016db,
0x20080a,
0x900006ab,
0x2006,
0x900006ab,
0x101c05,
0x600006ab,
0x400800,
0x600006ab,
0x300801,
0x30c63,
0x170593,
0xffe38513,
0xa31c63,
0xfffe0793,
0x140006f,
0x593,
0xffe38513,
0xfea308e3,
0xfff80793,
0x3158533,
0xa28633,
0x202b7,
0xc337,
0x600006f,
0x800006ab,
0x8,
0x800006ab,
0x100407,
0xc2a503,
0xa60533,
0x1055f93,
0x13f9f93,
0x13fdf93,
0x2001ffdb,
0x780016db,
0xa,
0xc2a503,
0xa60533,
0x650533,
0x1055f93,
0x13f9f93,
0x13fdf93,
0x2001ffdb,
0x780016db,
0x40a,
0x158593,
0x1160633,
0x4b7ca63,
0xfeb70ae3,
0xfeb808e3,
0x70513,
0xe5c863,
0x80513,
0xb84463,
0x70513,
0x40a58533,
0x100016db,
0x20080a,
0x180006ab,
0x1002,
0x180006ab,
0x100c02,
0xf6b854e3,
0x800006ab,
0x6,
0x800006ab,
0x100405,
0xf65ff06f,
0xc12083,
0x812403,
0x1010113,
0x8067,
0xff010113,
0x112623,
0x812423,
0x1010413,
0x20537,
0x7452283,
0x20537,
0x7852703,
0x20537,
0x6c52603,
0x20537,
0x6852583,
0x20537,
0x7052883,
0x161513,
0xa587b3,
0x79803,
0x278613,
0x100593,
0x80693,
0xc0006f,
0x158593,
0x260613,
0x115de63,
0x61503,
0x1055463,
0x50813,
0xfea6d4e3,
0x50693,
0xfe1ff06f,
0x613,
0x8000513,
0x4000513,
0x41068533,
0x150593,
0x1070533,
0x1055f93,
0x13f9f93,
0x13fdf93,
0x2001ffdb,
0x700015db,
0x10040a,
0x100018db,
0x0,
0x13,
0x13,
0x13,
0x13,
0x13,
0x13,
0x13,
0x13,
0x13,
0x13,
0x800705b,
0x13,
0x13,
0x13,
0x13,
0x13,
0x13,
0x13,
0x13,
0x13,
0x13,
0x801ff5b7,
0x100513,
0xa5a223,
0x80100737,
0x8070713,
0x801006b7,
0x3165463,
0x79503,
0x41050533,
0xa70533,
0x50583,
0xc68533,
0xb50023,
0x160613,
0x278793,
0xff1640e3,
0x801ff537,
0x52223,
0x102df93,
0x13f9f93,
0x13fdf93,
0x2001ffdb,
0x780018db,
0x5,
0xc12083,
0x812403,
0x1010113,
0x8067,
0xfc010113,
0x2112e23,
0x2812c23,
0x2912a23,
0x3212823,
0x3312623,
0x3412423,
0x3512223,
0x3612023,
0x1712e23,
0x1812c23,
0x1912a23,
0x1a12823,
0x1b12623,
0x4010413,
0x20537,
0x5052b83,
0x20537,
0x4c52a83,
0x20537,
0x5452d83,
0x20537,
0x2c52d03,
0x20537,
0x3452c83,
0x20537,
0x3852f83,
0x20537,
0x5852b03,
0x20537,
0x5c52c03,
0x20537,
0x2452583,
0x40000513,
0x8000513,
0x10001adb,
0x0,
0x10001adb,
0x100400,
0x10001adb,
0x200800,
0x10001adb,
0x300c00,
0x10001adb,
0x401000,
0x105df13,
0x13f1f13,
0x13f5f13,
0x2001ff5b,
0x70001d5b,
0x60180b,
0x20637,
0xc62583,
0x18537,
0xa58533,
0x1055f13,
0x13f1f13,
0x13f5f13,
0x2001ff5b,
0x70001fdb,
0xe0380a,
0xc62583,
0x19537,
0xa58533,
0x1055f13,
0x13f1f13,
0x13f5f13,
0x2001ff5b,
0x70001fdb,
0x160580a,
0xc62583,
0x1a537,
0xa58533,
0x1055f13,
0x13f1f13,
0x13f5f13,
0x2001ff5b,
0x70001fdb,
0x1e0780a,
0xc62583,
0x693,
0x1b537,
0xa58533,
0x1055f13,
0x13f1f13,
0x13f5f13,
0x2001ff5b,
0x70001fdb,
0x260980a,
0x13,
0x13,
0x13,
0x13,
0x13,
0x13,
0x13,
0x13,
0x13,
0x13,
0x800705b,
0x13,
0x13,
0x13,
0x13,
0x13,
0x13,
0x13,
0x13,
0x13,
0x13,
0x801ff5b7,
0x100513,
0xa5a223,
0x801009b7,
0x30098993,
0x80100937,
0x70090913,
0x801014b7,
0xb0048493,
0x80101f37,
0xf00f0f13,
0x80101eb7,
0x300e8e93,
0x80100e37,
0x801003b7,
0x8038393,
0x80100337,
0x10030313,
0x801002b7,
0x18028293,
0x801008b7,
0x20088893,
0x416b8833,
0x200a13,
0x380006f,
0xb48533,
0x54583,
0xd30533,
0xb50023,
0xef0533,
0x50583,
0xd28533,
0xb50023,
0xee8533,
0x50583,
0xd88533,
0xb50023,
0x168693,
0x956da63,
0xdb8633,
0x1665c63,
0x593,
0x713,
0xd807b3,
0x3865463,
0x2c0006f,
0xd805b3,
0x3a5e533,
0xa98533,
0x54503,
0x395c5b3,
0x39567b3,
0x58713,
0x1864663,
0x34fc663,
0xffef8713,
0xde0533,
0xf50023,
0x3f5d663,
0xb90533,
0x54603,
0xd38533,
0xc50023,
0xf7f5c4e3,
0x240006f,
0x713,
0xde0533,
0xf50023,
0xfdf5cee3,
0x613,
0xd38533,
0xc50023,
0xf5f5c2e3,
0x593,
0xf45ff06f,
0x801ff537,
0x52223,
0x18000aab,
0x300c00,
0x80000aab,
0x100c01,
0x18000aab,
0x1000,
0x80000aab,
0x2,
0x206b7,
0xc6a603,
0x3ad8533,
0x17505b3,
0xb60533,
0x1055f93,
0x13f9f93,
0x13fdf93,
0x2001ffdb,
0x78001adb,
0x40a,
0xc6a503,
0xb505b3,
0xc537,
0xa58533,
0x1055f93,
0x13f9f93,
0x13fdf93,
0x2001ffdb,
0x78001adb,
0xa,
0x3c12083,
0x3812403,
0x3412483,
0x3012903,
0x2c12983,
0x2812a03,
0x2412a83,
0x2012b03,
0x1c12b83,
0x1812c03,
0x1412c83,
0x1012d03,
0xc12d83,
0x4010113,
0x8067,
0x0,
0x0,
0x0,
0x0,
0x0,
0x0,
0x0,
0x0,
0x0,
0x0,
0x0,
0x0,
0x0,
0x0,
0x0,
0x0,
0x0,
0x0,
0x0,
0x0,
0x0,
0x0,
0x0,
0x0,
0x0,
0x0,
0x0,
0x0,
0x0,
0x0,
0x0,
0x0,
0x0,
0x0,
0x0,
0x0,
0x0,
0x0,
0x0,
0x0,
0x0,
0x0,
0x0,
0x93,
0x113,
0x193,
0x213,
0x293,
0x313,
0x393,
0x413,
0x493,
0x513,
0x593,
0x613,
0x693,
0x713,
0x793,
0x813,
0x893,
0x913,
0x993,
0xa13,
0xa93,
0xb13,
0xb93,
0xc13,
0xc93,
0xd13,
0xd93,
0xe13,
0xe93,
0xf13,
0xf93,
0x24137,
0x8000ef,
0x100073,
0xfe010113,
0x112e23,
0x812c23,
0x912a23,
0x1212823,
0x1312623,
0x1412423,
0x1512223,
0x2010413,
0x70813,
0x60793,
0x58613,
0x800225b7,
0x25de83,
0x45a703,
0x425de03,
0x445a683,
0x845a503,
0x825d603,
0x1071393,
0x1069313,
0x1051513,
0xa66633,
0x2537,
0x40050893,
0xe537,
0x40050693,
0x1e537,
0x70050513,
0xc059283,
0xa604b3,
0x4537,
0xa8050593,
0xb48933,
0x505863,
0x1537,
0xe150513,
0xa2c663,
0x1537,
0xe050293,
0x713,
0x793,
0x7eef33,
0x6e6eb3,
0x1160e33,
0xd603b3,
0xb90fb3,
0x900993,
0x1b100a93,
0x55555537,
0x55650313,
0x24000a13,
0x20000693,
0x600893,
0x1600006f,
0x170813,
0x2681633,
0x1f65513,
0xa60533,
0xa70533,
0x3450633,
0xcf0533,
0x1055713,
0x1371713,
0x1375713,
0x2001f75b,
0x700015db,
0x180600a,
0xce8533,
0x1055713,
0x1371713,
0x1375713,
0x2001f75b,
0x700015db,
0xc0300a,
0xce0533,
0x1055713,
0x1371713,
0x1375713,
0x2001f75b,
0x700015db,
0x80200a,
0xc38533,
0x1055613,
0x1361613,
0x1365613,
0x2001f65b,
0x700015db,
0x100400a,
0x200078db,
0x180005ab,
0x402008,
0x180005ab,
0x4010,
0x2000705b,
0x800005ab,
0x1000,
0x800015ab,
0x1400000,
0x200078db,
0x600005ab,
0x5008,
0x600005ab,
0x405010,
0x2000705b,
0x200078db,
0x180005ab,
0x1000018,
0x180005ab,
0x80100c,
0x180005ab,
0xc0000c,
0x180005ab,
0x1018,
0x2000705b,
0x800005ab,
0x404008,
0x900005ab,
0xc,
0xf48533,
0x1055613,
0x1361613,
0x1365613,
0x2001f65b,
0x780015db,
0x100a,
0xf90533,
0x1055613,
0x1361613,
0x1365613,
0x2001f65b,
0x780015db,
0xa,
0xff8533,
0x1055613,
0x1361613,
0x1365613,
0x2001f65b,
0x780015db,
0x500a,
0xb787b3,
0x80713,
0xe9c863,
0x57a533,
0x51863,
0x1c0006f,
0x513,
0x50a63,
0x40f285b3,
0xe955c4e3,
0x1b000593,
0xe81ff06f,
0x13,
0x13,
0x13,
0x13,
0x13,
0x13,
0x13,
0x13,
0x13,
0x13,
0x800705b,
0x800705b,
0x516bf537,
0xdc150513,
0x801ff637,
0x2a62423,
0x300513,
0x2a62623,
0x800006b7,
0xd48533,
0x2a62823,
0x4537,
0xa8050593,
0x2b62a23,
0xd90533,
0x2a62c23,
0x2b62e23,
0xdf8533,
0x4a62023,
0x4b62223,
0x62023,
0x1c12083,
0x1812403,
0x1412483,
0x1012903,
0xc12983,
0x812a03,
0x412a83,
0x2010113,
0x8067,
0x0,
0x0,
0x0,
0x0,
0x0,
0x0,
0x0,
0x0,
0x0,
0x0,
0x0,
0x0,
0x0,
0x0,
0x93,
0x113,
0x193,
0x213,
0x293,
0x313,
0x393,
0x413,
0x493,
0x513,
0x593,
0x613,
0x693,
0x713,
0x793,
0x813,
0x893,
0x913,
0x993,
0xa13,
0xa93,
0xb13,
0xb93,
0xc13,
0xc93,
0xd13,
0xd93,
0xe13,
0xe93,
0xf13,
0xf93,
0x24137,
0x8000ef,
0x100073,
0xf4010113,
0xa112e23,
0xa812c23,
0xa912a23,
0xb212823,
0xb312623,
0xb412423,
0xb512223,
0xb612023,
0x9712e23,
0x9812c23,
0x9912a23,
0x9a12823,
0x9b12623,
0xc010413,
0xfc017113,
0x60293,
0x58893,
0x50813,
0x800225b7,
0x25d603,
0x45a503,
0x445a783,
0x425d703,
0x1051513,
0xa66633,
0x1079513,
0xa76533,
0x825d803,
0x845a703,
0xc05d603,
0x1005d503,
0x1405d503,
0x1637,
0xe060c93,
0x100793,
0x1c9513,
0x4a11023,
0x79a63,
0x1863,
0x1663,
0x100513,
0x48051c63,
0xe13,
0x1071513,
0xa865b3,
0x1e537,
0x70050513,
0xa58b33,
0x22537,
0x18050513,
0xa58ab3,
0x2b537,
0x28050513,
0xa58a33,
0xdf60913,
0xe160993,
0x10000e93,
0x80060313,
0x200813,
0x300893,
0x400393,
0x500f13,
0x600493,
0xffe00b93,
0x700c13,
0x800d13,
0x900d93,
0xa00093,
0x540006f,
0xc00765b,
0x400,
0x1c00162b,
0x10,
0x4000065b,
0xc00008,
0x8400162b,
0xf,
0x4000065b,
0xc0000a,
0x1e1513,
0xaa05b3,
0x161513,
0x105de13,
0x13e1e13,
0x13e5e13,
0x2001fe5b,
0x7800155b,
0x300b,
0xf8e13,
0x41c94663,
0x100e0f93,
0x10000613,
0x13fc463,
0x41cc8633,
0x1cb0533,
0x1055293,
0x1329293,
0x132d293,
0x2001f2db,
0x7000165b,
0x80200a,
0x1ca8533,
0x1055293,
0x1329293,
0x132d293,
0x2001f2db,
0x7000165b,
0xa0280a,
0xf60002e3,
0x293,
0xc00765b,
0x400404,
0x1c00162b,
0x401010,
0x280006f,
0x4000065b,
0xc01002,
0x8400162b,
0x40100f,
0x4000065b,
0xc01000,
0x8400162b,
0x40100f,
0x128293,
0xf4f2d6e3,
0x693,
0xfff2c513,
0xf50733,
0x1000165b,
0x200800,
0x1000165b,
0x0,
0x2c0006f,
0xfe200593,
0x8000465b,
0x200b,
0x1200165b,
0x20080a,
0x8000465b,
0x280b,
0x1200165b,
0xa,
0x168693,
0xf906d8e3,
0x3079063,
0x6068663,
0x6f69c63,
0xff700513,
0xf70463,
0xffc00513,
0xff600593,
0xfbdff06f,
0x3179463,
0x6068a63,
0xaf69863,
0xfeb00513,
0xfe700593,
0xfb0702e3,
0xff500513,
0xf8f70ee3,
0xffb00513,
0xf95ff06f,
0x6068663,
0xaf69063,
0xfe500513,
0xfe000593,
0xf91700e3,
0xff200513,
0xf7070ce3,
0xff900513,
0xf6f708e3,
0xa00006f,
0xfe500513,
0xf6f700e3,
0xff300513,
0xf59ff06f,
0x9069a63,
0x900513,
0xf70463,
0xffc00513,
0xa00593,
0xf45ff06f,
0xfe200513,
0xfdd00593,
0xf3070ce3,
0xff100513,
0xf2f708e3,
0xff900513,
0xf29ff06f,
0xfe000513,
0xfdb00593,
0xf1170ee3,
0xff000513,
0xf1070ae3,
0xff800513,
0xf0f706e3,
0xffc00513,
0xf05ff06f,
0x5069863,
0xff300513,
0xff100593,
0xef070ae3,
0x1c0006f,
0x5069863,
0xfe900513,
0xfe500593,
0xef1700e3,
0xff500513,
0xed070ce3,
0xffa00513,
0xecf708e3,
0xffd00513,
0xec9ff06f,
0x1b00513,
0xf70463,
0xff300513,
0x1e00593,
0xeb5ff06f,
0x3169e63,
0xffc00513,
0xffb00593,
0xeb0702e3,
0x3c0006f,
0x5169463,
0xfed00513,
0xfea00593,
0xe91708e3,
0xff700513,
0xe90704e3,
0xffb00513,
0xe8f700e3,
0xffe00513,
0xe79ff06f,
0x4769463,
0x400513,
0x500593,
0xe70704e3,
0xfff70513,
0x153513,
0xfff54513,
0xe59ff06f,
0x2769e63,
0xff100513,
0xfef00593,
0xe51704e3,
0xff900513,
0xe50700e3,
0xfff70513,
0x153513,
0x40ab8533,
0xe31ff06f,
0x3e69c63,
0xd00513,
0xf00593,
0xe30700e3,
0xf49ff06f,
0x3e69c63,
0xff500513,
0xff400593,
0xe11706e3,
0xffb00513,
0xe10702e3,
0xffd00513,
0xdef70ee3,
0x300006f,
0x2969a63,
0x1500513,
0x1900593,
0xdf0704e3,
0xe45ff06f,
0x2969863,
0xffa00513,
0xff900593,
0xdd170ae3,
0xffd00513,
0xdd0706e3,
0xfff00513,
0xdc5ff06f,
0x1e00513,
0x2300593,
0xdb070ce3,
0xe81ff06f,
0x1869c63,
0xfff00513,
0xffe00593,
0xdb1702e3,
0xdb0700e3,
0x380006f,
0x1a69a63,
0x3171263,
0x100513,
0x200593,
0xd89ff06f,
0x3b69463,
0x600513,
0x700593,
0xd7170ce3,
0xfa5ff06f,
0x200593,
0xfff00513,
0xd6b704e3,
0x513,
0xd61ff06f,
0xb00513,
0x169863,
0xc00593,
0xd51708e3,
0xf45ff06f,
0xa69a63,
0xf00513,
0x1100593,
0xd3170ee3,
0xef5ff06f,
0xc00513,
0xa69a63,
0x1300513,
0x1600593,
0xd31702e3,
0xe95ff06f,
0xd00513,
0xa69a63,
0x1700513,
0x1b00593,
0xd11706e3,
0xe2dff06f,
0xe00513,
0xa69a63,
0x1b00513,
0x2000593,
0xcf170ae3,
0xd75ff06f,
0x2000513,
0x2500593,
0xcf1702e3,
0xdc9ff06f,
0x20537,
0x50693,
0x802005b7,
0x3c00613,
0x6c503,
0x2050063,
0x6c703,
0x168693,
0xf805a503,
0xfea66ee3,
0xf0e5a023,
0x6c503,
0xfe0514e3,
0x29537,
0xe8050513,
0xa12023,
0x800705b,
0xabeea537,
0x2c250513,
0x801ff5b7,
0x2a5a423,
0x200513,
0x2a5a623,
0x800006b7,
0x10513,
0xd50533,
0x2a5a823,
0x4000613,
0x2c5aa23,
0x4010513,
0xd50533,
0x2a5ac23,
0x2c5ae23,
0x5a023,
0x513,
0xf4040113,
0xbc12083,
0xb812403,
0xb412483,
0xb012903,
0xac12983,
0xa812a03,
0xa412a83,
0xa012b03,
0x9c12b83,
0x9812c03,
0x9412c83,
0x9012d03,
0x8c12d83,
0xc010113,
0x8067,
0x0,
0x0,
0x0,
0x0,
0x0,
0x0,
0x0,
0x0,
0x0,
0x0,
0x0,
0x54204040,
0x5f6b7361,
0x6544726e,
0x75646f6d,
0x6574616c,
0x736e7520,
0x6f707075,
0x64657472,
0x646f6d20,
0x74616c75,
0xa6e6f69,
0x0,
0x0,
0x0,
0x0,
0x0,
0x93,
0x113,
0x193,
0x213,
0x293,
0x313,
0x393,
0x413,
0x493,
0x513,
0x593,
0x613,
0x693,
0x713,
0x793,
0x813,
0x893,
0x913,
0x993,
0xa13,
0xa93,
0xb13,
0xb93,
0xc13,
0xc93,
0xd13,
0xd93,
0xe13,
0xe93,
0xf13,
0xf93,
0x24137,
0x8000ef,
0x100073,
0xfd010113,
0x2112623,
0x2812423,
0x2912223,
0x3212023,
0x1312e23,
0x1412c23,
0x1512a23,
0x1612823,
0x1712623,
0x1812423,
0x3010413,
0x88f13,
0x80393,
0x78293,
0x70813,
0x68713,
0x3842c03,
0x3442b83,
0x3042e83,
0x2c42b03,
0x2842a83,
0x2442a03,
0x2042983,
0x1c42903,
0x1842483,
0x1442f83,
0x1042e03,
0xc42303,
0x842883,
0x442783,
0x42683,
0x80022537,
0x23a55583,
0x23855683,
0x7c051503,
0x613,
0xf59593,
0xe51513,
0xa58533,
0xd505b3,
0x41f5d513,
0x155513,
0xa586b3,
0x80000537,
0xa6f6b3,
0x2000513,
0xd586b3,
0x1000155b,
0x100400,
0x1000155b,
0x100400,
0x1000155b,
0x100400,
0x13,
0x13,
0x13,
0x13,
0x13,
0x13,
0x13,
0x13,
0x13,
0x13,
0x800705b,
0x13,
0x13,
0x13,
0x13,
0x13,
0x13,
0x13,
0x13,
0x13,
0x13,
0x801ff5b7,
0x100513,
0xa5a223,
0x80100737,
0x8070713,
0x1e00793,
0xc7ce63,
0x16f593,
0xc70533,
0xb50023,
0x4016d693,
0x160613,
0xfec7d6e3,
0x801ff6b7,
0x6a223,
0x2000613,
0x205b7,
0x5a703,
0x5a503,
0x4200055b,
0x1500801,
0x5a503,
0x4200055b,
0x1400c01,
0x5a503,
0x4200055b,
0x1301001,
0x5a503,
0x4200055b,
0x1201401,
0x5a503,
0x4200055b,
0x1101801,
0x5a503,
0x4200055b,
0x1001c01,
0x5a503,
0x4200055b,
0xf02001,
0x5a503,
0x4200055b,
0xe02401,
0x5a503,
0x4200055b,
0xd02801,
0x5a503,
0x4200055b,
0xc02c01,
0x5a503,
0x4200055b,
0xb05801,
0x5a503,
0x4200055b,
0xa05c01,
0x5a503,
0x4200055b,
0x906001,
0x5a503,
0x4200055b,
0x806401,
0x5a503,
0x4200055b,
0x706801,
0x5a503,
0x4200055b,
0x606c01,
0x5a503,
0x4200055b,
0x507001,
0x5a503,
0x4200055b,
0x407401,
0x5a503,
0x4200055b,
0x307801,
0x5a503,
0x4200055b,
0x207c01,
0x5a503,
0x150513,
0x1000155b,
0x0,
0x5a503,
0x3000055b,
0x5414,
0x5a503,
0x3000055b,
0x13,
0x5a503,
0x3000055b,
0x12,
0x5a503,
0x3000055b,
0x11,
0x5a503,
0x3000055b,
0x10,
0x5a503,
0x3000055b,
0xf,
0x5a503,
0x3000055b,
0xe,
0x5a503,
0x3000055b,
0xd,
0x5a503,
0x3000055b,
0xc,
0x5a503,
0x3000055b,
0xb,
0x5a503,
0x3000055b,
0xa,
0x5a503,
0x3000055b,
0x9,
0x5a503,
0x3000055b,
0x8,
0x5a503,
0x3000055b,
0x7,
0x5a503,
0x3000055b,
0x6,
0x5a503,
0x3000055b,
0x5,
0x5a503,
0x3000055b,
0x4,
0x5a503,
0x3000055b,
0x3,
0x5a503,
0x170613,
0x3000055b,
0x2,
0x8000162b,
0x0,
0x800705b,
0x3ba54537,
0x65850513,
0x2a6a423,
0x100513,
0x2a6a623,
0x801005b7,
0x80000537,
0xa58533,
0x2a6a823,
0x2c6aa23,
0x6a023,
0x2c12083,
0x2812403,
0x2412483,
0x2012903,
0x1c12983,
0x1812a03,
0x1412a83,
0x1012b03,
0xc12b83,
0x812c03,
0x3010113,
0x8067,
0x0,
0x0,
0x0,
0x0,
0x0,
0x0,
0x0,
0x0,
0x0,
0x0,
0x0,
0x0,
0x0,
0x1f,
0x0,
0x0,
0x0,
0x0,
0x0,
0x0,
0x0,
0x0,
0x0,
0x0,
0x0,
0x0,
0x0,
0x0,
0x0,
0x93,
0x113,
0x193,
0x213,
0x293,
0x313,
0x393,
0x413,
0x493,
0x513,
0x593,
0x613,
0x693,
0x713,
0x793,
0x813,
0x893,
0x913,
0x993,
0xa13,
0xa93,
0xb13,
0xb93,
0xc13,
0xc93,
0xd13,
0xd93,
0xe13,
0xe93,
0xf13,
0xf93,
0x24137,
0x8000ef,
0x100073,
0xf8010113,
0x6112e23,
0x6812c23,
0x8010413,
0xfc017113,
0xc42e03,
0x1442383,
0x1042303,
0x42283,
0xf14027f3,
0x80022537,
0x55583,
0x842603,
0x4452683,
0x4052583,
0x442603,
0x8452603,
0x8255583,
0x2e37,
0xa00e0393,
0x1061513,
0xa5e833,
0x2b537,
0x28050593,
0x2000713,
0x8000172b,
0x0,
0x1f00e93,
0x206b7,
0x6a503,
0xb80333,
0x2f5b7,
0xc00755b,
0x900409,
0x6a503,
0x60058293,
0x345b7,
0x4000055b,
0x2401,
0x98058513,
0xa808b3,
0x16078663,
0x6a503,
0x8400152b,
0x2400,
0x6a503,
0x613,
0xc00755b,
0x100401,
0x1035f93,
0x13f9f93,
0x13fdf93,
0x2001ffdb,
0x7000175b,
0x200806,
0x5807b3,
0x8000172b,
0x200800,
0x1bfe0713,
0x1c1e0813,
0xfff00293,
0x8c0006f,
0xc30533,
0x1055f93,
0x13f9f93,
0x13fdf93,
0x2001ffdb,
0x700015db,
0x20080a,
0x420005db,
0x40040a,
0xc88533,
0x1055f93,
0x13f9f93,
0x13fdf93,
0x2001ffdb,
0x700015db,
0x300c0a,
0x300005db,
0x1003,
0x180015ab,
0x5,
0x300005db,
0x800,
0xc78533,
0x1055f93,
0x13f9f93,
0x13fdf93,
0x2001ffdb,
0x780015db,
0xa,
0x6a503,
0x840015ab,
0x10040a,
0x6a503,
0xa60633,
0xc74e63,
0x6a583,
0xb60533,
0xf70546e3,
0x40c38533,
0x7c050593,
0xf61ff06f,
0x778533,
0x4000693,
0x1055f93,
0x13f9f93,
0x13fdf93,
0x2001ffdb,
0x780016db,
0x1800a,
0x2d537,
0x20050513,
0xa12023,
0x800705b,
0xa8c45537,
0xf8650513,
0x801ff5b7,
0x2a5a423,
0x100513,
0x2a5a623,
0x80000637,
0x10513,
0xc50533,
0x2a5a823,
0x2d5aa23,
0x5a023,
0xf8040113,
0x7c12083,
0x7812403,
0x8010113,
0x8067,
0x6a503,
0x108df93,
0x13f9f93,
0x13fdf93,
0x2001ffdb,
0x7800155b,
0x11,
0x100613,
0x6a583,
0xb38533,
0x7bf50513,
0x2b54533,
0xe6a654e3,
0x6a503,
0x4200055b,
0x817c01,
0x6a503,
0x4200055b,
0x717801,
0x6a503,
0x4200055b,
0x617401,
0x6a503,
0x4200055b,
0x517001,
0x6a503,
0x4200055b,
0x416c01,
0x6a503,
0x4200055b,
0x316801,
0x6a503,
0x4200055b,
0x216401,
0x6a503,
0x1000155b,
0x100400,
0x6a503,
0x3000055b,
0x2007,
0x6a503,
0x3000055b,
0x6,
0x6a503,
0x3000055b,
0x5,
0x6a503,
0x3000055b,
0x4,
0x6a503,
0x3000055b,
0x3,
0x6a503,
0x3000055b,
0x100002,
0x6a503,
0x8400152b,
0x90240a,
0x6a583,
0x2b60533,
0xa88533,
0x1055f93,
0x13f9f93,
0x13fdf93,
0x2001ffdb,
0x780015db,
0x40a,
0x160613,
0xf11ff06f,
0x0,
0x0,
0x0,
0x0,
0x0,
0x1f,
0x0,
0x0,
0x0,
0x0,
0x0,
0x0,
0x0,
0x0,
0x0,
0x0,
0x0,
0x0,
0x0,
0x0,
0x0,
0x0,
0x0,
0x0,
0x0,
0x0,
0x0,
0x0,
0x0,
0x0,
0x0,
0x0,
0x0,
0x0,
0x0,
0x0,
0x0,
0x0,
0x0,
0x0,
0x0,
0x0,
0x0,
0x0,
0x0,
0x0,
0x0,
0x0,
0x0,
0x0,
0x0,
0x0,
0x0,
0x0,
0x0,
0x0,
0x0,
0x0,
0x0,
0x0,
0x0,
0x0,
0x0,
0x0,
0x0,
0x0,
0x0,
0x0,
0x0,
0x0,
0x0,
0x0,
0x0,
0x0,
0x0,
0x0,
0x0,
0x0,
0x0,
0x0,
0x0,
0x0,
0x0,
0x0,
0x0,
0x0,
0x0,
0x0,
0x0,
0x0,
0x0,
0x0,
0x0,
0x0,
0x0,
0x0,
0x0,
0x0,
0x0,
0x0,
0x0,
0x0,
0x0,
0x0,
0x0,
0x0,
0x0,
0x0,
0x0,
0x0,
0x0,
0x0,
0x0,
0x0,
0x0,
0x0,
0x0,
0x0,
0x0,
0x0,
0x0,
0x0,
0x0,
0x0,
0x0,
0x0,
0x0,
0x0,
0x0,
0x0,
0x0,
0x0,
0x0,
0x0,
0x0,
0x0,
0x0,
0x0,
0x0,
0x0,
0x0,
0x0,
0x0,
0x0,
0x0,
0x0,
0x0,
0x0,
0x0,
0x0,
0x0,
0x0,
0x0,
0x0,
0x0,
0x0,
0x0,
0x0,
0x0,
0x0,
0x0,
0x0,
0x0,
0x0,
0x0,
0x0,
0x0,
0x0,
0x0,
0x0,
0x0,
0x0,
0x0,
0x0,
0x0,
0x0,
0x0,
0x0,
0x0,
0x0,
0x0,
0x0,
0x0,
0x0,
0x0,
0x0,
0x0,
0x0,
0x0,
0x0,
0x0,
0x0,
0x0,
0x0,
0x0,
0x0,
0x0,
0x0,
0x0,
0x0,
0x0,
0x0,
0x0,
0x0,
0x0,
0x0,
0x0,
0x0,
0x0,
0x0,
0x0,
0x0,
0x0,
0x0,
0x0,
0x0,
0x0,
0x0,
0x0,
0x0,
0x0,
0x0,
0x0,
0x0,
0x0,
0x0,
0x0,
0x0,
0x0,
0x0,
0x0,
0x0,
0x0,
0x0,
0x0,
0x0,
0x0,
0x0,
0x0,
0x0,
0x0,
0x0,
0x0,
0x0,
0x0,
0x0,
0x0,
0x0,
0x0,
0x0,
0x0,
0x0,
0x0,
0x0,
0x0,
0x0,
0x0,
0x0,
0x0,
0x0,
0x0,
0x0,
0x0,
0x0,
0x0,
0x0,
0x0,
0x0,
0x0,
0x0,
0x0,
0x0,
0x0,
0x0,
0x0,
0x0,
0x0,
0x0,
0x0,
0x0,
0x0,
0x0,
0x0,
0x0,
0x0,
0x0,
0x0,
0x0,
0x0,
0x0,
0x0,
0x0,
0x0,
0x0,
0x0,
0x0,
0x0,
0x0,
0x0,
0x0,
0x0,
0x0,
0x0,
0x0,
0x0,
0x0,
0x0,
0x0,
0x0,
0x0,
0x0,
0x0,
0x0,
0x0,
0x0,
0x0,
0x0,
0x0,
0x0,
0x0,
0x0,
0x0,
0x0,
0x0,
0x0,
0x0,
0x0,
0x0,
0x0,
0x0,
0x0,
0x0,
0x0,
0x0,
0x0,
0x0,
0x0,
0x0,
0x0,
0x0,
0x0,
0x0,
0x0,
0x0,
0x0,
0x0,
0x0,
0x0,
0x0,
0x0,
0x0,
0x0,
0x0,
0x0,
0x0,
0x0,
0x0,
0x0,
0x0,
0x0,
0x0,
0x0,
0x0,
0x0,
0x0,
0x0,
0x0,
0x0,
0x0,
0x0,
0x0,
0x0,
0x0,
0x0,
0x0,
0x0,
0x0,
0x0,
0x0,
0x0,
0x0,
0x0,
0x0,
0x0,
0x0,
0x0,
0x0,
0x0,
0x0,
0x0,
0x0,
0x0,
0x0,
0x0,
0x0,
0x0,
0x0,
0x0,
0x0,
0x0,
0x0,
0x0,
0x0,
0x0,
0x0,
0x0,
0x0,
0x0,
0x0,
0x0,
0x0,
0x0,
0x0,
0x0,
0x0,
0x0,
0x0,
0x0,
0x0,
0x0,
0x0,
0x0,
0x0,
0x0,
0x0,
0x0,
0x0,
0x0,
0x0,
0x0,
0x0,
0x0,
0x0,
0x0,
0x0,
0x0,
0x0,
0x0,
0x0,
0x0,
0x0,
0x0,
0x0,
0x0,
0x0,
0x0,
0x0,
0x0,
0x0,
0x0,
0x0,
0x0,
0x0,
0x0,
0x0,
0x0,
0x0,
0x0,
0x0,
0x0,
0x0,
0x0,
0x0,
0x0,
0x0,
0x0,
0x0,
0x0,
0x0,
0x0,
0x0,
0x0,
0x0,
0x0,
0x0,
0x0,
0x0,
0x0,
0x0,
0x0,
0x0,
0x0,
0x0,
0x0,
0x0,
0x0,
0x0,
0x0,
0x0,
0x0,
0x0,
0x0,
0x0,
0x0,
0x0,
0x0,
0x0,
0x0,
0x0,
0x0,
0x0,
0x0,
0x0,
0x0,
0x0,
0x0,
0x0,
0x0,
0x0,
0x0,
0x0,
0x0,
0x0,
0x0,
0x0,
0x0,
0x0,
0x0,
0x0,
0x0,
0x0,
0x0,
0x0,
0x0,
0x0,
0x0,
0x0,
0x0,
0x0,
0x0,
0x0,
0x0,
0x0,
0x0,
0x0,
0x0,
0x0,
0x0,
0x0,
0x0,
0x0,
0x0,
0x0,
0x0,
0x0,
0x0,
0x0,
0x0,
0x0,
0x0,
0x0,
0x0,
0x0,
0x0,
0x0,
0x0,
0x0,
0x0,
0x0,
0x0,
0x0,
0x0,
0x0,
0x0,
0x0,
0x0,
0x0,
0x0,
0x0,
0x0,
0x0,
0x0,
0x0,
0x0,
0x0,
0x0,
0x0,
0x0,
0x0,
0x0,
0x0,
0x0,
0x0,
0x0,
0x0,
0x0,
0x0,
0x0,
0x0,
0x0,
0x0,
0x0,
0x0,
0x0,
0x0,
0x0,
0x0,
0x0,
0x0,
0x0,
0x0,
0x0,
0x0,
0x0,
0x0,
0x0,
0x0,
0x0,
0x0,
0x0,
0x0,
0x0,
0x0,
0x0,
0x0,
0x0,
0x0,
0x0,
0x0,
0x0,
0x0,
0x0,
0x0,
0x0,
0x0,
0x0,
0x0,
0x0,
0x0,
0x0,
0x0,
0x0,
0x0,
0x0,
0x0,
0x0,
0x0,
0x0,
0x0,
0x0,
0x0,
0x0,
0x0,
0x0,
0x0,
0x0,
0x0,
0x0,
0x0,
0x0,
0x0,
0x0,
0x0,
0x0,
0x0,
0x0,
0x0,
0x0,
0x0,
0x0,
0x0,
0x0,
0x0,
0x0,
0x0,
0x0,
0x0,
0x0,
0x0,
0x0,
0x0,
0x0,
0x0,
0x0,
0x0,
0x0,
0x0,
0x0,
0x0,
0x0,
0x0,
0x0,
0x0,
0x0,
0x0,
0x0,
0x0,
0x0,
0x0,
0x0,
0x0,
0x0,
0x0,
0x0,
0x0,
0x0,
0x0,
0x0,
0x0,
0x0,
0x0,
0x0,
0x0,
0x0,
0x0,
0x0,
0x0,
0x0,
0x0,
0x0,
0x0,
0x0,
0x0,
0x0,
0x0,
0x0,
0x0,
0x0,
0x0,
0x0,
0x0,
0x0,
0x0,
0x0,
0x0,
0x0,
0x0,
0x0,
0x0,
0x0,
0x0,
0x0,
0x0,
0x0,
0x0,
0x0,
0x0,
0x0,
0x0,
0x0,
0x0,
0x0,
0x0,
0x0,
0x0,
0x0,
0x0,
0x0,
0x0,
0x0,
0x0,
0x0,
0x0,
0x0,
0x0,
0x0,
0x0,
0x0,
0x0,
0x0,
0x0,
0x0,
0x0,
0x0,
0x0,
0x0,
0x0,
0x0,
0x0,
0x0,
0x0,
0x0,
0x0,
0x0,
0x0,
0x0,
0x0,
0x0,
0x0,
0x0,
0x0,
0x0,
0x0,
0x0,
0x0,
0x0,
0x0,
0x0,
0x0,
0x0,
0x0,
0x0,
0x0,
0x0,
0x0,
0x0,
0x0,
0x0,
0x0,
0x0,
0x0,
0x0,
0x0,
0x0,
0x0,
0x0,
0x0,
0x0,
0x0,
0x0,
0x0,
0x0,
0x0,
0x0,
0x0,
0x0,
0x0,
0x0,
0x0,
0x0,
0x0,
0x0,
0x0,
0x0,
0x0,
0x0,
0x0,
0x0,
0x0,
0x0,
0x0,
0x0,
0x0,
0x0,
0x0,
0x0,
0x0,
0x0,
0x0,
0x0,
0x0,
0x0,
0x0,
0x0,
0x0,
0x0,
0x0,
0x0,
0x0,
0x0,
0x0,
0x0,
0x0,
0x0,
0x0,
0x0,
0x0,
0x0,
0x0,
0x0,
0x0,
0x0,
0x0,
0x0,
0x0,
0x0,
0x0,
0x0,
0x0,
0x0,
0x0,
0x0,
0x0,
0x0,
0x0,
0x0,
0x0,
0x0,
0x0,
0x0,
0x0,
0x0,
0x0,
0x0,
0x0,
0x0,
0x0,
0x0,
0x0,
0x0,
0x0,
0x0,
0x0,
0x0,
0x0,
0x0,
0x0,
0x0,
0x0,
0x0,
0x0,
0x0,
0x0,
0x0,
0x0,
0x0,
0x0,
0x0,
0x0,
0x0,
0x0,
0x0,
0x0,
0x0,
0x0,
0x0,
0x0,
0x0,
0x0,
0x0,
0x0,
0x0,
0x0,
0x0,
0x0,
0x0,
0x0,
0x0,
0x0,
0x0,
0x0,
0x0,
0x0,
0x0,
0x0,
0x0,
0x0,
0x0,
0x0,
0x0,
0x0,
0x0,
0x0,
0x0,
0x0,
0x0,
0x0,
0x0,
0x0,
0x0,
0x0,
0x0,
0x0,
0x0,
0x0,
0x0,
0x0,
0x0,
0x0,
0x0,
0x0,
0x0,
0x0,
0x0,
0x0,
0x0,
0x0,
0x0,
0x0,
0x0,
0x0,
0x0,
0x0,
0x0,
0x0,
0x0,
0x0,
0x0,
0x0,
0x0,
0x0,
0x0,
0x0,
0x0,
0x0,
0x0,
0x0,
0x0,
0x0,
0x0,
0x0,
0x0,
0x0,
0x0,
0x0,
0x0,
0x0,
0x0,
0x0,
0x0,
0x0,
0x0,
0x0,
0x0,
0x0,
0x0,
0x0,
0x0,
0x0,
0x0,
0x0,
0x0,
0x0,
0x0,
0x0,
0x0,
0x0,
0x0,
0x0,
0x0,
0x0,
0x0,
0x0,
0x0,
0x0,
0x0,
0x0,
0x0,
0x0,
0x0,
0x0,
0x0,
0x0,
0x0,
0x0,
0x0,
0x0,
0x0,
0x0,
0x0,
0x0,
0x0,
0x0,
0x0,
0x0,
0x0,
0x0,
0x0,
0x0,
0x0,
0x0,
0x0,
0x0,
0x0,
0x0,
0x0,
0x0,
0x0,
0x0,
0x0,
0x0,
0x0,
0x0,
0x0,
0x0,
0x0,
0x0,
0x0,
0x0,
0x0,
0x0,
0x0,
0x0,
0x0,
0x0,
0x0,
0x0,
0x0,
0x0,
0x0,
0x0,
0x0,
0x0,
0x0,
0x0,
0x0,
0x0,
0x0,
0x0,
0x0,
0x0,
0x0,
0x0,
0x0,
0x0,
0x0,
0x0,
0x0,
0x0,
0x0,
0x0,
0x0,
0x0,
0x0,
0x0,
0x0,
0x0,
0x0,
0x0,
0x0,
0x0,
0x0,
0x0,
0x0,
0x0,
0x0,
0x0,
0x0,
0x0,
0x0,
0x0,
0x0,
0x0,
0x0,
0x0,
0x0,
0x0,
0x0,
0x0,
0x0,
0x0,
0x0,
0x0,
0x0,
0x0,
0x0,
0x0,
0x0,
0x0,
0x0,
0x0,
0x0,
0x0,
0x0,
0x0,
0x0,
0x0,
0x0,
0x0,
0x0,
0x0,
0x0,
0x0,
0x0,
0x0,
0x0,
0x0,
0x0,
0x0,
0x0,
0x0,
0x0,
0x0,
0x0,
0x0,
0x0,
0x0,
0x0,
0x0,
0x0,
0x0,
0x0,
0x0,
0x0,
0x0,
0x0,
0x0,
0x0,
0x0,
0x0,
0x0,
0x0,
0x0,
0x0,
0x0,
0x0,
0x0,
0x0,
0x0,
0x0,
0x0,
0x0,
0x0,
0x0,
0x0,
0x0,
0x0,
0x0,
0x0,
0x0,
0x0,
0x0,
0x0,
0x0,
0x0,
0x0,
0x0,
0x0,
0x0,
0x0,
0x0,
0x0,
0x0,
0x0,
0x0,
0x0,
0x0,
0x0,
0x0,
0x0,
0x0,
0x0,
0x0,
0x0,
0x0,
0x0,
0x0,
0x0,
0x0,
0x0,
0x0,
0x0,
0x0,
0x0,
0x0,
0x0,
0x0,
0x0,
0x0,
0x0,
0x0,
0x0,
0x0,
0x0,
0x0,
0x0,
0x0,
0x0,
0x0,
0x0,
0x0,
0x0,
0x0,
0x0,
0x0,
0x0,
0x0,
0x0,
0x0,
0x0,
0x0,
0x0,
0x0,
0x0,
0x0,
0x0,
0x0,
0x0,
0x0,
0x0,
0x0,
0x0,
0x0,
0x0,
0x0,
0x0,
0x0,
0x0,
0x0,
0x0,
0x0,
0x0,
0x0,
0x0,
0x0,
0x0,
0x0,
0x0,
0x0,
0x0,
0x0,
0x0,
0x0,
0x0,
0x0,
0x0,
0x0,
0x0,
0x0,
0x0,
0x0,
0x0,
0x0,
0x0,
0x0,
0x0,
0x0,
0x0,
0x0,
0x0,
0x0,
0x0,
0x0,
0x0,
0x0,
0x0,
0x0,
0x0,
0x0,
0x0,
0x0,
0x0,
0x0,
0x0,
0x0,
0x0,
0x0,
0x0,
0x0,
0x0,
0x0,
0x0,
0x0,
0x0,
0x0,
0x0,
0x0,
0x0,
0x0,
0x0,
0x0,
0x0,
0x0,
0x0,
0x0,
0x0,
0x0,
0x0,
0x0,
0x0,
0x0,
0x0,
0x0,
0x0,
0x0,
0x0,
0x0,
0x0,
0x0,
0x0,
0x0,
0x0,
0x0,
0x0,
0x0,
0x0,
0x0,
0x0,
0x0,
0x0,
0x0,
0x0,
0x0,
0x0,
0x0,
0x0,
0x0,
0x0,
0x0,
0x0,
0x0,
0x0,
0x0,
0x0,
0x0,
0x0,
0x0,
0x0,
0x0,
0x0,
0x0,
0x0,
0x0,
0x0,
0x0,
0x0,
0x0,
0x0,
0x0,
0x0,
0x0,
0x0,
0x0,
0x0,
0x0,
0x0,
0x0,
0x0,
0x0,
0x0,
0x0,
0x0,
0x0,
0x0,
0x0,
0x0,
0x0,
0x0,
0x0,
0x0,
0x0,
0x0,
0x0,
0x0,
0x0,
0x0,
0x0,
0x0,
0x0,
0x0,
0x0,
0x0,
0x0,
0x0,
0x0,
0x0,
0x0,
0x0,
0x0,
0x0,
0x0,
0x0,
0x0,
0x0,
0x0,
0x0,
0x0,
0x0,
0x0,
0x0,
0x0,
0x0,
0x0,
0x0,
0x0,
0x0,
0x0,
0x0,
0x0,
0x0,
0x0,
0x0,
0x0,
0x0,
0x0,
0x0,
0x0,
0x0,
0x0,
0x0,
0x0,
0x0,
0x0,
0x0,
0x0,
0x0,
0x0,
0x0,
0x0,
0x0,
0x0,
0x0,
0x0,
0x0,
0x0,
0x0,
0x0,
0x0,
0x0,
0x0,
0x0,
0x0,
0x0,
0x0,
0x0,
0x0,
0x0,
0x0,
0x0,
0x0,
0x0,
0x0,
0x0,
0x0,
0x0,
0x0,
0x0,
0x0,
0x0,
0x0,
0x0,
0x0,
0x0,
0x0,
0x0,
0x0,
0x0,
0x0,
0x0,
0x0,
0x0,
0x0,
0x0,
0x0,
0x0,
0x0,
0x0,
0x0,
0x0,
0x0,
0x0,
0x0,
0x0,
0x0,
0x0,
0x0,
0x0,
0x0,
0x0,
0x0,
0x0,
0x0,
0x0,
0x0,
0x0,
0x0,
0x0,
0x0,
0x0,
0x0,
0x0,
0x0,
0x0,
0x0,
0x0,
0x0,
0x0,
0x0,
0x0,
0x0,
0x0,
0x0,
0x0,
0x0,
0x0,
0x0,
0x0,
0x0,
0x0,
0x0,
0x0,
0x0,
0x0,
0x0,
0x0,
0x0,
0x0,
0x0,
0x0,
0x0,
0x0,
0x0,
0x0,
0x0,
0x0,
0x0,
0x0,
0x0,
0x0,
0x0,
0x0,
0x0,
0x0,
0x0,
0x0,
0x0,
0x0,
0x0,
0x0,
0x0,
0x0,
0x0,
0x0,
0x0,
0x0,
0x0,
0x0,
0x0,
0x0,
0x0,
0x0,
0x0,
0x0,
0x0,
0x0,
0x0,
0x0,
0x0,
0x0,
0x0,
0x0,
0x0,
0x0,
0x0,
0x0,
0x0,
0x0,
0x0,
0x0,
0x0,
0x0,
0x0,
0x0,
0x0,
0x0,
0x0,
0x0,
0x0,
0x0,
0x0,
0x0,
0x0,
0x0,
0x0,
0x0,
0x0,
0x0,
0x0,
0x0,
0x0,
0x0,
0x0,
0x0,
0x0,
0x0,
0x0,
0x0,
0x0,
0x0,
0x0,
0x0,
0x0,
0x0,
0x0,
0x0,
0x0,
0x0,
0x0,
0x0,
0x0,
0x0,
0x0,
0x0,
0x0,
0x0,
0x0,
0x0,
0x0,
0x0,
0x0,
0x0,
0x0,
0x0,
0x0,
0x0,
0x0,
0x10000,
0x1000000,
0x10001,
0x1000000,
0x10000,
0x1010100,
0x10001,
0x10000,
0x1000100,
0x1000001,
0x1000100,
0x0,
0x1010000,
0x1000100,
0x10100,
0x1000000,
0x10000,
0x1010100,
0x10001,
0x1010000,
0x1010000,
0x101,
0x1000101,
0x0,
0x1010000,
0x1000100,
0x1010100,
0x1000100,
0x1010001,
0x100,
0x10001,
0x1010000,
0x1010000,
0x1000101,
0x1010001,
0x0,
0x10000,
0x1010000,
0x1010100,
0x1000100,
0x10001,
0x0,
0x10100,
0x10000,
0x1010100,
0x1000000,
0x1010001,
0x1000000,
0x100,
0x10100,
0x10101,
0x1010000,
0x1010101,
0x1,
0x1010100,
0x10100,
0x10101,
0x1010000,
0x1010101,
0x1,
0x1010100,
0x1010100,
0x1,
0x1010000,
0x1010101,
0x1,
0x1010100,
0x1010100,
0x1000001,
0x1010100,
0x1010000,
0x1,
0x1010100,
0x1010100,
0x1000001,
0x10100,
0x1000100,
0x1000101,
0x1010101,
0x1010100,
0x1000001,
0x10100,
0x100,
0x1000001,
0x10100,
0x100,
0x1000001,
0x10100,
0x100,
0x1,
0x0,
0x100,
0x1,
0x0,
0x100,
0x1,
0x1000000,
0x0,
0x100,
0x1000000,
0x0,
0x100,
0x1000000,
0x1000000,
0x10000,
0x100,
0x1000001,
0x10000,
0x100,
0x1000001,
0x1010000,
0x0,
0x0,
0x0,
0x0,
0x0,
0x0,
0x1000000,
0x10100,
0x0,
0x0,
0x0,
0x0,
0x0,
0x1000000,
0x100,
0x101,
0x0,
0x0,
0x0,
0x0,
0x1000000,
0x10100,
0x1000100,
0x1,
0x0,
0x0,
0x0,
0x1000000,
0x100,
0x1000001,
0x1010000,
0x0,
0x0,
0x0,
0x1000000,
0x10100,
0x0,
0x1000000,
0x10100,
0x0,
0x0,
0x1000000,
0x100,
0x101,
0x1000000,
0x100,
0x101,
0x0,
0x1000000,
0x10100,
0x1000100,
0x1000001,
0x10100,
0x1000100,
0x1,
0x1000000,
0x100,
0x1000001,
0x10000,
0x100,
0x1000001,
0x1010000,
0x1000000,
0x10100,
0x0,
0x0,
0x0,
0x0,
0x1000000,
0x1010100,
0x100,
0x101,
0x0,
0x0,
0x0,
0x1000000,
0x1000100,
0x10001,
0x1000100,
0x1,
0x0,
0x0,
0x1000000,
0x1010100,
0x1000000,
0x1000000,
0x1010000,
0x0,
0x0,
0x1000000,
0x1000100,
0x1010101,
0x1010000,
0x1000000,
0x10100,
0x0,
0x1000000,
0x1010100,
0x100,
0x1000101,
0x1010100,
0x100,
0x101,
0x1000000,
0x1000100,
0x10001,
0x100,
0x1000101,
0x10001,
0x1000100,
0x1000001,
0x1010100,
0x1000000,
0x0,
0x100,
0x1000000,
0x1000000,
0x10000,
0x1000100,
0x1010101,
0x10000,
0x100,
0x1000001,
0x1010000,
0x0,
0x1000000,
0x100,
0x101,
0x0,
0x0,
0x1000000,
0x10100,
0x1000000,
0x10100,
0x1000100,
0x1,
0x0,
0x1000000,
0x100,
0x1000101,
0x100,
0x1000001,
0x1010000,
0x0,
0x1000000,
0x10100,
0x100,
0x10101,
0x0,
0x1000000,
0x10100,
0x1000000,
0x100,
0x1,
0x1010100,
0x101,
0x1000000,
0x100,
0x1000101,
0x10100,
0x1000000,
0x1010100,
0x1010000,
0x1000001,
0x10100,
0x100,
0x101,
0x1000101,
0x1000100,
0x1000101,
0x10101,
0x100,
0x1,
0x1000100,
0x100,
0x1010101,
0x10100,
0x1000100,
0x1,
0x1000000,
0x1000100,
0x10101,
0x10100,
0x1,
0x1000001,
0x1010000,
0x1000000,
0x1010100,
0x1000100,
0x10001,
0x1000100,
0x1,
0x1000000,
0x1010100,
0x1000100,
0x1010001,
0x1000000,
0x1000000,
0x1010000,
0x1000000,
0x1000100,
0x1010001,
0x0,
0x1010100,
0x1010000,
0x1000000,
0x1010100,
0x1010100,
0x0,
0x10100,
0x1010100,
0x1000101,
0x1010100,
0x1000100,
0x1000001,
0x10101,
0x10100,
0x1010001,
0x10000,
0x1000101,
0x1010001,
0x10000,
0x1000101,
0x10001,
0x10100,
0x100,
0x1,
0x0,
0x100,
0x1,
0x1000000,
0x10000,
0x1,
0x1000000,
0x0,
0x100,
0x1000000,
0x1000000,
0x0,
0x1000101,
0x1000000,
0x10000,
0x100,
0x1000001,
0x1010000,
0x10000,
0x101,
0x1010001,
0x0,
0x0,
0x0,
0x1000000,
0x100,
0x1000001,
0x10000,
0x10100,
0x0,
0x0,
0x1000000,
0x10100,
0x0,
0x0,
0x10000,
0x101,
0x0,
0x1000000,
0x100,
0x101,
0x0,
0x10000,
0x1000001,
0x1,
0x1000000,
0x10100,
0x1000100,
0x1,
0x10000,
0x101,
0x1010001,
0x1000000,
0x100,
0x1000001,
0x1010000,
0x10000,
0x1000001,
0x10000,
0x1010100,
0x10100,
0x0,
0x1000000,
0x100,
0x101,
0x0,
0x1010000,
0x1,
0x101,
0x1000000,
0x10100,
0x1000100,
0x1,
0x1010000,
0x1010101,
0x1000101,
0x1000001,
0x100,
0x1000001,
0x1010000,
0x1010000,
0x1,
0x10000,
0x10000,
0x10100,
0x0,
0x1000000,
0x1000100,
0x1010101,
0x10000,
0x10100,
0x10000,
0x101,
0x1000000,
0x1010100,
0x100,
0x101,
0x10000,
0x10101,
0x1000001,
0x1000001,
0x1000100,
0x10001,
0x1000100,
0x10001,
0x1010001,
0x100,
0x10001,
0x1010100,
0x1000000,
0x1000000,
0x1000000,
0x10101,
0x10000,
0x1010000,
0x1010000,
0x1010101,
0x1010000,
0x1010000,
0x1000101,
0x10101,
0x1010100,
0x1000100,
0x1,
0x1000101,
0x1000100,
0x10001,
0x1000100,
0x1010001,
0x1010001,
0x1010000,
0x101,
0x1010101,
0x1000000,
0x1000000,
0x0,
0x101,
0x1000100,
0x1010001,
0x10100,
0x1010101,
0x1010000,
0x10000,
0x1000101,
0x1000101,
0x0,
0x0,
0x10000,
0x1000101,
0x100,
0x1,
0x10100,
0x10001,
0x0,
0x10000,
0x1,
0x10101,
0x1000000,
0x10100,
0x1010100,
0x100,
0x10000,
0x1000101,
0x1010101,
0x1000101,
0x100,
0x1010001,
0x10001,
0x10001,
0x1,
0x100,
0x10000,
0x10101,
0x10000,
0x1000101,
0x1010101,
0x1000101,
0x100,
0x10001,
0x1010001,
0x10101,
0x1,
0x100,
0x10000,
0x10101,
0x1010000,
0x10101,
0x1000001,
0x1000100,
0x100,
0x10001,
0x1010001,
0x1010101,
0x1000001,
0x100,
0x1010100,
0x10101,
0x1010000,
0x10101,
0x1,
0x10100,
0x10100,
0x1010101,
0x1000000,
0x1010101,
0x1000001,
0x1000100,
0x10100,
0x10001,
0x10000,
0x1010101,
0x101,
0x10100,
0x1010100,
0x101,
0x1010100,
0x10100,
0x10001,
0x1010000,
0x10101,
0x1010001,
0x1010000,
0x1010101,
0x1,
0x1010100,
0x1010100,
0x1000001,
0x10100,
0x1000100,
0x1,
0x1010100,
0x1010100,
0x1000001,
0x10100,
0x100,
0x1000001,
0x1010000,
0x1010100,
0x1000001,
0x10100,
0x100,
0x1,
0x0,
0x1000000,
0x1000000,
0x10100,
0x100,
0x1,
0x1000000,
0x0,
0x1000000,
0x1010000,
0x100,
0x1,
0x1000000,
0x1000000,
0x10000,
0x1000000,
0x1000000,
0x10000,
0x1000000,
0x1000000,
0x1010000,
0x0,
0x1000100,
0x1010000,
0x0,
0x1000100,
0x1010000,
0x1000000,
0x10100,
0x1000100,
0x1000001,
0x10100,
0x1000100,
0x1000001,
0x1010100,
0x100,
0x1000001,
0x10000,
0x100,
0x1000001,
0x10000,
0x1000100,
0x10001,
0x0,
0x0,
0x0,
0x0,
0x0,
0x1000000,
0x1000000,
0x100,
0x0,
0x0,
0x0,
0x0,
0x1000000,
0x1010000,
0x10100,
0x1,
0x0,
0x0,
0x0,
0x1000000,
0x1000000,
0x0,
0x1000100,
0x0,
0x0,
0x0,
0x1000000,
0x1010000,
0x10000,
0x1000100,
0x10001,
0x0,
0x0,
0x1000000,
0x1000000,
0x100,
0x1000000,
0x1000000,
0x100,
0x0,
0x1000000,
0x1010000,
0x10100,
0x1000001,
0x1010000,
0x10100,
0x1,
0x1000000,
0x1000000,
0x0,
0x100,
0x1000000,
0x0,
0x1000100,
0x1000000,
0x1010000,
0x10000,
0x100,
0x1000001,
0x10000,
0x1000100,
0x1010001,
0x1000000,
0x100,
0x0,
0x0,
0x0,
0x1000000,
0x0,
0x1010100,
0x10100,
0x1,
0x0,
0x0,
0x1000000,
0x10000,
0x1010100,
0x1,
0x1000100,
0x0,
0x0,
0x1000000,
0x0,
0x1010000,
0x1010100,
0x1000100,
0x10001,
0x0,
0x1000000,
0x10000,
0x1010000,
0x1000000,
0x1010001,
0x1000000,
0x100,
0x1000000,
0x0,
0x1010100,
0x1010100,
0x1,
0x1010100,
0x10100,
0x1000001,
0x10000,
0x1010100,
0x1000001,
0x1010100,
0x1010100,
0x1,
0x100,
0x0,
0x1010000,
0x10100,
0x1000100,
0x1000001,
0x1010100,
0x100,
0x1,
0x1010000,
0x0,
0x1000001,
0x10000,
0x1000100,
0x10001,
0x1000000,
0x1010000,
0x10100,
0x1,
0x0,
0x1000000,
0x1000000,
0x1000100,
0x1000000,
0x0,
0x1000100,
0x0,
0x1000000,
0x1010000,
0x1010100,
0x1010001,
0x10000,
0x1000100,
0x10001,
0x1000000,
0x1000000,
0x1000000,
0x100,
0x100,
0x1000000,
0x1000000,
0x1000100,
0x1010000,
0x1010000,
0x10100,
0x101,
0x1000001,
0x1010000,
0x1010100,
0x1000001,
0x1000100,
0x0,
0x1000000,
0x0,
0x1000000,
0x1000000,
0x10100,
0x1010100,
0x10001,
0x1000000,
0x10000,
0x1000000,
0x1010000,
0x100,
0x1010001,
0x1000100,
0x1000100,
0x0,
0x1000100,
0x1000000,
0x10000,
0x10000,
0x1010000,
0x1010101,
0x10001,
0x1000100,
0x1010001,
0x0,
0x10100,
0x1010100,
0x1,
0x1000100,
0x1000000,
0x0,
0x10100,
0x10100,
0x1010001,
0x1010100,
0x1000100,
0x1010001,
0x10000,
0x10100,
0x10001,
0x10100,
0x1000000,
0x1010001,
0x0,
0x100,
0x10000,
0x1010100,
0x10000,
0x1000101,
0x1,
0x10100,
0x100,
0x10001,
0x1010000,
0x101,
0x1,
0x1010000,
0x10100,
0x1,
0x1010000,
0x1010100,
0x1010001,
0x1000000,
0x1010000,
0x0,
0x1000100,
0x1010000,
0x1000000,
0x100,
0x1010100,
0x1000000,
0x10100,
0x1000100,
0x1000001,
0x1010100,
0x10100,
0x1010101,
0x1010101,
0x100,
0x1000001,
0x10000,
0x1000100,
0x1,
0x10000,
0x0,
0x10001,
0x0,
0x0,
0x1000000,
0x1010000,
0x10000,
0x100,
0x1010001,
0x100,
0x0,
0x1000000,
0x1000000,
0x100,
0x0,
0x10000,
0x10000,
0x1,
0x1000000,
0x1010000,
0x10100,
0x1,
0x10000,
0x10100,
0x1000101,
0x1000000,
0x1000000,
0x0,
0x1000100,
0x10000,
0x10000,
0x0,
0x1010001,
0x1010000,
0x10000,
0x1000100,
0x1,
0x10100,
0x100,
0x10001,
0x1000100,
0x100,
0x1000000,
0x1010000,
0x10100,
0x1,
0x1010000,
0x1000000,
0x10101,
0x1000001,
0x1000000,
0x0,
0x1000100,
0x1010000,
0x1010100,
0x1000101,
0x100,
0x1010000,
0x10000,
0x1000100,
0x1000001,
0x1000000,
0x10000,
0x10101,
0x1010001,
0x100,
0x1000000,
0x10000,
0x1010000,
0x0,
0x1010001,
0x10100,
0x10000,
0x1000001,
0x0,
0x1010100,
0x10100,
0x10001,
0x0,
0x10101,
0x101,
0x10000,
0x1010100,
0x1,
0x1010100,
0x100,
0x1010101,
0x1000000,
0x10001,
0x1010000,
0x1010100,
0x1010100,
0x10001,
0x10100,
0x1010101,
0x1000001,
0x1010100,
0x1000000,
0x1000001,
0x1000100,
0x10000,
0x10000,
0x10100,
0x1000100,
0x1010101,
0x10001,
0x1010100,
0x1,
0x10100,
0x10000,
0x1000001,
0x100,
0x1000100,
0x1010000,
0x1010100,
0x10100,
0x10101,
0x101,
0x10100,
0x1000101,
0x1000001,
0x1000000,
0x1,
0x1010000,
0x1000000,
0x10101,
0x0,
0x10000,
0x1010000,
0x1010001,
0x1010000,
0x1010100,
0x1000101,
0x101,
0x10000,
0x1010100,
0x101,
0x1000100,
0x1000000,
0x10000,
0x1010100,
0x10001,
0x1010000,
0x1010000,
0x1000101,
0x1010001,
0x0,
0x1010000,
0x1000100,
0x1010100,
0x1000100,
0x10001,
0x0,
0x10100,
0x1010000,
0x1010000,
0x1000101,
0x1010001,
0x1000000,
0x100,
0x10100,
0x1010101,
0x1000100,
0x10001,
0x0,
0x1010100,
0x10100,
0x10101,
0x10000,
0x1010001,
0x1000000,
0x100,
0x1010100,
0x1,
0x1010000,
0x10101,
0x10101,
0x1010100,
0x10100,
0x1010101,
0x1010100,
0x1010000,
0x1000001,
0x1010000,
0x1010001,
0x1,
0x10000,
0x1000001,
0x1000101,
0x10101,
0x1000000,
0x101,
0x1010101,
0x10000,
0x101,
0x10101,
0x1000100,
0x1000101,
0x1010101,
0x10100,
0x101,
0x1000001,
0x1010100,
0x1000001,
0x10100,
0x100,
0x1,
0x1000000,
0x0,
0x1000100,
0x10100,
0x100,
0x1,
0x1000000,
0x1000000,
0x10000,
0x1000100,
0x101,
0x1,
0x1000000,
0x1000000,
0x1010000,
0x0,
0x1000000,
0x1010100,
0x1000000,
0x1000000,
0x1010000,
0x1000000,
0x10100,
0x1000000,
0x1000100,
0x1010101,
0x1010000,
0x1000000,
0x1010100,
0x100,
0x1000101,
0x1010100,
0x100,
0x1000101,
0x1010100,
0x1000100,
0x10001,
0x100,
0x1000101,
0x10001,
0x100,
0x1000101,
0x1010001,
0x1000000,
0x0,
0x100,
0x1000000,
0x0,
0x100,
0x0,
0x1010100,
0x10000,
0x100,
0x1000001,
0x10000,
0x100,
0x1,
0x1010100,
0x101,
0x0,
0x0,
0x0,
0x0,
0x1000000,
0x1010100,
0x1010000,
0x1,
0x0,
0x0,
0x0,
0x1000000,
0x1000100,
0x1000101,
0x1010101,
0x0,
0x0,
0x0,
0x1000000,
0x1010100,
0x10100,
0x100,
0x10101,
0x0,
0x0,
0x1000000,
0x1000100,
0x1,
0x1,
0x1010100,
0x101,
0x0,
0x1000000,
0x1010100,
0x1010000,
0x1000001,
0x1010100,
0x1010000,
0x1,
0x1000000,
0x1000100,
0x1000101,
0x10101,
0x1000100,
0x1000101,
0x1010101,
0x1000000,
0x1010100,
0x10100,
0x1000100,
0x1000001,
0x10100,
0x100,
0x1010101,
0x1000100,
0x1,
0x1000001,
0x10000,
0x100,
0x1,
0x10100,
0x1010001,
0x1010000,
0x1,
0x0,
0x0,
0x1000000,
0x10100,
0x10100,
0x1000100,
0x1010101,
0x0,
0x0,
0x1000000,
0x100,
0x10001,
0x1000001,
0x100,
0x10101,
0x0,
0x1000000,
0x10100,
0x1010000,
0x101,
0x10100,
0x1010100,
0x101,
0x1000000,
0x100,
0x1010101,
0x1010001,
0x10101,
0x1010001,
0x1010000,
0x1000001,
0x10100,
0x10100,
0x100,
0x1000001,
0x10100,
0x1000100,
0x10101,
0x100,
0x10001,
0x1,
0x0,
0x100,
0x1000001,
0x1000100,
0x1,
0x1010000,
0x1000101,
0x0,
0x100,
0x0,
0x1010100,
0x1010000,
0x1010000,
0x10001,
0x10001,
0x100,
0x1,
0x1010100,
0x1000101,
0x1000100,
0x1000101,
0x1010101,
0x0,
0x1000000,
0x1010100,
0x10000,
0x1010101,
0x10100,
0x100,
0x10101,
0x1000000,
0x1000100,
0x101,
0x10001,
0x1,
0x1,
0x1010100,
0x1000101,
0x1010100,
0x1010100,
0x1010000,
0x1000101,
0x1000001,
0x1010100,
0x10000,
0x1000101,
0x1000001,
0x1000101,
0x10001,
0x10000,
0x1000100,
0x101,
0x1,
0x10000,
0x10101,
0x1000000,
0x10100,
0x1000000,
0x1010100,
0x1000000,
0x10000,
0x1010001,
0x1000101,
0x100,
0x1000101,
0x1000100,
0x1010101,
0x0,
0x10101,
0x10001,
0x10101,
0x100,
0x1010101,
0x100,
0x10101,
0x1010101,
0x1010100,
0x1010001,
0x1,
0x10100,
0x10001,
0x1010100,
0x10000,
0x1000001,
0x100,
0x1010101,
0x10100,
0x1010100,
0x1010000,
0x101,
0x101,
0x10100,
0x10100,
0x1,
0x1010001,
0x1000101,
0x1010001,
0x1000100,
0x10101,
0x10001,
0x1000100,
0x10001,
0x10001,
0x0,
0x1010000,
0x1000100,
0x1010100,
0x1000000,
0x1000000,
0x1010101,
0x100,
0x1010000,
0x1010000,
0x1000101,
0x1010101,
0x1010000,
0x101,
0x10001,
0x1010001,
0x1000100,
0x10001,
0x100,
0x1000101,
0x1010001,
0x1010000,
0x10101,
0x1010000,
0x1000000,
0x0,
0x100,
0x0,
0x1000100,
0x1000001,
0x1010101,
0x1010100,
0x10000,
0x100,
0x1,
0x1000100,
0x10000,
0x101,
0x1000001,
0x101,
0x0,
0x1000000,
0x1000100,
0x1,
0x1000001,
0x0,
0x1010101,
0x1,
0x1000000,
0x1010100,
0x1010000,
0x1,
0x10000,
0x10101,
0x1010100,
0x1000000,
0x1000100,
0x1000101,
0x1010101,
0x10000,
0x1010001,
0x1010001,
0x1010101,
0x1010100,
0x10100,
0x100,
0x101,
0x10101,
0x101,
0x1,
0x1000001,
0x1,
0x1,
0x1000100,
0x1010100,
0x1000000,
0x1000000,
0x1,
0x1010001,
0x1000001,
0x1000100,
0x1000101,
0x1010101,
0x1010000,
0x1010001,
0x10001,
0x10101,
0x1010100,
0x10100,
0x100,
0x1000101,
0x101,
0x1000101,
0x1010001,
0x1010001,
0x1,
0x1,
0x100,
0x1010100,
0x100,
0x0,
0x101,
0x1010101,
0x1000001,
0x100,
0x1010101,
0x10001,
0x1,
0x1000101,
0x10100,
0x10100,
0x10100,
0x10100,
0x1000100,
0x1000101,
0x101,
0x101,
0x10001,
0x10001,
0x10001,
0x1000001,
0x10100,
0x1010100,
0x1000100,
0x1010000,
0x1010101,
0x1010101,
0x101,
0x100,
0x1010001,
0x1010001,
0x1000001,
0x1,
0x0,
0x1010000,
0x101,
0x10000,
0x101,
0x10101,
0x1010001,
0x0,
0x1010000,
0x1010001,
0x10001,
0x1000001,
0x1010100,
0x10100,
0x10100,
0x1010000,
0x101,
0x1000101,
0x101,
0x1000100,
0x1,
0x10001,
0x1010101,
0x1010001,
0x100,
0x1010100,
0x1000101,
0x1010000,
0x1010001,
0x10001,
0x100,
0x10000,
0x1010101,
0x10000,
0x1000001,
0x101,
0x1000101,
0x0,
0x10001,
0x10001,
0x101,
0x101,
0x1010101,
0x100,
0x10001,
0x1010001,
0x1010101,
0x1000001,
0x1000100,
0x10100,
0x10001,
0x1010000,
0x10101,
0x1,
0x10100,
0x1010100,
0x101,
0x1010100,
0x1010100,
0x1000001,
0x1000100,
0x10100,
0x1010001,
0x1010000,
0x1010101,
0x1000001,
0x10100,
0x1010100,
0x101,
0x10100,
0x1000100,
0x1,
0x10100,
0x100,
0x1010001,
0x1010000,
0x10101,
0x1000001,
0x1010000,
0x10100,
0x1,
0x10000,
0x1000100,
0x1000001,
0x100,
0x1000000,
0x0,
0x1000100,
0x10000,
0x1000000,
0x10000,
0x10100,
0x1000001,
0x10000,
0x1000100,
0x1,
0x1000100,
0x0,
0x10000,
0x100,
0x0,
0x1000000,
0x1010000,
0x1000100,
0x10001,
0x10000,
0x0,
0x1,
0x1000000,
0x1000000,
0x1010000,
0x1000000,
0x10100,
0x100,
0x1000001,
0x1000000,
0x1010000,
0x1000000,
0x1010100,
0x100,
0x1,
0x0,
0x1010000,
0x1000000,
0x1010100,
0x1000100,
0x10001,
0x1000000,
0x0,
0x1010000,
0x1010100,
0x1000100,
0x1010001,
0x1000000,
0x1000100,
0x10000,
0x1010000,
0x1000000,
0x1010001,
0x0,
0x1010100,
0x1010100,
0x1,
0x1010100,
0x1010100,
0x1,
0x10100,
0x1010100,
0x1000001,
0x1010100,
0x1010100,
0x1000001,
0x1010100,
0x10100,
0x1010001,
0x10100,
0x1000100,
0x1000001,
0x10100,
0x1000100,
0x1,
0x10100,
0x0,
0x1000001,
0x10000,
0x100,
0x1000001,
0x1010000,
0x10100,
0x101,
0x1,
0x0,
0x0,
0x0,
0x1000000,
0x0,
0x1000000,
0x1000000,
0x0,
0x0,
0x0,
0x1000000,
0x10000,
0x1000000,
0x1010000,
0x10000,
0x0,
0x0,
0x1000000,
0x0,
0x1000100,
0x1000000,
0x100,
0x100,
0x0,
0x1000000,
0x10000,
0x1000100,
0x1010001,
0x10100,
0x101,
0x1,
0x1000000,
0x0,
0x1000000,
0x0,
0x0,
0x1000000,
0x1000000,
0x1000000,
0x10000,
0x1000000,
0x10000,
0x0,
0x1000000,
0x1010000,
0x1010000,
0x0,
0x1000100,
0x0,
0x100,
0x1000000,
0x1000000,
0x1000100,
0x10100,
0x1000100,
0x10001,
0x100,
0x1000001,
0x1010000,
0x1010100,
0x101,
0x1000001,
0x1000000,
0x0,
0x0,
0x1000000,
0x1000000,
0x1010000,
0x0,
0x1010000,
0x10000,
0x0,
0x1000000,
0x1010000,
0x1000000,
0x10100,
0x1010000,
0x100,
0x100,
0x1000000,
0x1000000,
0x1010100,
0x100,
0x1010101,
0x10000,
0x101,
0x1000001,
0x1010000,
0x1000100,
0x10001,
0x10100,
0x101,
0x1000001,
0x0,
0x1000000,
0x1010000,
0x1000000,
0x10000,
0x1000000,
0x0,
0x10000,
0x1000000,
0x1000000,
0x1010100,
0x0,
0x1000100,
0x10000,
0x10000,
0x1000100,
0x1010000,
0x1000100,
0x10101,
0x1000100,
0x1,
0x10100,
0x1000000,
0x1000001,
0x1010000,
0x1000100,
0x1000001,
0x1010000,
0x10100,
0x1000101,
0x10001,
0x1000000,
0x1010000,
0x10000,
0x1000000,
0x0,
0x0,
0x1000000,
0x1000100,
0x1000000,
0x100,
0x1000100,
0x10000,
0x0,
0x1000000,
0x1010100,
0x1010001,
0x10100,
0x1000101,
0x1,
0x100,
0x1000000,
0x1000100,
0x100,
0x0,
0x0,
0x1010000,
0x100,
0x1000001,
0x1010100,
0x10101,
0x1,
0x0,
0x1010000,
0x10000,
0x0,
0x1000100,
0x1000000,
0x1000100,
0x0,
0x1010000,
0x100,
0x100,
0x1000100,
0x1010001,
0x1010100,
0x10001,
0x1010000,
0x10000,
0x101,
0x1000101,
0x0,
0x1000000,
0x1000100,
0x1010100,
0x100,
0x1000001,
0x100,
0x10001,
0x1000000,
0x1010100,
0x1000101,
0x10001,
0x0,
0x10100,
0x1010000,
0x1000100,
0x1000100,
0x10000,
0x1000000,
0x100,
0x10100,
0x1010101,
0x1010000,
0x1010101,
0x1,
0x1000100,
0x10100,
0x10101,
0x10000,
0x1000101,
0x1,
0x1010100,
0x1000100,
0x101,
0x1010000,
0x10101,
0x1,
0x1010000,
0x1010100,
0x1010001,
0x1010100,
0x1010001,
0x1000001,
0x1000100,
0x1010000,
0x1000000,
0x100,
0x1000000,
0x100,
0x10101,
0x1010100,
0x1000001,
0x1010100,
0x10100,
0x1000001,
0x10100,
0x1010100,
0x1010001,
0x10100,
0x1000100,
0x1,
0x100,
0x100,
0x1010001,
0x100,
0x0,
0x1000001,
0x1010000,
0x100,
0x101,
0x10000,
0x10000,
0x1,
0x1,
0x1000000,
0x10000,
0x1000100,
0x10001,
0x10100,
0x1000101,
0x1000001,
0x1000000,
0x0,
0x1000000,
0x1000000,
0x10000,
0x0,
0x10000,
0x1010000,
0x10000,
0x1000000,
0x1010000,
0x0,
0x100,
0x10000,
0x1010100,
0x100,
0x1000100,
0x1000000,
0x10100,
0x100,
0x10001,
0x1010000,
0x10001,
0x1000101,
0x1010001,
0x100,
0x1,
0x1010000,
0x1010100,
0x1000101,
0x1,
0x0,
0x10000,
0x1000000,
0x1010000,
0x1000000,
0x10000,
0x1010000,
0x0,
0x10000,
0x1000100,
0x1000000,
0x1010100,
0x0,
0x1010100,
0x10100,
0x10000,
0x1000000,
0x1010001,
0x1000100,
0x10101,
0x1010100,
0x1,
0x10101,
0x1000100,
0x1,
0x1010000,
0x1000100,
0x1010001,
0x1010100,
0x1010101,
0x1000001,
0x1010000,
0x1010000,
0x1010000,
0x0,
0x1000000,
0x0,
0x10100,
0x1000000,
0x1000100,
0x1000100,
0x10100,
0x1000000,
0x10000,
0x10100,
0x1000101,
0x1010100,
0x1010101,
0x101,
0x1000101,
0x0,
0x10000,
0x0,
0x1000101,
0x0,
0x1010000,
0x100,
0x10001,
0x10000,
0x100,
0x101,
0x10001,
0x1010000,
0x10000,
0x1010000,
0x10100,
0x0,
0x1000100,
0x1010000,
0x1010100,
0x100,
0x1010100,
0x0,
0x101,
0x1000100,
0x1000001,
0x1000000,
0x10001,
0x1010101,
0x10101,
0x1000101,
0x1000101,
0x10000,
0x1010000,
0x1000001,
0x10001,
0x1000000,
0x0,
0x10100,
0x1,
0x1010100,
0x10101,
0x1000001,
0x1000100,
0x10000,
0x10100,
0x1000100,
0x1010100,
0x1000000,
0x100,
0x1010100,
0x1,
0x10000,
0x1000001,
0x1000101,
0x1010101,
0x10100,
0x1010101,
0x1010100,
0x10000,
0x101,
0x10101,
0x100,
0x1,
0x10000,
0x1000001,
0x101,
0x1000001,
0x1010100,
0x1,
0x1000000,
0x10000,
0x101,
0x1010101,
0x0,
0x1000100,
0x1010100,
0x1000000,
0x0,
0x1000001,
0x10100,
0x10101,
0x1000100,
0x1000101,
0x1010101,
0x10000,
0x1,
0x100,
0x1010000,
0x1000001,
0x10100,
0x100,
0x101,
0x1000101,
0x100,
0x1010001,
0x10101,
0x100,
0x1,
0x1000100,
0x100,
0x10101,
0x10000,
0x1000001,
0x1,
0x1000000,
0x1000100,
0x10101,
0x1010100,
0x10101,
0x101,
0x1010001,
0x1000000,
0x1010100,
0x1000100,
0x1010001,
0x1000000,
0x1000000,
0x10000,
0x1010100,
0x1000100,
0x1010001,
0x0,
0x1010100,
0x1010000,
0x0,
0x1010000,
0x1010001,
0x0,
0x10100,
0x1010100,
0x1000101,
0x10100,
0x1010000,
0x101,
0x10100,
0x10100,
0x1010001,
0x10000,
0x101,
0x1010101,
0x1010001,
0x10101,
0x10001,
0x10100,
0x100,
0x1000001,
0x10100,
0x100,
0x1000001,
0x1010100,
0x10000,
0x1,
0x0,
0x100,
0x1,
0x0,
0x1000100,
0x101,
0x1000101,
0x0,
0x100,
0x1000000,
0x0,
0x1000100,
0x1010100,
0x100,
0x10001,
0x100,
0x1000001,
0x10000,
0x1000100,
0x1000101,
0x10001,
0x1010000,
0x0,
0x0,
0x0,
0x1000000,
0x10100,
0x1000000,
0x1010100,
0x10100,
0x0,
0x0,
0x1000000,
0x100,
0x1000101,
0x1000100,
0x1,
0x101,
0x0,
0x1000000,
0x10100,
0x100,
0x1010101,
0x1010000,
0x1000101,
0x1,
0x1000000,
0x100,
0x1,
0x10100,
0x1000101,
0x10001,
0x1010000,
0x1000000,
0x10100,
0x1000000,
0x10100,
0x0,
0x1000000,
0x1010100,
0x1010100,
0x100,
0x1000101,
0x100,
0x101,
0x1000000,
0x1000100,
0x1000001,
0x10001,
0x100,
0x10101,
0x1000100,
0x1000001,
0x1010100,
0x10000,
0x1000001,
0x0,
0x1010100,
0x1000001,
0x10000,
0x1000100,
0x101,
0x101,
0x10000,
0x1010100,
0x10100,
0x0,
0x1000000,
0x1010100,
0x1000100,
0x10001,
0x1010000,
0x1,
0x101,
0x1000000,
0x1000100,
0x1010001,
0x1000000,
0x1010100,
0x1010101,
0x1000101,
0x1000001,
0x1010100,
0x0,
0x1010100,
0x1000100,
0x0,
0x10000,
0x10000,
0x1000100,
0x10101,
0x1010100,
0x1010001,
0x10001,
0x10000,
0x10100,
0x1000000,
0x1000100,
0x1010001,
0x100,
0x1000101,
0x10100,
0x10000,
0x1000101,
0x1010100,
0x0,
0x10000,
0x100,
0x101,
0x10101,
0x1,
0x1000101,
0x10101,
0x10000,
0x0,
0x1000100,
0x1010100,
0x1000100,
0x101,
0x1000100,
0x10101,
0x100,
0x1000100,
0x1000101,
0x1010001,
0x1010100,
0x1000101,
0x1000100,
0x1,
0x1000101,
0x10100,
0x0,
0x1000000,
0x10000,
0x1010101,
0x1010000,
0x101,
0x101,
0x101,
0x1000000,
0x0,
0x10001,
0x1000101,
0x1010001,
0x1000100,
0x1000100,
0x1000001,
0x10000,
0x1010001,
0x1,
0x0,
0x1010000,
0x1010101,
0x10000,
0x0,
0x10101,
0x1010101,
0x0,
0x1010000,
0x1,
0x101,
0x100,
0x1010101,
0x10000,
0x10101,
0x1010000,
0x1010101,
0x1000101,
0x101,
0x10100,
0x101,
0x1010001,
0x1010101,
0x1,
0x10000,
0x1010100,
0x10101,
0x1000000,
0x10000,
0x1,
0x1010100,
0x10000,
0x1010000,
0x1000000,
0x1000101,
0x0,
0x1000101,
0x1010100,
0x101,
0x1010100,
0x1010100,
0x10101,
0x10001,
0x101,
0x1000101,
0x1010000,
0x1010101,
0x1000001,
0x1000000,
0x1010100,
0x1000001,
0x100,
0x1000001,
0x1,
0x10100,
0x1010000,
0x1000100,
0x10100,
0x10100,
0x0,
0x1010001,
0x10100,
0x1010101,
0x1010000,
0x101,
0x10001,
0x101,
0x10001,
0x0,
0x10000,
0x1000101,
0x1010001,
0x1010000,
0x1000001,
0x1010000,
0x100,
0x10000,
0x1,
0x0,
0x1000100,
0x10101,
0x1000000,
0x10000,
0x10001,
0x1000101,
0x0,
0x1000100,
0x1000100,
0x1000101,
0x0,
0x1010101,
0x1,
0x10001,
0x1000100,
0x1010101,
0x10100,
0x10001,
0x10101,
0x1010100,
0x1010001,
0x1000000,
0x100,
0x1,
0x1010100,
0x1010001,
0x1010001,
0x100,
0x1010100,
0x10100,
0x1000000,
0x1010100,
0x100,
0x101,
0x10000,
0x1010101,
0x1,
0x1000101,
0x1000100,
0x10001,
0x1000100,
0x10001,
0x10001,
0x1010100,
0x101,
0x1010101,
0x1000000,
0x1000000,
0x1000000,
0x1010101,
0x1010000,
0x1010000,
0x10100,
0x1010101,
0x1010000,
0x1010000,
0x101,
0x1000101,
0x1000100,
0x0,
0x10000,
0x1000101,
0x1000100,
0x1010001,
0x100,
0x1010101,
0x10001,
0x10000,
0x1,
0x1010101,
0x0,
0x10000,
0x10100,
0x1000100,
0x10100,
0x1000101,
0x10101,
0x10101,
0x10000,
0x10000,
0x1000001,
0x101,
0x0,
0x1000100,
0x1010000,
0x10101,
0x10100,
0x101,
0x1010101,
0x1,
0x1000100,
0x1000001,
0x1000001,
0x10001,
0x1000000,
0x10100,
0x1010100,
0x1000100,
0x10000,
0x10001,
0x1000001,
0x1000100,
0x100,
0x1010001,
0x1010001,
0x1,
0x1010101,
0x101,
0x1010100,
0x10101,
0x10000,
0x101,
0x1010101,
0x10101,
0x0,
0x0,
0x0,
0x0,
0x0,
0x0,
0x0,
0x0,
0x0,
0x0,
0x0,
0x0,
0x20001,
0x40003,
0x60005,
0x80007,
0x10000,
0x2,
0x10000,
0x2,
0x20001,
0x3,
0x20001,
0x3,
0x20001,
0x40003,
0x0,
0x0,
0x30002,
0x50004,
0x70006,
0x90008,
0x20001,
0x10003,
0x60005,
0x10007,
0x30002,
0x10004,
0x30002,
0x10004,
0x30002,
0x50004,
0x40001,
0x2,
0x40003,
0x60005,
0x80007,
0xa0009,
0x30002,
0x20004,
0x70006,
0x20008,
0x40003,
0x20005,
0x40003,
0x20005,
0x40003,
0x60005,
0x60002,
0x3,
0x90008,
0xb000a,
0xd000c,
0xf000e,
0x40003,
0x40005,
0x80007,
0x80009,
0xa0009,
0x3000b,
0x50004,
0x30006,
0x50004,
0x70006,
0x70003,
0x5,
0xd000c,
0xf000e,
0x110010,
0x130012,
0xa0009,
0x5000b,
0xe000d,
0x9000f,
0xb000a,
0x4000c,
0x60005,
0x40007,
0x60005,
0x80007,
0x80005,
0x7,
0x110010,
0x130012,
0x150014,
0x170016,
0xb000a,
0x6000c,
0xf000e,
0xa0010,
0xc000b,
0x5000d,
0x70006,
0x50008,
0x70006,
0x90008,
0x90006,
0x8,
0x140013,
0x160015,
0x180017,
0x1a0019,
0xc000b,
0xc000d,
0x10000f,
0x100011,
0x120011,
0x60013,
0x80007,
0x60009,
0x80007,
0xa0009,
0xa0007,
0x9,
0x150014,
0x170016,
0x190018,
0x1b001a,
0x110010,
0xd0012,
0x150014,
0x110016,
0x130012,
0xc0014,
0xe000d,
0x7000f,
0x90008,
0xb000a,
0xb0008,
0xa,
0x180017,
0x1a0019,
0x1c001b,
0x1e001d,
0x150014,
0xe0016,
0x190018,
0x12001a,
0x140013,
0xd0015,
0xf000e,
0x80010,
0xa0009,
0xc000b,
0xc0009,
0xb,
0x1f001f,
0x1f001f,
0x1f001f,
0x1f001f,
0x190018,
0x13001a,
0x1d001c,
0x17001e,
0x190018,
0xe001a,
0x10000f,
0x90011,
0xb000a,
0xd000c,
0xd000a,
0xc,
0x1f001f,
0x1f001f,
0x1f001f,
0x1f001f,
0x1c001b,
0x17001d,
0x1f001f,
0x1b001f,
0x1d001c,
0x14001e,
0x160015,
0xa0017,
0xc000b,
0xe000d,
0xe000b,
0xd,
0x1f001f,
0x1f001f,
0x1f001f,
0x1f001f,
0x1d001c,
0x1b001e,
0x1f001f,
0x1f001f,
0x1f001f,
0x15001f,
0x170016,
0x100018,
0x120011,
0x140013,
0xf000c,
0xe,
0x1f001f,
0x1f001f,
0x1f001f,
0x1f001f,
0x1f001f,
0x1e001f,
0x1f001f,
0x1f001f,
0x1f001f,
0x16001f,
0x180017,
0x110019,
0x130012,
0x150014,
0x10000d,
0xf,
0x1f001f,
0x1f001f,
0x1f001f,
0x1f001f,
0x1f001f,
0x1f001f,
0x1f001f,
0x1f001f,
0x1f001f,
0x1b001f,
0x1d001c,
0x12001e,
0x140013,
0x160015,
0x16000e,
0x10,
0x1f001f,
0x1f001f,
0x1f001f,
0x1f001f,
0x1f001f,
0x1f001f,
0x1f001f,
0x1f001f,
0x1f001f,
0x1f001f,
0x1f001f,
0x18001f,
0x1a0019,
0x1c001b,
0x17000f,
0x11,
0x1f001f,
0x1f001f,
0x1f001f,
0x1f001f,
0x1f001f,
0x1f001f,
0x1f001f,
0x1f001f,
0x1f001f,
0x1f001f,
0x1f001f,
0x19001f,
0x1b001a,
0x1d001c,
0x180015,
0x17,
0x1f001f,
0x1f001f,
0x1f001f,
0x1f001f,
0x1f001f,
0x1f001f,
0x1f001f,
0x1f001f,
0x1f001f,
0x1f001f,
0x1f001f,
0x1a001f,
0x1c001b,
0x1e001d,
0x1e0016,
0x18,
0x1f001f,
0x1f001f,
0x1f001f,
0x1f001f,
0x1f001f,
0x1f001f,
0x1f001f,
0x1f001f,
0x1f001f,
0x1f001f,
0x1f001f,
0x1f001f,
0x1f001f,
0x1f001f,
0x1f0017,
0x19,
0x1f001f,
0x1f001f,
0x1f001f,
0x1f001f,
0x1f001f,
0x1f001f,
0x1f001f,
0x1f001f,
0x1f001f,
0x1f001f,
0x1f001f,
0x1f001f,
0x1f001f,
0x1f001f,
0x1f001d,
0x1f,
0x1f001f,
0x1f001f,
0x1f001f,
0x1f001f,
0x1f001f,
0x1f001f,
0x1f001f,
0x1f001f,
0x1f001f,
0x1f001f,
0x1f001f,
0x1f001f,
0x1f001f,
0x1f001f,
0x1f001e,
0x1f,
0x10000,
0x30002,
0x50004,
0x70006,
0x90008,
0xb000a,
0xd000c,
0xf000e,
0x110010,
0x130012,
0x150014,
0x170016,
0x190018,
0x1b001a,
0x0,
0x0,
0x20001,
0x40003,
0x60005,
0x80007,
0xa0009,
0xc000b,
0xe000d,
0x10000f,
0x120011,
0x140013,
0x160015,
0x180017,
0x1a0019,
0x1c001b,
0x40001,
0x2,
0x30002,
0x50004,
0x70006,
0x90008,
0xb000a,
0xd000c,
0xf000e,
0x110010,
0x130012,
0x150014,
0x170016,
0x190018,
0x1b001a,
0x1d001c,
0x1d0002,
0x3,
0x40003,
0x60005,
0x80007,
0xa0009,
0xc000b,
0xe000d,
0x10000f,
0x120011,
0x140013,
0x160015,
0x180017,
0x1a0019,
0x1c001b,
0x1e001d,
0x1e0003,
0x5,
0x1f001f,
0x1f001f,
0x1f001f,
0x1f001f,
0x1f001f,
0x1f001f,
0x1f001f,
0x1f001f,
0x1f001f,
0x1f001f,
0x1f001f,
0x1f001f,
0x1f001f,
0x1f001f,
0x1f001c,
0x1e,
0x1f001f,
0x1f001f,
0x1f001f,
0x1f001f,
0x1f001f,
0x1f001f,
0x1f001f,
0x1f001f,
0x1f001f,
0x1f001f,
0x1f001f,
0x1f001f,
0x1f001f,
0x1f001f,
0x1f001d,
0x1f,
0x1f001f,
0x1f001f,
0x1f001f,
0x1f001f,
0x1f001f,
0x1f001f,
0x1f001f,
0x1f001f,
0x1f001f,
0x1f001f,
0x1f001f,
0x1f001f,
0x1f001f,
0x1f001f,
0x1f001e,
0x1f,
0x3020100,
0x3020100,
0x3020100,
0x3020100,
0x3020100,
0x3020100,
0x3020100,
0x3020100,
0x3020100,
0x3020100,
0x3020100,
0x3020100,
0x3020100,
0x3020100,
0x3020100,
0x3020100,
0x3020100,
0x3020100,
0x3020100,
0x3020100,
0x3020100,
0x3020100,
0x3020100,
0x3020100,
0x3020100,
0x3020100,
0x3020100,
0x3020100,
0x3020100,
0x3020100,
0x3020100,
0x3020100,
0x3020100,
0x3020100,
0x3020100,
0x3020100,
0x3020100,
0x3020100,
0x3020100,
0x3020100,
0x3020100,
0x3020100,
0x3020100,
0x3020100,
0x3020100,
0x3020100,
0x3020100,
0x3020100,
0x3020100,
0x3020100,
0x3020100,
0x3020100,
0x3020100,
0x3020100,
0x3020100,
0x3020100,
0x3020100,
0x3020100,
0x3020100,
0x3020100,
0x3020100,
0x3020100,
0x3020100,
0x3020100,
0x3020100,
0x3020100,
0x3020100,
0x3020100,
0x3020100,
0x3020100,
0x3020100,
0x3020100,
0x3020100,
0x3020100,
0x3020100,
0x3020100,
0x3020100,
0x3020100,
0x3020100,
0x3020100,
0x3020100,
0x3020100,
0x3020100,
0x3020100,
0x3020100,
0x3020100,
0x3020100,
0x3020100,
0x3020100,
0x3020100,
0x3020100,
0x3020100,
0x3020100,
0x3020100,
0x3020100,
0x3020100,
0x3020100,
0x3020100,
0x3020100,
0x3020100,
0x3020100,
0x3020100,
0x3020100,
0x3020100,
0x3020100,
0x3020100,
0x3020100,
0x3020100,
0x3020100,
0x3020100,
0x3020100,
0x3020100,
0x3020100,
0x3020100,
0x3020100,
0x3020100,
0x3020100,
0x3020100,
0x3020100,
0x3020100,
0x3020100,
0x3020100,
0x3020100,
0x3020100,
0x3020100,
0x3020100,
0x3020100,
0x3020100,
0x3020100,
0x3020100,
0x3020100,
0x3020100,
0x3020100,
0x3020100,
0x3020100,
0x3020100,
0x3020100,
0x3020100,
0x3020100,
0x3020100,
0x3020100,
0x3020100,
0x3020100,
0x3020100,
0x3020100,
0x3020100,
0x3020100,
0x3020100,
0x3020100,
0x3020100,
0x3020100,
0x3020100,
0x3020100,
0x3020100,
0x3020100,
0x3020100,
0x3020100,
0x3020100,
0x3020100,
0x3020100,
0x3020100,
0x3020100,
0x3020100,
0x3020100,
0x3020100,
0x3020100,
0x3020100,
0x3020100,
0x3020100,
0x3020100,
0x3020100,
0x3020100,
0x3020100,
0x3020100,
0x3020100,
0x3020100,
0x3020100,
0x3020100,
0x3020100,
0x3020100,
0x3020100,
0x3020100,
0x3020100,
0x3020100,
0x3020100,
0x3020100,
0x3020100,
0x3020100,
0x3020100,
0x3020100,
0x3020100,
0x3020100,
0x3020100,
0x3020100,
0x3020100,
0x3020100,
0x3020100,
0x3020100,
0x3020100,
0x3020100,
0x3020100,
0x3020100,
0x3020100,
0x3020100,
0x3020100,
0x3020100,
0x3020100,
0x3020100,
0x3020100,
0x3020100,
0x3020100,
0x3020100,
0x3020100,
0x3020100,
0x3020100,
0x3020100,
0x3020100,
0x3020100,
0x3020100,
0x3020100,
0x3020100,
0x3020100,
0x3020100,
0x3020100,
0x3020100,
0x3020100,
0x3020100,
0x3020100,
0x3020100,
0x3020100,
0x3020100,
0x3020100,
0x3020100,
0x3020100,
0x3020100,
0x3020100,
0x3020100,
0x3020100,
0x3020100,
0x3020100,
0x3020100,
0x3020100,
0x3020100,
0x3020100,
0x3020100,
0x3020100,
0x3020100,
0x3020100,
0x3020100,
0x3020100,
0x3020100,
0x3020100,
0x3020100,
0x3020100,
0x3020100,
0x3020100,
0x3020100,
0x3020100,
0x3020100,
0x3020100,
0x3020100,
0x3020100,
0x3020100,
0x3020100,
0x3020100,
0x3020100,
0x3020100,
0x3020100,
0x3020100,
0x3020100,
0x3020100,
0x3020100,
0x3020100,
0x3020100,
0x3020100,
0x3020100,
0x3020100,
0x3020100,
0x3020100,
0x3020100,
0x3020100,
0x3020100,
0x3020100,
0x3020100,
0x3020100,
0x3020100,
0x3020100,
0x3020100,
0x3020100,
0x3020100,
0x3020100,
0x3020100,
0x3020100,
0x3020100,
0x3020100,
0x3020100,
0x3020100,
0x3020100,
0x3020100,
0x3020100,
0x3020100,
0x3020100,
0x3020100,
0x3020100,
0x3020100,
0x3020100,
0x3020100,
0x3020100,
0x3020100,
0x3020100,
0x3020100,
0x3020100,
0x3020100,
0x3020100,
0x3020100,
0x3020100,
0x3020100,
0x3020100,
0x3020100,
0x3020100,
0x3020100,
0x3020100,
0x3020100,
0x3020100,
0x3020100,
0x3020100,
0x3020100,
0x3020100,
0x3020100,
0x3020100,
0x3020100,
0x3020100,
0x3020100,
0x3020100,
0x3020100,
0x3020100,
0x3020100,
0x3020100,
0x3020100,
0x3020100,
0x3020100,
0x3020100,
0x3020100,
0x3020100,
0x3020100,
0x3020100,
0x3020100,
0x3020100,
0x3020100,
0x3020100,
0x3020100,
0x3020100,
0x3020100,
0x3020100,
0x3020100,
0x3020100,
0x3020100,
0x3020100,
0x3020100,
0x3020100,
0x3020100,
0x3020100,
0x3020100,
0x3020100,
0x3020100,
0x3020100,
0x3020100,
0x3020100,
0x3020100,
0x3020100,
0x3020100,
0x3020100,
0x3020100,
0x3020100,
0x3020100,
0x3020100,
0x3020100,
0x3020100,
0x3020100,
0x3020100,
0x3020100,
0x3020100,
0x3020100,
0x3020100,
0x3020100,
0x3020100,
0x3020100,
0x3020100,
0x3020100,
0x3020100,
0x3020100,
0x3020100,
0x3020100,
0x3020100,
0x3020100,
0x3020100,
0x3020100,
0x3020100,
0x3020100,
0x3020100,
0x3020100,
0x3020100,
0x3020100,
0x3020100,
0x3020100,
0x3020100,
0x3020100,
0x3020100,
0x3020100,
0x3020100,
0x3020100,
0x3020100,
0x3020100,
0x3020100,
0x3020100,
0x3020100,
0x3020100,
0x3020100,
0x3020100,
0x3020100,
0x3020100,
0x3020100,
0x3020100,
0x3020100,
0x3020100,
0x3020100,
0x3020100,
0x3020100,
0x3020100,
0x3020100,
0x3020100,
0x3020100,
0x3020100,
0x3020100,
0x3020100,
0x3020100,
0x3020100,
0x3020100,
0x3020100,
0x3020100,
0x3020100,
0x3020100,
0x3020100,
0x3020100,
0x3020100,
0x3020100,
0x3020100,
0x3020100,
0x3020100,
0x3020100,
0x3020100,
0x3020100,
0x3020100,
0x3020100,
0x3020100,
0x3020100,
0x3020100,
0x3020100,
0x3020100,
0x3020100,
0x3020100,
0x3020100,
0x3020100,
0x3020100,
0x3020100,
0x3020100,
0x3020100,
0x3020100,
0x3020100,
0x3020100,
0x3020100,
0x3020100,
0x3020100,
0x3020100,
0x3020100,
0x3020100,
0x3020100,
0x3020100,
0x3020100,
0x3020100,
0x3020100,
0x3020100,
0x3020100,
0x3020100,
0x3020100,
0x3020100,
0x3020100,
0x3020100,
0x3020100,
0x3020100,
0x3020100,
0x3020100,
0x3020100,
0x3020100,
0x3020100,
0x3020100,
0x3020100,
0x3020100,
0x3020100,
0x3020100,
0x3020100,
0x3020100,
0x3020100,
0x3020100,
0x3020100,
0x3020100,
0x3020100,
0x3020100,
0x3020100,
0x3020100,
0x3020100,
0x3020100,
0x3020100,
0x3020100,
0x3020100,
0x3020100,
0x3020100,
0x3020100,
0x3020100,
0x3020100,
0x3020100,
0x3020100,
0x3020100,
0x3020100,
0x3020100,
0x3020100,
0x3020100,
0x3020100,
0x3020100,
0x3020100,
0x3020100,
0x3020100,
0x3020100,
0x3020100,
0x3020100,
0x3020100,
0x3020100,
0x3020100,
0x3020100,
0x3020100,
0x3020100,
0x3020100,
0x3020100,
0x3020100,
0x3020100,
0x3020100,
0x3020100,
0x3020100,
0x3020100,
0x3020100,
0x3020100,
0x3020100,
0x3020100,
0x3020100,
0x3020100,
0x3020100,
0x3020100,
0x3020100,
0x3020100,
0x3020100,
0x3020100,
0x3020100,
0x3020100,
0x3020100,
0x3020100,
0x3020100,
0x3020100,
0x3020100,
0x3020100,
0x3020100,
0x3020100,
0x3020100,
0x3020100,
0x3020100,
0x3020100,
0x3020100,
0x3020100,
0x3020100,
0x3020100,
0x3020100,
0x3020100,
0x3020100,
0x3020100,
0x3020100,
0x3020100,
0x3020100,
0x3020100,
0x3020100,
0x3020100,
0x3020100,
0x3020100,
0x3020100,
0x3020100,
0x3020100,
0x3020100,
0x3020100,
0x3020100,
0x3020100,
0x3020100,
0x3020100,
0x3020100,
0x3020100,
0x3020100,
0x3020100,
0x3020100,
0x3020100,
0x3020100,
0x3020100,
0x3020100,
0x3020100,
0x3020100,
0x3020100,
0x3020100,
0x3020100,
0x3020100,
0x3020100,
0x3020100,
0x3020100,
0x3020100,
0x3020100,
0x3020100,
0x3020100,
0x3020100,
0x3020100,
0x3020100,
0x3020100,
0x3020100,
0x3020100,
0x3020100,
0x3020100,
0x3020100,
0x3020100,
0x3020100,
0x3020100,
0x3020100,
0x3020100,
0x3020100,
0x3020100,
0x3020100,
0x3020100,
0x3020100,
0x3020100,
0x3020100,
0x3020100,
0x3020100,
0x3020100,
0x3020100,
0x3020100,
0x3020100,
0x3020100,
0x3020100,
0x3020100,
0x3020100,
0x3020100,
0x3020100,
0x3020100,
0x3020100,
0x3020100,
0x3020100,
0x3020100,
0x3020100,
0x3020100,
0x3020100,
0x3020100,
0x3020100,
0x3020100,
0x3020100,
0x3020100,
0x3020100,
0x3020100,
0x3020100,
0x3020100,
0x3020100,
0x3020100,
0x3020100,
0x3020100,
0x3020100,
0x3020100,
0x3020100,
0x3020100,
0x3020100,
0x3020100,
0x3020100,
0x3020100,
0x3020100,
0x3020100,
0x3020100,
0x3020100,
0x3020100,
0x3020100,
0x3020100,
0x3020100,
0x3020100,
0x3020100,
0x3020100,
0x3020100,
0x3020100,
0x3020100,
0x3020100,
0x3020100,
0x3020100,
0x3020100,
0x3020100,
0x3020100,
0x3020100,
0x3020100,
0x3020100,
0x3020100,
0x3020100,
0x3020100,
0x3020100,
0x3020100,
0x3020100,
0x3020100,
0x3020100,
0x3020100,
0x3020100,
0x3020100,
0x3020100,
0x3020100,
0x3020100,
0x3020100,
0x3020100,
0x3020100,
0x3020100,
0x3020100,
0x3020100,
0x3020100,
0x3020100,
0x3020100,
0x3020100,
0x3020100,
0x3020100,
0x3020100,
0x3020100,
0x3020100,
0x3020100,
0x3020100,
0x3020100,
0x3020100,
0x3020100,
0x3020100,
0x3020100,
0x3020100,
0x3020100,
0x3020100,
0x3020100,
0x3020100,
0x3020100,
0x3020100,
0x3020100,
0x3020100,
0x3020100,
0x3020100,
0x3020100,
0x3020100,
0x3020100,
0x3020100,
0x3020100,
0x3020100,
0x3020100,
0x3020100,
0x3020100,
0x3020100,
0x3020100,
0x3020100,
0x3020100,
0x3020100,
0x3020100,
0x3020100,
0x3020100,
0x3020100,
0x3020100,
0x3020100,
0x3020100,
0x3020100,
0x3020100,
0x3020100,
0x3020100,
0x3020100,
0x3020100,
0x3020100,
0x3020100,
0x3020100,
0x3020100,
0x3020100,
0x3020100,
0x3020100,
0x3020100,
0x3020100,
0x3020100,
0x3020100,
0x3020100,
0x3020100,
0x3020100,
0x3020100,
0x3020100,
0x3020100,
0x3020100,
0x3020100,
0x3020100,
0x3020100,
0x3020100,
0x3020100,
0x3020100,
0x3020100,
0x3020100,
0x3020100,
0x3020100,
0x3020100,
0x3020100,
0x3020100,
0x3020100,
0x3020100,
0x3020100,
0x3020100,
0x3020100,
0x3020100,
0x3020100,
0x3020100,
0x3020100,
0x3020100,
0x3020100,
0x3020100,
0x3020100,
0x3020100,
0x3020100,
0x3020100,
0x3020100,
0x3020100,
0x3020100,
0x3020100,
0x3020100,
0x3020100,
0x3020100,
0x3020100,
0x3020100,
0x3020100,
0x3020100,
0x3020100,
0x3020100,
0x3020100,
0x3020100,
0x3020100,
0x3020100,
0x3020100,
0x3020100,
0x3020100,
0x3020100,
0x3020100,
0x3020100,
0x3020100,
0x3020100,
0x3020100,
0x3020100,
0x3020100,
0x3020100,
0x3020100,
0x3020100,
0x3020100,
0x3020100,
0x3020100,
0x3020100,
0x3020100,
0x3020100,
0x3020100,
0x3020100,
0x3020100,
0x3020100,
0x3020100,
0x3020100,
0x3020100,
0x3020100,
0x3020100,
0x3020100,
0x3020100,
0x3020100,
0x3020100,
0x3020100,
0x3020100,
0x3020100,
0x3020100,
0x3020100,
0x3020100,
0x3020100,
0x3020100,
0x3020100,
0x3020100,
0x3020100,
0x3020100,
0x3020100,
0x3020100,
0x3020100,
0x3020100,
0x3020100,
0x3020100,
0x3020100,
0x3020100,
0x3020100,
0x3020100,
0x3020100,
0x3020100,
0x3020100,
0x3020100,
0x3020100,
0x3020100,
0x3020100,
0x3020100,
0x3020100,
0x3020100,
0x3020100,
0x3020100,
0x3020100,
0x3020100,
0x3020100,
0x3020100,
0x3020100,
0x3020100,
0x3020100,
0x3020100,
0x3020100,
0x3020100,
0x3020100,
0x3020100,
0x3020100,
0x3020100,
0x3020100,
0x3020100,
0x3020100,
0x3020100,
0x3020100,
0x3020100,
0x3020100,
0x3020100,
0x3020100,
0x3020100,
0x3020100,
0x3020100,
0x3020100,
0x3020100,
0x3020100,
0x3020100,
0x3020100,
0x3020100,
0x3020100,
0x3020100,
0x3020100,
0x3020100,
0x3020100,
0x3020100,
0x3020100,
0x3020100,
0x3020100,
0x3020100,
0x3020100,
0x3020100,
0x3020100,
0x3020100,
0x3020100,
0x3020100,
0x3020100,
0x3020100,
0x3020100,
0x3020100,
0x3020100,
0x3020100,
0x3020100,
0x3020100,
0x3020100,
0x3020100,
0x3020100,
0x3020100,
0x3020100,
0x3020100,
0x3020100,
0x3020100,
0x3020100,
0x3020100,
0x3020100,
0x3020100,
0x3020100,
0x3020100,
0x3020100,
0x3020100,
0x3020100,
0x3020100,
0x3020100,
0x3020100,
0x3020100,
0x3020100,
0x3020100,
0x3020100,
0x3020100,
0x3020100,
0x3020100,
0x3020100,
0x3020100,
0x3020100,
0x3020100,
0x3020100,
0x3020100,
0x3020100,
0x3020100,
0x3020100,
0x3020100,
0x3020100,
0x3020100,
0x3020100,
0x3020100,
0x3020100,
0x3020100,
0x3020100,
0x3020100,
0x3020100,
0x3020100,
0x3020100,
0x3020100,
0x3020100,
0x3020100,
0x3020100,
0x3020100,
0x3020100,
0x3020100,
0x3020100,
0x3020100,
0x3020100,
0x3020100,
0x3020100,
0x3020100,
0x3020100,
0x3020100,
0x3020100,
0x3020100,
0x3020100,
0x3020100,
0x3020100,
0x3020100,
0x3020100,
0x3020100,
0x3020100,
0x3020100,
0x3020100,
0x3020100,
0x3020100,
0x3020100,
0x3020100,
0x3020100,
0x3020100,
0x3020100,
0x3020100,
0x3020100,
0x3020100,
0x3020100,
0x3020100,
0x3020100,
0x3020100,
0x3020100,
0x3020100,
0x3020100,
0x3020100,
0x3020100,
0x3020100,
0x3020100,
0x3020100,
0x3020100,
0x3020100,
0x3020100,
0x3020100,
0x3020100,
0x3020100,
0x3020100,
0x3020100,
0x3020100,
0x3020100,
0x3020100,
0x3020100,
0x3020100,
0x3020100,
0x3020100,
0x3020100,
0x3020100,
0x3020100,
0x3020100,
0x3020100,
0x3020100,
0x3020100,
0x3020100,
0x3020100,
0x3020100,
0x3020100,
0x3020100,
0x3020100,
0x3020100,
0x3020100,
0x3020100,
0x3020100,
0x3020100,
0x3020100,
0x3020100,
0x3020100,
0x3020100,
0x3020100,
0x3020100,
0x3020100,
0x3020100,
0x3020100,
0x3020100,
0x3020100,
0x3020100,
0x3020100,
0x3020100,
0x3020100,
0x3020100,
0x3020100,
0x3020100,
0x3020100,
0x3020100,
0x3020100,
0x3020100,
0x3020100,
0x3020100,
0x3020100,
0x3020100,
0x3020100,
0x3020100,
0x3020100,
0x3020100,
0x3020100,
0x3020100,
0x3020100,
0x3020100,
0x3020100,
0x3020100,
0x3020100,
0x3020100,
0x3020100,
0x3020100,
0x3020100,
0x3020100,
0x3020100,
0x3020100,
0x3020100,
0x3020100,
0x3020100,
0x3020100,
0x3020100,
0x3020100,
0x3020100,
0x3020100,
0x3020100,
0x3020100,
0x3020100,
0x3020100,
0x3020100,
0x3020100,
0x3020100,
0x3020100,
0x3020100,
0x3020100,
0x3020100,
0x3020100,
0x3020100,
0x3020100,
0x3020100,
0x3020100,
0x3020100,
0x3020100,
0x3020100,
0x3020100,
0x3020100,
0x3020100,
0x3020100,
0x3020100,
0x3020100,
0x3020100,
0x3020100,
0x3020100,
0x3020100,
0x3020100,
0x3020100,
0x3020100,
0x3020100,
0x3020100,
0x3020100,
0x3020100,
0x3020100,
0x3020100,
0x3020100,
0x3020100,
0x3020100,
0x3020100,
0x3020100,
0x3020100,
0x3020100,
0x3020100,
0x3020100,
0x3020100,
0x3020100,
0x3020100,
0x3020100,
0x3020100,
0x3020100,
0x3020100,
0x3020100,
0x3020100,
0x3020100,
0x3020100,
0x3020100,
0x3020100,
0x3020100,
0x3020100,
0x3020100,
0x3020100,
0x3020100,
0x3020100,
0x3020100,
0x3020100,
0x3020100,
0x3020100,
0x3020100,
0x3020100,
0x3020100,
0x3020100,
0x3020100,
0x3020100,
0x3020100,
0x3020100,
0x3020100,
0x3020100,
0x3020100,
0x3020100,
0x3020100,
0x3020100,
0x3020100,
0x3020100,
0x3020100,
0x3020100,
0x3020100,
0x3020100,
0x3020100,
0x3020100,
0x3020100,
0x3020100,
0x3020100,
0x3020100,
0x3020100,
0x3020100,
0x3020100,
0x3020100,
0x3020100,
0x3020100,
0x3020100,
0x3020100,
0x3020100,
0x3020100,
0x3020100,
0x3020100,
0x3020100,
0x3020100,
0x3020100,
0x3020100,
0x3020100,
0x3020100,
0x3020100,
0x3020100,
0x3020100,
0x3020100,
0x3020100,
0x3020100,
0x3020100,
0x3020100,
0x3020100,
0x3020100,
0x3020100,
0x3020100,
0x3020100,
0x3020100,
0x3020100,
0x3020100,
0x3020100,
0x3020100,
0x3020100,
0x3020100,
0x3020100,
0x3020100,
0x3020100,
0x3020100,
0x3020100,
0x3020100,
0x3020100,
0x3020100,
0x3020100,
0x3020100,
0x3020100,
0x3020100,
0x3020100,
0x3020100,
0x3020100,
0x3020100,
0x3020100,
0x3020100,
0x3020100,
0x3020100,
0x3020100,
0x3020100,
0x3020100,
0x3020100,
0x3020100,
0x3020100,
0x3020100,
0x3020100,
0x3020100,
0x3020100,
0x3020100,
0x3020100,
0x3020100,
0x3020100,
0x3020100,
0x3020100,
0x3020100,
0x3020100,
0x3020100,
0x3020100,
0x3020100,
0x3020100,
0x3020100,
0x3020100,
0x3020100,
0x3020100,
0x3020100,
0x3020100,
0x3020100,
0x3020100,
0x3020100,
0x3020100,
0x3020100,
0x3020100,
0x3020100,
0x3020100,
0x3020100,
0x3020100,
0x3020100,
0x3020100,
0x3020100,
0x3020100,
0x3020100,
0x3020100,
0x3020100,
0x3020100,
0x3020100,
0x3020100,
0x3020100,
0x3020100,
0x3020100,
0x3020100,
0x3020100,
0x3020100,
0x3020100,
0x3020100,
0x3020100,
0x3020100,
0x3020100,
0x3020100,
0x3020100,
0x3020100,
0x3020100,
0x3020100,
0x3020100,
0x3020100,
0x3020100,
0x3020100,
0x3020100,
0x3020100,
0x3020100,
0x3020100,
0x3020100,
0x3020100,
0x3020100,
0x3020100,
0x3020100,
0x3020100,
0x3020100,
0x3020100,
0x3020100,
0x3020100,
0x3020100,
0x3020100,
0x3020100,
0x3020100,
0x3020100,
0x3020100,
0x3020100,
0x3020100,
0x3020100,
0x3020100,
0x3020100,
0x3020100,
0x3020100,
0x3020100,
0x3020100,
0x3020100,
0x3020100,
0x3020100,
0x3020100,
0x3020100,
0x3020100,
0x3020100,
0x3020100,
0x3020100,
0x3020100,
0x3020100,
0x3020100,
0x3020100,
0x3020100,
0x3020100,
0x3020100,
0x3020100,
0x3020100,
0x3020100,
0x3020100,
0x3020100,
0x3020100,
0x3020100,
0x3020100,
0x3020100,
0x3020100,
0x3020100,
0x3020100,
0x3020100,
0x3020100,
0x3020100,
0x3020100,
0x3020100,
0x3020100,
0x3020100,
0x3020100,
0x3020100,
0x3020100,
0x3020100,
0x3020100,
0x3020100,
0x3020100,
0x3020100,
0x3020100,
0x3020100,
0x3020100,
0x3020100,
0x3020100,
0x3020100,
0x3020100,
0x3020100,
0x3020100,
0x3020100,
0x3020100,
0x3020100,
0x3020100,
0x3020100,
0x3020100,
0x3020100,
0x3020100,
0x3020100,
0x3020100,
0x3020100,
0x3020100,
0x3020100,
0x3020100,
0x3020100,
0x3020100,
0x3020100,
0x3020100,
0x3020100,
0x3020100,
0x3020100,
0x3020100,
0x3020100,
0x3020100,
0x3020100,
0x3020100,
0x3020100,
0x3020100,
0x3020100,
0x3020100,
0x3020100,
0x3020100,
0x3020100,
0x3020100,
0x3020100,
0x3020100,
0x3020100,
0x3020100,
0x3020100,
0x3020100,
0x3020100,
0x3020100,
0x3020100,
0x3020100,
0x3020100,
0x3020100,
0x3020100,
0x3020100,
0x3020100,
0x3020100,
0x3020100,
0x3020100,
0x3020100,
0x3020100,
0x3020100,
0x3020100,
0x3020100,
0x3020100,
0x3020100,
0x3020100,
0x3020100,
0x3020100,
0x3020100,
0x3020100,
0x3020100,
0x3020100,
0x3020100,
0x3020100,
0x3020100,
0x3020100,
0x3020100,
0x3020100,
0x3020100,
0x3020100,
0x3020100,
0x3020100,
0x3020100,
0x3020100,
0x3020100,
0x3020100,
0x3020100,
0x3020100,
0x3020100,
0x3020100,
0x3020100,
0x3020100,
0x3020100,
0x3020100,
0x3020100,
0x3020100,
0x3020100,
0x3020100,
0x3020100,
0x3020100,
0x3020100,
0x3020100,
0x3020100,
0x3020100,
0x3020100,
0x3020100,
0x3020100,
0x3020100,
0x3020100,
0x3020100,
0x3020100,
0x3020100,
0x3020100,
0x3020100,
0x3020100,
0x3020100,
0x3020100,
0x3020100,
0x3020100,
0x3020100,
0x3020100,
0x3020100,
0x3020100,
0x3020100,
0x3020100,
0x3020100,
0x3020100,
0x3020100,
0x3020100,
0x3020100,
0x3020100,
0x3020100,
0x3020100,
0x3020100,
0x3020100,
0x3020100,
0x3020100,
0x3020100,
0x3020100,
0x3020100,
0x3020100,
0x3020100,
0x3020100,
0x3020100,
0x3020100,
0x3020100,
0x3020100,
0x3020100,
0x3020100,
0x3020100,
0x3020100,
0x3020100,
0x3020100,
0x3020100,
0x3020100,
0x3020100,
0x3020100,
0x3020100,
0x3020100,
0x3020100,
0x3020100,
0x3020100,
0x3020100,
0x3020100,
0x3020100,
0x3020100,
0x3020100,
0x3020100,
0x3020100,
0x3020100,
0x3020100,
0x3020100,
0x3020100,
0x3020100,
0x3020100,
0x3020100,
0x3020100,
0x3020100,
0x3020100,
0x3020100,
0x3020100,
0x3020100,
0x3020100,
0x3020100,
0x3020100,
0x3020100,
0x3020100,
0x3020100,
0x3020100,
0x3020100,
0x3020100,
0x3020100,
0x3020100,
0x3020100,
0x3020100,
0x3020100,
0x3020100,
0x3020100,
0x3020100,
0x3020100,
0x3020100,
0x3020100,
0x3020100,
0x3020100,
0x3020100,
0x3020100,
0x3020100,
0x3020100,
0x3020100,
0x3020100,
0x3020100,
0x3020100,
0x3020100,
0x3020100,
0x3020100,
0x3020100,
0x3020100,
0x3020100,
0x3020100,
0x3020100,
0x3020100,
0x3020100,
0x3020100,
0x3020100,
0x3020100,
0x3020100,
0x3020100,
0x3020100,
0x3020100,
0x3020100,
0x3020100,
0x3020100,
0x3020100,
0x3020100,
0x3020100,
0x3020100,
0x3020100,
0x3020100,
0x3020100,
0x3020100,
0x3020100,
0x3020100,
0x3020100,
0x3020100,
0x3020100,
0x3020100,
0x3020100,
0x3020100,
0x3020100,
0x3020100,
0x3020100,
0x3020100,
0x3020100,
0x3020100,
0x3020100,
0x3020100,
0x3020100,
0x3020100,
0x3020100,
0x3020100,
0x3020100,
0x3020100,
0x3020100,
0x3020100,
0x3020100,
0x3020100,
0x3020100,
0x3020100,
0x3020100,
0x3020100,
0x3020100,
0x3020100,
0x3020100,
0x3020100,
0x3020100,
0x3020100,
0x3020100,
0x3020100,
0x3020100,
0x3020100,
0x3020100,
0x3020100,
0x3020100,
0x3020100,
0x3020100,
0x3020100,
0x3020100,
0x3020100,
0x3020100,
0x3020100,
0x3020100,
0x3020100,
0x3020100,
0x3020100,
0x3020100,
0x3020100,
0x3020100,
0x3020100,
0x3020100,
0x3020100,
0x3020100,
0x3020100,
0x3020100,
0x3020100,
0x3020100,
0x3020100,
0x3020100,
0x3020100,
0x3020100,
0x3020100,
0x3020100,
0x3020100,
0x3020100,
0x3020100,
0x3020100,
0x3020100,
0x3020100,
0x3020100,
0x3020100,
0x3020100,
0x3020100,
0x3020100,
0x3020100,
0x3020100,
0x3020100,
0x3020100,
0x3020100,
0x3020100,
0x3020100,
0x3020100,
0x3020100,
0x3020100,
0x3020100,
0x3020100,
0x3020100,
0x3020100,
0x3020100,
0x3020100,
0x3020100,
0x3020100,
0x3020100,
0x3020100,
0x3020100,
0x3020100,
0x3020100,
0x3020100,
0x3020100,
0x3020100,
0x3020100,
0x3020100,
0x3020100,
0x3020100,
0x3020100,
0x3020100,
0x3020100,
0x3020100,
0x3020100,
0x3020100,
0x3020100,
0x3020100,
0x3020100,
0x3020100,
0x3020100,
0x3020100,
0x3020100,
0x3020100,
0x3020100,
0x3020100,
0x3020100,
0x3020100,
0x3020100,
0x3020100,
0x3020100,
0x3020100,
0x3020100,
0x3020100,
0x3020100,
0x3020100,
0x3020100,
0x3020100,
0x3020100,
0x3020100,
0x3020100,
0x3020100,
0x3020100,
0x3020100,
0x3020100,
0x3020100,
0x3020100,
0x3020100,
0x3020100,
0x3020100,
0x3020100,
0x3020100,
0x3020100,
0x3020100,
0x3020100,
0x3020100,
0x3020100,
0x3020100,
0x3020100,
0x3020100,
0x3020100,
0x3020100,
0x3020100,
0x3020100,
0x3020100,
0x3020100,
0x3020100,
0x3020100,
0x3020100,
0x3020100,
0x3020100,
0x3020100,
0x3020100,
0x3020100,
0x3020100,
0x3020100,
0x3020100,
0x3020100,
0x3020100,
0x3020100,
0x3020100,
0x3020100,
0x3020100,
0x3020100,
0x3020100,
0x3020100,
0x3020100,
0x3020100,
0x3020100,
0x3020100,
0x3020100,
0x3020100,
0x3020100,
0x3020100,
0x3020100,
0x3020100,
0x3020100,
0x3020100,
0x3020100,
0x3020100,
0x3020100,
0x3020100,
0x3020100,
0x3020100,
0x3020100,
0x3020100,
0x3020100,
0x3020100,
0x3020100,
0x3020100,
0x3020100,
0x3020100,
0x3020100,
0x3020100,
0x3020100,
0x3020100,
0x3020100,
0x3020100,
0x3020100,
0x3020100,
0x3020100,
0x3020100,
0x3020100,
0x3020100,
0x3020100,
0x3020100,
0x3020100,
0x3020100,
0x3020100,
0x3020100,
0x3020100,
0x3020100,
0x3020100,
0x3020100,
0x3020100,
0x3020100,
0x3020100,
0x3020100,
0x3020100,
0x3020100,
0x3020100,
0x3020100,
0x3020100,
0x3020100,
0x3020100,
0x3020100,
0x3020100,
0x3020100,
0x3020100,
0x3020100,
0x3020100,
0x3020100,
0x3020100,
0x3020100,
0x3020100,
0x3020100,
0x3020100,
0x3020100,
0x3020100,
0x3020100,
0x3020100,
0x3020100,
0x3020100,
0x3020100,
0x3020100,
0x3020100,
0x3020100,
0x3020100,
0x3020100,
0x3020100,
0x3020100,
0x3020100,
0x3020100,
0x3020100,
0x3020100,
0x3020100,
0x3020100,
0x3020100,
0x3020100,
0x3020100,
0x3020100,
0x3020100,
0x3020100,
0x3020100,
0x3020100,
0x3020100,
0x3020100,
0x3020100,
0x3020100,
0x3020100,
0x3020100,
0x3020100,
0x3020100,
0x3020100,
0x3020100,
0x3020100,
0x3020100,
0x3020100,
0x3020100,
0x3020100,
0x3020100,
0x3020100,
0x3020100,
0x3020100,
0x3020100,
0x3020100,
0x3020100,
0x3020100,
0x3020100,
0x3020100,
0x3020100,
0x3020100,
0x3020100,
0x3020100,
0x3020100,
0x3020100,
0x3020100,
0x3020100,
0x3020100,
0x3020100,
0x3020100,
0x3020100,
0x3020100,
0x3020100,
0x3020100,
0x3020100,
0x3020100,
0x3020100,
0x3020100,
0x3020100,
0x3020100,
0x3020100,
0x3020100,
0x3020100,
0x3020100,
0x3020100,
0x3020100,
0x3020100,
0x3020100,
0x3020100,
0x3020100,
0x3020100,
0x3020100,
0x3020100,
0x3020100,
0x3020100,
0x3020100,
0x3020100,
0x3020100,
0x3020100,
0x3020100,
0x3020100,
0x3020100,
0x3020100,
0x3020100,
0x3020100,
0x3020100,
0x3020100,
0x3020100,
0x3020100,
0x3020100,
0x3020100,
0x3020100,
0x3020100,
0x3020100,
0x3020100,
0x3020100,
0x3020100,
0x3020100,
0x3020100,
0x3020100,
0x3020100,
0x3020100,
0x3020100,
0x3020100,
0x3020100,
0x3020100,
0x3020100,
0x3020100,
0x3020100,
0x3020100,
0x3020100,
0x3020100,
0x3020100,
0x3020100,
0x3020100,
0x3020100,
0x3020100,
0x3020100,
0x3020100,
0x3020100,
0x3020100,
0x3020100,
0x3020100,
0x3020100,
0x3020100,
0x3020100,
0x3020100,
0x3020100,
0x3020100,
0x3020100,
0x3020100,
0x3020100,
0x3020100,
0x3020100,
0x3020100,
0x3020100,
0x3020100,
0x3020100,
0x3020100,
0x3020100,
0x3020100,
0x3020100,
0x3020100,
0x3020100,
0x3020100,
0x3020100,
0x3020100,
0x3020100,
0x3020100,
0x3020100,
0x3020100,
0x3020100,
0x3020100,
0x3020100,
0x3020100,
0x3020100,
0x3020100,
0x3020100,
0x3020100,
0x3020100,
0x3020100,
0x3020100,
0x3020100,
0x3020100,
0x3020100,
0x3020100,
0x3020100,
0x3020100,
0x3020100,
0x3020100,
0x3020100,
0x3020100,
0x3020100,
0x3020100,
0x3020100,
0x3020100,
0x3020100,
0x3020100,
0x3020100,
0x3020100,
0x3020100,
0x3020100,
0x3020100,
0x3020100,
0x3020100,
0x3020100,
0x3020100,
0x3020100,
0x3020100,
0x3020100,
0x3020100,
0x3020100,
0x3020100,
0x3020100,
0x3020100,
0x3020100,
0x3020100,
0x3020100,
0x3020100,
0x3020100,
0x3020100,
0x3020100,
0x3020100,
0x3020100,
0x3020100,
0x3020100,
0x3020100,
0x3020100,
0x3020100,
0x3020100,
0x3020100,
0x3020100,
0x3020100,
0x3020100,
0x3020100,
0x3020100,
0x3020100,
0x3020100,
0x3020100,
0x3020100,
0x3020100,
0x3020100,
0x3020100,
0x3020100,
0x3020100,
0x3020100,
0x3020100,
0x3020100,
0x3020100,
0x3020100,
0x3020100,
0x3020100,
0x3020100,
0x3020100,
0x3020100,
0x3020100,
0x3020100,
0x3020100,
0x3020100,
0x3020100,
0x3020100,
0x3020100,
0x3020100,
0x3020100,
0x3020100,
0x3020100,
0x3020100,
0x3020100,
0x3020100,
0x3020100,
0x3020100,
0x3020100,
0x3020100,
0x3020100,
0x3020100,
0x3020100,
0x3020100,
0x3020100,
0x3020100,
0x3020100,
0x3020100,
0x3020100,
0x3020100,
0x3020100,
0x3020100,
0x3020100,
0x3020100,
0x3020100,
0x3020100,
0x3020100,
0x3020100,
0x3020100,
0x3020100,
0x3020100,
0x3020100,
0x3020100,
0x3020100,
0x3020100,
0x3020100,
0x3020100,
0x3020100,
0x3020100,
0x3020100,
0x3020100,
0x3020100,
0x3020100,
0x3020100,
0x3020100,
0x3020100,
0x3020100,
0x3020100,
0x3020100,
0x3020100,
0x3020100,
0x3020100,
0x3020100,
0x3020100,
0x3020100,
0x3020100,
0x3020100,
0x3020100,
0x3020100,
0x3020100,
0x3020100,
0x3020100,
0x3020100,
0x3020100,
0x3020100,
0x3020100,
0x3020100,
0x3020100,
0x3020100,
0x3020100,
0x3020100,
0x3020100,
0x3020100,
0x3020100,
0x3020100,
0x3020100,
0x3020100,
0x3020100,
0x3020100,
0x3020100,
0x3020100,
0x3020100,
0x3020100,
0x3020100,
0x3020100,
0x3020100,
0x3020100,
0x3020100,
0x3020100,
0x3020100,
0x3020100,
0x3020100,
0x3020100,
0x3020100,
0x3020100,
0x3020100,
0x3020100,
0x3020100,
0x3020100,
0x3020100,
0x3020100,
0x3020100,
0x3020100,
0x3020100,
0x3020100,
0x3020100,
0x3020100,
0x3020100,
0x3020100,
0x3020100,
0x3020100,
0x3020100,
0x3020100,
0x3020100,
0x3020100,
0x3020100,
0x3020100,
0x3020100,
0x3020100,
0x3020100,
0x3020100,
0x3020100,
0x3020100,
0x3020100,
0x3020100,
0x3020100,
0x3020100,
0x3020100,
0x3020100,
0x3020100,
0x3020100,
0x3020100,
0x3020100,
0x3020100,
0x3020100,
0x3020100,
0x3020100,
0x3020100,
0x3020100,
0x3020100,
0x3020100,
0x3020100,
0x3020100,
0x3020100,
0x3020100,
0x3020100,
0x3020100,
0x3020100,
0x3020100,
0x3020100,
0x3020100,
0x3020100,
0x3020100,
0x3020100,
0x3020100,
0x3020100,
0x3020100,
0x3020100,
0x3020100,
0x3020100,
0x3020100,
0x3020100,
0x3020100,
0x3020100,
0x3020100,
0x3020100,
0x3020100,
0x3020100,
0x3020100,
0x3020100,
0x3020100,
0x3020100,
0x3020100,
0x3020100,
0x3020100,
0x3020100,
0x3020100,
0x3020100,
0x3020100,
0x3020100,
0x3020100,
0x3020100,
0x3020100,
0x3020100,
0x3020100,
0x3020100,
0x3020100,
0x3020100,
0x3020100,
0x3020100,
0x3020100,
0x3020100,
0x3020100,
0x3020100,
0x3020100,
0x3020100,
0x3020100,
0x3020100,
0x3020100,
0x3020100,
0x3020100,
0x3020100,
0x3020100,
0x3020100,
0x3020100,
0x3020100,
0x3020100,
0x3020100,
0x3020100,
0x3020100,
0x3020100,
0x3020100,
0x3020100,
0x3020100,
0x3020100,
0x3020100,
0x3020100,
0x3020100,
0x3020100,
0x3020100,
0x3020100,
0x3020100,
0x3020100,
0x3020100,
0x3020100,
0x3020100,
0x3020100,
0x3020100,
0x3020100,
0x3020100,
0x3020100,
0x3020100,
0x3020100,
0x3020100,
0x3020100,
0x3020100,
0x3020100,
0x3020100,
0x3020100,
0x3020100,
0x3020100,
0x3020100,
0x3020100,
0x3020100,
0x3020100,
0x3020100,
0x3020100,
0x3020100,
0x3020100,
0x3020100,
0x3020100,
0x3020100,
0x3020100,
0x3020100,
0x3020100,
0x3020100,
0x3020100,
0x3020100,
0x3020100,
0x3020100,
0x3020100,
0x3020100,
0x3020100,
0x3020100,
0x3020100,
0x3020100,
0x3020100,
0x3020100,
0x3020100,
0x3020100,
0x3020100,
0x3020100,
0x3020100,
0x3020100,
0x3020100,
0x3020100,
0x3020100,
0x3020100,
0x3020100,
0x3020100,
0x3020100,
0x3020100,
0x3020100,
0x3020100,
0x3020100,
0x3020100,
0x3020100,
0x3020100,
0x3020100,
0x3020100,
0x3020100,
0x3020100,
0x3020100,
0x3020100,
0x3020100,
0x3020100,
0x3020100,
0x3020100,
0x3020100,
0x3020100,
0x3020100,
0x3020100,
0x3020100,
0x3020100,
0x3020100,
0x3020100,
0x3020100,
0x3020100,
0x3020100,
0x3020100,
0x3020100,
0x3020100,
0x3020100,
0x3020100,
0x3020100,
0x3020100,
0x3020100,
0x3020100,
0x3020100,
0x3020100,
0x3020100,
0x3020100,
0x3020100,
0x3020100,
0x3020100,
0x3020100,
0x3020100,
0x3020100,
0x3020100,
0x3020100,
0x3020100,
0x3020100,
0x3020100,
0x3020100,
0x3020100,
0x3020100,
0x3020100,
0x3020100,
0x3020100,
0x3020100,
0x3020100,
0x3020100,
0x3020100,
0x3020100,
0x3020100,
0x3020100,
0x3020100,
0x3020100,
0x3020100,
0x3020100,
0x3020100,
0x3020100,
0x3020100,
0x3020100,
0x3020100,
0x3020100,
0x3020100,
0x3020100,
0x3020100,
0x3020100,
0x3020100,
0x3020100,
0x3020100,
0x3020100,
0x3020100,
0x3020100,
0x3020100,
0x3020100,
0x3020100,
0x3020100,
0x3020100,
0x3020100,
0x3020100,
0x3020100,
0x3020100,
0x3020100,
0x3020100,
0x3020100,
0x3020100,
0x3020100,
0x3020100,
0x3020100,
0x3020100,
0x3020100,
0x3020100,
0x3020100,
0x3020100,
0x3020100,
0x3020100,
0x3020100,
0x3020100,
0x3020100,
0x3020100,
0x3020100,
0x3020100,
0x3020100,
0x3020100,
0x3020100,
0x3020100,
0x3020100,
0x3020100,
0x3020100,
0x3020100,
0x3020100,
0x3020100,
0x3020100,
0x3020100,
0x3020100,
0x3020100,
0x3020100,
0x3020100,
0x3020100,
0x3020100,
0x3020100,
0x3020100,
0x3020100,
0x3020100,
0x3020100,
0x3020100,
0x3020100,
0x3020100,
0x3020100,
0x3020100,
0x3020100,
0x3020100,
0x3020100,
0x3020100,
0x3020100,
0x3020100,
0x3020100,
0x3020100,
0x3020100,
0x3020100,
0x3020100,
0x3020100,
0x3020100,
0x3020100,
0x3020100,
0x3020100,
0x3020100,
0x3020100,
0x3020100,
0x3020100,
0x3020100,
0x3020100,
0x3020100,
0x3020100,
0x3020100,
0x3020100,
0x3020100,
0x3020100,
0x3020100,
0x3020100,
0x3020100,
0x3020100,
0x3020100,
0x3020100,
0x3020100,
0x3020100,
0x3020100,
0x3020100,
0x3020100,
0x3020100,
0x3020100,
0x3020100,
0x3020100,
0x3020100,
0x3020100,
0x3020100,
0x3020100,
0x3020100,
0x3020100,
0x3020100,
0x3020100,
0x3020100,
0x3020100,
0x3020100,
0x3020100,
0x3020100,
0x3020100,
0x3020100,
0x3020100,
0x3020100,
0x3020100,
0x3020100,
0x3020100,
0x3020100,
0x3020100,
0x3020100,
0x3020100,
0x3020100,
0x3020100,
0x3020100,
0x3020100,
0x3020100,
0x3020100,
0x3020100,
0x3020100,
0x3020100,
0x3020100,
0x3020100,
0x3020100,
0x3020100,
0x3020100,
0x3020100,
0x3020100,
0x3020100,
0x3020100,
0x3020100,
0x3020100,
0x3020100,
0x3020100,
0x3020100,
0x3020100,
0x3020100,
0x3020100,
0x3020100,
0x3020100,
0x3020100,
0x3020100,
0x3020100,
0x3020100,
0x3020100,
0x3020100,
0x3020100,
0x3020100,
0x3020100,
0x3020100,
0x3020100,
0x3020100,
0x3020100,
0x3020100,
0x3020100,
0x3020100,
0x3020100,
0x3020100,
0x3020100,
0x3020100,
0x3020100,
0x3020100,
0x3020100,
0x3020100,
0x3020100,
0x3020100,
0x3020100,
0x3020100,
0x3020100,
0x3020100,
0x3020100,
0x3020100,
0x3020100,
0x3020100,
0x3020100,
0x3020100,
0x3020100,
0x3020100,
0x3020100,
0x3020100,
0x3020100,
0x3020100,
0x3020100,
0x3020100,
0x3020100,
0x3020100,
0x3020100,
0x3020100,
0x3020100,
0x3020100,
0x3020100,
0x3020100,
0x3020100,
0x3020100,
0x3020100,
0x3020100,
0x3020100,
0x3020100,
0x3020100,
0x3020100,
0x3020100,
0x3020100,
0x3020100,
0x3020100,
0x3020100,
0x3020100,
0x3020100,
0x3020100,
0x3020100,
0x3020100,
0x3020100,
0x3020100,
0x3020100,
0x3020100,
0x3020100,
0x3020100,
0x3020100,
0x3020100,
0x3020100,
0x3020100,
0x3020100,
0x3020100,
0x3020100,
0x3020100,
0x3020100,
0x3020100,
0x3020100,
0x3020100,
0x3020100,
0x3020100,
0x3020100,
0x3020100,
0x3020100,
0x3020100,
0x3020100,
0x3020100,
0x3020100,
0x3020100,
0x3020100,
0x3020100,
0x3020100,
0x3020100,
0x3020100,
0x3020100,
0x3020100,
0x3020100,
0x3020100,
0x3020100,
0x3020100,
0x3020100,
0x3020100,
0x3020100,
0x3020100,
0x3020100,
0x3020100,
0x3020100,
0x3020100,
0x3020100,
0x3020100,
0x3020100,
0x3020100,
0x3020100,
0x3020100,
0x3020100,
0x3020100,
0x3020100,
0x3020100,
0x3020100,
0x3020100,
0x3020100,
0x3020100,
0x3020100,
0x3020100,
0x3020100,
0x3020100,
0x3020100,
0x3020100,
0x3020100,
0x3020100,
0x3020100,
0x3020100,
0x3020100,
0x3020100,
0x3020100,
0x3020100,
0x3020100,
0x3020100,
0x3020100,
0x3020100,
0x3020100,
0x3020100,
0x3020100,
0x3020100,
0x3020100,
0x3020100,
0x3020100,
0x3020100,
0x3020100,
0x3020100,
0x3020100,
0x3020100,
0x3020100,
0x3020100,
0x3020100,
0x3020100,
0x3020100,
0x3020100,
0x3020100,
0x3020100,
0x3020100,
0x3020100,
0x3020100,
0x3020100,
0x3020100,
0x3020100,
0x3020100,
0x3020100,
0x3020100,
0x3020100,
0x3020100,
0x3020100,
0x3020100,
0x3020100,
0x3020100,
0x3020100,
0x3020100,
0x3020100,
0x3020100,
0x3020100,
0x3020100,
0x3020100,
0x3020100,
0x3020100,
0x3020100,
0x3020100,
0x3020100,
0x3020100,
0x3020100,
0x3020100,
0x3020100,
0x3020100,
0x3020100,
0x3020100,
0x3020100,
0x3020100,
0x3020100,
0x3020100,
0x3020100,
0x3020100,
0x3020100,
0x3020100,
0x3020100,
0x3020100,
0x3020100,
0x3020100,
0x3020100,
0x3020100,
0x3020100,
0x3020100,
0x3020100,
0x3020100,
0x3020100,
0x3020100,
0x3020100,
0x3020100,
0x3020100,
0x3020100,
0x3020100,
0x3020100,
0x3020100,
0x3020100,
0x3020100,
0x3020100,
0x3020100,
0x3020100,
0x3020100,
0x3020100,
0x3020100,
0x3020100,
0x3020100,
0x3020100,
0x3020100,
0x3020100,
0x3020100,
0x3020100,
0x3020100,
0x3020100,
0x3020100,
0x3020100,
0x3020100,
0x3020100,
0x3020100,
0x3020100,
0x3020100,
0x3020100,
0x3020100,
0x3020100,
0x3020100,
0x3020100,
0x3020100,
0x3020100,
0x3020100,
0x3020100,
0x3020100,
0x3020100,
0x3020100,
0x3020100,
0x3020100,
0x3020100,
0x3020100,
0x3020100,
0x3020100,
0x3020100,
0x3020100,
0x3020100,
0x3020100,
0x3020100,
0x3020100,
0x3020100,
0x3020100,
0x3020100,
0x3020100,
0x3020100,
0x3020100,
0x3020100,
0x3020100,
0x3020100,
0x3020100,
0x3020100,
0x3020100,
0x3020100,
0x3020100,
0x3020100,
0x3020100,
0x3020100,
0x3020100,
0x3020100,
0x3020100,
0x3020100,
0x3020100,
0x3020100,
0x3020100,
0x3020100,
0x3020100,
0x3020100,
0x3020100,
0x3020100,
0x3020100,
0x3020100,
0x3020100,
0x3020100,
0x3020100,
0x3020100,
0x3020100,
0x3020100,
0x3020100,
0x3020100,
0x3020100,
0x3020100,
0x3020100,
0x3020100,
0x3020100,
0x3020100,
0x3020100,
0x3020100,
0x3020100,
0x3020100,
0x3020100,
0x3020100,
0x3020100,
0x3020100,
0x3020100,
0x3020100,
0x3020100,
0x3020100,
0x3020100,
0x3020100,
0x3020100,
0x3020100,
0x3020100,
0x3020100,
0x3020100,
0x3020100,
0x3020100,
0x3020100,
0x3020100,
0x3020100,
0x3020100,
0x3020100,
0x3020100,
0x3020100,
0x3020100,
0x3020100,
0x3020100,
0x3020100,
0x3020100,
0x3020100,
0x3020100,
0x3020100,
0x3020100,
0x3020100,
0x3020100,
0x3020100,
0x3020100,
0x3020100,
0x3020100,
0x3020100,
0x3020100,
0x3020100,
0x3020100,
0x3020100,
0x3020100,
0x3020100,
0x3020100,
0x3020100,
0x3020100,
0x3020100,
0x3020100,
0x3020100,
0x3020100,
0x3020100,
0x3020100,
0x3020100,
0x3020100,
0x3020100,
0x3020100,
0x3020100,
0x3020100,
0x3020100,
0x3020100,
0x3020100,
0x3020100,
0x3020100,
0x3020100,
0x3020100,
0x3020100,
0x3020100,
0x3020100,
0x3020100,
0x3020100,
0x3020100,
0x3020100,
0x3020100,
0x3020100,
0x3020100,
0x3020100,
0x3020100,
0x3020100,
0x3020100,
0x3020100,
0x3020100,
0x3020100,
0x3020100,
0x3020100,
0x3020100,
0x3020100,
0x3020100,
0x3020100,
0x3020100,
0x3020100,
0x3020100,
0x3020100,
0x3020100,
0x3020100,
0x3020100,
0x3020100,
0x3020100,
0x3020100,
0x3020100,
0x3020100,
0x3020100,
0x3020100,
0x3020100,
0x3020100,
0x3020100,
0x3020100,
0x3020100,
0x3020100,
0x3020100,
0x3020100,
0x3020100,
0x3020100,
0x3020100,
0x3020100,
0x3020100,
0x3020100,
0x3020100,
0x3020100,
0x3020100,
0x3020100,
0x3020100,
0x3020100,
0x3020100,
0x3020100,
0x3020100,
0x3020100,
0x3020100,
0x3020100,
0x3020100,
0x3020100,
0x3020100,
0x3020100,
0x3020100,
0x3020100,
0x3020100,
0x3020100,
0x3020100,
0x3020100,
0x3020100,
0x3020100,
0x3020100,
0x3020100,
0x3020100,
0x3020100,
0x3020100,
0x3020100,
0x3020100,
0x3020100,
0x3020100,
0x3020100,
0x3020100,
0x3020100,
0x3020100,
0x3020100,
0x3020100,
0x3020100,
0x3020100,
0x3020100,
0x3020100,
0x3020100,
0x3020100,
0x3020100,
0x3020100,
0x3020100,
0x3020100,
0x3020100,
0x3020100,
0x3020100,
0x3020100,
0x3020100,
0x3020100,
0x3020100,
0x3020100,
0x3020100,
0x3020100,
0x3020100,
0x3020100,
0x3020100,
0x3020100,
0x3020100,
0x3020100,
0x3020100,
0x3020100,
0x3020100,
0x3020100,
0x3020100,
0x3020100,
0x3020100,
0x3020100,
0x3020100,
0x3020100,
0x3020100,
0x3020100,
0x3020100,
0x3020100,
0x3020100,
0x3020100,
0x3020100,
0x3020100,
0x3020100,
0x3020100,
0x3020100,
0x3020100,
0x3020100,
0x3020100,
0x3020100,
0x3020100,
0x3020100,
0x3020100,
0x3020100,
0x3020100,
0x3020100,
0x3020100,
0x3020100,
0x3020100,
0x3020100,
0x3020100,
0x3020100,
0x3020100,
0x3020100,
0x3020100,
0x3020100,
0x3020100,
0x3020100,
0x3020100,
0x3020100,
0x3020100,
0x3020100,
0x3020100,
0x3020100,
0x3020100,
0x3020100,
0x3020100,
0x3020100,
0x3020100,
0x3020100,
0x3020100,
0x3020100,
0x3020100,
0x3020100,
0x3020100,
0x3020100,
0x3020100,
0x3020100,
0x3020100,
0x3020100,
0x3020100,
0x3020100,
0x3020100,
0x3020100,
0x3020100,
0x3020100,
0x3020100,
0x3020100,
0x3020100,
0x3020100,
0x3020100,
0x3020100,
0x3020100,
0x3020100,
0x3020100,
0x3020100,
0x3020100,
0x3020100,
0x3020100,
0x3020100,
0x3020100,
0x3020100,
0x3020100,
0x3020100,
0x3020100,
0x3020100,
0x3020100,
0x3020100,
0x3020100,
0x3020100,
0x3020100,
0x3020100,
0x3020100,
0x3020100,
0x3020100,
0x3020100,
0x3020100,
0x3020100,
0x3020100,
0x3020100,
0x3020100,
0x3020100,
0x3020100,
0x3020100,
0x3020100,
0x3020100,
0x3020100,
0x3020100,
0x3020100,
0x3020100,
0x3020100,
0x3020100,
0x3020100,
0x3020100,
0x3020100,
0x3020100,
0x3020100,
0x3020100,
0x3020100,
0x3020100,
0x3020100,
0x3020100,
0x3020100,
0x3020100,
0x3020100,
0x3020100,
0x3020100,
0x3020100,
0x3020100,
0x3020100,
0x3020100,
0x3020100,
0x3020100,
0x3020100,
0x3020100,
0x3020100,
0x3020100,
0x3020100,
0x3020100,
0x3020100,
0x3020100,
0x3020100,
0x3020100,
0x3020100,
0x3020100,
0x3020100,
0x3020100,
0x3020100,
0x3020100,
0x3020100,
0x3020100,
0x3020100,
0x3020100,
0x3020100,
0x3020100,
0x3020100,
0x3020100,
0x3020100,
0x3020100,
0x3020100,
0x3020100,
0x3020100,
0x3020100,
0x3020100,
0x3020100,
0x3020100,
0x3020100,
0x3020100,
0x3020100,
0x3020100,
0x3020100,
0x3020100,
0x3020100,
0x3020100,
0x3020100,
0x3020100,
0x3020100,
0x3020100,
0x3020100,
0x3020100,
0x3020100,
0x3020100,
0x3020100,
0x3020100,
0x3020100,
0x3020100,
0x3020100,
0x3020100,
0x3020100,
0x3020100,
0x3020100,
0x3020100,
0x3020100,
0x3020100,
0x3020100,
0x3020100,
0x3020100,
0x3020100,
0x3020100,
0x3020100,
0x3020100,
0x3020100,
0x3020100,
0x3020100,
0x3020100,
0x3020100,
0x3020100,
0x3020100,
0x3020100,
0x3020100,
0x3020100,
0x3020100,
0x3020100,
0x3020100,
0x3020100,
0x3020100,
0x3020100,
0x3020100,
0x3020100,
0x3020100,
0x3020100,
0x3020100,
0x3020100,
0x3020100,
0x3020100,
0x3020100,
0x3020100,
0x3020100,
0x3020100,
0x3020100,
0x3020100,
0x3020100,
0x3020100,
0x3020100,
0x3020100,
0x3020100,
0x3020100,
0x3020100,
0x3020100,
0x3020100,
0x3020100,
0x3020100,
0x3020100,
0x3020100,
0x3020100,
0x3020100,
0x3020100,
0x3020100,
0x3020100,
0x3020100,
0x3020100,
0x3020100,
0x3020100,
0x3020100,
0x3020100,
0x3020100,
0x3020100,
0x3020100,
0x3020100,
0x3020100,
0x3020100,
0x3020100,
0x3020100,
0x3020100,
0x3020100,
0x3020100,
0x3020100,
0x3020100,
0x3020100,
0x3020100,
0x3020100,
0x3020100,
0x3020100,
0x3020100,
0x3020100,
0x3020100,
0x3020100,
0x3020100,
0x3020100,
0x3020100,
0x3020100,
0x3020100,
0x3020100,
0x3020100,
0x3020100,
0x3020100,
0x3020100,
0x3020100,
0x3020100,
0x3020100,
0x3020100,
0x3020100,
0x3020100,
0x3020100,
0x3020100,
0x3020100,
0x3020100,
0x3020100,
0x3020100,
0x3020100,
0x3020100,
0x3020100,
0x3020100,
0x3020100,
0x3020100,
0x3020100,
0x3020100,
0x3020100,
0x3020100,
0x3020100,
0x3020100,
0x3020100,
0x3020100,
0x3020100,
0x3020100,
0x3020100,
0x3020100,
0x3020100,
0x3020100,
0x3020100,
0x3020100,
0x3020100,
0x3020100,
0x3020100,
0x3020100,
0x3020100,
0x3020100,
0x3020100,
0x3020100,
0x3020100,
0x3020100,
0x3020100,
0x3020100,
0x3020100,
0x3020100,
0x3020100,
0x3020100,
0x3020100,
0x3020100,
0x3020100,
0x3020100,
0x3020100,
0x3020100,
0x3020100,
0x3020100,
0x3020100,
0x3020100,
0x3020100,
0x3020100,
0x3020100,
0x3020100,
0x3020100,
0x3020100,
0x3020100,
0x3020100,
0x3020100,
0x3020100,
0x3020100,
0x3020100,
0x3020100,
0x3020100,
0x3020100,
0x3020100,
0x3020100,
0x3020100,
0x3020100,
0x3020100,
0x3020100,
0x3020100,
0x3020100,
0x3020100,
0x3020100,
0x3020100,
0x3020100,
0x3020100,
0x3020100,
0x3020100,
0x3020100,
0x3020100,
0x3020100,
0x3020100,
0x3020100,
0x3020100,
0x3020100,
0x3020100,
0x3020100,
0x3020100,
0x3020100,
0x3020100,
0x3020100,
0x3020100,
0x3020100,
0x3020100,
0x3020100,
0x3020100,
0x3020100,
0x3020100,
0x3020100,
0x3020100,
0x3020100,
0x3020100,
0x3020100,
0x3020100,
0x3020100,
0x3020100,
0x3020100,
0x3020100,
0x3020100,
0x3020100,
0x3020100,
0x3020100,
0x3020100,
0x3020100,
0x3020100,
0x3020100,
0x3020100,
0x3020100,
0x3020100,
0x3020100,
0x3020100,
0x3020100,
0x3020100,
0x3020100,
0x3020100,
0x3020100,
0x3020100,
0x3020100,
0x3020100,
0x3020100,
0x3020100,
0x3020100,
0x3020100,
0x3020100,
0x3020100,
0x3020100,
0x3020100,
0x3020100,
0x3020100,
0x3020100,
0x3020100,
0x3020100,
0x3020100,
0x3020100,
0x3020100,
0x3020100,
0x3020100,
0x3020100,
0x3020100,
0x3020100,
0x3020100,
0x3020100,
0x3020100,
0x3020100,
0x3020100,
0x3020100,
0x3020100,
0x3020100,
0x3020100,
0x3020100,
0x3020100,
0x3020100,
0x3020100,
0x3020100,
0x3020100,
0x3020100,
0x3020100,
0x3020100,
0x3020100,
0x3020100,
0x3020100,
0x3020100,
0x3020100,
0x3020100,
0x3020100,
0x3020100,
0x3020100,
0x3020100,
0x3020100,
0x3020100,
0x3020100,
0x3020100,
0x3020100,
0x3020100,
0x3020100,
0x3020100,
0x3020100,
0x3020100,
0x3020100,
0x3020100,
0x3020100,
0x3020100,
0x3020100,
0x3020100,
0x3020100,
0x3020100,
0x3020100,
0x3020100,
0x3020100,
0x3020100,
0x3020100,
0x3020100,
0x3020100,
0x3020100,
0x3020100,
0x3020100,
0x3020100,
0x3020100,
0x3020100,
0x0,
0x0,
0x0,
0x0,
0x0,
0x0,
0x0,
0x0,
0x0,
0x0,
0x0,
0x0,
0x0,
0x0,
0x0,
0x0,
0x0,
0x3ff00000,
0x0,
0x0,
0x0,
0x0,
0x0,
0x0,
0x0,
0x0,
0x0,
0x0,
0x0,
0x0,
0x0,
0x0,
0x2,
0x0,
0x0,
0x0,
0x0,
0x0,
0x0,
0x0,
0x0,
0x0,
0x0,
0x0,
0x0,
0x0,
0x0,
0x0,
0x1,
0x0,
0x0,
0x0,
0x0,
0x0,
0x0,
0x0,
0x0,
0x0,
0x0,
0x0,
0x0,
0x0,
0x0,
0x0,
0x0,
0x0,
0x0,
0x0,
0x0,
0x0,
0x0,
0x0,
0x0,
0x0,
0x0,
0x0,
0x0,
0x0,
0x0,
0x0,
0x0,
0x0,
0x0,
0x0,
0x0,
0x0,
0x0,
0x0,
0x0,
0x0,
0x0,
0x0,
0x0,
0x0,
0x0,
0x0,
0x1ed52126,
0x2b23e7d8,
0xd527232b,
0x22dc23df,
0x1f3331db,
0x23d918da,
0x2424e11f,
0x311d1b24,
0x2bdd2b26,
0xdb24ded2,
0xe121e123,
0x21de23d5,
0xda25292f,
0xcde11b27,
0xd2d9d4d2,
0xd8dc22dd,
0xd0240,
0xd80002,
0x21c00003,
0x0,
0x0,
0x0,
0x0,
0x0,
0x0,
0x0,
0x0,
0x0,
0x0,
0x0,
0x0,
0x0,
0x0,
0x0,
0x0,
0x0,
0x0,
0x0,
0x0,
0x0,
0x0,
0x0,
0x0,
0x0,
0x0,
0x0,
0x0,
0x0,
0x0,
0x0,
0x0,
0x0,
0x0,
0x0,
0x0,
0x0,
0x0,
0x0,
0x0,
0x0,
0x0,
0x0,
0x0,
0x0,
0x0,
0x0,
0x0,
0x0,
0x0,
0x0,
0x0,
0x0,
0x0,
0x0,
0x0,
0x0,
0x0,
0x0,
0x0,
0x0,
0x0,
0x0,
0x0,
0x0,
0x0,
0x0,
0x0,
0x0,
0x0,
0x0,
0x0,
0x0,
0x0,
0x0,
0x0,
0x0,
0x0,
0x0,
0x0,
0x0,
0x0,
0x0,
0x0,
0x0,
0x0,
0x0,
0x0,
0x0,
0x0,
0x0,
0x0,
0x0,
0x0,
0x0,
0x0,
0x0,
0x0,
0x0,
0x0,
0x0,
0x0,
0x0,
0x0,
0x0,
0x0,
0x0,
0x0,
0x0,
0x0,
0x0,
0x0,
0x0,
0x0,
0x0,
0x0,
0x0,
0x0,
0x0,
0x0,
0x0,
0x0,
0x0,
0x0,
0x0,
0x0,
0x0,
0x0,
0x0,
0x0,
0x0,
0x0,
0x0,
0x0,
0x0,
0x0,
0x0,
0x0,
0x0,
0x0,
0x0,
0x0,
0x0,
0x0,
0x0,
0x0,
0x0,
0x0,
0x0,
0x0,
0x0,
0x0,
0x0,
0x0,
0x0,
0x0,
0x0,
0x0,
0x0,
0x0,
0x0,
0x0,
0x0,
0x0,
0x0,
0x0,
0x0,
0x0,
0x0,
0x0,
0x0,
0x0,
0x0,
0x0,
0x0,
0x0,
0x0,
0x0,
0x0,
0x0,
0x0,
0x0,
0x0,
0x0,
0x0,
0x0,
0x0,
0x0,
0x0,
0x0,
0x0,
0x0,
0x0,
0x0,
0x0,
0x0,
0x0,
0x0,
0x0,
0x0,
0x0,
0x0,
0x0,
0x0,
0x0,
0x0,
0x0,
0x0,
0x0,
0x0,
0x0,
0x0,
0x0,
0x0,
0x0,
0x0,
0x0,
0x0,
0x0,
0x0,
0x0,
0x0,
0x0,
0x0,
0x0,
0x0,
0x0,
0x0,
0x0,
0x0,
0x0,
0x0,
0x0,
0x0,
0x0,
0x0,
0x0,
0x0,
0x0,
0x0,
0x0,
0x0,
0x0,
0x0,
0x0,
0x0,
0x0,
0x0,
0x0,
0x0,
0x0,
0x0,
0x0,
0x0,
0x0,
0x0,
0x0,
0x0,
0x0,
0x0,
0x0,
0x0,
0x0,
0x0,
0x0,
0x0,
0x0,
0x0,
0x0,
0x0,
0x0,
0x0,
0x0,
0x0,
0x0,
0x0,
0x0,
0x0,
0x0,
0x0,
0x0,
0x0,
0x0,
0x0,
0x0,
0x0,
0x0,
0x0,
0x0,
0x0,
0x0,
0x0,
0x0,
0x0,
0x0,
0x0,
0x0,
0x0,
0x0,
0x0,
0x0,
0x0,
0x0,
0x0,
0x0,
0x0,
0x0,
0x0,
0x0,
0x0,
0x0,
0x0,
0x0,
0x0,
0x0,
0x0,
0x0,
0x0,
0x0,
0x0,
0x0,
0x0,
0x0,
0x0,
0x0,
0x0,
0x0,
0x0,
0x0,
0x0,
0x0,
0x0,
0x0,
0x0,
0x0,
0x0,
0x0,
0x0,
0x0,
0x0,
0x0,
0x0,
0x0,
0x0,
0x0,
0x0,
0x0,
0x0,
0x0,
0x0,
0x0,
0x0,
0x0,
0x0,
0x0,
0x0,
0x0,
0x0,
0x0,
0x0,
0x0,
0x0,
0x0,
0x0,
0x0,
0x0,
0x0,
0x0,
0x0,
0x0,
0x0,
0x0,
0x0,
0x0,
0x0,
0x0,
0x0,
0x0,
0x0,
0x0,
0x0,
0x0,
0x0,
0x0,
0x0,
0x0,
0x0,
0x0,
0x0,
0x0,
0x0,
0x0,
0x0,
0x0,
0x0,
0x0,
0x0,
0x0,
0x0,
0x0,
0x0,
0x0,
0x0,
0x0,
0x0,
0x0,
0x0,
0x0,
0x0,
0x0,
0x0,
0x0,
0x0,
0x0,
0x0,
0x0,
0x0,
0x0,
0x0,
0x0,
0x0,
0x0,
0x0,
0x0,
0x0,
0x0,
0x0,
0x0,
0x0,
0x0,
0x0,
0x0,
0x0,
0x0,
0x0,
0x0,
0x0,
0x0,
0x0,
0x0,
0x0,
0x0,
0x0,
0x0,
0x0,
0x0,
0x0,
0x0,
0x0,
0x0,
0x0,
0x0,
0x0,
0x0,
0x0,
0x0,
0x0,
0x0,
0x0,
0x0,
0x0,
0x0,
0x0,
0x0,
0x0,
0x0,
0x0,
0x0,
0x0,
0x0,
0x0,
0x0,
0x0,
0x0,
0x0,
0x0,
0x0,
0x0,
0x0,
0x0,
0x0,
0x0,
0x0,
0x0,
0x0,
0x0,
0x0,
0x0,
0x0,
0x0,
0x0,
0x0,
0x0,
0x0,
0x0,
0x0,
0x0,
0x0,
0x0,
0x0,
0x0,
0x0,
0x0,
0x0,
0x0,
0x0,
0x0,
0x0,
0x0,
0x0,
0x0,
0x0,
0x0,
0x0,
0x0,
0x0,
0x0,
0x0,
0x0,
0x0,
0x0,
0x0,
0x0,
0x0,
0x0,
0x0,
0x0,
0x0,
0x0,
0x0,
0x0,
0x0,
0x0,
0x0,
0x0,
0x0,
0x0,
0x0,
0x0,
0x0,
0x0,
0x0,
0x0,
0x0,
0x0,
0x0,
0x0,
0x0,
0x0,
0x0,
0x0,
0x0,
0x0,
0x0,
0x0,
0x0,
0x0,
0x0,
0x0,
0x0,
0x0,
0x0,
0x0,
0x0,
0x0,
0x0,
0x0,
0x0,
0x0,
0x0,
0x0,
0x0,
0x0,
0x0,
0x0,
0x0,
0x0,
0x0,
0x0,
0x0,
0x0,
0x0,
0x0,
0x0,
0x0,
0x0,
0x0,
0x0,
0x0,
0x0,
0x0,
0x0,
0x0,
0x0,
0x0,
0x0,
0x0,
0x0,
0x0,
0x0,
0x0,
0x0,
0x0,
0x0,
0x0,
0x0,
0x0,
0x0,
0x0,
0x0,
0x0,
0x0,
0x0,
0x0,
0x0,
0x0,
0x0,
0x0,
0x0,
0x0,
0x0,
0x0,
0x0,
0x0,
0x0,
0x0,
0x0,
0x0,
0x0,
0x0,
0x0,
0x0,
0x0,
0x0,
0x0,
0x0,
0x0,
0x0,
0x0,
0x0,
0x0,
0x0,
0x0,
0x0,
0x0,
0x0,
0x0,
0x0,
0x0,
0x0,
0x0,
0x0,
0x0,
0x0,
0x0,
0x0,
0x0,
0x0,
0x0,
0x0,
0x0,
0x0,
0x0,
0x0,
0x0,
0x0,
0x0,
0x0,
0x0,
0x0,
0x0,
0x0,
0x0,
0x0,
0x0,
0x0,
0x0,
0x0,
0x0,
0x0,
0x0,
0x0,
0x0,
0x0,
0x0,
0x0,
0x0,
0x0,
0x0,
0x0,
0x0,
0x0,
0x0,
0x0,
0x0,
0x0,
0x0,
0x0,
0x0,
0x0,
0x0,
0x0,
0x0,
0x0,
0x0,
0x0,
0x0,
0x0,
0x0,
0x0,
0x0,
0x0,
0x0,
0x0,
0x0,
0x0,
0x0,
0x0,
0x0,
0x0,
0x0,
0x0,
0x0,
0x0,
0x0,
0x0,
0x0,
0x0,
0x0,
0x0,
0x0,
0x0,
0x0,
0x0,
0x0,
0x0,
0x0,
0x0,
0x0,
0x0,
0x0,
0x0,
0x0,
0x0,
0x0,
0x0,
0x0,
0x0,
0x0,
0x0,
0x0,
0x0,
0x0,
0x0,
0x0,
0x0,
0x0,
0x0,
0x0,
0x0,
0x0,
0x0,
0x0,
0x0,
0x0,
0x0,
0x0,
0x0,
0x0,
0x0,
0x0,
0x0,
0x0,
0x0,
0x0,
0x0,
0x0,
0x0,
0x0,
0x0,
0x0,
0x0,
0x0,
0x0,
0x0,
0x0,
0x0,
0x0,
0x0,
0x0,
0x0,
0x0,
0x0,
0x0,
0x0,
0x0,
0x0,
0x0,
0x0,
0x0,
0x0,
0x0,
0x0,
0x0,
0x0,
0x0,
0x0,
0x0,
0x0,
0x0,
0x0,
0x0,
0x0,
0x0,
0x0,
0x0,
0x0,
0x0,
0x0,
0x0,
0x0,
0x0,
0x0,
0x0,
0x0,
0x0,
0x0,
0x0,
0x0,
0x0,
0x0,
0x0,
0x0,
0x0,
0x0,
0x0,
0x0,
0x0,
0x0,
0x0,
0x0,
0x0,
0x0,
0x0,
0x0,
0x0,
0x0,
0x0,
0x0,
0x0,
0x0,
0x0,
0x0,
0x0,
0x0,
0x0,
0x0,
0x0,
0x0,
0x0,
0x0,
0x0,
0x0,
0x0,
0x0,
0x0,
0x0,
0x0,
0x0,
0x0,
0x0,
0x0,
0x0,
0x0,
0x0,
0x0,
0x0,
0x0,
0x0,
0x0,
0x0,
0x0,
0x0,
0x0,
0x0,
0x0,
0x0,
0x0,
0x0,
0x0,
0x0,
0x0,
0x0,
0x0,
0x0,
0x0,
0x0,
0x0,
0x0,
0x0,
0x0,
0x0,
0x0,
0x0,
0x0,
0x0,
0x0,
0x0,
0x0,
0x0,
0x0,
0x0,
0x0,
0x0,
0x0,
0x0,
0x0,
0x0,
0x0,
0x0,
0x0,
0x0,
0x0,
0x0,
0x0,
0x0,
0x0,
0x0,
0x0,
0x0,
0x0,
0x0,
0x0,
0x0,
0x0,
0x0,
0x0,
0x0,
0x0,
0x0,
0x0,
0x0,
0x0,
0x0,
0x0,
0x0,
0x0,
0x0,
0x0,
0x0,
0x0,
0x0,
0x0,
0x0,
0x0,
0x0,
0x0,
0x0,
0x0,
0x0,
0x0,
0x0,
0x0,
0x0,
0x0,
0x0,
0x0,
0x0,
0x0,
0x0,
0x0,
0x0,
0x0,
0x0,
0x0,
0x0,
0x0,
0x0,
0x0,
0x0,
0x0,
0x0,
0x0,
0x0,
0x0,
0x0,
0x0,
0x0,
0x0,
0x0,
0x0,
0x0,
0x0,
0x0,
0x0,
0x0,
0x0,
0x0,
0x0,
0x0,
0x0,
0x0,
0x0,
0x0,
0x0,
0x0,
0x0,
0x0,
0x0,
0x0,
0x0,
0x0,
0x0,
0x0,
0x0,
0x0,
0x0,
0x0,
0x0,
0x0,
0x0,
0x0,
0x0,
0x0,
0x0,
0x0,
0x0,
0x0,
0x0,
0x0,
0x0,
0x0,
0x0,
0x0,
0x0,
0x0,
0x0,
0x0,
0x0,
0x0,
0x0,
0x0,
0x0,
0x0,
0x0,
0x0,
0x0,
0x0,
0x0,
0x0,
0x0,
0x0,
0x0,
0x0,
0x0,
0x0,
0x0,
0x0,
0x0,
0x0,
0x0,
0x0,
0x0,
0x0,
0x0,
0x0,
0x0,
0x0,
0x0,
0x0,
0x0,
0x0,
0x0,
0x0,
0x0,
0x0,
0x0,
0x0,
0x0,
0x0,
0x0,
0x0,
0x0,
0x0,
0x0,
0x0,
0x0,
0x0,
0x0,
0x0,
0x0,
0x0,
0x0,
0x0,
0x0,
0x0,
0x0,
0x0,
0x0,
0x0,
0x0,
0x0,
0x0,
0x0,
0x0,
0x0,
0x0,
0x0,
0x0,
0x0,
0x0,
0x0,
0x0,
0x0,
0x0,
0x0,
0x0,
0x0,
0x0,
0x0,
0x0,
0x0,
0x0,
0x0,
0x0,
0x0,
0x0,
0x0,
0x0,
0x0,
0x0,
0x0,
0x0,
0x0,
0x0,
0x0,
0x0,
0x0,
0x0,
0x0,
0x0,
0x0,
0x0,
0x0,
0x0,
0x0,
0x0,
0x0,
0x0,
0x0,
0x0,
0x0,
0x0,
0x0,
0x0,
0x0,
0x0,
0x0,
0x0,
0x0,
0x0,
0x0,
0x0,
0x0,
0x0,
0x0,
0x0,
0x0,
0x0,
0x0,
0x0,
0x0,
0x0,
0x0,
0x0,
0x0,
0x0,
0x0,
0x0,
0x0,
0x0,
0x0,
0x0,
0x0,
0x0,
0x0,
0x0,
0x0,
0x0,
0x0,
0x0,
0x0,
0x0,
0x0,
0x0,
0x0,
0x0,
0x0,
0x0,
0x0,
0x0,
0x0,
0x0,
0x0,
0x0,
0x0,
0x0,
0x0,
0x0,
0x0,
0x0,
0x0,
0x0,
0x0,
0x0,
0x0,
0x0,
0x0,
0x0,
0x0,
0x0,
0x0,
0x0,
0x0,
0x0,
0x0,
0x0,
0x0,
0x0,
0x0,
0x0,
0x0,
0x0,
0x0,
0x0,
0x0,
0x0,
0x0,
0x0,
0x0,
0x0,
0x0,
0x0,
0x0,
0x0,
0x0,
0x0,
0x0,
0x0,
0x0,
0x0,
0x0,
0x0,
0x0,
0x0,
0x0,
0x0,
0x0,
0x0,
0x0,
0x0,
0x0,
0x0,
0x0,
0x0,
0x0,
0x0,
0x0,
0x0,
0x0,
0x0,
0x0,
0x0,
0x0,
0x0,
0x0,
0x0,
0x0,
0x0,
0x0,
0x0,
0x0,
0x0,
0x0,
0x0,
0x0,
0x0,
0x0,
0x0,
0x0,
0x0,
0x0,
0x0,
0x0,
0x0,
0x0,
0x0,
0x0,
0x0,
0x0,
0x0,
0x0,
0x0,
0x0,
0x0,
0x0,
0x0,
0x0,
0x0,
0x0,
0x0,
0x0,
0x0,
0x0,
0x0,
0x0,
0x0,
0x0,
0x0,
0x0,
0x0,
0x0,
0x0,
0x0,
0x0,
0x0,
0x0,
0x0,
0x0,
0x0,
0x0,
0x0,
0x0,
0x0,
0x0,
0x0,
0x0,
0x0,
0x0,
0x0,
0x0,
0x0,
0x0,
0x0,
0x0,
0x0,
0x0,
0x0,
0x0,
0x0,
0x0,
0x0,
0x0,
0x0,
0x0,
0x0,
0x0,
0x0,
0x0,
0x0,
0x0,
0x0,
0x0,
0x0,
0x0,
0x0,
0x0,
0x0,
0x0,
0x0,
0x0,
0x0,
0x0,
0x0,
0x0,
0x0,
0x0,
0x0,
0x0,
0x0,
0x0,
0x0,
0x0,
0x0,
0x0,
0x0,
0x0,
0x0,
0x0,
0x0,
0x0,
0x0,
0x0,
0x0,
0x0,
0x0,
0x0,
0x0,
0x0,
0x0,
0x0,
0x0,
0x0,
0x0,
0x0,
0x0,
0x0,
0x0,
0x0,
0x0,
0x0,
0x0,
0x0,
0x0,
0x0,
0x0,
0x0,
0x0,
0x0,
0x0,
0x0,
0x0,
0x0,
0x0,
0x0,
0x0,
0x0,
0x0,
0x0,
0x0,
0x0,
0x0,
0x0,
0x0,
0x0,
0x0,
0x0,
0x0,
0x0,
0x0,
0x0,
0x0,
0x0,
0x0,
0x0,
0x0,
0x0,
0x0,
0x0,
0x0,
0x0,
0x0,
0x0,
0x0,
0x0,
0x0,
0x0,
0x0,
0x0,
0x0,
0x0,
0x0,
0x0,
0x0,
0x0,
0x0,
0x0,
0x0,
0x0,
0x0,
0x0,
0x0,
0x0,
0x0,
0x0,
0x0,
0x0,
0x0,
0x0,
0x0,
0x0,
0x0,
0x0,
0x0,
0x0,
0x0,
0x0,
0x0,
0x0,
0x0,
0x0,
0x0,
0x0,
0x0,
0x0,
0x0,
0x0,
0x0,
0x0,
0x0,
0x0,
0x0,
0x0,
0x0,
0x0,
0x0,
0x0,
0x0,
0x0,
0x0,
0x0,
0x0,
0x0,
0x0,
0x0,
0x0,
0x0,
0x0,
0x0,
0x0,
0x0,
0x0,
0x0,
0x0,
0x0,
0x0,
0x0,
0x0,
0x0,
0x0,
0x0,
0x0,
0x0,
0x0,
0x0,
0x0,
0x0,
0x0,
0x0,
0x0,
0x0,
0x0,
0x0,
0x0,
0x0,
0x0,
0x0,
0x0,
0x0,
0x0,
0x0,
0x0,
0x0,
0x0,
0x0,
0x0,
0x0,
0x0,
0x0,
0x0,
0x0,
0x0,
0x0,
0x0,
0x0,
0x0,
0x0,
0x0,
0x0,
0x0,
0x0,
0x0,
0x0,
0x0,
0x0,
0x0,
0x0,
0x0,
0x0,
0x0,
0x0,
0x0,
0x0,
0x0,
0x0,
0x0,
0x0,
0x0,
0x0,
0x0,
0x0,
0x0,
0x0,
0x0,
0x0,
0x0,
0x0,
0x0,
0x0,
0x0,
0x0,
0x0,
0x0,
0x0,
0x0,
0x0,
0x0,
0x0,
0x0,
0x0,
0x0,
0x0,
0x0,
0x0,
0x0,
0x0,
0x0,
0x0,
0x0,
0x0,
0x0,
0x0,
0x0,
0x0,
0x0,
0x0,
0x0,
0x0,
0x0,
0x0,
0x0,
0x0,
0x0,
0x0,
0x0,
0x0,
0x0,
0x0,
0x0,
0x0,
0x0,
0x0,
0x0,
0x0,
0x0,
0x0,
0x0,
0x0,
0x0,
0x0,
0x0,
0x0,
0x0,
0x0,
0x0,
0x0,
0x0,
0x0,
0x0,
0x0,
0x0,
0x0,
0x0,
0x0,
0x0,
0x0,
0x0,
0x0,
0x0,
0x0,
0x0,
0x0,
0x0,
0x0,
0x0,
0x0,
0x0,
0x0,
0x0,
0x0,
0x0,
0x0,
0x0,
0x0,
0x0,
0x0,
0x0,
0x0,
0x0,
0x0,
0x0,
0x0,
0x0,
0x0,
0x0,
0x0,
0x0,
0x0,
0x0,
0x0,
0x0,
0x0,
0x0,
0x0,
0x0,
0x0,
0x0,
0x0,
0x0,
0x0,
0x0,
0x0,
0x0,
0x0,
0x0,
0x0,
0x0,
0x0,
0x0,
0x0,
0x0,
0x0,
0x0,
0x0,
0x0,
0x0,
0x0,
0x0,
0x0,
0x0,
0x0,
0x0,
0x0,
0x0,
0x0,
0x0,
0x0,
0x0,
0x0,
0x0,
0x0,
0x0,
0x0,
0x0,
0x0,
0x0,
0x0,
0x0,
0x0,
0x0,
0x0,
0x0,
0x0,
0x0,
0x0,
0x0,
0x0,
0x0,
0x0,
0x0,
0x0,
0x0,
0x0,
0x0,
0x0,
0x0,
0x0,
0x0,
0x0,
0x0,
0x0,
0x0,
0x0,
0x0,
0x0,
0x0,
0x0,
0x0,
0x0,
0x0,
0x0,
0x0,
0x0,
0x0,
0x0,
0x0,
0x0,
0x0,
0x0,
0x0,
0x0,
0x0,
0x0,
0x0,
0x0,
0x0,
0x0,
0x0,
0x0,
0x0,
0x0,
0x0,
0x0,
0x0,
0x0,
0x0,
0x0,
0x0,
0x0,
0x0,
0x0,
0x0,
0x0,
0x0,
0x0,
0x0,
0x0,
0x0,
0x0,
0x0,
0x0,
0x0,
0x0,
0x0,
0x0,
0x0,
0x0,
0x0,
0x0,
0x0,
0x0,
0x0,
0x0,
0x0,
0x0,
0x0,
0x0,
0x0,
0x0,
0x0,
0x0,
0x0,
0x0,
0x0,
0x0,
0x0,
0x0,
0x0,
0x0,
0x0,
0x0,
0x0,
0x0,
0x0,
0x0,
0x0,
0x0,
0x0,
0x0,
0x0,
0x0,
0x0,
0x0,
0x0,
0x0,
0x0,
0x0,
0x0,
0x0,
0x0,
0x0,
0x0,
0x0,
0x0,
0x0,
0x0,
0x0,
0x0,
0x0,
0x0,
0x0,
0x0,
0x0,
0x0,
0x0,
0x0,
0x0,
0x0,
0x0,
0x0,
0x0,
0x0,
0x0,
0x0,
0x0,
0x0,
0x0,
0x0,
0x0,
0x0,
0x0,
0x0,
0x0,
0x0,
0x0,
0x0,
0x0,
0x0,
0x0,
0x0,
0x0,
0x0,
0x0,
0x0,
0x0,
0x0,
0x0,
0x0,
0x0,
0x0,
0x0,
0x0,
0x0,
0x0,
0x0,
0x0,
0x0,
0x0,
0x0,
0x0,
0x0,
0x0,
0x0,
0x0,
0x0,
0x0,
0x0,
0x0,
0x0,
0x0,
0x0,
0x0,
0x0,
0x0,
0x0,
0x0,
0x0,
0x0,
0x0,
0x0,
0x0,
0x0,
0x0,
0x0,
0x0,
0x0,
0x0,
0x0,
0x0,
0x0,
0x0,
0x0,
0x0,
0x0,
0x0,
0x0,
0x0,
0x0,
0x0,
0x0,
0x0,
0x0,
0x0,
0x0,
0x0,
0x0,
0x0,
0x0,
0x0,
0x0,
0x0,
0x0,
0x0,
0x0,
0x0,
0x0,
0x0,
0x0,
0x0,
0x0,
0x0,
0x0,
0x0,
0x0,
0x0,
0x0,
0x0,
0x0,
0x0,
0x0,
0x0,
0x0,
0x0,
0x0,
0x0,
0x0,
0x0,
0x0,
0x0,
0x0,
0x0,
0x0,
0x0,
0x0,
0x0,
0x0,
0x0,
0x0,
0x0,
0x0,
0x0,
0x0,
0x0,
0x0,
0x0,
0x0,
0x0,
0x0,
0x0,
0x0,
0x0,
0x0,
0x0,
0x0,
0x0,
0x0,
0x0,
0x0,
0x0,
0x0,
0x0,
0x0,
0x0,
0x0,
0x0,
0x0,
0x0,
0x0,
0x0,
0x0,
0x0,
0x0,
0x0,
0x0,
0x0,
0x0,
0x0,
0x0,
0x0,
0x0,
0x0,
0x0,
0x0,
0x0,
0x0,
0x0,
0x0,
0x0,
0x0,
0x0,
0x0,
0x0,
0x0,
0x0,
0x0,
0x0,
0x0,
0x0,
0x0,
0x0,
0x0,
0x0,
0x0,
0x0,
0x0,
0x0,
0x0,
0x0,
0x0,
0x0,
0x0,
0x0,
0x0,
0x0,
0x0,
0x0,
0x0,
0x0,
0x0,
0x0,
0x0,
0x0,
0x0,
0x0,
0x0,
0x0,
0x0,
0x0,
0x0,
0x0,
0x0,
0x0,
0x0,
0x0,
0x0,
0x0,
0x0,
0x0,
0x0,
0x0,
0x0,
0x0,
0x0,
0x0,
0x0,
0x0,
0x0,
0x0,
0x0,
0x0,
0x0,
0x0,
0x0,
0x0,
0x0,
0x0,
0x0,
0x0,
0x0,
0x0,
0x0,
0x0,
0x0,
0x0,
0x0,
0x0,
0x0,
0x0,
0x0,
0x0,
0x0,
0x0,
0x0,
0x0,
0x0,
0x0,
0x0,
0x0,
0x0,
0x0,
0x0,
0x0,
0x0,
0x0,
0x0,
0x0,
0x0,
0x0,
0x0,
0x0,
0x0,
0x0,
0x0,
0x0,
0x0,
0x0,
0x0,
0x0,
0x0,
0x0,
0x0,
0x0,
0x0,
0x0,
0x0,
0x0,
0x0,
0x0,
0x0,
0x0,
0x0,
0x0,
0x0,
0x0,
0x0,
0x0,
0x0,
0x0,
0x0,
0x0,
0x0,
0x0,
0x0,
0x0,
0x0,
0x0,
0x0,
0x0,
0x0,
0x0,
0x0,
0x0,
0x0,
0x0,
0x0,
0x0,
0x0,
0x0,
0x0,
0x0,
0x0,
0x0,
0x0,
0x0,
0x0,
0x0,
0x0,
0x0,
0x0,
0x0,
0x0,
0x0,
0x0,
0x0,
0x0,
0x0,
0x0,
0x0,
0x0,
0x0,
0x0,
0x0,
0x0,
0x0,
0x0,
0x0,
0x0,
0x0,
0x0,
0x0,
0x0,
0x0,
0x0,
0x0,
0x0,
0x0,
0x0,
0x0,
0x0,
0x0,
0x0,
0x0,
0x0,
0x0,
0x0,
0x0,
0x0,
0x0,
0x0,
0x0,
0x0,
0x0,
0x0,
0x0,
0x0,
0x0,
0x0,
0x0,
0x0,
0x0,
0x0,
0x0,
0x0,
0x0,
0x0,
0x0,
0x0,
0x0,
0x0,
0x0,
0x0,
0x0,
0x0,
0x0,
0x0,
0x0,
0x0,
0x0,
0x0,
0x0,
0x0,
0x0,
0x0,
0x0,
0x0,
0x0,
0x0,
0x0,
0x0,
0x0,
0x0,
0x0,
0x0,
0x0,
0x0,
0x0,
0x0,
0x0,
0x0,
0x0,
0x0,
0x0,
0x0,
0x0,
0x0,
0x0,
0x0,
0x0,
0x0,
0x0,
0x0,
0x0,
0x0,
0x0,
0x0,
0x0,
0x0,
0x0,
0x0,
0x0,
0x0,
0x0,
0x0,
0x0,
0x0,
0x0,
0x0,
0x0,
0x0,
0x0,
0x0,
0x0,
0x0,
0x0,
0x0,
0x0,
0x0,
0x0,
0x0,
0x0,
0x0,
0x0,
0x0,
0x0,
0x0,
0x0,
0x0,
0x0,
0x0,
0x0,
0x0,
0x0,
0x0,
0x0,
0x0,
0x0,
0x0,
0x0,
0x0,
0x0,
0x0,
0x0,
0x0,
0x0,
0x0,
0x0,
0x0,
0x0,
0x0,
0x0,
0x0,
0x0,
0x0,
0x0,
0x0,
0x0,
0x0,
0x0,
0x0,
0x0,
0x0,
0x0,
0x0,
0x0,
0x0,
0x0,
0x0,
0x0,
0x0,
0x0,
0x0,
0x0,
0x0,
0x0,
0x0,
0x0,
0x0,
0x0,
0x0,
0x0,
0x0,
0x0,
0x0,
0x0,
0x0,
0x0,
0x0,
0x0,
0x0,
0x0,
0x0,
0x0,
0x0,
0x0,
0x0,
0x0,
0x0,
0x0,
0x0,
0x0,
0x0,
0x0,
0x0,
0x0,
0x0,
0x0,
0x0,
0x0,
0x0,
0x0,
0x0,
0x0,
0x0,
0x0,
0x0,
0x0,
0x0,
0x0,
0x0,
0x0,
0x0,
0x0,
0x0,
0x0,
0x0,
0x0,
0x0,
0x0,
0x0,
0x0,
0x0,
0x0,
0x0,
0x0,
0x0,
0x0,
0x0,
0x0,
0x0,
0x0,
0x0,
0x0,
0x0,
0x0,
0x0,
0x0,
0x0,
0x0,
0x0,
0x0,
0x0,
0x0,
0x0,
0x0,
0x0,
0x0,
0x0,
0x0,
0x0,
0x0,
0x0,
0x0,
0x0,
0x0,
0x0,
0x0,
0x0,
0x0,
0x0,
0x0,
0x0,
0x0,
0x0,
0x0,
0x0,
0x0,
0x0,
0x0,
0x0,
0x0,
0x0,
0x0,
0x0,
0x0,
0x0,
0x0,
0x0,
0x0,
0x0,
0x0,
0x0,
0x0,
0x0,
0x0,
0x0,
0x0,
0x0,
0x0,
0x0,
0x0,
0x0,
0x0,
0x0,
0x0,
0x0,
0x0,
0x0,
0x0,
0x0,
0x0,
0x0,
0x0,
0x0,
0x0,
0x0,
0x0,
0x0,
0x0,
0x0,
0x0,
0x0,
0x0,
0x0,
0x0,
0x0,
0x0,
0x0,
0x0,
0x0,
0x0,
0x0,
0x0,
0x0,
0x0,
0x0,
0x0,
0x0,
0x0,
0x0,
0x0,
0x0,
0x0,
0x0,
0x0,
0x0,
0x0,
0x0,
0x0,
0x0,
0x0,
0x0,
0x0,
0x0,
0x0,
0x0,
0x0,
0x0,
0x0,
0x0,
0x0,
0x0,
0x0,
0x0,
0x0,
0x0,
0x0,
0x0,
0x0,
0x0,
0x0,
0x0,
0x0,
0x0,
0x0,
0x0,
0x0,
0x0,
0x0,
0x0,
0x0,
0x0,
0x0,
0x0,
0x0,
0x0,
0x0,
0x0,
0x0,
0x0,
0x0,
0x0,
0x0,
0x0,
0x0,
0x0,
0x0,
0x0,
0x0,
0x0,
0x0,
0x0,
0x0,
0x0,
0x0,
0x0,
0x0,
0x0,
0x0,
0x0,
0x0,
0x0,
0x0,
0x0,
0x0,
0x0,
0x0,
0x0,
0x0,
0x0,
0x0,
0x0,
0x0,
0x0,
0x0,
0x0,
0x0,
0x0,
0x0,
0x0,
0x0,
0x0,
0x0,
0x0,
0x0,
0x0,
0x0,
0x0,
0x0,
0x0,
0x0,
0x0,
0x0,
0x0,
0x0,
0x0,
0x0,
0x0,
0x0,
0x0,
0x0,
0x0,
0x0,
0x0,
0x0,
0x0,
0x0,
0x0,
0x0,
0x0,
0x0,
0x0,
0x0,
0x0,
0x0,
0x0,
0x0,
0x0,
0x0,
0x0,
0x0,
0x0,
0x0,
0x0,
0x0,
0x0,
0x0,
0x0,
0x0,
0x0,
0x0,
0x0,
0x0,
0x0,
0x0,
0x0,
0x0,
0x0,
0x0,
0x0,
0x0,
0x0,
0x0,
0x0,
0x0,
0x0,
0x0,
0x0,
0x0,
0x0,
0x0,
0x0,
0x0,
0x0,
0x0,
0x0,
0x0,
0x0,
0x0,
0x0,
0x0,
0x0,
0x0,
0x0,
0x0,
0x0,
0x0,
0x0,
0x0,
0x0,
0x0,
0x0,
0x0,
0x0,
0x0,
0x0,
0x0,
0x0,
0x0,
0x0,
0x0,
0x0,
0x0,
0x0,
0x0,
0x0,
0x0,
0x0,
0x0,
0x0,
0x0,
0x0,
0x0,
0x0,
0x0,
0x0,
0x0,
0x0,
0x0,
0x0,
0x0,
0x0,
0x0,
0x0,
0x0,
0x0,
0x0,
0x0,
0x0,
0x0,
0x0,
0x0,
0x0,
0x0,
0x0,
0x0,
0x0,
0x0,
0x0,
0x0,
0x0,
0x0,
0x0,
0x0,
0x0,
0x0,
0x0,
0x0,
0x0,
0x0,
0x0,
0x0,
0x0,
0x0,
0x0,
0x0,
0x0,
0x0,
0x0,
0x0,
0x0,
0x0,
0x0,
0x0,
0x0,
0x0,
0x0,
0x0,
0x0,
0x0,
0x0,
0x0,
0x0,
0x0,
0x0,
0x0,
0x0,
0x0,
0x0,
0x0,
0x0,
0x0,
0x0,
0x0,
0x0,
0x0,
0x0,
0x0,
0x0,
0x0,
0x0,
0x0,
0x0,
0x0,
0x0,
0x0,
0x0,
0x0,
0x0,
0x0,
0x0,
0x0,
0x0,
0x0,
0x0,
0x0,
0x0,
0x0,
0x0,
0x0,
0x0,
0x0,
0x0,
0x0,
0x0,
0x0,
0x0,
0x0,
0x0,
0x0,
0x0,
0x0,
0x0,
0x0,
0x0,
0x0,
0x0,
0x0,
0x0,
0x0,
0x0,
0x0,
0x0,
0x0,
0x0,
0x0,
0x0,
0x0,
0x0,
0x0,
0x0,
0x0,
0x0,
0x0,
0x0,
0x0,
0x0,
0x0,
0x0,
0x0,
0x0,
0x0,
0x0,
0x0,
0x0,
0x0,
0x0,
0x0,
0x0,
0x0,
0x0,
0x0,
0x0,
0x0,
0x0,
0x0,
0x0,
0x0,
0x0,
0x0,
0x0,
0x0,
0x0,
0x0,
0x0,
0x0,
0x0,
0x0,
0x0,
0x0,
0x0,
0x0,
0x0,
0x0,
0x0,
0x0,
0x0,
0x0,
0x0,
0x0,
0x0,
0x0,
0x0,
0x0,
0x0,
0x0,
0x0,
0x0,
0x0,
0x0,
0x0,
0x0,
0x0,
0x0,
0x0,
0x0,
0x0,
0x0,
0x0,
0x0,
0x0,
0x0,
0x0,
0x0,
0x0,
0x0,
0x0,
0x0,
0x0,
0x0,
0x0,
0x0,
0x0,
0x0,
0x0,
0x0,
0x0,
0x0,
0x0,
0x0,
0x0,
0x0,
0x0,
0x0,
0x0,
0x0,
0x0,
0x0,
0x0,
0x0,
0x0,
0x0,
0x0,
0x0,
0x0,
0x0,
0x0,
0x0,
0x0,
0x0,
0x0,
0x0,
0x0,
0x0,
0x0,
0x0,
0x0,
0x0,
0x0,
0x0,
0x0,
0x0,
0x0,
0x0,
0x0,
0x0,
0x0,
0x0,
0x0,
0x0,
0x0,
0x0,
0x0,
0x0,
0x0,
0x0,
0x0,
0x0,
0x0,
0x0,
0x0,
0x0,
0x0,
0x0,
0x0,
0x0,
0x0,
0x0,
0x0,
0x0,
0x0,
0x0,
0x0,
0x0,
0x0,
0x0,
0x0,
0x0,
0x0,
0x0,
0x0,
0x0,
0x0,
0x0,
0x0,
0x0,
0x0,
0x0,
0x0,
0x0,
0x0,
0x0,
0x0,
0x0,
0x0,
0x0,
0x0,
0x0,
0x0,
0x0,
0x0,
0x0,
0x0,
0x0,
0x0,
0x0,
0x0,
0x0,
0x0,
0x0,
0x0,
0x0,
0x0,
0x0,
0x0,
0x0,
0x0,
0x0,
0x0,
0x0,
0x0,
0x0,
0x0,
0x0,
0x0,
0x0,
0x0,
0x0,
0x0,
0x0,
0x0,
0x0,
0x0,
0x0,
0x0,
0x0,
0x0,
0x0,
0x0,
0x0,
0x0,
0x0,
0x0,
0x0,
0x0,
0x0,
0x0,
0x0,
0x0,
0x0,
0x0,
0x0,
0x0,
0x0,
0x0,
0x0,
0x0,
0x0,
0x0,
0x0,
0x0,
0x0,
0x0,
0x0,
0x0,
0x0,
0x0,
0x0,
0x0,
0x0,
0x0,
0x0,
0x0,
0x0,
0x0,
0x0,
0x0,
0x0,
0x0,
0x0,
0x0,
0x0,
0x0,
0x0,
0x0,
0x0,
0x0,
0x0,
0x0,
0x0,
0x0,
0x0,
0x0,
0x0,
0x0,
0x0,
0x0,
0x0,
0x0,
0x0,
0x0,
0x0,
0x0,
0x0,
0x0,
0x0,
0x0,
0x0,
0x0,
0x0,
0x0,
0x0,
0x0,
0x0,
0x0,
0x0,
0x0,
0x0,
0x0,
0x0,
0x0,
0x0,
0x0,
0x0,
0x0,
0x0,
0x0,
0x0,
0x0,
0x0,
0x0,
0x0,
0x0,
0x0,
0x0,
0x0,
0x0,
0x0,
0x0,
0x0,
0x0,
0x0,
0x0,
0x0,
0x0,
0x0,
0x0,
0x0,
0x0,
0x0,
0x0,
0x0,
0x0,
0x0,
0x0,
0x0,
0x0,
0x0,
0x0,
0x0,
0x0,
0x0,
0x0,
0x0,
0x0,
0x0,
0x0,
0x0,
0x0,
0x0,
0x0,
0x0,
0x0,
0x0,
0x0,
0x0,
0x0,
0x0,
0x0,
0x0,
0x0,
0x0,
0x0,
0x0,
0x0,
0x0,
0x0,
0x0,
0x0,
0x0,
0x0,
0x0,
0x0,
0x0,
0x0,
0x0,
0x0,
0x0,
0x0,
0x0,
0x0,
0x0,
0x0,
0x0,
0x0,
0x0,
0x0,
0x0,
0x0,
0x0,
0x0,
0x0,
0x0,
0x0,
0x0,
0x0,
0x0,
0x0,
0x0,
0x0,
0x0,
0x0,
0x0,
0x0,
0x0,
0x0,
0x0,
0x0,
0x0,
0x0,
0x0,
0x0,
0x0,
0x0,
0x0,
0x0,
0x0,
0x0,
0x0,
0x0,
0x0,
0x0,
0x0,
0x0,
0x0,
0x0,
0x0,
0x0,
0x0,
0x0,
0x0,
0x0,
0x0,
0x0,
0x0,
0x0,
0x0,
0x0,
0x0,
0x0,
0x0,
0x0,
0x0,
0x0,
0x0,
0x0,
0x0,
0x0,
0x0,
0x0,
0x0,
0x0,
0x0,
0x0,
0x0,
0x0,
0x0,
0x0,
0x0,
0x0,
0x0,
0x0,
0x0,
0x0,
0x0,
0x0,
0x0,
0x0,
0x0,
0x0,
0x0,
0x0,
0x0,
0x0,
0x0,
0x0,
0x0,
0x0,
0x0,
0x0,
0x0,
0x0,
0x0,
0x0,
0x0,
0x0,
0x0,
0x0,
0x0,
0x0,
0x0,
0x0,
0x0,
0x0,
0x0,
0x0,
0x0,
0x0,
0x0,
0x0,
0x0,
0x0,
0x0,
0x0,
0x0,
0x0,
0x0,
0x0,
0x0,
0x0,
0x0,
0x0,
0x0,
0x0,
0x0,
0x0,
0x0,
0x0,
0x0,
0x0,
0x0,
0x0,
0x0,
0x0,
0x0,
0x0,
0x0,
0x0,
0x0,
0x0,
0x0,
0x0,
0x0,
0x0,
0x0,
0x0,
0x0,
0x0,
0x0,
0x0,
0x0,
0x0,
0x0,
0x0,
0x0,
0x0,
0x0,
0x0,
0x0,
0x0,
0x0,
0x0,
0x0,
0x0,
0x0,
0x0,
0x0,
0x0,
0x0,
0x0,
0x0,
0x0,
0x0,
0x0,
0x0,
0x0,
0x0,
0x0,
0x0,
0x0,
0x0,
0x0,
0x0,
0x0,
0x0,
0x0,
0x0,
0x0,
0x0,
0x0,
0x0,
0x0,
0x0,
0x0,
0x0,
0x0,
0x0,
0x0,
0x0,
0x0,
0x0,
0x0,
0x0,
0x0,
0x0,
0x0,
0x0,
0x0,
0x0,
0x0,
0x0,
0x0,
0x0,
0x0,
0x0,
0x0,
0x0,
0x0,
0x0,
0x0,
0x0,
0x0,
0x0,
0x0,
0x0,
0x0,
0x0,
0x0,
0x0,
0x0,
0x0,
0x0,
0x0,
0x0,
0x0,
0x0,
0x0,
0x0,
0x0,
0x0,
0x0,
0x0,
0x0,
0x0,
0x0,
0x0,
0x0,
0x0,
0x0,
0x0,
0x0,
0x0,
0x0,
0x0,
0x0,
0x0,
0x0,
0x0,
0x0,
0x0,
0x0,
0x0,
0x0,
0x0,
0x0,
0x0,
0x0,
0x0,
0x0,
0x0,
0x0,
0x0,
0x0,
0x0,
0x0,
0x0,
0x0,
0x0,
0x0,
0x0,
0x0,
0x0,
0x0,
0x0,
0x0,
0x0,
0x0,
0x0,
0x0,
0x0,
0x0,
0x0,
0x0,
0x0,
0x0,
0x0,
0x0,
0x0,
0x0,
0x0,
0x0,
0x0,
0x0,
0x0,
0x0,
0x0,
0x0,
0x0,
0x0,
0x0,
0x0,
0x0,
0x0,
0x0,
0x0,
0x0,
0x0,
0x0,
0x0,
0x0,
0x0,
0x0,
0x0,
0x0,
0x0,
0x0,
0x0,
0x0,
0x0,
0x0,
0x0,
0x0,
0x0,
0x0,
0x0,
0x0,
0x0,
0x0,
0x0,
0x0,
0x0,
0x0,
0x0,
0x0,
0x0,
0x0,
0x0,
0x0,
0x0,
0x0,
0x0,
0x0,
0x0,
0x0,
0x0,
0x0,
0x0,
0x0,
0x0,
0x0,
0x0,
0x0,
0x0,
0x0,
0x0,
0x0,
0x0,
0x0,
0x0,
0x0,
0x0,
0x0,
0x0,
0x0,
0x0,
0x0,
0x0,
0x0,
0x0,
0x0,
0x0,
0x0,
0x0,
0x0,
0x0,
0x0,
0x0,
0x0,
0x0,
0x0,
0x0,
0x0,
0x0,
0x0,
0x0,
0x0,
0x0,
0x0,
0x0,
0x0,
0x0,
0x0,
0x0,
0x0,
0x0,
0x0,
0x0,
0x0,
0x0,
0x0,
0x0,
0x0,
0x0,
0x0,
0x0,
0x0,
0x0,
0x0,
0x0,
0x0,
0x0,
0x0,
0x0,
0x0,
0x0,
0x0,
0x0,
0x0,
0x0,
0x0,
0x0,
0x0,
0x0,
0x0,
0x0,
0x0,
0x0,
0x0,
0x0,
0x0,
0x0,
0x0,
0x0,
0x0,
0x0,
0x0,
0x0,
0x0,
0x0,
0x0,
0x0,
0x0,
0x0,
0x0,
0x0,
0x0,
0x0,
0x0,
0x0,
0x0,
0x0,
0x0,
0x0,
0x0,
0x0,
0x0,
0x0,
0x0,
0x0,
0x0,
0x0,
0x0,
0x0,
0x0,
0x0,
0x0,
0x0,
0x0,
0x0,
0x0,
0x0,
0x0,
0x0,
0x0,
0x0,
0x0,
0x0,
0x0,
0x0,
0x0,
0x0,
0x0,
0x0,
0x0,
0x0,
0x0,
0x0,
0x0,
0x0,
0x0,
0x0,
0x0,
0x0,
0x0,
0x0,
0x0,
0x0,
0x0,
0x0,
0x0,
0x0,
0x0,
0x0,
0x0,
0x0,
0x0,
0x0,
0x0,
0x0,
0x0,
0x0,
0x0,
0x0,
0x0,
0x0,
0x0,
0x0,
0x0,
0x0,
0x0,
0x0,
0x0,
0x0,
0x0,
0x0,
0x0,
0x0,
0x0,
0x0,
0x0,
0x0,
0x0,
0x0,
0x0,
0x0,
0x0,
0x0,
0x0,
0x0,
0x0,
0x0,
0x0,
0x0,
0x0,
0x0,
0x0,
0x0,
0x0,
0x0,
0x0,
0x0,
0x0,
0x0,
0x0,
0x0,
0x0,
0x0,
0x0,
0x0,
0x0,
0x0,
0x0,
0x0,
0x0,
0x0,
0x0,
0x0,
0x0,
0x0,
0x0,
0x0,
0x0,
0x0,
0x0,
0x0,
0x0,
0x0,
0x0,
0x0,
0x0,
0x0,
0x0,
0x0,
0x0,
0x0,
0x0,
0x0,
0x0,
0x0,
0x0,
0x0,
0x0,
0x0,
0x0,
0x0,
0x0,
0x0,
0x0,
0x0,
0x0,
0x0,
0x0,
0x0,
0x0,
0x0,
0x0,
0x0,
0x0,
0x0,
0x0,
0x0,
0x0,
0x0,
0x0,
0x0,
0x0,
0x0,
0x0,
0x0,
0x0,
0x0,
0x0,
0x0,
0x0,
0x0,
0x0,
0x0,
0x0,
0x0,
0x0,
0x0,
0x0,
0x0,
0x0,
0x0,
0x0,
0x0,
0x0,
0x0,
0x0,
0x0,
0x0,
0x0,
0x0,
0x0,
0x0,
0x0,
0x0,
0x0,
0x0,
0x0,
0x0,
0x0,
0x0,
0x0,
0x0,
0x0,
0x0,
0x0,
0x0,
0x0,
0x0,
0x0,
0x0,
0x0,
0x0,
0x0,
0x0,
0x0,
0x0,
0x0,
0x0,
0x0,
0x0,
0x0,
0x0,
0x0,
0x0,
0x0,
0x0,
0x0,
0x0,
0x0,
0x0,
0x0,
0x0,
0x0,
0x0,
0x0,
0x0,
0x0,
0x0,
0x0,
0x0,
0x0,
0x0,
0x0,
0x0,
0x0,
0x0,
0x0,
0x0,
0x0,
0x0,
0x0,
0x0,
0x0,
0x0,
0x0,
0x0,
0x0,
0x0,
0x0,
0x0,
0x0,
0x0,
0x0,
0x0,
0x0,
0x0,
0x0,
0x0,
0x0,
0x0,
0x0,
0x0,
0x0,
0x0,
0x0,
0x0,
0x0,
0x0,
0x0,
0x0,
0x0,
0x0,
0x0,
0x0,
0x0,
0x0,
0x0,
0x0,
0x0,
0x0,
0x0,
0x0,
0x0,
0x0,
0x0,
0x0,
0x0,
0x0,
0x0,
0x0,
0x0,
0x0,
0x0,
0x0,
0x0,
0x0,
0x0,
0x0,
0x0,
0x0,
0x0,
0x0,
0x0,
0x0,
0x0,
0x0,
0x0,
0x0,
0x0,
0x0,
0x0,
0x0,
0x0,
0x0,
0x0,
0x0,
0x0,
0x0,
0x0,
0x0,
0x0,
0x0,
0x0,
0x0,
0x0,
0x0,
0x0,
0x0,
0x0,
0x0,
0x0,
0x0,
0x0,
0x0,
0x0,
0x0,
0x0,
0x0,
0x0,
0x0,
0x0,
0x0,
0x0,
0x0,
0x0,
0x0,
0x0,
0x0,
0x0,
0x0,
0x0,
0x0,
0x0,
0x0,
0x0,
0x0,
0x0,
0x0,
0x0,
0x0,
0x0,
0x0,
0x0,
0x0,
0x0,
0x0,
0x0,
0x0,
0x0,
0x0,
0x0,
0x0,
0x0,
0x0,
0x0,
0x0,
0x0,
0x0,
0x0,
0x0,
0x0,
0x0,
0x0,
0x0,
0x0,
0x0,
0x0,
0x0,
0x0,
0x0,
0x0,
0x0,
0x0,
0x0,
0x0,
0x0,
0x0,
0x0,
0x0,
0x0,
0x0,
0x0,
0x0,
0x0,
0x0,
0x0,
0x0,
0x0,
0x0,
0x0,
0x0,
0x0,
0x0,
0x0,
0x0,
0x0,
0x0,
0x0,
0x0,
0x0,
0x0,
0x0,
0x0,
0x0,
0x0,
0x0,
0x0,
0x0,
0x0,
0x0,
0x0,
0x0,
0x0,
0x0,
0x0,
0x0,
0x0,
0x0,
0x0,
0x0,
0x0,
0x0,
0x0,
0x0,
0x0,
0x0,
0x0,
0x0,
0x0,
0x0,
0x0,
0x0,
0x0,
0x0,
0x0,
0x0,
0x0,
0x0,
0x0,
0x0,
0x0,
0x0,
0x0,
0x0,
0x0,
0x0,
0x0,
0x0,
0x0,
0x0,
0x0,
0x0,
0x0,
0x0,
0x0,
0x0,
0x0,
0x0,
0x0,
0x0,
0x0,
0x0,
0x0,
0x0,
0x0,
0x0,
0x0,
0x0,
0x0,
0x0,
0x0,
0x0,
0x0,
0x0,
0x0,
0x0,
0x0,
0x0,
0x0,
0x0,
0x0,
0x0,
0x0,
0x0,
0x0,
0x0,
0x0,
0x0,
0x0,
0x0,
0x0,
0x0,
0x0,
0x0,
0x0,
0x0,
0x0,
0x0,
0x0,
0x0,
0x0,
0x0,
0x0,
0x0,
0x0,
0x0,
0x0,
0x0,
0x0,
0x0,
0x0,
0x0,
0x0,
0x0,
0x0,
0x0,
0x0,
0x0,
0x0,
0x0,
0x0,
0x0,
0x0,
0x0,
0x0,
0x0,
0x0,
0x0,
0x0,
0x0,
0x0,
0x0,
0x0,
0x0,
0x0,
0x0,
0x0,
0x0,
0x0,
0x0,
0x0,
0x0,
0x0,
0x0,
0x0,
0x0,
0x0,
0x0,
0x0,
0x0,
0x0,
0x0,
0x0,
0x0,
0x0,
0x0,
0x0,
0x0,
0x0,
0x0,
0x0,
0x0,
0x0,
0x0,
0x0,
0x0,
0x0,
0x0,
0x0,
0x0,
0x0,
0x0,
0x0,
0x0,
0x0,
0x0,
0x0,
0x0,
0x0,
0x0,
0x0,
0x0,
0x0,
0x0,
0x0,
0x0,
0x0,
0x0,
0x0,
0x0,
0x0,
0x0,
0x0,
0x0,
0x0,
0x0,
0x0,
0x0,
0x0,
0x0,
0x0,
0x0,
0x0,
0x0,
0x0,
0x0,
0x0,
0x0,
0x0,
0x0,
0x0,
0x0,
0x0,
0x0,
0x0,
0x0,
0x0,
0x0,
0x0,
0x0,
0x0,
0x0,
0x0,
0x0,
0x0,
0x0,
0x0,
0x0,
0x0,
0x0,
0x0,
0x0,
0x0,
0x0,
0x0,
0x0,
0x0,
0x0,
0x0,
0x0,
0x0,
0x0,
0x0,
0x0,
0x0,
0x0,
0x0,
0x0,
0x0,
0x0,
0x0,
0x0,
0x0,
0x0,
0x0,
0x0,
0x0,
0x0,
0x0,
0x0,
0x0,
0x0,
0x0,
0x0,
0x0,
0x0,
0x0,
0x0,
0x0,
0x0,
0x0,
0x0,
0x0,
0x0,
0x0,
0x0,
0x0,
0x0,
0x0,
0x0,
0x0,
0x0,
0x0,
0x0,
0x0,
0x0,
0x0,
0x0,
0x0,
0x0,
0x0,
0x0,
0x0,
0x0,
0x0,
0x0,
0x0,
0x0,
0x0,
0x0,
0x0,
0x0,
0x0,
0x0,
0x0,
0x0,
0x0,
0x0,
0x0,
0x0,
0x0,
0x0,
0x0,
0x0,
0x0,
0x0,
0x0,
0x0,
0x0,
0x0,
0x0,
0x0,
0x0,
0x0,
0x0,
0x0,
0x0,
0x0,
0x0,
0x0,
0x0,
0x0,
0x0,
0x0,
0x0,
0x0,
0x0,
0x0,
0x0,
0x0,
0x0,
0x0,
0x0,
0x0,
0x0,
0x0,
0x0,
0x0,
0x0,
0x0,
0x0,
0x0,
0x0,
0x0,
0x0,
0x0,
0x0,
0x0,
0x0,
0x0,
0x0,
0x0,
0x0,
0x0,
0x0,
0x0,
0x0,
0x0,
0x0,
0x0,
0x0,
0x0,
0x0,
0x0,
0x0,
0x0,
0x0,
0x0,
0x0,
0x0,
0x0,
0x0,
0x0,
0x0,
0x0,
0x0,
0x0,
0x0,
0x0,
0x0,
0x0,
0x0,
0x0,
0x0,
0x0,
0x0,
0x0,
0x0,
0x0,
0x0,
0x0,
0x0,
0x0,
0x0,
0x0,
0x0,
0x0,
0x0,
0x0,
0x0,
0x0,
0x0,
0x0,
0x0,
0x0,
0x0,
0x0,
0x0,
0x0,
0x0,
0x0,
0x0,
0x0,
0x0,
0x0,
0x0,
0x0,
0x0,
0x0,
0x0,
0x0,
0x0,
0x0,
0x0,
0x0,
0x0,
0x0,
0x0,
0x0,
0x0,
0x0,
0x0,
0x0,
0x0,
0x0,
0x0,
0x0,
0x0,
0x0,
0x0,
0x0,
0x0,
0x0,
0x0,
0x0,
0x0,
0x0,
0x0,
0x0,
0x0,
0x0,
0x0,
0x0,
0x0,
0x0,
0x0,
0x0,
0x0,
0x0,
0x0,
0x0,
0x0,
0x0,
0x0,
0x0,
0x0,
0x0,
0x0,
0x0,
0x0,
0x0,
0x0,
0x0,
0x0,
0x0,
0x0,
0x0,
0x0,
0x0,
0x0,
0x0,
0x0,
0x0,
0x0,
0x0,
0x0,
0x0,
0x0,
0x0,
0x0,
0x0,
0x0,
0x0,
0x0,
0x0,
0x0,
0x0,
0x0,
0x0,
0x0,
0x0,
0x0,
0x0,
0x0,
0x0,
0x0,
0x0,
0x0,
0x0,
0x0,
0x0,
0x0,
0x0,
0x0,
0x0,
0x0,
0x0,
0x0,
0x0,
0x0,
0x0,
0x0,
0x0,
0x0,
0x0,
0x0,
0x0,
0x0,
0x0,
0x0,
0x0,
0x0,
0x0,
0x0,
0x0,
0x0,
0x0,
0x0,
0x0,
0x0,
0x0,
0x0,
0x0,
0x0,
0x0,
0x0,
0x0,
0x0,
0x0,
0x0,
0x0,
0x0,
0x0,
0x0,
0x0,
0x0,
0x0,
0x0,
0x0,
0x0,
0x0,
0x0,
0x0,
0x0,
0x0,
0x0,
0x0,
0x0,
0x0,
0x0,
0x0,
0x0,
0x0,
0x0,
0x0,
0x0,
0x0,
0x0,
0x0,
0x0,
0x0,
0x0,
0x0,
0x0,
0x0,
0x0,
0x0,
0x0,
0x0,
0x0,
0x0,
0x0,
0x0,
0x0,
0x0,
0x0,
0x0,
0x0,
0x0,
0x0,
0x0,
0x0,
0x0,
0x0,
0x0,
0x0,
0x0,
0x0,
0x0,
0x0,
0x0,
0x0,
0x0,
0x0,
0x0,
0x0,
0x0,
0x0,
0x0,
0x0,
0x0,
0x0,
0x0,
0x0,
0x0,
0x0,
0x0,
0x0,
0x0,
0x0,
0x0,
0x0,
0x0,
0x0,
0x0,
0x0,
0x0,
0x0,
0x0,
0x0,
0x0,
0x0,
0x0,
0x0,
0x0,
0x0,
0x0,
0x0,
0x0,
0x0,
0x0,
0x0,
0x0,
0x0,
0x0,
0x0,
0x0,
0x0,
0x0,
0x0,
0x0,
0x0,
0x0,
0x0,
0x0,
0x0,
0x0,
0x0,
0x0,
0x0,
0x0,
0x0,
0x0,
0x0,
0x0,
0x0,
0x0,
0x0,
0x0,
0x0,
0x0,
0x0,
0x0,
0x0,
0x0,
0x0,
0x0,
0x0,
0x0,
0x0,
0x0,
0x0,
0x0,
0x0,
0x0,
0x0,
0x0,
0x0,
0x0,
0x0,
0x0,
0x0,
0x0,
0x0,
0x0,
0x0,
0x0,
0x0,
0x0,
0x0,
0x0,
0x0,
0x0,
0x0,
0x0,
0x0,
0x0,
0x0,
0x0,
0x0,
0x0,
0x0,
0x0,
0x0,
0x0,
0x0,
0x0,
0x0,
0x0,
0x0,
0x0,
0x0,
0x0,
0x0,
0x0,
0x0,
0x0,
0x0,
0x0,
0x0,
0x0,
0x0,
0x0,
0x0,
0x0,
0x0,
0x0,
0x0,
0x0,
0x0,
0x0,
0x0,
0x0,
0x0,
0x0,
0x0,
0x0,
0x0,
0x0,
0x0,
0x0,
0x0,
0x0,
0x0,
0x0,
0x0,
0x0,
0x0,
0x0,
0x0,
0x0,
0x0,
0x0,
0x0,
0x0,
0x0,
0x0,
0x0,
0x0,
0x0,
0x0,
0x0,
0x0,
0x0,
0x0,
0x0,
0x0,
0x0,
0x0,
0x0,
0x0,
0x0,
0x0,
0x0,
0x0,
0x0,
0x0,
0x0,
0x0,
0x0,
0x0,
0x0,
0x0,
0x0,
0x0,
0x0,
0x0,
0x0,
0x0,
0x0,
0x0,
0x0,
0x0,
0x0,
0x0,
0x0,
0x0,
0x0,
0x0,
0x0,
0x0,
0x0,
0x0,
0x0,
0x0,
0x0,
0x0,
0x0,
0x0,
0x0,
0x0,
0x0,
0x0,
0x0,
0x0,
0x0,
0x0,
0x0,
0x0,
0x0,
0x0,
0x0,
0x0,
0x0,
0x0,
0x0,
0x0,
0x0,
0x0,
0x0,
0x0,
0x0,
0x0,
0x0,
0x0,
0x0,
0x0,
0x0,
0x0,
0x0,
0x0,
0x0,
0x0,
0x0,
0x0,
0x0,
0x0,
0x0,
0x0,
0x0,
0x0,
0x0,
0x0,
0x0,
0x0,
0x0,
0x0,
0x0,
0x0,
0x0,
0x0,
0x0,
0x0,
0x0,
0x0,
0x0,
0x0,
0x0,
0x0,
0x0,
0x0,
0x0,
0x0,
0x0,
0x0,
0x0,
0x0,
0x0,
0x0,
0x0,
0x0,
0x0,
0x0,
0x0,
0x0,
0x0,
0x0,
0x0,
0x0,
0x0,
0x0,
0x0,
0x0,
0x0,
0x0,
0x0,
0x0,
0x0,
0x0,
0x0,
0x0,
0x0,
0x0,
0x0,
0x0,
0x0,
0x0,
0x0,
0x0,
0x0,
0x0,
0x0,
0x0,
0x0,
0x0,
0x0,
0x0,
0x0,
0x0,
0x0,
0x0,
0x0,
0x0,
0x0,
0x0,
0x0,
0x0,
0x0,
0x0,
0x0,
0x0,
0x0,
0x0,
0x0,
0x0,
0x0,
0x0,
0x0,
0x0,
0x0,
0x0,
0x0,
0x0,
0x0,
0x0,
0x0,
0x0,
0x0,
0x0,
0x0,
0x0,
0x0,
0x0,
0x0,
0x0,
0x0,
0x0,
0x0,
0x0,
0x0,
0x0,
0x0,
0x0,
0x0,
0x0,
0x0,
0x0,
0x0,
0x0,
0x0,
0x0,
0x0,
0x0,
0x0,
0x0,
0x0,
0x0,
0x0,
0x0,
0x0,
0x0,
0x0,
0x0,
0x0,
0x0,
0x0,
0x0,
0x0,
0x0,
0x0,
0x0,
0x0,
0x0,
0x0,
0x0,
0x0,
0x0,
0x0,
0x0,
0x0,
0x0,
0x0,
0x0,
0x0,
0x0,
0x0,
0x0,
0x0,
0x0,
0x0,
0x0,
0x0,
0x0,
0x0,
0x0,
0x0,
0x0,
0x0,
0x0,
0x0,
0x0,
0x0,
0x0,
0x0,
0x0,
0x0,
0x0,
0x0,
0x0,
0x0,
0x0,
0x0,
0x0,
0x0,
0x0,
0x0,
0x0,
0x0,
0x0,
0x0,
0x0,
0x0,
0x0,
0x0,
0x0,
0x0,
0x0,
0x0,
0x0,
0x0,
0x0,
0x0,
0x0,
0x0,
0x0,
0x0,
0x0,
0x0,
0x0,
0x0,
0x0,
0x0,
0x0,
0x0,
0x0,
0x0,
0x0,
0x0,
0x0,
0x0,
0x0,
0x0,
0x0,
0x0,
0x0,
0x0,
0x0,
0x0,
0x0,
0x0,
0x0,
0x0,
0x0,
0x0,
0x0,
0x0,
0x0,
0x0,
0x0,
0x0,
0x0,
0x0,
0x0,
0x0,
0x0,
0x0,
0x0,
0x0,
0x0,
0x0,
0x0,
0x0,
0x0,
0x0,
0x0,
0x0,
0x0,
0x0,
0x0,
0x0,
0x0,
0x0,
0x0,
0x0,
0x0,
0x0,
0x0,
0x0,
0x0,
0x0,
0x0,
0x0,
0x0,
0x0,
0x0,
0x0,
0x0,
0x0,
0x0,
0x0,
0x0,
0x0,
0x0,
0x0,
0x0,
0x0,
0x0,
0x0,
0x0,
0x0,
0x0,
0x0,
0x0,
0x0,
0x0,
0x0,
0x0,
0x0,
0x0,
0x0,
0x0,
0x0,
0x0,
0x0,
0x0,
0x0,
0x0,
0x0,
0x0,
0x0,
0x0,
0x0,
0x0,
0x0,
0x0,
0x0,
0x0,
0x0,
0x0,
0x0,
0x0,
0x0,
0x0,
0x0,
0x0,
0x0,
0x0,
0x0,
0x0,
0x0,
0x0,
0x0,
0x0,
0x0,
0x0,
0x0,
0x0,
0x0,
0x0,
0x0,
0x0,
0x0,
0x0,
0x0,
0x0,
0x0,
0x0,
0x0,
0x0,
0x0,
0x0,
0x0,
0x0,
0x0,
0x0,
0x0,
0x0,
0x0,
0x0,
0x0,
0x0,
0x0,
0x0,
0x0,
0x0,
0x0,
0x0,
0x0,
0x0,
0x0,
0x0,
0x0,
0x0,
0x0,
0x0,
0x0,
0x0,
0x0,
0x0,
0x0,
0x0,
0x0,
0x0,
0x0,
0x0,
0x0,
0x0,
0x0,
0x0,
0x0,
0x0,
0x0,
0x0,
0x0,
0x0,
0x0,
0x0,
0x0,
0x0,
0x0,
0x0,
0x0,
0x0,
0x0,
0x0,
0x0,
0x0,
0x0,
0x0,
0x0,
0x0,
0x0,
0x0,
0x0,
0x0,
0x0,
0x0,
0x0,
0x0,
0x0,
0x0,
0x0,
0x0,
0x0,
0x0,
0x0,
0x0,
0x0,
0x0,
0x0,
0x0,
0x0,
0x0,
0x0,
0x0,
0x0,
0x0,
0x0,
0x0,
0x0,
0x0,
0x0,
0x0,
0x0,
0x0,
0x0,
0x0,
0x0,
0x0,
0x0,
0x0,
0x0,
0x0,
0x0,
0x0,
0x0,
0x0,
0x0,
0x0,
0x0,
0x0,
0x0,
0x0,
0x0,
0x0,
0x0,
0x0,
0x0,
0x0,
0x0,
0x0,
0x0,
0x0,
0x0,
0x0,
0x0,
0x0,
0x0,
0x0,
0x0,
0x0,
0x0,
0x0,
0x0,
0x0,
0x0,
0x0,
0x0,
0x0,
0x0,
0x0,
0x0,
0x0,
0x0,
0x0,
0x0,
0x0,
0x0,
0x0,
0x0,
0x0,
0x0,
0x0,
0x0,
0x0,
0x0,
0x0,
0x0,
0x0,
0x0,
0x0,
0x0,
0x0,
0x0,
0x0,
0x0,
0x0,
0x0,
0x0,
0x0,
0x0,
0x0,
0x0,
0x0,
0x0,
0x0,
0x0,
0x0,
0x0,
0x0,
0x0,
0x0,
0x0,
0x0,
0x0,
0x0,
0x0,
0x0,
0x0,
0x0,
0x0,
0x0,
0x0,
0x0,
0x0,
0x0,
0x0,
0x0,
0x0,
0x0,
0x0,
0x0,
0x0,
0x0,
0x0,
0x0,
0x0,
0x0,
0x0,
0x0,
0x0,
0x0,
0x0,
0x0,
0x0,
0x0,
0x0,
0x0,
0x0,
0x0,
0x0,
0x0,
0x0,
0x0,
0x0,
0x0,
0x0,
0x0,
0x0,
0x0,
0x0,
0x0,
0x0,
0x0,
0x0,
0x0,
0x0,
0x0,
0x0,
0x0,
0x0,
0x0,
0x0,
0x0,
0x0,
0x0,
0x0,
0x0,
0x0,
0x0,
0x0,
0x0,
0x0,
0x0,
0x0,
0x0,
0x0,
0x0,
0x0,
0x0,
0x0,
0x0,
0x0,
0x0,
0x0,
0x0,
0x0,
0x0,
0x0,
0x0,
0x0,
0x0,
0x0,
0x0,
0x0,
0x0,
0x0,
0x0,
0x0,
0x0,
0x0,
0x0,
0x0,
0x0,
0x0,
0x0,
0x0,
0x0,
0x0,
0x0,
0x0,
0x0,
0x0,
0x0,
0x0,
0x0,
0x0,
0x0,
0x0,
0x0,
0x0,
0x0,
0x0,
0x0,
0x0,
0x0,
0x0,
0x0,
0x0,
0x0,
0x0,
0x0,
0x0,
0x0,
0x0,
0x0,
0x0,
0x0,
0x0,
0x0,
0x0,
0x0,
0x0,
0x0,
0x0,
0x0,
0x0,
0x0,
0x0,
0x0,
0x0,
0x0,
0x0,
0x0,
0x0,
0x0,
0x0,
0x0,
0x0,
0x0,
0x0,
0x0,
0x0,
0x0,
0x0,
0x0,
0x0,
0x0,
0x0,
0x0,
0x0,
0x0,
0x0,
0x0,
0x0,
0x0,
0x0,
0x0,
0x0,
0x0,
0x0,
0x0,
0x0,
0x0,
0x0,
0x0,
0x0,
0x0,
0x0,
0x0,
0x0,
0x0,
0x0,
0x0,
0x0,
0x0,
0x0,
0x0,
0x0,
0x0,
0x0,
0x0,
0x0,
0x0,
0x0,
0x0,
0x0,
0x0,
0x0,
0x0,
0x0,
0x0,
0x0,
0x0,
0x0,
0x0,
0x0,
0x0,
0x0,
0x0,
0x0,
0x0,
0x0,
0x0,
0x0,
0x0,
0x0,
0x0,
0x0,
0x0,
0x0,
0x0,
0x0,
0x0,
0x0,
0x0,
0x0,
0x0,
0x0,
0x0,
0x0,
0x0,
0x0,
0x0,
0x0,
0x0,
0x0,
0x0,
0x0,
0x0,
0x0,
0x0,
0x0,
0x0,
0x0,
0x0,
0x0,
0x0,
0x0,
0x0,
0x0,
0x0,
0x0,
0x0,
0x0,
0x0,
0x0,
0x0,
0x0,
0x0,
0x0,
0x0,
0x0,
0x0,
0x0,
0x0,
0x0,
0x0,
0x0,
0x0,
0x0,
0x0,
0x0,
0x0,
0x0,
0x0,
0x0,
0x0,
0x0,
0x0,
0x0,
0x0,
0x0,
0x0,
0x0,
0x0,
0x0,
0x0,
0x0,
0x0,
0x0,
0x0,
0x0,
0x0,
0x0,
0x0,
0x0,
0x0,
0x0,
0x0,
0x0,
0x0,
0x0,
0x0,
0x0,
0x0,
0x0,
0x0,
0x0,
0x0,
0x0,
0x0,
0x0,
0x0,
0x0,
0x0,
0x0,
0x0,
0x0,
0x0,
0x0,
0x0,
0x0,
0x0,
0x0,
0x0,
0x0,
0x0,
0x0,
0x0,
0x0,
0x0,
0x0,
0x0,
0x0,
0x0,
0x0,
0x0,
0x0,
0x0,
0x0,
0x0,
0x0,
0x0,
0x0,
0x0,
0x0,
0x0,
0x0,
0x0,
0x0,
0x0,
0x0,
0x0,
0x0,
0x0,
0x0,
0x0,
0x0,
0x0,
0x0,
0x0,
0x0,
0x0,
0x0,
0x0,
0x0,
0x0,
0x0,
0x0,
0x0,
0x0,
0x0,
0x0,
0x0,
0x0,
0x0,
0x0,
0x0,
0x0,
0x0,
0x0,
0x0,
0x0,
0x0,
0x0,
0x0,
0x0,
0x0,
0x0,
0x0,
0x0,
0x0,
0x0,
0x0,
0x0,
0x0,
0x0,
0x0,
0x0,
0x0,
0x0,
0x0,
0x0,
0x0,
0x0,
0x0,
0x0,
0x0,
0x0,
0x0,
0x0,
0x0,
0x0,
0x0,
0x0,
0x0,
0x0,
0x0,
0x0,
0x0,
0x0,
0x0,
0x0,
0x0,
0x0,
0x0,
0x0,
0x0,
0x0,
0x0,
0x0,
0x0,
0x0,
0x0,
0x0,
0x0,
0x0,
0x0,
0x0,
0x0,
0x0,
0x0,
0x0,
0x0,
0x0,
0x0,
0x0,
0x0,
0x0,
0x0,
0x0,
0x0,
0x0,
0x0,
0x0,
0x0,
0x0,
0x0,
0x0,
0x0,
0x0,
0x0,
0x0,
0x0,
0x0,
0x0,
0x0,
0x0,
0x0,
0x0,
0x0,
0x0,
0x0,
0x0,
0x0,
0x0,
0x0,
0x0,
0x0,
0x0,
0x0,
0x0,
0x0,
0x0,
0x0,
0x0,
0x0,
0x0,
0x0,
0x0,
0x0,
0x0,
0x0,
0x0,
0x0,
0x0,
0x0,
0x0,
0x0,
0x0,
0x0,
0x0,
0x0,
0x0,
0x0,
0x0,
0x0,
0x0,
0x0,
0x0,
0x0,
0x0,
0x0,
0x0,
0x0,
0x0,
0x0,
0x0,
0x0,
0x0,
0x0,
0x0,
0x0,
0x0,
0x0,
0x0,
0x0,
0x0,
0x0,
0x0,
0x0,
0x0,
0x0,
0x0,
0x0,
0x0,
0x0,
0x0,
0x0,
0x0,
0x0,
0x0,
0x0,
0x0,
0x0,
0x0,
0x0,
0x0,
0x0,
0x0,
0x0,
0x0,
0x0,
0x0,
0x0,
0x0,
0x0,
0x0,
0x0,
0x0,
0x0,
0x0,
0x0,
0x0,
0x0,
0x0,
0x0,
0x0,
0x0,
0x0,
0x0,
0x0,
0x0,
0x0,
0x0,
0x0,
0x0,
0x0,
0x0,
0x0,
0x0,
0x0,
0x0,
0x0,
0x0,
0x0,
0x0,
0x0,
0x0,
0x0,
0x0,
0x0,
0x0,
0x0,
0x0,
0x0,
0x0,
0x0,
0x0,
0x0,
0x0,
0x0,
0x0,
0x0,
0x0,
0x0,
0x0,
0x0,
0x0,
0x0,
0x0,
0x0,
0x0,
0x0,
0x0,
0x0,
0x0,
0x0,
0x0,
0x0,
0x0,
0x0,
0x0,
0x0,
0x0,
0x0,
0x0,
0x0,
0x0,
0x0,
0x0,
0x0,
0x0,
0x0,
0x0,
0x0,
0x0,
0x0,
0x0,
0x0,
0x0,
0x0,
0x0,
0x0,
0x0,
0x0,
0x0,
0x0,
0x0,
0x0,
0x0,
0x0,
0x0,
0x0,
0x0,
0x0,
0x0,
0x0,
0x0,
0x0,
0x0,
0x0,
0x0,
0x0,
0x0,
0x0,
0x0,
0x0,
0x0,
0x0,
0x0,
0x0,
0x0,
0x0,
0x0,
0x0,
0x0,
0x0,
0x0,
0x0,
0x0,
0x0,
0x0,
0x0,
0x0,
0x0,
0x0,
0x0,
0x0,
0x0,
0x0,
0x0,
0x0,
0x0,
0x0,
0x0,
0x0,
0x0,
0x0,
0x0,
0x0,
0x0,
0x0,
0x0,
0x0,
0x0,
0x0,
0x0,
0x0,
0x0,
0x0,
0x0,
0x0,
0x0,
0x0,
0x0,
0x0,
0x0,
0x0,
0x0,
0x0,
0x0,
0x0,
0x0,
0x0,
0x0,
0x0,
0x0,
0x0,
0x0,
0x0,
0x0,
0x0,
0x0,
0x0,
0x0,
0x0,
0x0,
0x0,
0x0,
0x0,
0x0,
0x0,
0x0,
0x0,
0x0,
0x0,
0x0,
0x0,
0x0,
0x0,
0x0,
0x0,
0x0,
0x0,
0x0,
0x0,
0x0,
0x0,
0x0,
0x0,
0x0,
0x0,
0x0,
0x0,
0x0,
0x0,
0x0,
0x0,
0x0,
0x0,
0x0,
0x0,
0x0,
0x0,
0x0,
0x0,
0x0,
0x0,
0x0,
0x0,
0x0,
0x0,
0x0,
0x0,
0x0,
0x0,
0x0,
0x0,
0x0,
0x0,
0x0,
0x0,
0x0,
0x0,
0x0,
0x0,
0x0,
0x0,
0x0,
0x0,
0x0,
0x0,
0x0,
0x0,
0x0,
0x0,
0x0,
0x0,
0x0,
0x0,
0x0,
0x0,
0x0,
0x0,
0x0,
0x0,
0x0,
0x0,
0x0,
0x0,
0x0,
0x0,
0x0,
0x0,
0x0,
0x0,
0x0,
0x0,
0x0,
0x0,
0x0,
0x0,
0x0,
0x0,
0x0,
0x0,
0x0,
0x0,
0x0,
0x0,
0x0,
0x0,
0x0,
0x0,
0x0,
0x0,
0x0,
0x0,
0x0,
0x0,
0x0,
0x0,
0x0,
0x0,
0x0,
0x0,
0x0,
0x0,
0x0,
0x0,
0x0,
0x0,
0x0,
0x0,
0x0,
0x0,
0x0,
0x0,
0x0,
0x0,
0x0,
0x0,
0x0,
0x0,
0x0,
0x0,
0x0,
0x0,
0x0,
0x0,
0x0,
0x0,
0x0,
0x0,
0x0,
0x0,
0x0,
0x0,
0x0,
0x0,
0x0,
0x0,
0x0,
0x0,
0x0,
0x0,
0x0,
0x0,
0x0,
0x0,
0x0,
0x0,
0x0,
0x0,
0x0,
0x0,
0x0,
0x0,
0x0,
0x0,
0x0,
0x0,
0x0,
0x0,
0x0,
0x0,
0x0,
0x0,
0x0,
0x0,
0x0,
0x0,
0x0,
0x0,
0x0,
0x0,
0x0,
0x0,
0x0,
0x0,
0x0,
0x0,
0x0,
0x0,
0x0,
0x0,
0x0,
0x0,
0x0,
0x0,
0x0,
0x0,
0x0,
0x0,
0x0,
0x0,
0x0,
0x0,
0x0,
0x0,
0x0,
0x0,
0x0,
0x0,
0x0,
0x0,
0x0,
0x0,
0x0,
0x0,
0x0,
0x0,
0x0,
0x0,
0x0,
0x0,
0x0,
0x0,
0x0,
0x0,
0x0,
0x0,
0x0,
0x0,
0x0,
0x0,
0x0,
0x0,
0x0,
0x0,
0x0,
0x0,
0x0,
0x0,
0x0,
0x0,
0x0,
0x0,
0x0,
0x0,
0x0,
0x0,
0x0,
0x0,
0x0,
0x0,
0x0,
0x0,
0x0,
0x0,
0x0,
0x0,
0x0,
0x0,
0x0,
0x0,
0x0,
0x0,
0x0,
0x0,
0x0,
0x0,
0x0,
0x0,
0x0,
0x0,
0x0,
0x0,
0x0,
0x0,
0x0,
0x0,
0x0,
0x0,
0x0,
0x0,
0x0,
0x0,
0x0,
0x0,
0x0,
0x0,
0x0,
0x0,
0x0,
0x0,
0x0,
0x0,
0x0,
0x0,
0x0,
0x0,
0x0,
0x0,
0x0,
0x0,
0x0,
0x0,
0x0,
0x0,
0x0,
0x0,
0x0,
0x0,
0x0,
0x0,
0x0,
0x0,
0x0,
0x0,
0x0,
0x0,
0x0,
0x0,
0x0,
0x0,
0x0,
0x0,
0x0,
0x0,
0x0,
0x0,
0x0,
0x0,
0x0,
0x0,
0x0,
0x0,
0x0,
0x0,
0x0,
0x0,
0x0,
0x0,
0x0,
0x0,
0x0,
0x0,
0x0,
0x0,
0x0,
0x0,
0x0,
0x0,
0x0,
0x0,
0x0,
0x0,
0x0,
0x0,
0x0,
0x0,
0x0,
0x0,
0x0,
0x0,
0x0,
0x0,
0x0,
0x0,
0x0,
0x0,
0x0,
0x0,
0x0,
0x0,
0x0,
0x0,
0x0,
0x0,
0x0,
0x0,
0x0,
0x0,
0x0,
0x0,
0x0,
0x0,
0x0,
0x0,
0x0,
0x0,
0x0,
0x0,
0x0,
0x0,
0x0,
0x0,
0x0,
0x0,
0x0,
0x0,
0x0,
0x0,
0x0,
0x0,
0x0,
0x0,
0x0,
0x0,
0x0,
0x0,
0x0,
0x0,
0x0,
0x0,
0x0,
0x0,
0x0,
0x0,
0x0,
0x0,
0x0,
0x0,
0x0,
0x0,
0x0,
0x0,
0x0,
0x0,
0x0,
0x0,
0x0,
0x0,
0x0,
0x0,
0x0,
0x0,
0x0,
0x0,
0x0,
0x0,
0x0,
0x0,
0x0,
0x0,
0x0,
0x0,
0x0,
0x0,
0x0,
0x0,
0x0,
0x0,
0x0,
0x0,
0x0,
0x0,
0x0,
0x0,
0x0,
0x0,
0x0,
0x0,
0x0,
0x0,
0x0,
0x0,
0x0,
0x0,
0x0,
0x0,
0x0,
0x0,
0x0,
0x0,
0x0,
0x0,
0x0,
0x0,
0x0,
0x0,
0x0,
0x0,
0x0,
0x0,
0x0,
0x0,
0x0,
0x0,
0x0,
0x0,
0x0,
0x0,
0x0,
0x0,
0x0,
0x0,
0x0,
0x0,
0x0,
0x0,
0x0,
0x0,
0x0,
0x0,
0x0,
0x0,
0x0,
0x0,
0x0,
0x0,
0x0,
0x0,
0x0,
0x0,
0x0,
0x0,
0x0,
0x0,
0x0,
0x0,
0x0,
0x0,
0x0,
0x0,
0x0,
0x0,
0x0,
0x0,
0x0,
0x0,
0x0,
0x0,
0x0,
0x0,
0x0,
0x0,
0x0,
0x0,
0x0,
0x0,
0x0,
0x0,
0x0,
0x0,
0x0,
0x0,
0x0,
0x0,
0x0,
0x0,
0x0,
0x0,
0x0,
0x0,
0x0,
0x0,
0x0,
0x0,
0x0,
0x0,
0x0,
0x0,
0x0,
0x0,
0x0,
0x0,
0x0,
0x0,
0x0,
0x0,
0x0,
0x0,
0x0,
0x0,
0x0,
0x0,
0x0,
0x0,
0x0,
0x0,
0x0,
0x0,
0x0,
0x0,
0x0,
0x0,
0x0,
0x0,
0x0,
0x0,
0x0,
0x0,
0x0,
0x0,
0x0,
0x0,
0x0,
0x0,
0x0,
0x0,
0x0,
0x0,
0x0,
0x0,
0x0,
0x0,
0x0,
0x0,
0x0,
0x0,
0x0,
0x0,
0x0,
0x0,
0x0,
0x0,
0x0,
0x0,
0x0,
0x0,
0x0,
0x0,
0x0,
0x0,
0x0,
0x0,
0x0,
0x0,
0x0,
0x0,
0x0,
0x0,
0x0,
0x0,
0x0,
0x0,
0x0,
0x0,
0x0,
0x0,
0x0,
0x0,
0x0,
0x0,
0x0,
0x0,
0x0,
0x0,
0x0,
0x0,
0x0,
0x0,
0x0,
0x0,
0x0,
0x0,
0x0,
0x0,
0x0,
0x0,
0x0,
0x0,
0x0,
0x0,
0x0,
0x0,
0x0,
0x0,
0x0,
0x0,
0x0,
0x0,
0x0,
0x0,
0x0,
0x0,
0x0,
0x0,
0x0,
0x0,
0x0,
0x0,
0x0,
0x0,
0x0,
0x0,
0x0,
0x0,
0x0,
0x0,
0x0,
0x0,
0x0,
0x0,
0x0,
0x0,
0x0,
0x0,
0x0,
0x0,
0x0,
0x0,
0x0,
0x0,
0x0,
0x0,
0x0,
0x0,
0x0,
0x0,
0x0,
0x0,
0x0,
0x0,
0x0,
0x0,
0x0,
0x0,
0x0,
0x0,
0x0,
0x0,
0x0,
0x0,
0x0,
0x0,
0x0,
0x0,
0x0,
0x0,
0x0,
0x0,
0x0,
0x0,
0x0,
0x0,
0x0,
0x0,
0x0,
0x0,
0x0,
0x0,
0x0,
0x0,
0x0,
0x0,
0x0,
0x0,
0x0,
0x0,
0x0,
0x0,
0x0,
0x0,
0x0,
0x0,
0x0,
0x0,
0x0,
0x0,
0x0,
0x0,
0x0,
0x0,
0x0,
0x0,
0x0,
0x0,
0x0,
0x0,
0x0,
0x0,
0x0,
0x0,
0x0,
0x0,
0x0,
0x0,
0x0,
0x0,
0x0,
0x0,
0x0,
0x0,
0x0,
0x0,
0x0,
0x0,
0x0,
0x0,
0x0,
0x0,
0x0,
0x0,
0x0,
0x0,
0x0,
0x0,
0x0,
0x0,
0x0,
0x0,
0x0,
0x0,
0x0,
0x0,
0x0,
0x0,
0x0,
0x0,
0x0,
0x0,
0x0,
0x0,
0x0,
0x0,
0x0,
0x0,
0x0,
0x0,
0x0,
0x0,
0x0,
0x0,
0x0,
0x0,
0x0,
0x0,
0x0,
0x0,
0x0,
0x0,
0x0,
0x0,
0x0,
0x0,
0x0,
0x0,
0x0,
0x0,
0x0,
0x0,
0x0,
0x0,
0x0,
0x0,
0x0,
0x0,
0x0,
0x0,
0x0,
0x0,
0x0,
0x0,
0x0,
0x0,
0x0,
0x0,
0x0,
0x0,
0x0,
0x0,
0x0,
0x0,
0x0,
0x0,
0x0,
0x0,
0x0,
0x0,
0x0,
0x0,
0x0,
0x0,
0x0,
0x0,
0x0,
0x0,
0x0,
0x0,
0x0,
0x0,
0x0,
0x0,
0x0,
0x0,
0x0,
0x0,
0x0,
0x0,
0x0,
0x0,
0x0,
0x0,
0x0,
0x0,
0x0,
0x0,
0x0,
0x0,
0x0,
0x0,
0x0,
0x0,
0x0,
0x0,
0x0,
0x0,
0x0,
0x0,
0x0,
0x0,
0x0,
0x0,
0x0,
0x0,
0x0,
0x0,
0x0,
0x0,
0x0,
0x0,
0x0,
0x0,
0x0,
0x0,
0x0,
0x0,
0x0,
0x0,
0x0,
0x0,
0x0,
0x0,
0x0,
0x0,
0x0,
0x0,
0x0,
0x0,
0x0,
0x0,
0x0,
0x0,
0x0,
0x0,
0x0,
0x0,
0x0,
0x0,
0x0,
0x0,
0x0,
0x0,
0x0,
0x0,
0x0,
0x0,
0x0,
0x0,
0x0,
0x0,
0x0,
0x0,
0x0,
0x0,
0x0,
0x0,
0x0,
0x0,
0x0,
0x0,
0x0,
0x0,
0x0,
0x0,
0x0,
0x0,
0x0,
0x0,
0x0,
0x0,
0x0,
0x0,
0x0,
0x0,
0x0,
0x0,
0x0,
0x0,
0x0,
0x0,
0x0,
0x0,
0x0,
0x0,
0x0,
0x0,
0x0,
0x0,
0x0,
0x0,
0x0,
0x0,
0x0,
0x0,
0x0,
0x0,
0x0,
0x0,
0x0,
0x0,
0x0,
0x0,
0x0,
0x0,
0x0,
0x0,
0x0,
0x0,
0x0,
0x0,
0x0,
0x0,
0x0,
0x0,
0x0,
0x0,
0x0,
0x0,
0x0,
0x0,
0x0,
0x0,
0x0,
0x0,
0x0,
0x0,
0x0,
0x0,
0x0,
0x0,
0x0,
0x0,
0x0,
0x0,
0x0,
0x0,
0x0,
0x0,
0x0,
0x0,
0x0,
0x0,
0x0,
0x0,
0x0,
0x0,
0x0,
0x0,
0x0,
0x0,
0x0,
0x0,
0x0,
0x0,
0x0,
0x0,
0x0,
0x0,
0x0,
0x0,
0x0,
0x0,
0x0,
0x0,
0x0,
0x0,
0x0,
0x0,
0x0,
0x0,
0x0,
0x0,
0x0,
0x0,
0x0,
0x0,
0x0,
0x0,
0x0,
0x0,
0x0,
0x0,
0x0,
0x0,
0x0,
0x0,
0x0,
0x0,
0x0,
0x0,
0x0,
0x0,
0x0,
0x0,
0x0,
0x0,
0x0,
0x0,
0x0,
0x0,
0x0,
0x0,
0x0,
0x0,
0x0,
0x0,
0x0,
0x0,
0x0,
0x0,
0x0,
0x0,
0x0,
0x0,
0x0,
0x0,
0x0,
0x0,
0x0,
0x0,
0x0,
0x0,
0x0,
0x0,
0x0,
0x0,
0x0,
0x0,
0x0,
0x0,
0x0,
0x0,
0x0,
0x0,
0x0,
0x0,
0x0,
0x0,
0x0,
0x0,
0x0,
0x0,
0x0,
0x0,
0x0,
0x0,
0x0,
0x0,
0x0,
0x0,
0x0,
0x0,
0x0,
0x0,
0x0,
0x0,
0x0,
0x0,
0x0,
0x0,
0x0,
0x0,
0x0,
0x0,
0x0,
0x0,
0x0,
0x0,
0x0,
0x0,
0x0,
0x0,
0x0,
0x0,
0x0,
0x0,
0x0,
0x0,
0x0,
0x0,
0x0,
0x0,
0x0,
0x0,
0x0,
0x0,
0x0,
0x0,
0x0,
0x0,
0x0,
0x0,
0x0,
0x0,
0x0,
0x0,
0x0,
0x0,
0x0,
0x0,
0x0,
0x0,
0x0,
0x0,
0x0,
0x0,
0x0,
0x0,
0x0,
0x0,
0x0,
0x0,
0x0,
0x0,
0x0,
0x0,
0x0,
0x0,
0x0,
0x0,
0x0,
0x0,
0x0,
0x0,
0x0,
0x0,
0x0,
0x0,
0x0,
0x0,
0x0,
0x0,
0x0,
0x0,
0x0,
0x0,
0x0,
0x0,
0x0,
0x0,
0x0,
0x0,
0x0,
0x0,
0x0,
0x0,
0x0,
0x0,
0x0,
0x0,
0x0,
0x0,
0x0,
0x0,
0x0,
0x0,
0x0,
0x0,
0x0,
0x0,
0x0,
0x0,
0x0,
0x0,
0x0,
0x0,
0x0,
0x0,
0x0,
0x0,
0x0,
0x0,
0x0,
0x0,
0x0,
0x0,
0x0,
0x0,
0x0,
0x0,
0x0,
0x0,
0x0,
0x0,
0x0,
0x0,
0x0,
0x0,
0x0,
0x0,
0x0,
0x0,
0x0,
0x0,
0x0,
0x0,
0x0,
0x0,
0x0,
0x0,
0x0,
0x0,
0x0,
0x0,
0x0,
0x0,
0x0,
0x0,
0x0,
0x0,
0x0,
0x0,
0x0,
0x0,
0x0,
0x0,
0x0,
0x0,
0x0,
0x0,
0x0,
0x0,
0x0,
0x0,
0x0,
0x0,
0x0,
0x0,
0x0,
0x0,
0x0,
0x0,
0x0,
0x0,
0x0,
0x0,
0x0,
0x0,
0x0,
0x0,
0x0,
0x0,
0x0,
0x0,
0x0,
0x0,
0x0,
0x0,
0x0,
0x0,
0x0,
0x0,
0x0,
0x0,
0x0,
0x0,
0x0,
0x0,
0x0,
0x0,
0x0,
0x0,
0x0,
0x0,
0x0,
0x0,
0x0,
0x0,
0x0,
0x0,
0x0,
0x0,
0x0,
0x0,
0x0,
0x0,
0x0,
0x0,
0x0,
0x0,
0x0,
0x0,
0x0,
0x0,
0x0,
0x0,
0x0,
0x0,
0x0,
0x0,
0x0,
0x0,
0x0,
0x0,
0x0,
0x0,
0x0,
0x0,
0x0,
0x0,
0x0,
0x0,
0x0,
0x0,
0x0,
0x0,
0x0,
0x0,
0x0,
0x0,
0x0,
0x0,
0x0,
0x0,
0x0,
0x0,
0x0,
0x0,
0x0,
0x0,
0x0,
0x0,
0x0,
0x0,
0x0,
0x0,
0x0,
0x0,
0x0,
0x0,
0x0,
0x0,
0x0,
0x0,
0x0,
0x0,
0x0,
0x0,
0x0,
0x0,
0x0,
0x0,
0x0,
0x0,
0x0,
0x0,
0x0,
0x0,
0x0,
0x0,
0x0,
0x0,
0x0,
0x0,
0x0,
0x0,
0x0,
0x0,
0x0,
0x0,
0x0,
0x0,
0x0,
0x0,
0x0,
0x0,
0x0,
0x0,
0x0,
0x0,
0x0,
0x0,
0x0,
0x0,
0x0,
0x0,
0x0,
0x0,
0x0,
0x0,
0x0,
0x0,
0x0,
0x0,
0x0,
0x0,
0x0,
0x0,
0x0,
0x0,
0x0,
0x0,
0x0,
0x0,
0x0,
0x0,
0x0,
0x0,
0x0,
0x0,
0x0,
0x0,
0x0,
0x0,
0x0,
0x0,
0x0,
0x0,
0x0,
0x0,
0x0,
0x0,
0x0,
0x0,
0x0,
0x0,
0x0,
0x0,
0x0,
0x0,
0x0,
0x0,
0x0,
0x0,
0x0,
0x0,
0x0,
0x0,
0x0,
0x0,
0x0,
0x0,
0x0,
0x0,
0x0,
0x0,
0x0,
0x0,
0x0,
0x0,
0x0,
0x0,
0x0,
0x0,
0x0,
0x0,
0x0,
0x0,
0x0,
0x0,
0x0,
0x0,
0x0,
0x0,
0x0,
0x0,
0x0,
0x0,
0x0,
0x0,
0x0,
0x0,
0x0,
0x0,
0x0,
0x0,
0x0,
0x0,
0x0,
0x0,
0x0,
0x0,
0x0,
0x0,
0x0,
0x0,
0x0,
0x0,
0x0,
0x0,
0x0,
0x0,
0x0,
0x0,
0x0,
0x0,
0x0,
0x0,
0x0,
0x0,
0x0,
0x0,
0x0,
0x0,
0x0,
0x0,
0x0,
0x0,
0x0,
0x0,
0x0,
0x0,
0x0,
0x0,
0x0,
0x0,
0x0,
0x0,
0x0,
0x0,
0x0,
0x0,
0x0,
0x0,
0x0,
0x0,
0x0,
0x0,
0x0,
0x0,
0x0,
0x0,
0x0,
0x0,
0x0,
0x0,
0x0,
0x0,
0x0,
0x0,
0x0,
0x0,
0x0,
0x0,
0x0,
0x0,
0x0,
0x0,
0x0,
0x0,
0x0,
0x0,
0x0,
0x0,
0x0,
0x0,
0x0,
0x0,
0x0,
0x0,
0x0,
0x0,
0x0,
0x0,
0x0,
0x0,
0x0,
0x0,
0x0,
0x0,
0x0,
0x0,
0x0,
0x0,
0x0,
0x0,
0x0,
0x0,
0x0,
0x0,
0x0,
0x0,
0x0,
0x0,
0x0,
0x0,
0x0,
0x0,
0x0,
0x0,
0x0,
0x0,
0x0,
0x0,
0x0,
0x0,
0x0,
0x0,
0x0,
0x0,
0x0,
0x0,
0x0,
0x0,
0x0,
0x0,
0x0,
0x0,
0x0,
0x0,
0x0,
0x0,
0x0,
0x0,
0x0,
0x0,
0x0,
0x0,
0x0,
0x0,
0x0,
0x0,
0x0,
0x0,
0x0,
0x0,
0x0,
0x0,
0x0,
0x0,
0x0,
0x0,
0x0,
0x0,
0x0,
0x0,
0x0,
0x0,
0x0,
0x0,
0x0,
0x0,
0x0,
0x0,
0x0,
0x0,
0x0,
0x0,
0x0,
0x0,
0x0,
0x0,
0x0,
0x0,
0x0,
0x0,
0x0,
0x0,
0x0,
0x0,
0x0,
0x0,
0x0,
0x0,
0x0,
0x0,
0x0,
0x0,
0x0,
0x0,
0x0,
0x0,
0x0,
0x0,
0x0,
0x0,
0x0,
0x0,
0x0,
0x0,
0x0,
0x0,
0x0,
0x0,
0x0,
0x0,
0x0,
0x0,
0x0,
0x0,
0x0,
0x0,
0x0,
0x0,
0x0,
0x0,
0x0,
0x0,
0x0,
0x0,
0x0,
0x0,
0x0,
0x0,
0x0,
0x0,
0x0,
0x0,
0x0,
0x0,
0x0,
0x0,
0x0,
0x0,
0x0,
0x0,
0x0,
0x0,
0x0,
0x0,
0x0,
0x0,
0x0,
0x0,
0x0,
0x0,
0x0,
0x0,
0x0,
0x0,
0x0,
0x0,
0x0,
0x0,
0x0,
0x0,
0x0,
0x0,
0x0,
0x0,
0x0,
0x0,
0x0,
0x0,
0x0,
0x0,
0x0,
0x0,
0x0,
0x0,
0x0,
0x0,
0x0,
0x0,
0x0,
0x0,
0x0,
0x0,
0x0,
0x0,
0x0,
0x0,
0x0,
0x0,
0x0,
0x0,
0x0,
0x0,
0x0,
0x0,
0x0,
0x0,
0x0,
0x0,
0x0,
0x0,
0x0,
0x0,
0x0,
0x0,
0x0,
0x0,
0x0,
0x0,
0x0,
0x0,
0x0,
0x0,
0x0,
0x0,
0x0,
0x0,
0x0,
0x0,
0x0,
0x0,
0x0,
0x0,
0x0,
0x0,
0x0,
0x0,
0x0,
0x0,
0x0,
0x0,
0x0,
0x0,
0x0,
0x0,
0x0,
0x0,
0x0,
0x0,
0x0,
0x0,
0x0,
0x0,
0x0,
0x0,
0x0,
0x0,
0x0,
0x0,
0x0,
0x0,
0x0,
0x0,
0x0,
0x0,
0x0,
0x0,
0x0,
0x0,
0x0,
0x0,
0x0,
0x0,
0x0,
0x0,
0x0,
0x0,
0x0,
0x0,
0x0,
0x0,
0x0,
0x0,
0x0,
0x0,
0x0,
0x0,
0x0,
0x0,
0x0,
0x0,
0x0,
0x0,
0x0,
0x0,
0x0,
0x0,
0x0,
0x0,
0x0,
0x0,
0x0,
0x0,
0x0,
0x0,
0x0,
0x0,
0x0,
0x0,
0x0,
0x0,
0x0,
0x0,
0x0,
0x0,
0x0,
0x0,
0x0,
0x0,
0x0,
0x0,
0x0,
0x0,
0x0,
0x0,
0x0,
0x0,
0x0,
0x0,
0x0,
0x0,
0x0,
0x0,
0x0,
0x0,
0x0,
0x0,
0x0,
0x0,
0x0,
0x0,
0x0,
0x0,
0x0,
0x0,
0x0,
0x0,
0x0,
0x0,
0x0,
0x0,
0x0,
0x0,
0x0,
0x0,
0x0,
0x0,
0x0,
0x0,
0x0,
0x0,
0x0,
0x0,
0x0,
0x0,
0x0,
0x0,
0x0,
0x0,
0x0,
0x0,
0x0,
0x0,
0x0,
0x0,
0x0,
0x0,
0x0,
0x0,
0x0,
0x0,
0x0,
0x0,
0x0,
0x0,
0x0,
0x0,
0x0,
0x0,
0x0,
0x0,
0x0,
0x0,
0x0,
0x0,
0x0,
0x0,
0x0,
0x0,
0x0,
0x0,
0x0,
0x0,
0x0,
0x0,
0x0,
0x0,
0x0,
0x0,
0x0,
0x0,
0x0,
0x0,
0x0,
0x0,
0x0,
0x0,
0x0,
0x0,
0x0,
0x0,
0x0,
0x0,
0x0,
0x0,
0x0,
0x0,
0x0,
0x0,
0x0,
0x0,
0x0,
0x0,
0x0,
0x0,
0x0,
0x0,
0x0,
0x0,
0x0,
0x0,
0x0,
0x0,
0x0,
0x0,
0x0,
0x0,
0x0,
0x0,
0x0,
0x0,
0x0,
0x0,
0x0,
0x0,
0x0,
0x0,
0x0,
0x0,
0x0,
0x0,
0x0,
0x0,
0x0,
0x0,
0x0,
0x0,
0x0,
0x0,
0x0,
0x0,
0x0,
0x0,
0x0,
0x0,
0x0,
0x0,
0x0,
0x0,
0x0,
0x0,
0x0,
0x0,
0x0,
0x0,
0x0,
0x0,
0x0,
0x0,
0x0,
0x0,
0x0,
0x0,
0x0,
0x0,
0x0,
0x0,
0x0,
0x0,
0x0,
0x0,
0x0,
0x0,
0x0,
0x0,
0x0,
0x0,
0x0,
0x0,
0x0,
0x0,
0x0,
0x0,
0x0,
0x0,
0x0,
0x0,
0x0,
0x0,
0x0,
0x0,
0x0,
0x0,
0x0,
0x0,
0x0,
0x0,
0x0,
0x0,
0x0,
0x0,
0x0,
0x0,
0x0,
0x0,
0x0,
0x0,
0x0,
0x0,
0x0,
0x0,
0x0,
0x0,
0x0,
0x0,
0x0,
0x0,
0x0,
0x0,
0x0,
0x0,
0x0,
0x0,
0x0,
0x0,
0x0,
0x0,
0x0,
0x0,
0x0,
0x0,
0x0,
0x0,
0x0,
0x0,
0x0,
0x0,
0x0,
0x0,
0x0,
0x0,
0x0,
0x0,
0x0,
0x0,
0x0,
0x0,
0x0,
0x0,
0x0,
0x0,
0x0,
0x0,
0x0,
0x0,
0x0,
0x0,
0x0,
0x0,
0x0,
0x0,
0x0,
0x0,
0x0,
0x0,
0x0,
0x0,
0x0,
0x0,
0x0,
0x0,
0x0,
0x0,
0x0,
0x0,
0x0,
0x0,
0x0,
0x0,
0x0,
0x0,
0x0,
0x0,
0x0,
0x0,
0x0,
0x0,
0x0,
0x0,
0x0,
0x0,
0x0,
0x0,
0x0,
0x0,
0x0,
0x0,
0x0,
0x0,
0x0,
0x0,
0x0,
0x0,
0x0,
0x0,
0x0,
0x0,
0x0,
0x0,
0x0,
0x0,
0x0,
0x0,
0x0,
0x0,
0x0,
0x0,
0x0,
0x0,
0x0,
0x0,
0x0,
0x0,
0x0,
0x0,
0x0,
0x0,
0x0,
0x0,
0x0,
0x0,
0x0,
0x0,
0x0,
0x0,
0x0,
0x0,
0x0,
0x0,
0x0,
0x0,
0x0,
0x0,
0x0,
0x0,
0x0,
0x0,
0x0,
0x0,
0x0,
0x0,
0x0,
0x0,
0x0,
0x0,
0x0,
0x0,
0x0,
0x0,
0x0,
0x0,
0x0,
0x0,
0x0,
0x0,
0x0,
0x0,
0x0,
0x0,
0x0,
0x0,
0x0,
0x0,
0x0,
0x0,
0x0,
0x0,
0x0,
0x0,
0x0,
0x0,
0x0,
0x0,
0x0,
0x0,
0x0,
0x0,
0x0,
0x0,
0x0,
0x0,
0x0,
0x0,
0x0,
0x0,
0x0,
0x0,
0x0,
0x0,
0x0,
0x0,
0x0,
0x0,
0x0,
0x0,
0x0,
0x0,
0x0,
0x0,
0x0,
0x0,
0x0,
0x0,
0x0,
0x0,
0x0,
0x0,
0x0,
0x0,
0x0,
0x0,
0x0,
0x0,
0x0,
0x0,
0x0,
0x0,
0x0,
0x0,
0x0,
0x0,
0x0,
0x0,
0x0,
0x0,
0x0,
0x0,
0x0,
0x0,
0x0,
0x0,
0x0,
0x0,
0x0,
0x0,
0x0,
0x0,
0x0,
0x0,
0x0,
0x0,
0x0,
0x0,
0x0,
0x0,
0x0,
0x0,
0x0,
0x0,
0x0,
0x0,
0x0,
0x0,
0x0,
0x0,
0x0,
0x0,
0x0,
0x0,
0x0,
0x0,
0x0,
0x0,
0x0,
0x0,
0x0,
0x0,
0x0,
0x0,
0x0,
0x0,
0x0,
0x0,
0x0,
0x0,
0x0,
0x0,
0x0,
0x0,
0x0,
0x0,
0x0,
0x0,
0x0,
0x0,
0x0,
0x0,
0x0,
0x0,
0x0,
0x0,
0x0,
0x0,
0x0,
0x0,
0x0,
0x0,
0x0,
0x0,
0x0,
0x0,
0x0,
0x0,
0x0,
0x0,
0x0,
0x0,
0x0,
0x0,
0x0,
0x0,
0x0,
0x0,
0x0,
0x0,
0x0,
0x0,
0x0,
0x0,
0x0,
0x0,
0x0,
0x0,
0x0,
0x0,
0x0,
0x0,
0x0,
0x0,
0x0,
0x0,
0x0,
0x0,
0x0,
0x0,
0x0,
0x0,
0x0,
0x0,
0x0,
0x0,
0x0,
0x0,
0x0,
0x0,
0x0,
0x0,
0x0,
0x0,
0x0,
0x0,
0x0,
0x0,
0x0,
0x0,
0x0,
0x0,
0x0,
0x0,
0x0,
0x0,
0x0,
0x0,
0x0,
0x0,
0x0,
0x0,
0x0,
0x0,
0x0,
0x0,
0x0,
0x0,
0x0,
0x0,
0x0,
0x0,
0x0,
0x0,
0x0,
0x0,
0x0,
0x0,
0x0,
0x0,
0x0,
0x0,
0x0,
0x0,
0x0,
0x0,
0x0,
0x0,
0x0,
0x0,
0x0,
0x0,
0x0,
0x0,
0x0,
0x0,
0x0,
0x0,
0x0,
0x0,
0x0,
0x0,
0x0,
0x0,
0x0,
0x0,
0x0,
0x0,
0x0,
0x0,
0x0,
0x0,
0x0,
0x0,
0x0,
0x0,
0x0,
0x0,
0x0,
0x0,
0x0,
0x0,
0x0,
0x0,
0x0,
0x0,
0x0,
0x0,
0x0,
0x0,
0x0,
0x0,
0x0,
0x0,
0x0,
0x0,
0x0,
0x0,
0x0,
0x0,
0x0,
0x0,
0x0,
0x0,
0x0,
0x0,
0x0,
0x0,
0x0,
0x0,
0x0,
0x0,
0x0,
0x0,
0x0,
0x0,
0x0,
0x0,
0x0,
0x0,
0x0,
0x0,
0x0,
0x0,
0x0,
0x0,
0x0,
0x0,
0x0,
0x0,
0x0,
0x0,
0x0,
0x0,
0x0,
0x0,
0x0,
0x0,
0x0,
0x0,
0x0,
0x0,
0x0,
0x0,
0x0,
0x0,
0x0,
0x0,
0x0,
0x0,
0x0,
0x0,
0x0,
0x0,
0x0,
0x0,
0x0,
0x0,
0x0,
0x0,
0x0,
0x0,
0x0,
0x0,
0x0,
0x0,
0x0,
0x0,
0x0,
0x0,
0x0,
0x0,
0x0,
0x0,
0x0,
0x0,
0x0,
0x0,
0x0,
0x0,
0x0,
0x0,
0x0,
0x0,
0x0,
0x0,
0x0,
0x0,
0x0,
0x0,
0x0,
0x0,
0x0,
0x0,
0x0,
0x0,
0x0,
0x0,
0x0,
0x0,
0x0,
0x0,
0x0,
0x0,
0x0,
0x0,
0x0,
0x0,
0x0,
0x0,
0x0,
0x0,
0x0,
0x0,
0x0,
0x0,
0x0,
0x0,
0x0,
0x0,
0x0,
0x0,
0x0,
0x0,
0x0,
0x0,
0x0,
0x0,
0x0,
0x0,
0x0,
0x0,
0x0,
0x0,
0x0,
0x0,
0x0,
0x0,
0x0,
0x0,
0x0,
0x0,
0x0,
0x0,
0x0,
0x0,
0x0,
0x0,
0x0,
0x0,
0x0,
0x0,
0x0,
0x0,
0x0,
0x0,
0x0,
0x0,
0x0,
0x0,
0x0,
0x0,
0x0,
0x0,
0x0,
0x0,
0x0,
0x0,
0x0,
0x0,
0x0,
0x0,
0x0,
0x0,
0x0,
0x0,
0x0,
0x0,
0x0,
0x0,
0x0,
0x0,
0x0,
0x0,
0x0,
0x0,
0x0,
0x0,
0x0,
0x0,
0x0,
0x0,
0x0,
0x0,
0x0,
0x0,
0x0,
0x0,
0x0,
0x0,
0x0,
0x0,
0x0,
0x0,
0x0,
0x0,
0x0,
0x0,
0x0,
0x0,
0x0,
0x0,
0x0,
0x0,
0x0,
0x0,
0x0,
0x0,
0x0,
0x0,
0x0,
0x0,
0x0,
0x0,
0x0,
0x0,
0x0,
0x0,
0x0,
0x0,
0x0,
0x0,
0x0,
0x0,
0x0,
0x0,
0x0,
0x0,
0x0,
0x0,
0x0,
0x0,
0x0,
0x0,
0x0,
0x0,
0x0,
0x0,
0x0,
0x0,
0x0,
0x0,
0x0,
0x0,
0x0,
0x0,
0x0,
0x0,
0x0,
0x0,
0x0,
0x0,
0x0,
0x0,
0x0,
0x0,
0x0,
0x0,
0x0,
0x0,
0x0,
0x0,
0x0,
0x0,
0x0,
0x0,
0x0,
0x0,
0x0,
0x0,
0x0,
0x0,
0x0,
0x0,
0x0,
0x0,
0x0,
0x0,
0x0,
0x0,
0x0,
0x0,
0x0,
0x0,
0x0,
0x0,
0x0,
0x0,
0x0,
0x0,
0x0,
0x0,
0x0,
0x0,
0x0,
0x0,
0x0,
0x0,
0x0,
0x0,
0x0,
0x0,
0x0,
0x0,
0x0,
0x0,
0x0,
0x0,
0x0,
0x0,
0x0,
0x0,
0x0,
0x0,
0x0,
0x0,
0x0,
0x0,
0x0,
0x0,
0x0,
0x0,
0x0,
0x0,
0x0,
0x0,
0x0,
0x0,
0x0,
0x0,
0x0,
0x0,
0x0,
0x0,
0x0,
0x0,
0x0,
0x0,
0x0,
0x0,
0x0,
0x0,
0x0,
0x0,
0x0,
0x0,
0x0,
0x0,
0x0,
0x0,
0x0,
0x0,
0x0,
0x0,
0x0,
0x0,
0x0,
0x0,
0x0,
0x0,
0x0,
0x0,
0x0,
0x0,
0x0,
0x0,
0x0,
0x0,
0x0,
0x0,
0x0,
0x0,
0x0,
0x0,
0x0,
0x0,
0x0,
0x0,
0x0,
0x0,
0x0,
0x0,
0x0,
0x0,
0x0,
0x0,
0x0,
0x0,
0x0,
0x0,
0x0,
0x0,
0x0,
0x0,
0x0,
0x0,
0x0,
0x0,
0x0,
0x0,
0x0,
0x0,
0x0,
0x0,
0x0,
0x0,
0x0,
0x0,
0x0,
0x0,
0x0,
0x0,
0x0,
0x0,
0x0,
0x0,
0x0,
0x0,
0x0,
0x0,
0x0,
0x0,
0x0,
0x0,
0x0,
0x0,
0x0,
0x0,
0x0,
0x0,
0x0,
0x0,
0x0,
0x0,
0x0,
0x0,
0x0,
0x0,
0x0,
0x0,
0x0,
0x0,
0x0,
0x0,
0x0,
0x0,
0x0,
0x0,
0x0,
0x0,
0x0,
0x0,
0x0,
0x0,
0x0,
0x0,
0x0,
0x0,
0x0,
0x0,
0x0,
0x0,
0x0,
0x0,
0x0,
0x0,
0x0,
0x0,
0x0,
0x0,
0x0,
0x0,
0x0,
0x0,
0x0,
0x0,
0x0,
0x0,
0x0,
0x0,
0x0,
0x0,
0x0,
0x0,
0x0,
0x0,
0x0,
0x0,
0x0,
0x0,
0x0,
0x0,
0x0,
0x0,
0x0,
0x0,
0x0,
0x0,
0x0,
0x0,
0x0,
0x0,
0x0,
0x0,
0x0,
0x0,
0x0,
0x0,
0x0,
0x0,
0x0,
0x0,
0x0,
0x0,
0x0,
0x0,
0x0,
0x0,
0x0,
0x0,
0x0,
0x0,
0x0,
0x0,
0x0,
0x0,
0x0,
0x0,
0x0,
0x0,
0x0,
0x0,
0x0,
0x0,
0x0,
0x0,
0x0,
0x0,
0x0,
0x0,
0x0,
0x0,
0x0,
0x0,
0x0,
0x0,
0x0,
0x0,
0x0,
0x0,
0x0,
0x0,
0x0,
0x0,
0x0,
0x0,
0x0,
0x0,
0x0,
0x0,
0x0,
0x0,
0x0,
0x0,
0x0,
0x0,
0x0,
0x0,
0x0,
0x0,
0x0,
0x0,
0x0,
0x0,
0x0,
0x0,
0x0,
0x0,
0x0,
0x0,
0x0,
0x0,
0x0,
0x0,
0x0,
0x0,
0x0,
0x0,
0x0,
0x0,
0x0,
0x0,
0x0,
0x0,
0x0,
0x0,
0x0,
0x0,
0x0,
0x0,
0x0,
0x0,
0x0,
0x0,
0x0,
0x0,
0x0,
0x0,
0x0,
0x0,
0x0,
0x0,
0x0,
0x0,
0x0,
0x0,
0x0,
0x0,
0x0,
0x0,
0x0,
0x0,
0x0,
0x0,
0x0,
0x0,
0x0,
0x0,
0x0,
0x0,
0x0,
0x0,
0x0,
0x0,
0x0,
0x0,
0x0,
0x0,
0x0,
0x0,
0x0,
0x0,
0x0,
0x0,
0x0,
0x0,
0x0,
0x0,
0x0,
0x0,
0x0,
0x0,
0x0,
0x0,
0x0,
0x0,
0x0,
0x0,
0x0,
0x0,
0x0,
0x0,
0x0,
0x0,
0x0,
0x0,
0x0,
0x0,
0x0,
0x0,
0x0,
0x0,
0x0,
0x0,
0x0,
0x0,
0x0,
0x0,
0x0,
0x0,
0x0,
0x0,
0x0,
0x0,
0x0,
0x0,
0x0,
0x0,
0x0,
0x0,
0x0,
0x0,
0x0,
0x0,
0x0,
0x0,
0x0,
0x0,
0x0,
0x0,
0x0,
0x0,
0x0,
0x0,
0x0,
0x0,
0x0,
0x0,
0x0,
0x0,
0x0,
0x0,
0x0,
0x0,
0x0,
0x0,
0x0,
0x0,
0x0,
0x0,
0x0,
0x0,
0x0,
0x0,
0x0,
0x0,
0x0,
0x0,
0x0,
0x0,
0x0,
0x0,
0x0,
0x0,
0x0,
0x0,
0x0,
0x0,
0x0,
0x0,
0x0,
0x0,
0x0,
0x0,
0x0,
0x0,
0x0,
0x0,
0x0,
0x0,
0x0,
0x0,
0x0,
0x0,
0x0,
0x0,
0x0,
0x0,
0x0,
0x0,
0x0,
0x0,
0x0,
0x0,
0x0,
0x0,
0x0,
0x0,
0x0,
0x0,
0x0,
0x0,
0x0,
0x0,
0x0,
0x0,
0x0,
0x0,
0x0,
0x0,
0x0,
0x0,
0x0,
0x0,
0x0,
0x0,
0x0,
0x0,
0x0,
0x0,
0x0,
0x0,
0x0,
0x0,
0x0,
0x0,
0x0,
0x0,
0x0,
0x0,
0x0,
0x0,
0x0,
0x0,
0x0,
0x0,
0x0,
0x0,
0x0,
0x0,
0x0,
0x0,
0x0,
0x0,
0x0,
0x0,
0x0,
0x0,
0x0,
0x0,
0x0,
0x0,
0x0,
0x0,
0x0,
0x0,
0x0,
0x0,
0x0,
0x0,
0x0,
0x0,
0x0,
0x0,
0x0,
0x0,
0x0,
0x0,
0x0,
0x0,
0x0,
0x0,
0x0,
0x0,
0x0,
0x0,
0x0,
0x0,
0x0,
0x0,
0x0,
0x0,
0x0,
0x0,
0x0,
0x0,
0x0,
0x0,
0x0,
0x0,
0x0,
0x0,
0x0,
0x0,
0x0,
0x0,
0x0,
0x0,
0x0,
0x0,
0x0,
0x0,
0x0,
0x0,
0x0,
0x0,
0x0,
0x0,
0x0,
0x0,
0x0,
0x0,
0x0,
0x0,
0x0,
0x0,
0x0,
0x0,
0x0,
0x0,
0x0,
0x0,
0x0,
0x0,
0x0,
0x0,
0x0,
0x0,
0x0,
0x0,
0x0,
0x0,
0x0,
0x0,
0x0,
0x0,
0x0,
0x0,
0x0,
0x0,
0x0,
0x0,
0x0,
0x0,
0x0,
0x0,
0x0,
0x0,
0x0,
0x0,
0x0,
0x0,
0x0,
0x0,
0x0,
0x0,
0x0,
0x0,
0x0,
0x0,
0x0,
0x0,
0x0,
0x0,
0x0,
0x0,
0x0,
0x0,
0x0,
0x0,
0x0,
0x0,
0x0,
0x0,
0x0,
0x0,
0x0,
0x0,
0x0,
0x0,
0x0,
0x0,
0x0,
0x0,
0x0,
0x0,
0x0,
0x0,
0x0,
0x0,
0x0,
0x0,
0x0,
0x0,
0x0,
0x0,
0x0,
0x0,
0x0,
0x0,
0x0,
0x0,
0x0,
0x0,
0x0,
0x0,
0x0,
0x0,
0x0,
0x0,
0x0,
0x0,
0x0,
0x0,
0x0,
0x0,
0x0,
0x0,
0x0,
0x0,
0x0,
0x0,
0x0,
0x0,
0x0,
0x0,
0x0,
0x0,
0x0,
0x0,
0x0,
0x0,
0x0,
0x0,
0x0,
0x0,
0x0,
0x0,
0x0,
0x0,
0x0,
0x0,
0x0,
0x0,
0x0,
0x0,
0x0,
0x0,
0x0,
0x0,
0x0,
0x0,
0x0,
0x0,
0x0,
0x0,
0x0,
0x0,
0x0,
0x0,
0x0,
0x0,
0x0,
0x0,
0x0,
0x0,
0x0,
0x0,
0x0,
0x0,
0x0,
0x0,
0x0,
0x0,
0x0,
0x0,
0x0,
0x0,
0x0,
0x0,
0x0,
0x0,
0x0,
0x0,
0x0,
0x0,
0x0,
0x0,
0x0,
0x0,
0x0,
0x0,
0x0,
0x0,
0x0,
0x0,
0x0,
0x0,
0x0,
0x0,
0x0,
0x0,
0x0,
0x0,
0x0,
0x0,
0x0,
0x0,
0x0,
0x0,
0x0,
0x0,
0x0,
0x0,
0x0,
0x0,
0x0,
0x0,
0x0,
0x0,
0x0,
0x0,
0x0,
0x0,
0x0,
0x0,
0x0,
0x0,
0x0,
0x0,
0x0,
0x0,
0x0,
0x0,
0x0,
0x0,
0x0,
0x0,
0x0,
0x0,
0x0,
0x0,
0x0,
0x0,
0x0,
0x0,
0x0,
0x0,
0x0,
0x0,
0x0,
0x0,
0x0,
0x0,
0x0,
0x0,
0x0,
0x0,
0x0,
0x0,
0x0,
0x0,
0x0,
0x0,
0x0,
0x0,
0x0,
0x0,
0x0,
0x0,
0x0,
0x0,
0x0,
0x0,
0x0,
0x0,
0x0,
0x0,
0x0,
0x0,
0x0,
0x0,
0x0,
0x0,
0x0,
0x0,
0x0,
0x0,
0x0,
0x0,
0x0,
0x0,
0x0,
0x0,
0x0,
0x0,
0x0,
0x0,
0x0,
0x0,
0x0,
0x0,
0x0,
0x0,
0x0,
0x0,
0x0,
0x0,
0x0,
0x0,
0x0,
0x0,
0x0,
0x0,
0x0,
0x0,
0x0,
0x0,
0x0,
0x0,
0x0,
0x0,
0x0,
0x0,
0x0,
0x0,
0x0,
0x0,
0x0,
0x0,
0x0,
0x0,
0x0,
0x0,
0x0,
0x0,
0x0,
0x0,
0x0,
0x0,
0x0,
0x0,
0x0,
0x0,
0x0,
0x0,
0x0,
0x0,
0x0,
0x0,
0x0,
0x0,
0x0,
0x0,
0x0,
0x0,
0x0,
0x0,
0x0,
0x0,
0x0,
0x0,
0x0,
0x0,
0x0,
0x0,
0x0,
0x0,
0x0,
0x0,
0x0,
0x0,
0x0,
0x0,
0x0,
0x0,
0x0,
0x0,
0x0,
0x0,
0x0,
0x0,
0x0,
0x0,
0x0,
0x0,
0x0,
0x0,
0x0,
0x0,
0x0,
0x0,
0x0,
0x0,
0x0,
0x0,
0x0,
0x0,
0x0,
0x0,
0x0,
0x0,
0x0,
0x0,
0x0,
0x0,
0x0,
0x0,
0x0,
0x0,
0x0,
0x0,
0x0,
0x0,
0x0,
0x0,
0x0,
0x0,
0x0,
0x0,
0x0,
0x0,
0x0,
0x0,
0x0,
0x0,
0x0,
0x0,
0x0,
0x0,
0x0,
0x0,
0x0,
0x0,
0x0,
0x0,
0x0,
0x0,
0x0,
0x0,
0x0,
0x0,
0x0,
0x0,
0x0,
0x0,
0x0,
0x0,
0x0,
0x0,
0x0,
0x0,
0x0,
0x0,
0x0,
0x0,
0x0,
0x0,
0x0,
0x0,
0x0,
0x0,
0x0,
0x0,
0x0,
0x0,
0x0,
0x0,
0x0,
0x0,
0x0,
0x0,
0x0,
0x0,
0x0,
0x0,
0x0,
0x0,
0x0,
0x0,
0x0,
0x0,
0x0,
0x0,
0x0,
0x0,
0x0,
0x0,
0x0,
0x0,
0x0,
0x0,
0x0,
0x0,
0x0,
0x0,
0x0,
0x0,
0x0,
0x0,
0x0,
0x0,
0x0,
0x0,
0x0,
0x0,
0x0,
0x0,
0x0,
0x0,
0x0,
0x0,
0x0,
0x0,
0x0,
0x0,
0x0,
0x0,
0x0,
0x0,
0x0,
0x0,
0x0,
0x0,
0x0,
0x0,
0x0,
0x0,
0x0,
0x0,
0x0,
0x0,
0x0,
0x0,
0x0,
0x0,
0x0,
0x0,
0x0,
0x0,
0x0,
0x0,
0x0,
0x0,
0x0,
0x0,
0x0,
0x0,
0x0,
0x0,
0x0,
0x0,
0x0,
0x0,
0x0,
0x0,
0x0,
0x0,
0x0,
0x0,
0x0,
0x0,
0x0,
0x0,
0x0,
0x0,
0x0,
0x0,
0x0,
0x0,
0x0,
0x0,
0x0,
0x0,
0x0,
0x0,
0x0,
0x0,
0x0,
0x0,
0x0,
0x0,
0x0,
0x0,
0x0,
0x0,
0x0,
0x0,
0x0,
0x0,
0x0,
0x0,
0x0,
0x0,
0x0,
0x0,
0x0,
0x0,
0x0,
0x0,
0x0,
0x0,
0x0,
0x0,
0x0,
0x0,
0x0,
0x0,
0x0,
0x0,
0x0,
0x0,
0x0,
0x0,
0x0,
0x0,
0x0,
0x0,
0x0,
0x0,
0x0,
0x0,
0x0,
0x0,
0x0,
0x0,
0x0,
0x0,
0x0,
0x0,
0x0,
0x0,
0x0,
0x0,
0x0,
0x0,
0x0,
0x0,
0x0,
0x0,
0x0,
0x0,
0x0,
0x0,
0x0,
0x0,
0x0,
0x0,
0x0,
0x0,
0x0,
0x0,
0x0,
0x0,
0x0,
0x0,
0x0,
0x0,
0x0,
0x0,
0x0,
0x0,
0x0,
0x0,
0x0,
0x0,
0x0,
0x0,
0x0,
0x0,
0x0,
0x0,
0x0,
0x0,
0x0,
0x0,
0x0,
0x0,
0x0,
0x0,
0x0,
0x0,
0x0,
0x0,
0x0,
0x0,
0x0,
0x0,
0x0,
0x0,
0x0,
0x0,
0x0,
0x0,
0x0,
0x0,
0x0,
0x0,
0x0,
0x0,
0x0,
0x0,
0x0,
0x0,
0x0,
0x0,
0x0,
0x0,
0x0,
0x0,
0x0,
0x0,
0x0,
0x0,
0x0,
0x0,
0x0,
0x0,
0x0,
0x0,
0x0,
0x0,
0x0,
0x0,
0x0,
0x0,
0x0,
0x0,
0x0,
0x0,
0x0,
0x0,
0x0,
0x0,
0x0,
0x0,
0x0,
0x0,
0x0,
0x0,
0x0,
0x0,
0x0,
0x0,
0x0,
0x0,
0x0,
0x0,
0x0,
0x0,
0x0,
0x0,
0x0,
0x0,
0x0,
0x0,
0x0,
0x0,
0x0,
0x0,
0x0,
0x0,
0x0,
0x0,
0x0,
0x0,
0x0,
0x0,
0x0,
0x0,
0x0,
0x0,
0x0,
0x0,
0x0,
0x0,
0x0,
0x0,
0x0,
0x0,
0x0,
0x0,
0x0,
0x0,
0x0,
0x0,
0x0,
0x0,
0x0,
0x0,
0x0,
0x0,
0x0,
0x0,
0x0,
0x0,
0x0,
0x0,
0x0,
0x0,
0x0,
0x0,
0x0,
0x0,
0x0,
0x0,
0x0,
0x0,
0x0,
0x0,
0x0,
0x0,
0x0,
0x0,
0x0,
0x0,
0x0,
0x0,
0x0,
0x0,
0x0,
0x0,
0x0,
0x0,
0x0,
0x0,
0x0,
0x0,
0x0,
0x0,
0x0,
0x0,
0x0,
0x0,
0x0,
0x0,
0x0,
0x0,
0x0,
0x0,
0x0,
0x0,
0x0,
0x0,
0x0,
0x0,
0x0,
0x0,
0x0,
0x0,
0x0,
0x0,
0x0,
0x0,
0x0,
0x0,
0x0,
0x0,
0x0,
0x0,
0x0,
0x0,
0x0,
0x0,
0x0,
0x0,
0x0,
0x0,
0x0,
0x0,
0x0,
0x0,
0x0,
0x0,
0x0,
0x0,
0x0,
0x0,
0x0,
0x0,
0x0,
0x0,
0x0,
0x0,
0x0,
0x0,
0x0,
0x0,
0x0,
0x0,
0x0,
0x0,
0x0,
0x0,
0x0,
0x0,
0x0,
0x0,
0x0,
0x0,
0x0,
0x0,
0x0,
0x0,
0x0,
0x0,
0x0,
0x0,
0x0,
0x0,
0x0,
0x0,
0x0,
0x0,
0x0,
0x0,
0x0,
0x0,
0x0,
0x0,
0x0,
0x0,
0x0,
0x0,
0x0,
0x0,
0x0,
0x0,
0x0,
0x0,
0x0,
0x0,
0x0,
0x0,
0x0,
0x0,
0x0,
0x0,
0x0,
0x0,
0x0,
0x0,
0x0,
0x0,
0x0,
0x0,
0x0,
0x0,
0x0,
0x0,
0x0,
0x0,
0x0,
0x0,
0x0,
0x0,
0x0,
0x0,
0x0,
0x0,
0x0,
0x0,
0x0,
0x0,
0x0,
0x0,
0x0,
0x0,
0x0,
0x0,
0x0,
0x0,
0x0,
0x0,
0x0,
0x0,
0x0,
0x0,
0x0,
0x0,
0x0,
0x0,
0x0,
0x0,
0x0,
0x0,
0x0,
0x0,
0x0,
0x0,
0x0,
0x0,
0x0,
0x0,
0x0,
0x0,
0x0,
0x0,
0x0,
0x0,
0x0,
0x0,
0x0,
0x0,
0x0,
0x0,
0x0,
0x0,
0x0,
0x0,
0x0,
0x0,
0x0,
0x0,
0x0,
0x0,
0x0,
0x0,
0x0,
0x0,
0x0,
0x0,
0x0,
0x0,
0x0,
0x0,
0x0,
0x0,
0x0,
0x0,
0x0,
0x0,
0x0,
0x0,
0x0,
0x0,
0x0,
0x0,
0x0,
0x0,
0x0,
0x0,
0x0,
0x0,
0x0,
0x0,
0x0,
0x0,
0x0,
0x0,
0x0,
0x0,
0x0,
0x0,
0x0,
0x0,
0x0,
0x0,
0x0,
0x0,
0x0,
0x0,
0x0,
0x0,
0x0,
0x0,
0x0,
0x0,
0x0,
0x0,
0x0,
0x0,
0x0,
0x0,
0x0,
0x0,
0x0,
0x0,
0x0,
0x0,
0x0,
0x0,
0x0,
0x0,
0x0,
0x0,
0x0,
0x0,
0x0,
0x0,
0x0,
0x0,
0x0,
0x0,
0x0,
0x0,
0x0,
0x0,
0x0,
0x0,
0x0,
0x0,
0x0,
0x0,
0x0,
0x0,
0x0,
0x0,
0x0,
0x0,
0x0,
0x0,
0x0,
0x0,
0x0,
0x0,
0x0,
0x0,
0x0,
0x0,
0x0,
0x0,
0x0,
0x0,
0x0,
0x0,
0x0,
0x0,
0x0,
0x0,
0x0,
0x0,
0x0,
0x0,
0x0,
0x0,
0x0,
0x0,
0x0,
0x0,
0x0,
0x0,
0x0,
0x0,
0x0,
0x0,
0x0,
0x0,
0x0,
0x0,
0x0,
0x0,
0x0,
0x0,
0x0,
0x0,
0x0,
0x0,
0x0,
0x0,
0x0,
0x0,
0x0,
0x0,
0x0,
0x0,
0x0,
0x0,
0x0,
0x0,
0x0,
0x0,
0x0,
0x0,
0x0,
0x0,
0x0,
0x0,
0x0,
0x0,
0x0,
0x0,
0x0,
0x0,
0x0,
0x0,
0x0,
0x0,
0x0,
0x0,
0x0,
0x0,
0x0,
0x0,
0x0,
0x0,
0x0,
0x0,
0x0,
0x0,
0x0,
0x0,
0x0,
0x0,
0x0,
0x0,
0x0,
0x0,
0x0,
0x0,
0x0,
0x0,
0x0,
0x0,
0x0,
0x0,
0x0,
0x0,
0x0,
0x0,
0x0,
0x0,
0x0,
0x0,
0x0,
0x0,
0x0,
0x0,
0x0,
0x0,
0x0,
0x0,
0x0,
0x0,
0x0,
0x0,
0x0,
0x0,
0x0,
0x0,
0x0,
0x0,
0x0,
0x0,
0x0,
0x0,
0x0,
0x0,
0x0,
0x0,
0x0,
0x0,
0x0,
0x0,
0x0,
0x0,
0x0,
0x0,
0x0,
0x0,
0x0,
0x0,
0x0,
0x0,
0x0,
0x0,
0x0,
0x0,
0x0,
0x0,
0x0,
0x0,
0x0,
0x0,
0x0,
0x0,
0x0,
0x0,
0x0,
0x0,
0x0,
0x0,
0x0,
0x0,
0x0,
0x0,
0x0,
0x0,
0x0,
0x0,
0x0,
0x0,
0x0,
0x0,
0x0,
0x0,
0x0,
0x0,
0x0,
0x0,
0x0,
0x0,
0x0,
0x0,
0x0,
0x0,
0x0,
0x0,
0x0,
0x0,
0x0,
0x0,
0x0,
0x0,
0x0,
0x0,
0x0,
0x0,
0x0,
0x0,
0x0,
0x0,
0x0,
0x0,
0x0,
0x0,
0x0,
0x0,
0x0,
0x0,
0x0,
0x0,
0x0,
0x0,
0x0,
0x0,
0x0,
0x0,
0x0,
0x0,
0x0,
0x0,
0x0,
0x0,
0x0,
0x0,
0x0,
0x0,
0x0,
0x0,
0x0,
0x0,
0x0,
0x0,
0x0,
0x0,
0x0,
0x0,
0x0,
0x0,
0x0,
0x0,
0x0,
0x0,
0x0,
0x0,
0x0,
0x0,
0x0,
0x0,
0x0,
0x0,
0x0,
0x0,
0x0,
0x0,
0x0,
0x0,
0x0,
0x0,
0x0,
0x0,
0x0,
0x0,
0x0,
0x0,
0x0,
0x0,
0x0,
0x0,
0x0,
0x0,
0x0,
0x0,
0x0,
0x0,
0x0,
0x0,
0x0,
0x0,
0x0,
0x0,
0x0,
0x0,
0x0,
0x0,
0x0,
0x0,
0x0,
0x0,
0x0,
0x0,
0x0,
0x0,
0x0,
0x0,
0x0,
0x0,
0x0,
0x0,
0x0,
0x0,
0x0,
0x0,
0x0,
0x0,
0x0,
0x0,
0x0,
0x0,
0x0,
0x0,
0x0,
0x0,
0x0,
0x0,
0x0,
0x0,
0x0,
0x0,
0x0,
0x0,
0x0,
0x0,
0x0,
0x0,
0x0,
0x0,
0x0,
0x0,
0x0,
0x0,
0x0,
0x0,
0x0,
0x0,
0x0,
0x0,
0x0,
0x0,
0x0,
0x0,
0x0,
0x0,
0x0,
0x0,
0x0,
0x0,
0x0,
0x0,
0x0,
0x0,
0x0,
0x0,
0x0,
0x0,
0x0,
0x0,
0x0,
0x0,
0x0,
0x0,
0x0,
0x0,
0x0,
0x0,
0x0,
0x0,
0x0,
0x0,
0x0,
0x0,
0x0,
0x0,
0x0,
0x0,
0x0,
0x0,
0x0,
0x0,
0x0,
0x0,
0x0,
0x0,
0x0,
0x0,
0x0,
0x0,
0x0,
0x0,
0x0,
0x0,
0x0,
0x0,
0x0,
0x0,
0x0,
0x0,
0x0,
0x0,
0x0,
0x0,
0x0,
0x0,
0x0,
0x0,
0x0,
0x0,
0x0,
0x0,
0x0,
0x0,
0x0,
0x0,
0x0,
0x0,
0x0,
0x0,
0x0,
0x0,
0x0,
0x0,
0x0,
0x0,
0x0,
0x0,
0x0,
0x0,
0x0,
0x0,
0x0,
0x0,
0x0,
0x0,
0x0,
0x0,
0x0,
0x0,
0x0,
0x0,
0x0,
0x0,
0x0,
0x0,
0x0,
0x0,
0x0,
0x0,
0x0,
0x0,
0x0,
0x0,
0x0,
0x0,
0x0,
0x0,
0x0,
0x0,
0x0,
0x0,
0x0,
0x0,
0x0,
0x0,
0x0,
0x0,
0x0,
0x0,
0x0,
0x0,
0x0,
0x0,
0x0,
0x0,
0x0,
0x0,
0x0,
0x0,
0x0,
0x0,
0x0,
0x0,
0x0,
0x0,
0x0,
0x0,
0x0,
0x0,
0x0,
0x0,
0x0,
0x0,
0x0,
0x0,
0x0,
0x0,
0x0,
0x0,
0x0,
0x0,
0x0,
0x0,
0x0,
0x0,
0x0,
0x0,
0x0,
0x0,
0x0,
0x0,
0x0,
0x0,
0x0,
0x0,
0x0,
0x0,
0x0,
0x0,
0x0,
0x0,
0x0,
0x0,
0x0,
0x0,
0x0,
0x0,
0x0,
0x0,
0x0,
0x0,
0x0,
0x0,
0x0,
0x0,
0x0,
0x0,
0x0,
0x0,
0x0,
0x0,
0x0,
0x0,
0x0,
0x0,
0x0,
0x0,
0x0,
0x0,
0x0,
0x0,
0x0,
0x0,
0x0,
0x0,
0x0,
0x0,
0x0,
0x0,
0x0,
0x0,
0x0,
0x0,
0x0,
0x0,
0x0,
0x0,
0x0,
0x0,
0x0,
0x0,
0x0,
0x0,
0x0,
0x0,
0x0,
0x0,
0x0,
0x0,
0x0,
0x0,
0x0,
0x0,
0x0,
0x0,
0x0,
0x0,
0x0,
0x0,
0x0,
0x0,
0x0,
0x0,
0x0,
0x0,
0x0,
0x0,
0x0,
0x0,
0x0,
0x0,
0x0,
0x0,
0x0,
0x0,
0x0,
0x0,
0x0,
0x0,
0x0,
0x0,
0x0,
0x0,
0x0,
0x0,
0x0,
0x0,
0x0,
0x0,
0x0,
0x0,
0x0,
0x0,
0x0,
0x0,
0x0,
0x0,
0x0,
0x0,
0x0,
0x0,
0x0,
0x0,
0x0,
0x0,
0x0,
0x0,
0x0,
0x0,
0x0,
0x0,
0x0,
0x0,
0x0,
0x0,
0x0,
0x0,
0x0,
0x0,
0x0,
0x0,
0x0,
0x0,
0x0,
0x0,
0x0,
0x0,
0x0,
0x0,
0x0,
0x0,
0x0,
0x0,
0x0,
0x0,
0x0,
0x0,
0x0,
0x0,
0x0,
0x0,
0x0,
0x0,
0x0,
0x0,
0x0,
0x0,
0x0,
0x0,
0x0,
0x0,
0x0,
0x0,
0x0,
0x0,
0x0,
0x0,
0x0,
0x0,
0x0,
0x0,
0x0,
0x0,
0x0,
0x0,
0x0,
0x0,
0x0,
0x0,
0x0,
0x0,
0x0,
0x0,
0x0,
0x0,
0x0,
0x0,
0x0,
0x0,
0x0,
0x0,
0x0,
0x0,
0x0,
0x0,
0x0,
0x0,
0x0,
0x0,
0x0,
0x0,
0x0,
0x0,
0x0,
0x0,
0x0,
0x0,
0x0,
0x0,
0x0,
0x0,
0x0,
0x0,
0x0,
0x0,
0x0,
0x0,
0x0,
0x0,
0x0,
0x0,
0x0,
0x0,
0x0,
0x0,
0x0,
0x0,
0x0,
0x0,
0x0,
0x0,
0x0,
0x0,
0x0,
0x0,
0x0,
0x0,
0x0,
0x0,
0x0,
0x0,
0x0,
0x0,
0x0,
0x0,
0x0,
0x0,
0x0,
0x0,
0x0,
0x0,
0x0,
0x0,
0x0,
0x0,
0x0,
0x0,
0x0,
0x0,
0x0,
0x0,
0x0,
0x0,
0x0,
0x0,
0x0,
0x0,
0x0,
0x0,
0x0,
0x0,
0x0,
0x0,
0x0,
0x0,
0x0,
0x0,
0x0,
0x0,
0x0,
0x0,
0x0,
0x0,
0x0,
0x0,
0x0,
0x0,
0x0,
0x0,
0x0,
0x0,
0x0,
0x0,
0x0,
0x0,
0x0,
0x0,
0x0,
0x0,
0x0,
0x0,
0x0,
0x0,
0x0,
0x0,
0x0,
0x0,
0x0,
0x0,
0x0,
0x0,
0x0,
0x0,
0x0,
0x0,
0x0,
0x0,
0x0,
0x0,
0x0,
0x0,
0x0,
0x0,
0x0,
0x0,
0x0,
0x0,
0x0,
0x0,
0x0,
0x0,
0x0,
0x0,
0x0,
0x0,
0x0,
0x0,
0x0,
0x0,
0x0,
0x0,
0x0,
0x0,
0x0,
0x0,
0x0,
0x0,
0x0,
0x0,
0x0,
0x0,
0x0,
0x0,
0x0,
0x0,
0x0,
0x0,
0x0,
0x0,
0x0,
0x0,
0x0,
0x0,
0x0,
0x0,
0x0,
0x0,
0x0,
0x0,
0x0,
0x0,
0x0,
0x0,
0x0,
0x0,
0x0,
0x0,
0x0,
0x0,
0x0,
0x0,
0x0,
0x0,
0x0,
0x0,
0x0,
0x0,
0x0,
0x0,
0x0,
0x0,
0x0,
0x0,
0x0,
0x0,
0x0,
0x0,
0x0,
0x0,
0x0,
0x0,
0x0,
0x0,
0x0,
0x0,
0x0,
0x0,
0x0,
0x0,
0x0,
0x0,
0x0,
0x0,
0x0,
0x0,
0x0,
0x0,
0x0,
0x0,
0x0,
0x0,
0x0,
0x0,
0x0,
0x0,
0x0,
0x0,
0x0,
0x0,
0x0,
0x0,
0x0,
0x0,
0x0,
0x0,
0x0,
0x0,
0x0,
0x0,
0x0,
0x0,
0x0,
0x0,
0x0,
0x0,
0x0,
0x0,
0x0,
0x0,
0x0,
0x0,
0x0,
0x0,
0x0,
0x0,
0x0,
0x0,
0x0,
0x0,
0x0,
0x0,
0x0,
0x0,
0x0,
0x0,
0x0,
0x0,
0x0,
0x0,
0x0,
0x0,
0x0,
0x0,
0x0,
0x0,
0x0,
0x0,
0x0,
0x0,
0x0,
0x0,
0x0,
0x0,
0x0,
0x0,
0x0,
0x0,
0x0,
0x0,
0x0,
0x0,
0x0,
0x0,
0x0,
0x0,
0x0,
0x0,
0x0,
0x0,
0x0,
0x0,
0x0,
0x0,
0x0,
0x0,
0x0,
0x0,
0x0,
0x0,
0x0,
0x0,
0x0,
0x0,
0x0,
0x0,
0x0,
0x0,
0x0,
0x0,
0x0,
0x0,
0x0,
0x0,
0x0,
0x0,
0x0,
0x0,
0x0,
0x0,
0x0,
0x0,
0x0,
0x0,
0x0,
0x0,
0x0,
0x0,
0x0,
0x0,
0x0,
0x0,
0x0,
0x0,
0x0,
0x0,
0x0,
0x0,
0x0,
0x0,
0x0,
0x0,
0x0,
0x0,
0x0,
0x0,
0x0,
0x0,
0x0,
0x0,
0x0,
0x0,
0x0,
0x0,
0x0,
0x0,
0x0,
0x0,
0x0,
0x0,
0x0,
0x0,
0x0,
0x0,
0x0,
0x0,
0x0,
0x0,
0x0,
0x0,
0x0,
0x0,
0x0,
0x0,
0x0,
0x0,
0x0,
0x0,
0x0,
0x0,
0x0,
0x0,
0x0,
0x0,
0x0,
0x0,
0x0,
0x0,
0x0,
0x0,
0x0,
0x0,
0x0,
0x0,
0x0,
0x0,
0x0,
0x0,
0x0,
0x0,
0x0,
0x0,
0x0,
0x0,
0x0,
0x0,
0x0,
0x0,
0x0,
0x0,
0x0,
0x0,
0x0,
0x0,
0x0,
0x0,
0x0,
0x0,
0x0,
0x0,
0x0,
0x0,
0x0,
0x0,
0x0,
0x0,
0x0,
0x0,
0x0,
0x0,
0x0,
0x0,
0x0,
0x0,
0x0,
0x0,
0x0,
0x0,
0x0,
0x0,
0x0,
0x0,
0x0,
0x0,
0x0,
0x0,
0x0,
0x0,
0x0,
0x0,
0x0,
0x0,
0x0,
0x0,
0x0,
0x0,
0x0,
0x0,
0x0,
0x0,
0x0,
0x0,
0x0,
0x0,
0x0,
0x0,
0x0,
0x0,
0x0,
0x0,
0x0,
0x0,
0x0,
0x0,
0x0,
0x0,
0x0,
0x0,
0x0,
0x0,
0x0,
0x0,
0x0,
0x0,
0x0,
0x0,
0x0,
0x0,
0x0,
0x0,
0x0,
0x0,
0x0,
0x0,
0x0,
0x0,
0x0,
0x0,
0x0,
0x0,
0x0,
0x0,
0x0,
0x0,
0x0,
0x0,
0x0,
0x0,
0x0,
0x0,
0x0,
0x0,
0x0,
0x0,
0x0,
0x0,
0x0,
0x0,
0x0,
0x0,
0x0,
0x0,
0x0,
0x0,
0x0,
0x0,
0x0,
0x0,
0x0,
0x0,
0x0,
0x0,
0x0,
0x0,
0x0,
0x0,
0x0,
0x0,
0x0,
0x0,
0x0,
0x0,
0x0,
0x0,
0x0,
0x0,
0x0,
0x0,
0x0,
0x0,
0x0,
0x0,
0x0,
0x0,
0x0,
0x0,
0x0,
0x0,
0x0,
0x0,
0x0,
0x0,
0x0,
0x0,
0x0,
0x0,
0x0,
0x0,
0x0,
0x0,
0x0,
0x0,
0x0,
0x0,
0x0,
0x0,
0x0,
0x0,
0x0,
0x0,
0x0,
0x0,
0x0,
0x0,
0x0,
0x0,
0x0,
0x0,
0x0,
0x0,
0x0,
0x0,
0x0,
0x0,
0x0,
0x0,
0x0,
0x0,
0x0,
0x0,
0x0,
0x0,
0x0,
0x0,
0x0,
0x0,
0x0,
0x0,
0x0,
0x0,
0x0,
0x0,
0x0,
0x0,
0x0,
0x0,
0x0,
0x0,
0x0,
0x0,
0x0,
0x0,
0x0,
0x0,
0x0,
0x0,
0x0,
0x0,
0x0,
0x0,
0x0,
0x0,
0x0,
0x0,
0x0,
0x0,
0x0,
0x0,
0x0,
0x0,
0x0,
0x0,
0x0,
0x0,
0x0,
0x0,
0x0,
0x0,
0x0,
0x0,
0x0,
0x0,
0x0,
0x0,
0x0,
0x0,
0x0,
0x0,
0x0,
0x0,
0x0,
0x0,
0x0,
0x0,
0x0,
0x0,
0x0,
0x0,
0x0,
0x0,
0x0,
0x0,
0x0,
0x0,
0x0,
0x0,
0x0,
0x0,
0x0,
0x0,
0x0,
0x0,
0x0,
0x0,
0x0,
0x0,
0x0,
0x0,
0x0,
0x0,
0x0,
0x0,
0x0,
0x0,
0x0,
0x0,
0x0,
0x0,
0x0,
0x0,
0x0,
0x0,
0x0,
0x0,
0x0,
0x0,
0x0,
0x0,
0x0,
0x0,
0x0,
0x0,
0x0,
0x0,
0x0,
0x0,
0x0,
0x0,
0x0,
0x0,
0x0,
0x0,
0x0,
0x0,
0x0,
0x0,
0x0,
0x0,
0x0,
0x0,
0x0,
0x0,
0x0,
0x0,
0x0,
0x0,
0x0,
0x0,
0x0,
0x0,
0x0,
0x0,
0x0,
0x0,
0x0,
0x0,
0x0,
0x0,
0x0,
0x0,
0x0,
0x0,
0x0,
0x0,
0x0,
0x0,
0x0,
0x0,
0x0,
0x0,
0x0,
0x0,
0x0,
0x0,
0x0,
0x0,
0x0,
0x0,
0x0,
0x0,
0x0,
0x0,
0x0,
0x0,
0x0,
0x0,
0x0,
0x0,
0x0,
0x0,
0x0,
0x0,
0x0,
0x0,
0x0,
0x0,
0x0,
0x0,
0x0,
0x0,
0x0,
0x0,
0x0,
0x0,
0x0,
0x0,
0x0,
0x0,
0x0,
0x0,
0x0,
0x0,
0x0,
0x0,
0x0,
0x0,
0x0,
0x0,
0x0,
0x0,
0x0,
0x0,
0x0,
0x0,
0x0,
0x0,
0x0,
0x0,
0x0,
0x0,
0x0,
0x0,
0x0,
0x0,
0x0,
0x0,
0x0,
0x0,
0x0,
0x0,
0x0,
0x0,
0x0,
0x0,
0x0,
0x0,
0x0,
0x0,
0x0,
0x0,
0x0,
0x0,
0x0,
0x0,
0x0,
0x0,
0x0,
0x0,
0x0,
0x0,
0x0,
0x0,
0x0,
0x0,
0x0,
0x0,
0x0,
0x0,
0x0,
0x0,
0x0,
0x0,
0x0,
0x0,
0x0,
0x0,
0x0,
0x0,
0x0,
0x0,
0x0,
0x0,
0x0,
0x0,
0x0,
0x0,
0x0,
0x0,
0x0,
0x0,
0x0,
0x0,
0x0,
0x0,
0x0,
0x0,
0x0,
0x0,
0x0,
0x0,
0x0,
0x0,
0x0,
0x0,
0x0,
0x0,
0x0,
0x0,
0x0,
0x0,
0x0,
0x0,
0x0,
0x0,
0x0,
0x0,
0x0,
0x0,
0x0,
0x0,
0x0,
0x0,
0x0,
0x0,
0x0,
0x0,
0x0,
0x0,
0x0,
0x0,
0x0,
0x0,
0x0,
0x0,
0x0,
0x0,
0x0,
0x0,
0x0,
0x0,
0x0,
0x0,
0x0,
0x0,
0x0,
0x0,
0x0,
0x0,
0x0,
0x0,
0x0,
0x0,
0x0,
0x0,
0x0,
0x0,
0x0,
0x0,
0x0,
0x0,
0x0,
0x0,
0x0,
0x0,
0x0,
0x0,
0x0,
0x0,
0x0,
0x0,
0x0,
0x0,
0x0,
0x0,
0x0,
0x0,
0x0,
0x0,
0x0,
0x0,
0x0,
0x0,
0x0,
0x0,
0x0,
0x0,
0x0,
0x0,
0x0,
0x0,
0x0,
0x0,
0x0,
0x0,
0x0,
0x0,
0x0,
0x0,
0x0,
0x0,
0x0,
0x0,
0x0,
0x0,
0x0,
0x0,
0x0,
0x0,
0x0,
0x0,
0x0,
0x0,
0x0,
0x0,
0x0,
0x0,
0x0,
0x0,
0x0,
0x0,
0x0,
0x0,
0x0,
0x0,
0x0,
0x0,
0x0,
0x0,
0x0,
0x0,
0x0,
0x0,
0x0,
0x0,
0x0,
0x0,
0x0,
0x0,
0x0,
0x0,
0x0,
0x0,
0x0,
0x0,
0x0,
0x0,
0x0,
0x0,
0x0,
0x0,
0x0,
0x0,
0x0,
0x0,
0x0,
0x0,
0x0,
0x0,
0x0,
0x0,
0x0,
0x0,
0x0,
0x0,
0x0,
0x0,
0x0,
0x0,
0x0,
0x0,
0x0,
0x0,
0x0,
0x0,
0x0,
0x0,
0x0,
0x0,
0x0,
0x0,
0x0,
0x0,
0x0,
0x0,
0x0,
0x0,
0x0,
0x0,
0x0,
0x0,
0x0,
0x0,
0x0,
0x0,
0x0,
0x0,
0x0,
0x0,
0x0,
0x0,
0x0,
0x0,
0x0,
0x0,
0x0,
0x0,
0x0,
0x0,
0x0,
0x0,
0x0,
0x0,
0x0,
0x0,
0x0,
0x0,
0x0,
0x0,
0x0,
0x0,
0x0,
0x0,
0x0,
0x0,
0x0,
0x0,
0x0,
0x0,
0x0,
0x0,
0x0,
0x0,
0x0,
0x0,
0x0,
0x0,
0x0,
0x0,
0x0,
0x0,
0x0,
0x0,
0x0,
0x0,
0x0,
0x0,
0x0,
0x0,
0x0,
0x0,
0x0,
0x0,
0x0,
0x0,
0x0,
0x0,
0x0,
0x0,
0x0,
0x0,
0x0,
0x0,
0x0,
0x0,
0x0,
0x0,
0x0,
0x0,
0x0,
0x0,
0x0,
0x0,
0x0,
0x0,
0x0,
0x0,
0x0,
0x0,
0x0,
0x0,
0x0,
0x0,
0x0,
0x0,
0x0,
0x0,
0x0,
0x0,
0x0,
0x0,
0x0,
0x0,
0x0,
0x0,
0x0,
0x0,
0x0,
0x0,
0x0,
0x0,
0x0,
0x0,
0x0,
0x0,
0x0,
0x0,
0x0,
0x0,
0x0,
0x0,
0x0,
0x0,
0x0,
0x0,
0x0,
0x0,
0x0,
0x0,
0x0,
0x0,
0x0,
0x0,
0x0,
0x0,
0x0,
0x0,
0x0,
0x0,
0x0,
0x0,
0x0,
0x0,
0x0,
0x0,
0x0,
0x0,
0x0,
0x0,
0x0,
0x0,
0x0,
0x0,
0x0,
0x0,
0x0,
0x0,
0x0,
0x0,
0x0,
0x0,
0x0,
0x0,
0x0,
0x0,
0x0,
0x0,
0x0,
0x0,
0x0,
0x0,
0x0,
0x0,
0x0,
0x0,
0x0,
0x0,
0x0,
0x0,
0x0,
0x0,
0x0,
0x0,
0x0,
0x0,
0x0,
0x0,
0x0,
0x0,
0x0,
0x0,
0x0,
0x0,
0x0,
0x0,
0x0,
0x0,
0x0,
0x0,
0x0,
0x0,
0x0,
0x0,
0x0,
0x0,
0x0,
0x0,
0x0,
0x0,
0x0,
0x0,
0x0,
0x0,
0x0,
0x0,
0x0,
0x0,
0x0,
0x0,
0x0,
0x0,
0x0,
0x0,
0x0,
0x0,
0x0,
0x0,
0x0,
0x0,
0x0,
0x0,
0x0,
0x0,
0x0,
0x0,
0x0,
0x0,
0x0,
0x0,
0x0,
0x0,
0x0,
0x0,
0x0,
0x0,
0x0,
0x0,
0x0,
0x0,
0x0,
0x0,
0x0,
0x0,
0x0,
0x0,
0x0,
0x0,
0x0,
0x0,
0x0,
0x0,
0x0,
0x0,
0x0,
0x0,
0x0,
0x0,
0x0,
0x0,
0x0,
0x0,
0x0,
0x0,
0x0,
0x0,
0x0,
0x0,
0x0,
0x0,
0x0,
0x0,
0x0,
0x0,
0x0,
0x0,
0x0,
0x0,
0x0,
0x0,
0x0,
0x0,
0x0,
0x0,
0x0,
0x0,
0x0,
0x0,
0x0,
0x0,
0x0,
0x0,
0x0,
0x0,
0x0,
0x0,
0x0,
0x0,
0x0,
0x0,
0x0,
0x0,
0x0,
0x0,
0x0,
0x0,
0x0,
0x0,
0x0,
0x0,
0x0,
0x0,
0x0,
0x0,
0x0,
0x0,
0x0,
0x0,
0x0,
0x0,
0x0,
0x0,
0x0,
0x0,
0x0,
0x0,
0x0,
0x0,
0x0,
0x0,
0x0,
0x0,
0x0,
0x0,
0x0,
0x0,
0x0,
0x0,
0x0,
0x0,
0x0,
0x0,
0x0,
0x0,
0x0,
0x0,
0x0,
0x0,
0x0,
0x0,
0x0,
0x0,
0x0,
0x0,
0x0,
0x0,
0x0,
0x0,
0x0,
0x0,
0x0,
0x0,
0x0,
0x0,
0x0,
0x0,
0x0,
0x0,
0x0,
0x0,
0x0,
0x0,
0x0,
0x0,
0x0,
0x0,
0x0,
0x0,
0x0,
0x0,
0x0,
0x0,
0x0,
0x0,
0x0,
0x0,
0x0,
0x0,
0x0,
0x0,
0x0,
0x0,
0x0,
0x0,
0x0,
0x0,
0x0,
0x0,
0x0,
0x0,
0x0,
0x0,
0x0,
0x0,
0x0,
0x0,
0x0,
0x0,
0x0,
0x0,
0x0,
0x0,
0x0,
0x0,
0x0,
0x0,
0x0,
0x0,
0x0,
0x0,
0x0,
0x0,
0x0,
0x0,
0x0,
0x0,
0x0,
0x0,
0x0,
0x0,
0x0,
0x0,
0x0,
0x0,
0x0,
0x0,
0x0,
0x0,
0x0,
0x0,
0x0,
0x0,
0x0,
0x0,
0x0,
0x0,
0x0,
0x0,
0x0,
0x0,
0x0,
0x0,
0x0,
0x0,
0x0,
0x0,
0x0,
0x0,
0x0,
0x0,
0x0,
0x0,
0x0,
0x0,
0x0,
0x0,
0x0,
0x0,
0x0,
0x0,
0x0,
0x0,
0x0,
0x0,
0x0,
0x0,
0x0,
0x0,
0x0,
0x0,
0x0,
0x0,
0x0,
0x0,
0x0,
0x0,
0x0,
0x0,
0x0,
0x0,
0x0,
0x0,
0x0,
0x0,
0x0,
0x0,
0x0,
0x0,
0x0,
0x0,
0x0,
0x0,
0x0,
0x0,
0x0,
0x0,
0x0,
0x0,
0x0,
0x0,
0x0,
0x0,
0x0,
0x0,
0x0,
0x0,
0x0,
0x0,
0x0,
0x0,
0x0,
0x0,
0x0,
0x0,
0x0,
0x0,
0x0,
0x0,
0x0,
0x0,
0x0,
0x0,
0x0,
0x0,
0x0,
0x0,
0x0,
0x0,
0x0,
0x0,
0x0,
0x0,
0x0,
0x0,
0x0,
0x0,
0x0,
0x0,
0x0,
0x0,
0x0,
0x0,
0x0,
0x0,
0x0,
0x0,
0x0,
0x0,
0x0,
0x0,
0x0,
0x0,
0x0,
0x0,
0x0,
0x0,
0x0,
0x0,
0x0,
0x0,
0x0,
0x0,
0x0,
0x0,
0x0,
0x0,
0x0,
0x0,
0x0,
0x0,
0x0,
0x0,
0x0,
0x0,
0x0,
0x0,
0x0,
0x0,
0x0,
0x0,
0x0,
0x0,
0x0,
0x0,
0x0,
0x0,
0x0,
0x0,
0x0,
0x0,
0x0,
0x0,
0x0,
0x0,
0x0,
0x0,
0x0,
0x0,
0x0,
0x0,
0x0,
0x0,
0x0,
0x0,
0x0,
0x0,
0x0,
0x0,
0x0,
0x0,
0x0,
0x0,
0x0,
0x0,
0x0,
0x0,
0x0,
0x0,
0x0,
0x0,
0x0,
0x0,
0x0,
0x0,
0x0,
0x0,
0x0,
0x0,
0x0,
0x0,
0x0,
0x0,
0x0,
0x0,
0x0,
0x0,
0x0,
0x0,
0x0,
0x0,
0x0,
0x0,
0x0,
0x0,
0x0,
0x0,
0x0,
0x0,
0x0,
0x0,
0x0,
0x0,
0x0,
0x0,
0x0,
0x0,
0x0,
0x0,
0x0,
0x0,
0x0,
0x0,
0x0,
0x0,
0x0,
0x0,
0x0,
0x0,
0x0,
0x0,
0x0,
0x0,
0x0,
0x0,
0x0,
0x0,
0x0,
0x0,
0x0,
0x0,
0x0,
0x0,
0x0,
0x0,
0x0,
0x0,
0x0,
0x0,
0x0,
0x0,
0x0,
0x0,
0x0,
0x0,
0x0,
0x0,
0x0,
0x0,
0x0,
0x0,
0x0,
0x0,
0x0,
0x0,
0x0,
0x0,
0x0,
0x0,
0x0,
0x0,
0x0,
0x0,
0x0,
0x0,
0x0,
0x0,
0x0,
0x0,
0x0,
0x0,
0x0,
0x0,
0x0,
0x0,
0x0,
0x0,
0x0,
0x0,
0x0,
0x0,
0x0,
0x0,
0x0,
0x0,
0x0,
0x0,
0x0,
0x0,
0x0,
0x0,
0x0,
0x0,
0x0,
0x0,
0x0,
0x0,
0x0,
0x0,
0x0,
0x0,
0x0,
0x0,
0x0,
0x0,
0x0,
0x0,
0x0,
0x0,
0x0,
0x0,
0x0,
0x0,
0x0,
0x0,
0x0,
0x0,
0x0,
0x0,
0x0,
0x0,
0x0,
0x0,
0x0,
0x0,
0x0,
0x0,
0x0,
0x0,
0x0,
0x0,
0x0,
0x0,
0x0,
0x0,
0x0,
0x0,
0x0,
0x0,
0x0,
0x0,
0x0,
0x0,
0x0,
0x0,
0x0,
0x0,
0x0,
0x0,
0x0,
0x0,
0x0,
0x0,
0x0,
0x0,
0x0,
0x0,
0x0,
0x0,
0x0,
0x0,
0x0,
0x0,
0x0,
0x0,
0x0,
0x0,
0x0,
0x0,
0x0,
0x0,
0x0,
0x0,
0x0,
0x0,
0x0,
0x0,
0x0,
0x0,
0x0,
0x0,
0x0,
0x0,
0x0,
0x0,
0x0,
0x0,
0x0,
0x0,
0x0,
0x0,
0x0,
0x0,
0x0,
0x0,
0x0,
0x0,
0x0,
0x0,
0x0,
0x0,
0x0,
0x0,
0x0,
0x0,
0x0,
0x0,
0x0,
0x0,
0x0,
0x0,
0x0,
0x0,
0x0,
0x0,
0x0,
0x0,
0x0,
0x0,
0x0,
0x0,
0x0,
0x0,
0x0,
0x0,
0x0,
0x0,
0x0,
0x0,
0x0,
0x0,
0x0,
0x0,
0x0,
0x0,
0x0,
0x0,
0x0,
0x0,
0x0,
0x0,
0x0,
0x0,
0x0,
0x0,
0x0,
0x0,
0x0,
0x0,
0x0,
0x0,
0x0,
0x0,
0x0,
0x0,
0x0,
0x0,
0x0,
0x0,
0x0,
0x0,
0x0,
0x0,
0x0,
0x0,
0x0,
0x0,
0x0,
0x0,
0x0,
0x0,
0x0,
0x0,
0x0,
0x0,
0x0,
0x0,
0x0,
0x0,
0x0,
0x0,
0x0,
0x0,
0x0,
0x0,
0x0,
0x0,
0x0,
0x0,
0x0,
0x0,
0x0,
0x0,
0x0,
0x0,
0x0,
0x0,
0x0,
0x0,
0x0,
0x0,
0x0,
0x0,
0x0,
0x0,
0x0,
0x0,
0x0,
0x0,
0x0,
0x0,
0x0,
0x0,
0x0,
0x0,
0x0,
0x0,
0x0,
0x0,
0x0,
0x0,
0x0,
0x0,
0x0,
0x0,
0x0,
0x0,
0x0,
0x0,
0x0,
0x0,
0x0,
0x0,
0x0,
0x0,
0x0,
0x0,
0x0,
0x0,
0x0,
0x0,
0x0,
0x0,
0x0,
0x0,
0x0,
0x0,
0x0,
0x0,
0x0,
0x0,
0x0,
0x0,
0x0,
0x0,
0x0,
0x0,
0x0,
0x0,
0x0,
0x0,
0x0,
0x0,
0x0,
0x0,
0x0,
0x0,
0x0,
0x0,
0x0,
0x0,
0x0,
0x0,
0x0,
0x0,
0x0,
0x0,
0x0,
0x0,
0x0,
0x0,
0x0,
0x0,
0x0,
0x0,
0x0,
0x0,
0x0,
0x0,
0x0,
0x0,
0x0,
0x0,
0x0,
0x0,
0x0,
0x0,
0x0,
0x0,
0x0,
0x0,
0x0,
0x0,
0x0,
0x0,
0x0,
0x0,
0x0,
0x0,
0x0,
0x0,
0x0,
0x0,
0x0,
0x0,
0x0,
0x0,
0x0,
0x0,
0x0,
0x0,
0x0,
0x0,
0x0,
0x0,
0x0,
0x0,
0x0,
0x0,
0x0,
0x0,
0x0,
0x0,
0x0,
0x0,
0x0,
0x0,
0x0,
0x0,
0x0,
0x0,
0x0,
0x0,
0x0,
0x0,
0x0,
0x0,
0x0,
0x0,
0x0,
0x0,
0x0,
0x0,
0x0,
0x0,
0x0,
0x0,
0x0,
0x0,
0x0,
0x0,
0x0,
0x0,
0x0,
0x0,
0x0,
0x0,
0x0,
0x0,
0x0,
0x0,
0x0,
0x0,
0x0,
0x0,
0x0,
0x0,
0x0,
0x0,
0x0,
0x0,
0x0,
0x0,
0x0,
0x0,
0x0,
0x0,
0x0,
0x0,
0x0,
0x0,
0x0,
0x0,
0x0,
0x0,
0x0,
0x0,
0x0,
0x0,
0x0,
0x0,
0x0,
0x0,
0x0,
0x0,
0x0,
0x0,
0x0,
0x0,
0x0,
0x0,
0x0,
0x0,
0x0,
0x0,
0x0,
0x0,
0x0,
0x0,
0x0,
0x0,
0x0,
0x0,
0x0,
0x0,
0x0,
0x0,
0x0,
0x0,
0x0,
0x0,
0x0,
0x0,
0x0,
0x0,
0x0,
0x0,
0x0,
0x0,
0x0,
0x0,
0x0,
0x0,
0x0,
0x0,
0x0,
0x0,
0x0,
0x0,
0x0,
0x0,
0x0,
0x0,
0x0,
0x0,
0x0,
0x0,
0x0,
0x0,
0x0,
0x0,
0x0,
0x0,
0x0,
0x0,
0x0,
0x0,
0x0,
0x0,
0x0,
0x0,
0x0,
0x0,
0x0,
0x0,
0x0,
0x0,
0x0,
0x0,
0x0,
0x0,
0x0,
0x0,
0x0,
0x0,
0x0,
0x0,
0x0,
0x0,
0x0,
0x0,
0x0,
0x0,
0x0,
0x0,
0x0,
0x0,
0x0,
0x0,
0x0,
0x0,
0x0,
0x0,
0x0,
0x0,
0x0,
0x0,
0x0,
0x0,
0x0,
0x0,
0x0,
0x0,
0x0,
0x0,
0x0,
0x0,
0x0,
0x0,
0x0,
0x0,
0x0,
0x0,
0x0,
0x0,
0x0,
0x0,
0x0,
0x0,
0x0,
0x0,
0x0,
0x0,
0x0,
0x0,
0x0,
0x0,
0x0,
0x0,
0x0,
0x0,
0x0,
0x0,
0x0,
0x0,
0x0,
0x0,
0x0,
0x0,
0x0,
0x0,
0x0,
0x0,
0x0,
0x0,
0x0,
0x0,
0x0,
0x0,
0x0,
0x0,
0x0,
0x0,
0x0,
0x0,
0x0,
0x0,
0x0,
0x0,
0x0,
0x0,
0x0,
0x0,
0x0,
0x0,
0x0,
0x0,
0x0,
0x0,
0x0,
0x0,
0x0,
0x0,
0x0,
0x0,
0x0,
0x0,
0x0,
0x0,
0x0,
0x0,
0x0,
0x0,
0x0,
0x0,
0x0,
0x0,
0x0,
0x0,
0x0,
0x0,
0x0,
0x0,
0x0,
0x0,
0x0,
0x0,
0x0,
0x0,
0x0,
0x0,
0x0,
0x0,
0x0,
0x0,
0x0,
0x0,
0x0,
0x0,
0x0,
0x0,
0x0,
0x0,
0x0,
0x0,
0x0,
0x0,
0x0,
0x0,
0x0,
0x0,
0x0,
0x0,
0x0,
0x0,
0x0,
0x0,
0x0,
0x0,
0x0,
0x0,
0x0,
0x0,
0x0,
0x0,
0x0,
0x0,
0x0,
0x0,
0x0,
0x0,
0x0,
0x0,
0x0,
0x0,
0x0,
0x0,
0x0,
0x0,
0x0,
0x0,
0x0,
0x0,
0x0,
0x0,
0x0,
0x0,
0x0,
0x0,
0x0,
0x0,
0x0,
0x0,
0x0,
0x0,
0x0,
0x0,
0x0,
0x0,
0x0,
0x0,
0x0,
0x0,
0x0,
0x0,
0x0,
0x0,
0x0,
0x0,
0x0,
0x0,
0x0,
0x0,
0x0,
0x0,
0x0,
0x0,
0x0,
0x0,
0x0,
0x0,
0x0,
0x0,
0x0,
0x0,
0x0,
0x0,
0x0,
0x0,
0x0,
0x0,
0x0,
0x0,
0x0,
0x0,
0x0,
0x0,
0x0,
0x0,
0x0,
0x0,
0x0,
0x0,
0x0,
0x0,
0x0,
0x0,
0x0,
0x0,
0x0,
0x0,
0x0,
0x0,
0x0,
0x0,
0x0,
0x0,
0x0,
0x0,
0x0,
0x0,
0x0,
0x0,
0x0,
0x0,
0x0,
0x0,
0x0,
0x0,
0x0,
0x0,
0x0,
0x0,
0x0,
0x0,
0x0,
0x0,
0x0,
0x0,
0x0,
0x0,
0x0,
0x0,
0x0,
0x0,
0x0,
0x0,
0x0,
0x0,
0x0,
0x0,
0x0,
0x0,
0x0,
0x0,
0x0,
0x0,
0x0,
0x0,
0x0,
0x0,
0x0,
0x0,
0x0,
0x0,
0x0,
0x0,
0x0,
0x0,
0x0,
0x0,
0x0,
0x0,
0x0,
0x0,
0x0,
0x0,
0x0,
0x0,
0x0,
0x0,
0x0,
0x0,
0x0,
0x0,
0x0,
0x0,
0x0,
0x0,
0x0,
0x0,
0x0,
0x0,
0x0,
0x0,
0x0,
0x0,
0x0,
0x0,
0x0,
0x0,
0x0,
0x0,
0x0,
0x0,
0x0,
0x0,
0x0,
0x0,
0x0,
0x0,
0x0,
0x0,
0x0,
0x0,
0x0,
0x0,
0x0,
0x0,
0x0,
0x0,
0x0,
0x0,
0x0,
0x0,
0x0,
0x0,
0x0,
0x0,
0x0,
0x0,
0x0,
0x0,
0x0,
0x0,
0x0,
0x0,
0x0,
0x0,
0x0,
0x0,
0x0,
0x0,
0x0,
0x0,
0x0,
0x0,
0x0,
0x0,
0x0,
0x0,
0x0,
0x0,
0x0,
0x0,
0x0,
0x0,
0x0,
0x0,
0x0,
0x0,
0x0,
0x0,
0x0,
0x0,
0x0,
0x0,
0x0,
0x0,
0x0,
0x0,
0x0,
0x0,
0x0,
0x0,
0x0,
0x0,
0x0,
0x0,
0x0,
0x0,
0x0,
0x0,
0x0,
0x0,
0x0,
0x0,
0x0,
0x0,
0x0,
0x0,
0x0,
0x0,
0x0,
0x0,
0x0,
0x0,
0x0,
0x0,
0x0,
0x0,
0x0,
0x0,
0x0,
0x0,
0x0,
0x0,
0x0,
0x0,
0x0,
0x0,
0x0,
0x0,
0x0,
0x0,
0x0,
0x0,
0x0,
0x0,
0x0,
0x0,
0x0,
0x0,
0x0,
0x0,
0x0,
0x0,
0x0,
0x0,
0x0,
0x0,
0x0,
0x0,
0x0,
0x0,
0x0,
0x0,
0x0,
0x0,
0x0,
0x0,
0x0,
0x0,
0x0,
0x0,
0x0,
0x0,
0x0,
0x0,
0x0,
0x0,
0x0,
0x0,
0x0,
0x0,
0x0,
0x0,
0x0,
0x0,
0x0,
0x0,
0x0,
0x0,
0x0,
0x0,
0x0,
0x0,
0x0,
0x0,
0x0,
0x0,
0x0,
0x0,
0x0,
0x0,
0x0,
0x0,
0x0,
0x0,
0x0,
0x0,
0x0,
0x0,
0x0,
0x0,
0x0,
0x0,
0x0,
0x0,
0x0,
0x0,
0x0,
0x0,
0x0,
0x0,
0x0,
0x0,
0x0,
0x0,
0x0,
0x0,
0x0,
0x0,
0x0,
0x0,
0x0,
0x0,
0x0,
0x0,
0x0,
0x0,
0x0,
0x0,
0x0,
0x0,
0x0,
0x0,
0x0,
0x0,
0x0,
0x0,
0x0,
0x0,
0x0,
0x0,
0x0,
0x0,
0x0,
0x0,
0x0,
0x0,
0x0,
0x0,
0x0,
0x0,
0x0,
0x0,
0x0,
0x0,
0x0,
0x0,
0x0,
0x0,
0x0,
0x0,
0x0,
0x0,
0x0,
0x0,
0x0,
0x0,
0x0,
0x0,
0x0,
0x0,
0x0,
0x0,
0x0,
0x0,
0x0,
0x0,
0x0,
0x0,
0x0,
0x0,
0x0,
0x0,
0x0,
0x0,
0x0,
0x0,
0x0,
0x0,
0x0,
0x0,
0x0,
0x0,
0x0,
0x0,
0x0,
0x0,
0x0,
0x0,
0x0,
0x0,
0x0,
0x0,
0x0,
0x0,
0x0,
0x0,
0x0,
0x0,
0x0,
0x0,
0x0,
0x0,
0x0,
0x0,
0x0,
0x0,
0x0,
0x0,
0x0,
0x0,
0x0,
0x0,
0x0,
0x0,
0x0,
0x0,
0x0,
0x0,
0x0,
0x0,
0x0,
0x0,
0x0,
0x0,
0x0,
0x0,
0x0,
0x0,
0x0,
0x0,
0x0,
0x0,
0x0,
0x0,
0x0,
0x0,
0x0,
0x0,
0x0,
0x0,
0x0,
0x0,
0x0,
0x0,
0x0,
0x0,
0x0,
0x0,
0x0,
0x0,
0x0,
0x0,
0x0,
0x0,
0x0,
0x0,
0x0,
0x0,
0x0,
0x0,
0x0,
0x0,
0x0,
0x0,
0x0,
0x0,
0x0,
0x0,
0x0,
0x0,
0x0,
0x0,
0x0,
0x0,
0x0,
0x0,
0x0,
0x0,
0x0,
0x0,
0x0,
0x0,
0x0,
0x0,
0x0,
0x0,
0x0,
0x0,
0x0,
0x0,
0x0,
0x0,
0x0,
0x0,
0x0,
0x0,
0x0,
0x0,
0x0,
0x0,
0x0,
0x0,
0x0,
0x0,
0x0,
0x0,
0x0,
0x0,
0x0,
0x0,
0x0,
0x0,
0x0,
0x0,
0x0,
0x0,
0x0,
0x0,
0x0,
0x0,
0x0,
0x0,
0x0,
0x0,
0x0,
0x0,
0x0,
0x0,
0x0,
0x0,
0x0,
0x0,
0x0,
0x0,
0x0,
0x0,
0x0,
0x0,
0x0,
0x0,
0x0,
0x0,
0x0,
0x0,
0x0,
0x0,
0x0,
0x0,
0x0,
0x0,
0x0,
0x0,
0x0,
0x0,
0x0,
0x0,
0x0,
0x0,
0x0,
0x0,
0x0,
0x0,
0x0,
0x0,
0x0,
0x0,
0x0,
0x0,
0x0,
0x0,
0x0,
0x0,
0x0,
0x0,
0x0,
0x0,
0x0,
0x0,
0x0,
0x0,
0x0,
0x0,
0x0,
0x0,
0x0,
0x0,
0x0,
0x0,
0x0,
0x0,
0x0,
0x0,
0x0,
0x0,
0x0,
0x0,
0x0,
0x0,
0x0,
0x0,
0x0,
0x0,
0x0,
0x0,
0x0,
0x0,
0x0,
0x0,
0x0,
0x0,
0x0,
0x0,
0x0,
0x0,
0x0,
0x0,
0x0,
0x0,
0x0,
0x0,
0x0,
0x0,
0x0,
0x0,
0x0,
0x0,
0x0,
0x0,
0x0,
0x0,
0x0,
0x0,
0x0,
0x0,
0x0,
0x0,
0x0,
0x0,
0x0,
0x0,
0x0,
0x0,
0x0,
0x0,
0x0,
0x0,
0x0,
0x0,
0x0,
0x0,
0x0,
0x0,
0x0,
0x0,
0x0,
0x0,
0x0,
0x0,
0x0,
0x0,
0x0,
0x0,
0x0,
0x0,
0x0,
0x0,
0x0,
0x0,
0x0,
0x0,
0x0,
0x0,
0x0,
0x0,
0x0,
0x0,
0x0,
0x0,
0x0,
0x0,
0x0,
0x0,
0x0,
0x0,
0x0,
0x0,
0x0,
0x0,
0x0,
0x0,
0x0,
0x0,
0x0,
0x0,
0x0,
0x0,
0x0,
0x0,
0x0,
0x0,
0x0,
0x0,
0x0,
0x0,
0x0,
0x0,
0x0,
0x0,
0x0,
0x0,
0x0,
0x0,
0x0,
0x0,
0x0,
0x0,
0x0,
0x0,
0x0,
0x0,
0x0,
0x0,
0x0,
0x0,
0x0,
0x0,
0x0,
0x0,
0x0,
0x0,
0x0,
0x0,
0x0,
0x0,
0x0,
0x0,
0x0,
0x0,
0x0,
0x0,
0x0,
0x0,
0x0,
0x0,
0x0,
0x0,
0x0,
0x0,
0x0,
0x0,
0x0,
0x0,
0x0,
0x0,
0x0,
0x0,
0x0,
0x0,
0x0,
0x0,
0x0,
0x0,
0x0,
0x0,
0x0,
0x0,
0x0,
0x0,
0x0,
0x0,
0x0,
0x0,
0x0,
0x0,
0x0,
0x0,
0x0,
0x0,
0x0,
0x0,
0x0,
0x0,
0x0,
0x0,
0x0,
0x0,
0x0,
0x0,
0x0,
0x0,
0x0,
0x0,
0x0,
0x0,
0x0,
0x0,
0x0,
0x0,
0x0,
0x0,
0x0,
0x0,
0x0,
0x0,
0x0,
0x0,
0x0,
0x0,
0x0,
0x0,
0x0,
0x0,
0x0,
0x0,
0x0,
0x0,
0x0,
0x0,
0x0,
0x0,
0x0,
0x0,
0x0,
0x0,
0x0,
0x0,
0x0,
0x0,
0x0,
0x0,
0x0,
0x0,
0x0,
0x0,
0x0,
0x0,
0x0,
0x0,
0x0,
0x0,
0x0,
0x0,
0x0,
0x0,
0x0,
0x0,
0x0,
0x0,
0x0,
0x0,
0x0,
0x0,
0x0,
0x0,
0x0,
0x0,
0x0,
0x0,
0x0,
0x0,
0x0,
0x0,
0x0,
0x0,
0x0,
0x0,
0x0,
0x0,
0x0,
0x0,
0x0,
0x0,
0x0,
0x0,
0x0,
0x0,
0x0,
0x0,
0x0,
0x0,
0x0,
0x0,
0x0,
0x0,
0x0,
0x0,
0x0,
0x0,
0x0,
0x0,
0x0,
0x0,
0x0,
0x0,
0x0,
0x0,
0x0,
0x0,
0x0,
0x0,
0x0,
0x0,
0x0,
0x0,
0x0,
0x0,
0x0,
0x0,
0x0,
0x0,
0x0,
0x0,
0x0,
0x0,
0x0,
0x0,
0x0,
0x0,
0x0,
0x0,
0x0,
0x0,
0x0,
0x0,
0x0,
0x0,
0x0,
0x0,
0x0,
0x0,
0x0,
0x0,
0x0,
0x0,
0x0,
0x0,
0x0,
0x0,
0x0,
0x0,
0x0,
0x0,
0x0,
0x0,
0x0,
0x0,
0x0,
0x0,
0x0,
0x0,
0x0,
0x0,
0x0,
0x0,
0x0,
0x0,
0x0,
0x0,
0x0,
0x0,
0x0,
0x0,
0x0,
0x0,
0x0,
0x0,
0x0,
0x0,
0x0,
0x0,
0x0,
0x0,
0x0,
0x0,
0x0,
0x0,
0x0,
0x0,
0x0,
0x0,
0x0,
0x0,
0x0,
0x0,
0x0,
0x0,
0x0,
0x0,
0x0,
0x0,
0x0,
0x0,
0x0,
0x0,
0x0,
0x0,
0x0,
0x0,
0x0,
0x0,
0x0,
0x0,
0x0,
0x0,
0x0,
0x0,
0x0,
0x0,
0x0,
0x0,
0x0,
0x0,
0x0,
0x0,
0x0,
0x0,
0x0,
0x0,
0x0,
0x0,
0x0,
0x0,
0x0,
0x0,
0x0,
0x0,
0x0,
0x0,
0x0,
0x0,
0x0,
0x0,
0x0,
0x0,
0x0,
0x0,
0x0,
0x0,
0x0,
0x0,
0x0,
0x0,
0x0,
0x0,
0x0,
0x0,
0x0,
0x0,
0x0,
0x0,
0x0,
0x0,
0x0,
0x0,
0x0,
0x0,
0x0,
0x0,
0x0,
0x0,
0x0,
0x0,
0x0,
0x0,
0x0,
0x0,
0x0,
0x0,
0x0,
0x0,
0x0,
0x0,
0x0,
0x0,
0x0,
0x0,
0x0,
0x0,
0x0,
0x0,
0x0,
0x0,
0x0,
0x0,
0x0,
0x0,
0x0,
0x0,
0x0,
0x0,
0x0,
0x0,
0x0,
0x0,
0x0,
0x0,
0x0,
0x0,
0x0,
0x0,
0x0,
0x0,
0x0,
0x0,
0x0,
0x0,
0x0,
0x0,
0x0,
0x0,
0x0,
0x0,
0x0,
0x0,
0x0,
0x0,
0x0,
0x0,
0x0,
0x0,
0x0,
0x0,
0x0,
0x0,
0x0,
0x0,
0x0,
0x0,
0x0,
0x0,
0x0,
0x0,
0x0,
0x0,
0x0,
0x0,
0x0,
0x0,
0x0,
0x0,
0x0,
0x0,
0x0,
0x0,
0x0,
0x0,
0x0,
0x0,
0x0,
0x0,
0x0,
0x0,
0x0,
0x0,
0x0,
0x0,
0x0,
0x0,
0x0,
0x0,
0x0,
0x0,
0x0,
0x0,
0x0,
0x0,
0x0,
0x0,
0x0,
0x0,
0x0,
0x0,
0x0,
0x0,
0x0,
0x0,
0x0,
0x0,
0x0,
0x0,
0x0,
0x0,
0x0,
0x0,
0x0,
0x0,
0x0,
0x0,
0x0,
0x0,
0x0,
0x0,
0x0,
0x0,
0x0,
0x0,
0x0,
0x0,
0x0,
0x0,
0x0,
0x0,
0x0,
0x0,
0x0,
0x0,
0x0,
0x0,
0x0,
0x0,
0x0,
0x0,
0x0,
0x0,
0x0,
0x0,
0x0,
0x0,
0x0,
0x0,
0x0,
0x0,
0x0,
0x0,
0x0,
0x0,
0x0,
0x0,
0x0,
0x0,
0x0,
0x0,
0x0,
0x0,
0x0,
0x0,
0x0,
0x0,
0x0,
0x0,
0x0,
0x0,
0x0,
0x0,
0x0,
0x0,
0x0,
0x0,
0x0,
0x0,
0x0,
0x0,
0x0,
0x0,
0x0,
0x0,
0x0,
0x0,
0x0,
0x0,
0x0,
0x0,
0x0,
0x0,
0x0,
0x0,
0x0,
0x0,
0x0,
0x0,
0x0,
0x0,
0x0,
0x0,
0x0,
0x0,
0x0,
0x0,
0x0,
0x0,
0x0,
0x0,
0x0,
0x0,
0x0,
0x0,
0x0,
0x0,
0x0,
0x0,
0x0,
0x0,
0x0,
0x0,
0x0,
0x0,
0x0,
0x0,
0x0,
0x0,
0x0,
0x0,
0x0,
0x0,
0x0,
0x0,
0x0,
0x0,
0x0,
0x0,
0x0,
0x0,
0x0,
0x0,
0x0,
0x0,
0x0,
0x0,
0x0,
0x0,
0x0,
0x0,
0x0,
0x0,
0x0,
0x0,
0x0,
0x0,
0x0,
0x0,
0x0,
0x0,
0x0,
0x0,
0x0,
0x0,
0x0,
0x0,
0x0,
0x0,
0x0,
0x0,
0x0,
0x0,
0x0,
0x0,
0x0,
0x0,
0x0,
0x0,
0x0,
0x0,
0x0,
0x0,
0x0,
0x0,
0x0,
0x0,
0x0,
0x0,
0x0,
0x0,
0x0,
0x0,
0x0,
0x0,
0x0,
0x0,
0x0,
0x0,
0x0,
0x0,
0x0,
0x0,
0x0,
0x0,
0x0,
0x0,
0x0,
0x0,
0x0,
0x0,
0x0,
0x0,
0x0,
0x0,
0x0,
0x0,
0x0,
0x0,
0x0,
0x0,
0x0,
0x0,
0x0,
0x0,
0x0,
0x0,
0x0,
0x0,
0x0,
0x0,
0x0,
0x0,
0x0,
0x0,
0x0,
0x0,
0x0,
0x0,
0x0,
0x0,
0x0,
0x0,
0x0,
0x0,
0x0,
0x0,
0x0,
0x0,
0x0,
0x0,
0x0,
0x0,
0x0,
0x0,
0x0,
0x0,
0x0,
0x0,
0x0,
0x0,
0x0,
0x0,
0x0,
0x0,
0x0,
0x0,
0x0,
0x0,
0x0,
0x0,
0x0,
0x0,
0x0,
0x0,
0x0,
0x0,
0x0,
0x0,
0x0,
0x0,
0x0,
0x0,
0x0,
0x0,
0x0,
0x0,
0x0,
0x0,
0x0,
0x0,
0x0,
0x0,
0x0,
0x0,
0x0,
0x0,
0x0,
0x0,
0x0,
0x0,
0x0,
0x0,
0x0,
0x0,
0x0,
0x0,
0x0,
0x0,
0x0,
0x0,
0x0,
0x0,
0x0,
0x0,
0x0,
0x0,
0x0,
0x0,
0x0,
0x0,
0x0,
0x0,
0x0,
0x0,
0x0,
0x0,
0x0,
0x0,
0x0,
0x0,
0x0,
0x0,
0x0,
0x0,
0x0,
0x0,
0x0,
0x0,
0x0,
0x0,
0x0,
0x0,
0x0,
0x0,
0x0,
0x0,
0x0,
0x0,
0x0,
0x0,
0x0,
0x0,
0x0,
0x0,
0x0,
0x0,
0x0,
0x0,
0x0,
0x0,
0x0,
0x0,
0x0,
0x0,
0x0,
0x0,
0x0,
0x0,
0x0,
0x0,
0x0,
0x0,
0x0,
0x0,
0x0,
0x0,
0x0,
0x0,
0x0,
0x0,
0x0,
0x0,
0x0,
0x0,
0x0,
0x0,
0x0,
0x0,
0x0,
0x0,
0x0,
0x0,
0x0,
0x0,
0x0,
0x0,
0x0,
0x0,
0x0,
0x0,
0x0,
0x0,
0x0,
0x0,
0x0,
0x0,
0x0,
0x0,
0x0,
0x0,
0x0,
0x0,
0x0,
0x0,
0x0,
0x0,
0x0,
0x0,
0x0,
0x0,
0x0,
0x0,
0x0,
0x0,
0x0,
0x0,
0x0,
0x0,
0x0,
0x0,
0x0,
0x0,
0x0,
0x0,
0x0,
0x0,
0x0,
0x0,
0x0,
0x0,
0x0,
0x0,
0x0,
0x0,
0x0,
0x0,
0x0,
0x0,
0x0,
0x0,
0x0,
0x0,
0x0,
0x0,
0x0,
0x0,
0x0,
0x0,
0x0,
0x0,
0x0,
0x0,
0x0,
0x0,
0x0,
0x0,
0x0,
0x0,
0x0,
0x0,
0x0,
0x0,
0x0,
0x0,
0x0,
0x0,
0x0,
0x0,
0x0,
0x0,
0x0,
0x0,
0x0,
0x0,
0x0,
0x0,
0x0,
0x0,
0x0,
0x0,
0x0,
0x0,
0x0,
0x0,
0x0,
0x0,
0x0,
0x0,
0x0,
0x0,
0x0,
0x0,
0x0,
0x0,
0x0,
0x0,
0x0,
0x0,
0x0,
0x0,
0x0,
0x0,
0x0,
0x0,
0x0,
0x0,
0x0,
0x0,
0x0,
0x0,
0x0,
0x0,
0x0,
0x0,
0x0,
0x0,
0x0,
0x0,
0x0,
0x0,
0x0,
0x0,
0x0,
0x0,
0x0,
0x0,
0x0,
0x0,
0x0,
0x0,
0x0,
0x0,
0x0,
0x0,
0x0,
0x0,
0x0,
0x0,
0x0,
0x0,
0x0,
0x0,
0x0,
0x0,
0x0,
0x0,
0x0,
0x0,
0x0,
0x0,
0x0,
0x0,
0x0,
0x0,
0x0,
0x0,
0x0,
0x0,
0x0,
0x0,
0x0,
0x0,
0x0,
0x0,
0x0,
0x0,
0x0,
0x0,
0x0,
0x0,
0x0,
0x0,
0x0,
0x0,
0x0,
0x0,
0x0,
0x0,
0x0,
0x0,
0x0,
0x0,
0x0,
0x0,
0x0,
0x0,
0x0,
0x0,
0x0,
0x0,
0x0,
0x0,
0x0,
0x0,
0x0,
0x0,
0x0,
0x0,
0x0,
0x0,
0x0,
0x0,
0x0,
0x0,
0x0,
0x0,
0x0,
0x0,
0x0,
0x0,
0x0,
0x0,
0x0,
0x0,
0x0,
0x0,
0x0,
0x0,
0x0,
0x0,
0x0,
0x0,
0x0,
0x0,
0x0,
0x0,
0x0,
0x0,
0x0,
0x0,
0x0,
0x0,
0x0,
0x0,
0x0,
0x0,
0x0,
0x0,
0x0,
0x0,
0x0,
0x0,
0x0,
0x0,
0x0,
0x0,
0x0,
0x0,
0x0,
0x0,
0x0,
0x0,
0x0,
0x0,
0x0,
0x0,
0x0,
0x0,
0x0,
0x0,
0x0,
0x0,
0x0,
0x0,
0x0,
0x0,
0x0,
0x0,
0x0,
0x0,
0x0,
0x0,
0x0,
0x0,
0x0,
0x0,
0x0,
0x0,
0x0,
0x0,
0x0,
0x0,
0x0,
0x0,
0x0,
0x0,
0x0,
0x0,
0x0,
0x0,
0x0,
0x0,
0x0,
0x0,
0x0,
0x0,
0x0,
0x0,
0x0,
0x0,
0x0,
0x0,
0x0,
0x0,
0x0,
0x0,
0x0,
0x0,
0x0,
0x0,
0x0,
0x0,
0x0,
0x0,
0x0,
0x0,
0x0,
0x0,
0x0,
0x0,
0x0,
0x0,
0x0,
0x0,
0x0,
0x0,
0x0,
0x0,
0x0,
0x0,
0x0,
0x0,
0x0,
0x0,
0x0,
0x0,
0x0,
0x0,
0x0,
0x0,
0x0,
0x0,
0x0,
0x0,
0x0,
0x0,
0x0,
0x0,
0x0,
0x0,
0x0,
0x0,
0x0,
0x0,
0x0,
0x0,
0x0,
0x0,
0x0,
0x0,
0x0,
0x0,
0x0,
0x0,
0x0,
0x0,
0x0,
0x0,
0x0,
0x0,
0x0,
0x0,
0x0,
0x0,
0x0,
0x0,
0x0,
0x0,
0x0,
0x0,
0x0,
0x0,
0x0,
0x0,
0x0,
0x0,
0x0,
0x0,
0x0,
0x0,
0x0,
0x0,
0x0,
0x0,
0x0,
0x0,
0x0,
0x0,
0x0,
0x0,
0x0,
0x0,
0x0,
0x0,
0x0,
0x0,
0x0,
0x0,
0x0,
0x0,
0x0,
0x0,
0x0,
0x0,
0x0,
0x0,
0x0,
0x0,
0x0,
0x0,
0x0,
0x0,
0x0,
0x0,
0x0,
0x0,
0x0,
0x0,
0x0,
0x0,
0x0,
0x0,
0x0,
0x0,
0x0,
0x0,
0x0,
0x0,
0x0,
0x0,
0x0,
0x0,
0x0,
0x0,
0x0,
0x0,
0x0,
0x0,
0x0,
0x0,
0x0,
0x0,
0x0,
0x0,
0x0,
0x0,
0x0,
0x0,
0x0,
0x0,
0x0,
0x0,
0x0,
0x0,
0x0,
0x0,
0x0,
0x0,
0x0,
0x0,
0x0,
0x0,
0x0,
0x0,
0x0,
0x0,
0x0,
0x0,
0x0,
0x0,
0x0,
0x0,
0x0,
0x0,
0x0,
0x0,
0x0,
0x0,
0x0,
0x0,
0x0,
0x0,
0x0,
0x0,
0x0,
0x0,
0x0,
0x0,
0x0,
0x0,
0x0,
0x0,
0x0,
0x0,
0x0,
0x0,
0x0,
0x0,
0x0,
0x0,
0x0,
0x0,
0x0,
0x0,
0x0,
0x0,
0x0,
0x0,
0x0,
0x0,
0x0,
0x0,
0x0,
0x0,
0x0,
0x0,
0x0,
0x0,
0x0,
0x0,
0x0,
0x0,
0x0,
0x0,
0x0,
0x0,
0x0,
0x0,
0x0,
0x0,
0x0,
0x0,
0x0,
0x0,
0x0,
0x0,
0x0,
0x0,
0x0,
0x0,
0x0,
0x0,
0x0,
0x0,
0x0,
0x0,
0x0,
0x0,
0x0,
0x0,
0x0,
0x0,
0x0,
0x0,
0x0,
0x0,
0x0,
0x0,
0x0,
0x0,
0x0,
0x0,
0x0,
0x0,
0x0,
0x0,
0x0,
0x0,
0x0,
0x0,
0x0,
0x0,
0x0,
0x0,
0x0,
0x0,
0x0,
0x0,
0x0,
0x0,
0x0,
0x0,
0x0,
0x0,
0x0,
0x0,
0x0,
0x0,
0x0,
0x0,
0x0,
0x0,
0x0,
0x0,
0x0,
0x0,
0x0,
0x0,
0x0,
0x0,
0x0,
0x0,
0x0,
0x0,
0x0,
0x0,
0x0,
0x0,
0x0,
0x0,
0x0,
0x0,
0x0,
0x0,
0x0,
0x0,
0x0,
0x0,
0x0,
0x0,
0x0,
0x0,
0x0,
0x0,
0x0,
0x0,
0x0,
0x0,
0x0,
0x0,
0x0,
0x0,
0x0,
0x0,
0x0,
0x0,
0x0,
0x0,
0x0,
0x0,
0x0,
0x0,
0x0,
0x0,
0x0,
0x0,
0x0,
0x0,
0x0,
0x0,
0x0,
0x0,
0x0,
0x0,
0x0,
0x0,
0x0,
0x0,
0x0,
0x0,
0x0,
0x0,
0x0,
0x0,
0x0,
0x0,
0x0,
0x0,
0x0,
0x0,
0x0,
0x0,
0x0,
0x0,
0x0,
0x0,
0x0,
0x0,
0x0,
0x0,
0x0,
0x0,
0x0,
0x0,
0x0,
0x0,
0x0,
0x0,
0x0,
0x0,
0x0,
0x0,
0x0,
0x0,
0x0,
0x0,
0x0,
0x0,
0x0,
0x0,
0x0,
0x0,
0x0,
0x0,
0x0,
0x0,
0x0,
0x0,
0x0,
0x0,
0x0,
0x0,
0x0,
0x0,
0x0,
0x0,
0x0,
0x0,
0x0,
0x0,
0x0,
0x0,
0x0,
0x0,
0x0,
0x0,
0x0,
0x0,
0x0,
0x0,
0x0,
0x0,
0x0,
0x0,
0x0,
0x0,
0x0,
0x0,
0x0,
0x0,
0x0,
0x0,
0x0,
0x0,
0x0,
0x0,
0x0,
0x0,
0x0,
0x0,
0x0,
0x0,
0x0,
0x0,
0x0,
0x0,
0x0,
0x0,
0x0,
0x0,
0x0,
0x0,
0x0,
0x0,
0x0,
0x0,
0x0,
0x0,
0x0,
0x0,
0x0,
0x0,
0x0,
0x0,
0x0,
0x0,
0x0,
0x0,
0x0,
0x0,
0x0,
0x0,
0x0,
0x0,
0x0,
0x0,
0x0,
0x0,
0x0,
0x0,
0x0,
0x0,
0x0,
0x0,
0x0,
0x0,
0x0,
0x0,
0x0,
0x0,
0x0,
0x0,
0x0,
0x0,
0x0,
0x0,
0x0,
0x0,
0x0,
0x0,
0x0,
0x0,
0x0,
0x0,
0x0,
0x0,
0x0,
0x0,
0x0,
0x0,
0x0,
0x0,
0x0,
0x0,
0x0,
0x0,
0x0,
0x0,
0x0,
0x0,
0x0,
0x0,
0x0,
0x0,
0x0,
0x0,
0x0,
0x0,
0x0,
0x0,
0x0,
0x0,
0x0,
0x0,
0x0,
0x0,
0x0,
0x0,
0x0,
0x0,
0x0,
0x0,
0x0,
0x0,
0x0,
0x0,
0x0,
0x0,
0x0,
0x0,
0x0,
0x0,
0x0,
0x0,
0x0,
0x0,
0x0,
0x0,
0x0,
0x0,
0x0,
0x0,
0x0,
0x0,
0x0,
0x0,
0x0,
0x0,
0x0,
0x0,
0x0,
0x0,
0x0,
0x0,
0x0,
0x0,
0x0,
0x0,
0x0,
0x0,
0x0,
0x0,
0x0,
0x0,
0x0,
0x0,
0x0,
0x0,
0x0,
0x0,
0x0,
0x0,
0x0,
0x0,
0x0,
0x0,
0x0,
0x0,
0x0,
0x0,
0x0,
0x0,
0x0,
0x0,
0x0,
0x0,
0x0,
0x0,
0x0,
0x0,
0x0,
0x0,
0x0,
0x0,
0x0,
0x0,
0x0,
0x0,
0x0,
0x0,
0x0,
0x0,
0x0,
0x0,
0x0,
0x0,
0x0,
0x0,
0x0,
0x0,
0x0,
0x0,
0x0,
0x0,
0x0,
0x0,
0x0,
0x0,
0x0,
0x0,
0x0,
0x0,
0x0,
0x0,
0x0,
0x0,
0x0,
0x0,
0x0,
0x0,
0x0,
0x0,
0x0,
0x0,
0x0,
0x0,
0x0,
0x0,
0x0,
0x0,
0x0,
0x0,
0x0,
0x0,
0x0,
0x0,
0x0,
0x0,
0x0,
0x0,
0x0,
0x0,
0x0,
0x0,
0x0,
0x0,
0x0,
0x0,
0x0,
0x0,
0x0,
0x0,
0x0,
0x0,
0x0,
0x0,
0x0,
0x0,
0x0,
0x0,
0x0,
0x0,
0x0,
0x0,
0x0,
0x0,
0x0,
0x0,
0x0,
0x0,
0x0,
0x0,
0x0,
0x0,
0x0,
0x0,
0x0,
0x0,
0x0,
0x0,
0x0,
0x0,
0x0,
0x0,
0x0,
0x0,
0x0,
0x0,
0x0,
0x0,
0x0,
0x0,
0x0,
0x0,
0x0,
0x0,
0x0,
0x0,
0x0,
0x0,
0x0,
0x0,
0x0,
0x0,
0x0,
0x0,
0x0,
0x0,
0x0,
0x0,
0x0,
0x0,
0x0,
0x0,
0x0,
0x0,
0x0,
0x0,
0x0,
0x0,
0x0,
0x0,
0x0,
0x0,
0x0,
0x0,
0x0,
0x0,
0x0,
0x0,
0x0,
0x0,
0x0,
0x0,
0x0,
0x0,
0x0,
0x0,
0x0,
0x0,
0x0,
0x0,
0x0,
0x0,
0x0,
0x0,
0x0,
0x0,
0x0,
0x0,
0x0,
0x0,
0x0,
0x0,
0x0,
0x0,
0x0,
0x0,
0x0,
0x0,
0x0,
0x0,
0x0,
0x0,
0x0,
0x0,
0x0,
0x0,
0x0,
0x0,
0x0,
0x0,
0x0,
0x0,
0x0,
0x0,
0x0,
0x0,
0x0,
0x0,
0x0,
0x0,
0x0,
0x0,
0x0,
0x0,
0x0,
0x0,
0x0,
0x0,
0x0,
0x0,
0x0,
0x0,
0x0,
0x0,
0x0,
0x0,
0x0,
0x0,
0x0,
0x0,
0x0,
0x0,
0x0,
0x0,
0x0,
0x0,
0x0,
0x0,
0x0,
0x0,
0x0,
0x0,
0x0,
0x0,
0x0,
0x0,
0x0,
0x0,
0x0,
0x0,
0x0,
0x0,
0x0,
0x0,
0x0,
0x0,
0x0,
0x0,
0x0,
0x0,
0x0,
0x0,
0x0,
0x0,
0x0,
0x0,
0x0,
0x0,
0x0,
0x0,
0x0,
0x0,
0x0,
0x0,
0x0,
0x0,
0x0,
0x0,
0x0,
0x0,
0x0,
0x0,
0x0,
0x0,
0x0,
0x0,
0x0,
0x0,
0x0,
0x0,
0x0,
0x0,
0x0,
0x0,
0x0,
0x0,
0x0,
0x0,
0x0,
0x0,
0x0,
0x0,
0x0,
0x0,
0x0,
0x0,
0x0,
0x0,
0x0,
0x0,
0x0,
0x0,
0x0,
0x0,
0x0,
0x0,
0x0,
0x0,
0x0,
0x0,
0x0,
0x0,
0x0,
0x0,
0x0,
0x0,
0x0,
0x0,
0x0,
0x0,
0x0,
0x0,
0x0,
0x0,
0x0,
0x0,
0x0,
0x0,
0x0,
0x0,
0x0,
0x0,
0x0,
0x0,
0x0,
0x0,
0x0,
0x0,
0x0,
0x0,
0x0,
0x0,
0x0,
0x0,
0x0,
0x0,
0x0,
0x0,
0x0,
0x0,
0x0,
0x0,
0x0,
0x0,
0x0,
0x0,
0x0,
0x0,
0x0,
0x0,
0x0,
0x0,
0x0,
0x0,
0x0,
0x0,
0x0,
0x0,
0x0,
0x0,
0x0,
0x0,
0x0,
0x0,
0x0,
0x0,
0x0,
0x0,
0x0,
0x0,
0x0,
0x0,
0x0,
0x0,
0x0,
0x0,
0x0,
0x0,
0x0,
0x0,
0x0,
0x0,
0x0,
0x0,
0x0,
0x0,
0x0,
0x0,
0x0,
0x0,
0x0,
0x0,
0x0,
0x0,
0x0,
0x0,
0x0,
0x0,
0x0,
0x0,
0x0,
0x0,
0x0,
0x0,
0x0,
0x0,
0x0,
0x0,
0x0,
0x0,
0x0,
0x0,
0x0,
0x0,
0x0,
0x0,
0x0,
0x0,
0x0,
0x0,
0x0,
0x0,
0x0,
0x0,
0x0,
0x0,
0x0,
0x0,
0x0,
0x0,
0x0,
0x0,
0x0,
0x0,
0x0,
0x0,
0x0,
0x0,
0x0,
0x0,
0x0,
0x0,
0x0,
0x0,
0x0,
0x0,
0x0,
0x0,
0x0,
0x0,
0x0,
0x0,
0x0,
0x0,
0x0,
0x0,
0x0,
0x0,
0x0,
0x0,
0x0,
0x0,
0x0,
0x0,
0x0,
0x0,
0x0,
0x0,
0x0,
0x0,
0x0,
0x0,
0x0,
0x0,
0x0,
0x0,
0x0,
0x0,
0x0,
0x0,
0x0,
0x0,
0x0,
0x0,
0x0,
0x0,
0x0,
0x0,
0x0,
0x0,
0x0,
0x0,
0x0,
0x0,
0x0,
0x0,
0x0,
0x0,
0x0,
0x0,
0x0,
0x0,
0x0,
0x0,
0x0,
0x0,
0x0,
0x0,
0x0,
0x0,
0x0,
0x0,
0x0,
0x0,
0x0,
0x0,
0x0,
0x0,
0x0,
0x0,
0x0,
0x0,
0x0,
0x0,
0x0,
0x0,
0x0,
0x0,
0x0,
0x0,
0x0,
0x0,
0x0,
0x0,
0x0,
0x0,
0x0,
0x0,
0x0,
0x0,
0x0,
0x0,
0x0,
0x0,
0x0,
0x0,
0x0,
0x0,
0x0,
0x0,
0x0,
0x0,
0x0,
0x0,
0x0,
0x0,
0x0,
0x0,
0x0,
0x0,
0x0,
0x0,
0x0,
0x0,
0x0,
0x0,
0x0,
0x0,
0x0,
0x0,
0x0,
0x0,
0x0,
0x0,
0x0,
0x0,
0x0,
0x0,
0x0,
0x0,
0x0,
0x0,
0x0,
0x0,
0x0,
0x0,
0x0,
0x0,
0x0,
0x0,
0x0,
0x0,
0x0,
0x0,
0x0,
0x0,
0x0,
0x0,
0x0,
0x0,
0x0,
0x0,
0x0,
0x0,
0x0,
0x0,
0x0,
0x0,
0x0,
0x0,
0x0,
0x0,
0x0,
0x0,
0x0,
0x0,
0x0,
0x0,
0x0,
0x0,
0x0,
0x0,
0x0,
0x0,
0x0,
0x0,
0x0,
0x0,
0x0,
0x0,
0x0,
0x0,
0x0,
0x0,
0x0,
0x0,
0x0,
0x0,
0x0,
0x0,
0x0,
0x0,
0x0,
0x0,
0x0,
0x0,
0x0,
0x0,
0x0,
0x0,
0x0,
0x0,
0x0,
0x0,
0x0,
0x0,
0x0,
0x0,
0x0,
0x0,
0x0,
0x0,
0x0,
0x0,
0x0,
0x0,
0x0,
0x0,
0x0,
0x0,
0x0,
0x0,
0x0,
0x0,
0x0,
0x0,
0x0,
0x0,
0x0,
0x0,
0x0,
0x0,
0x0,
0x0,
0x0,
0x0,
0x0,
0x0,
0x0,
0x0,
0x0,
0x0,
0x0,
0x0,
0x0,
0x0,
0x0,
0x0,
0x0,
0x0,
0x0,
0x0,
0x0,
0x0,
0x0,
0x0,
0x0,
0x0,
0x0,
0x0,
0x0,
0x0,
0x0,
0x0,
0x0,
0x0,
0x0,
0x0,
0x0,
0x0,
0x0,
0x0,
0x0,
0x0,
0x0,
0x0,
0x0,
0x0,
0x0,
0x0,
0x0,
0x0,
0x0,
0x0,
0x0,
0x0,
0x0,
0x0,
0x0,
0x0,
0x0,
0x0,
0x0,
0x0,
0x0,
0x0,
0x0,
0x0,
0x0,
0x0,
0x0,
0x0,
0x0,
0x0,
0x0,
0x0,
0x0,
0x0,
0x0,
0x0,
0x0,
0x0,
0x0,
0x0,
0x0,
0x0,
0x0,
0x0,
0x0,
0x0,
0x0,
0x0,
0x0,
0x0,
0x0,
0x0,
0x0,
0x0,
0x0,
0x0,
0x0,
0x0,
0x0,
0x0,
0x0,
0x0,
0x0,
0x0,
0x0,
0x0,
0x0,
0x0,
0x0,
0x0,
0x0,
0x0,
0x0,
0x0,
0x0,
0x0,
0x0,
0x0,
0x0,
0x0,
0x0,
0x0,
0x0,
0x0,
0x0,
0x0,
0x0,
0x0,
0x0,
0x0,
0x0,
0x0,
0x0,
0x0,
0x0,
0x0,
0x0,
0x0,
0x0,
0x0,
0x0,
0x0,
0x0,
0x0,
0x0,
0x0,
0x0,
0x0,
0x0,
0x0,
0x0,
0x0,
0x0,
0x0,
0x0,
0x0,
0x0,
0x0,
0x0,
0x0,
0x0,
0x0,
0x0,
0x0,
0x0,
0x0,
0x0,
0x0,
0x0,
0x0,
0x0,
0x0,
0x0,
0x0,
0x0,
0x0,
0x0,
0x0,
0x0,
0x0,
0x0,
0x0,
0x0,
0x0,
0x0,
0x0,
0x0,
0x0,
0x0,
0x0,
0x0,
0x0,
0x0,
0x0,
0x0,
0x0,
0x0,
0x0,
0x0,
0x0,
0x0,
0x0,
0x0,
0x0,
0x0,
0x0,
0x0,
0x0,
0x0,
0x0,
0x0,
0x0,
0x0,
0x0,
0x0,
0x0,
0x0,
0x0,
0x0,
0x0,
0x0,
0x0,
0x0,
0x0,
0x0,
0x0,
0x0,
0x0,
0x0,
0x0,
0x0,
0x0,
0x0,
0x0,
0x0,
0x0,
0x0,
0x0,
0x0,
0x0,
0x0,
0x0,
0x0,
0x0,
0x0,
0x0,
0x0,
0x0,
0x0,
0x0,
0x0,
0x0,
0x0,
0x0,
0x0,
0x0,
0x0,
0x0,
0x0,
0x0,
0x0,
0x0,
0x0,
0x0,
0x0,
0x0,
0x0,
0x0,
0x0,
0x0,
0x0,
0x0,
0x0,
0x0,
0x0,
0x0,
0x0,
0x0,
0x0,
0x0,
0x0,
0x0,
0x0,
0x0,
0x0,
0x0,
0x0,
0x0,
0x0,
0x0,
0x0,
0x0,
0x0,
0x0,
0x0,
0x0,
0x0,
0x0,
0x0,
0x0,
0x0,
0x0,
0x0,
0x0,
0x0,
0x0,
0x0,
0x0,
0x0,
0x0,
0x0,
0x0,
0x0,
0x0,
0x0,
0x0,
0x0,
0x0,
0x0,
0x0,
0x0,
0x0,
0x0,
0x0,
0x0,
0x0,
0x0,
0x0,
0x0,
0x0,
0x0,
0x0,
0x0,
0x0,
0x0,
0x0,
0x0,
0x0,
0x0,
0x0,
0x0,
0x0,
0x0,
0x0,
0x0,
0x0,
0x0,
0x0,
0x0,
0x0,
0x0,
0x0,
0x0,
0x0,
0x0,
0x0,
0x0,
0x0,
0x0,
0x0,
0x0,
0x0,
0x0,
0x0,
0x0,
0x0,
0x0,
0x0,
0x0,
0x0,
0x0,
0x0,
0x0,
0x0,
0x0,
0x0,
0x0,
0x0,
0x0,
0x0,
0x0,
0x0,
0x0,
0x0,
0x0,
0x0,
0x0,
0x0,
0x0,
0x0,
0x0,
0x0,
0x0,
0x0,
0x0,
0x0,
0x0,
0x0,
0x0,
0x0,
0x0,
0x0,
0x0,
0x0,
0x0,
0x0,
0x0,
0x0,
0x0,
0x0,
0x0,
0x0,
0x0,
0x0,
0x0,
0x0,
0x0,
0x0,
0x0,
0x0,
0x0,
0x0,
0x0,
0x0,
0x0,
0x0,
0x0,
0x0,
0x0,
0x0,
0x0,
0x0,
0x0,
0x0,
0x0,
0x0,
0x0,
0x0,
0x0,
0x0,
0x0,
0x0,
0x0,
0x0,
0x0,
0x0,
0x0,
0x0,
0x0,
0x0,
0x0,
0x0,
0x0,
0x0,
0x0,
0x0,
0x0,
0x0,
0x0,
0x0,
0x0,
0x0,
0x0,
0x0,
0x0,
0x0,
0x0,
0x0,
0x0,
0x0,
0x0,
0x0,
0x0,
0x0,
0x0,
0x0,
0x0,
0x0,
0x0,
0x0,
0x0,
0x0,
0x0,
0x0,
0x0,
0x0,
0x0,
0x0,
0x0,
0x0,
0x0,
0x0,
0x0,
0x0,
0x0,
0x0,
0x0,
0x0,
0x0,
0x0,
0x0,
0x0,
0x0,
0x0,
0x0,
0x0,
0x0,
0x0,
0x0,
0x0,
0x0,
0x0,
0x0,
0x0,
0x0,
0x0,
0x0,
0x0,
0x0,
0x0,
0x0,
0x0,
0x0,
0x0,
0x0,
0x0,
0x0,
0x0,
0x0,
0x0,
0x0,
0x0,
0x0,
0x0,
0x0,
0x0,
0x0,
0x0,
0x0,
0x0,
0x0,
0x0,
0x0,
0x0,
0x0,
0x0,
0x0,
0x0,
0x0,
0x0,
0x0,
0x0,
0x0,
0x0,
0x0,
0x0,
0x0,
0x0,
0x0,
0x0,
0x0,
0x0,
0x0,
0x0,
0x0,
0x0,
0x0,
0x0,
0x0,
0x0,
0x0,
0x0,
0x0,
0x0,
0x0,
0x0,
0x0,
0x0,
0x0,
0x0,
0x0,
0x0,
0x0,
0x0,
0x0,
0x0,
0x0,
0x0,
0x0,
0x0,
0x0,
0x0,
0x0,
0x0,
0x0,
0x0,
0x0,
0x0,
0x0,
0x0,
0x0,
0x0,
0x0,
0x0,
0x0,
0x0,
0x0,
0x0,
0x0,
0x0,
0x0,
0x0,
0x0,
0x0,
0x0,
0x0,
0x0,
0x0,
0x0,
0x0,
0x0,
0x0,
0x0,
0x0,
0x0,
0x0,
0x0,
0x0,
0x0,
0x0,
0x0,
0x0,
0x0,
0x0,
0x0,
0x0,
0x0,
0x0,
0x0,
0x0,
0x0,
0x0,
0x0,
0x0,
0x0,
0x0,
0x0,
0x0,
0x0,
0x0,
0x0,
0x0,
0x0,
0x0,
0x0,
0x0,
0x0,
0x0,
0x0,
0x0,
0x0,
0x0,
0x0,
0x0,
0x0,
0x0,
0x0,
0x0,
0x0,
0x0,
0x0,
0x0,
0x0,
0x0,
0x0,
0x0,
0x0,
0x0,
0x0,
0x0,
0x0,
0x0,
0x0,
0x0,
0x0,
0x0,
0x0,
0x0,
0x0,
0x0,
0x0,
0x0,
0x0,
0x0,
0x0,
0x0,
0x0,
0x0,
0x0,
0x0,
0x0,
0x0,
0x0,
0x0,
0x0,
0x0,
0x0,
0x0,
0x0,
0x0,
0x0,
0x0,
0x0,
0x0,
0x0,
0x0,
0x0,
0x0,
0x0,
0x0,
0x0,
0x0,
0x0,
0x0,
0x0,
0x0,
0x0,
0x0,
0x0,
0x0,
0x0,
0x0,
0x0,
0x0,
0x0,
0x0,
0x0,
0x0,
0x0,
0x0,
0x0,
0x0,
0x0,
0x0,
0x0,
0x0,
0x0,
0x0,
0x0,
0x0,
0x0,
0x0,
0x0,
0x0,
0x0,
0x0,
0x0,
0x0,
0x0,
0x0,
0x0,
0x0,
0x0,
0x0,
0x0,
0x0,
0x0,
0x0,
0x0,
0x0,
0x0,
0x0,
0x0,
0x0,
0x0,
0x0,
0x0,
0x0,
0x0,
0x0,
0x0,
0x0,
0x0,
0x0,
0x0,
0x0,
0x0,
0x0,
0x0,
0x0,
0x0,
0x0,
0x0,
0x0,
0x0,
0x0,
0x0,
0x0,
0x0,
0x0,
0x0,
0x0,
0x0,
0x0,
0x0,
0x0,
0x0,
0x0,
0x0,
0x0,
0x0,
0x0,
0x0,
0x0,
0x0,
0x0,
0x0,
0x0,
0x0,
0x0,
0x0,
0x0,
0x0,
0x0,
0x0,
0x0,
0x0,
0x0,
0x0,
0x0,
0x0,
0x0,
0x0,
0x0,
0x0,
0x0,
0x0,
0x0,
0x0,
0x0,
0x0,
0x0,
0x0,
0x0,
0x0,
0x0,
0x0,
0x0,
0x0,
0x0,
0x0,
0x0,
0x0,
0x0,
0x0,
0x0,
0x0,
0x0,
0x0,
0x0,
0x0,
0x0,
0x0,
0x0,
0x0,
0x0,
0x0,
0x0,
0x0,
0x0,
0x0,
0x0,
0x0,
0x0,
0x0,
0x0,
0x0,
0x0,
0x0,
0x0,
0x0,
0x0,
0x0,
0x0,
0x0,
0x0,
0x0,
0x0,
0x0,
0x0,
0x0,
0x0,
0x0,
0x0,
0x0,
0x0,
0x0,
0x0,
0x0,
0x0,
0x0,
0x0,
0x0,
0x0,
0x0,
0x0,
0x0,
0x0,
0x0,
0x0,
0x0,
0x0,
0x0,
0x0,
0x0,
0x0,
0x0,
0x0,
0x0,
0x0,
0x0,
0x0,
0x0,
0x0,
0x0,
0x0,
0x0,
0x0,
0x0,
0x0,
0x0,
0x0,
0x0,
0x0,
0x0,
0x0,
0x0,
0x0,
0x0,
0x0,
0x0,
0x0,
0x0,
0x0,
0x0,
0x0,
0x0,
0x0,
0x0,
0x0,
0x0,
0x0,
0x0,
0x0,
0x0,
0x0,
0x0,
0x0,
0x0,
0x0,
0x0,
0x0,
0x0,
0x0,
0x0,
0x0,
0x0,
0x0,
0x0,
0x0,
0x0,
0x0,
0x0,
0x0,
0x0,
0x0,
0x0,
0x0,
0x0,
0x0,
0x0,
0x0,
0x0,
0x0,
0x0,
0x0,
0x0,
0x0,
0x0,
0x0,
0x0,
0x0,
0x0,
0x0,
0x0,
0x0,
0x0,
0x0,
0x0,
0x0,
0x0,
0x0,
0x0,
0x0,
0x0,
0x0,
0x0,
0x0,
0x0,
0x0,
0x0,
0x0,
0x0,
0x0,
0x0,
0x0,
0x0,
0x0,
0x0,
0x0,
0x0,
0x0,
0x0,
0x0,
0x0,
0x0,
0x0,
0x0,
0x0,
0x0,
0x0,
0x0,
0x0,
0x0,
0x0,
0x0,
0x0,
0x0,
0x0,
0x0,
0x0,
0x0,
0x0,
0x0,
0x0,
0x0,
0x0,
0x0,
0x0,
0x0,
0x0,
0x0,
0x0,
0x0,
0x0,
0x0,
0x0,
0x0,
0x0,
0x0,
0x0,
0x0,
0x0,
0x0,
0x0,
0x0,
0x0,
0x0,
0x0,
0x0,
0x0,
0x0,
0x0,
0x0,
0x0,
0x0,
0x0,
0x0,
0x0,
0x0,
0x0,
0x0,
0x0,
0x0,
0x0,
0x0,
0x0,
0x0,
0x0,
0x0,
0x0,
0x0,
0x0,
0x0,
0x0,
0x0,
0x0,
0x0,
0x0,
0x0,
0x0,
0x0,
0x0,
0x0,
0x0,
0x0,
0x0,
0x0,
0x0,
0x0,
0x0,
0x0,
0x0,
0x0,
0x0,
0x0,
0x0,
0x0,
0x0,
0x0,
0x0,
0x0,
0x0,
0x0,
0x0,
0x0,
0x0,
0x0,
0x0,
0x0,
0x0,
0x0,
0x0,
0x0,
0x0,
0x0,
0x0,
0x0,
0x0,
0x0,
0x0,
0x0,
0x0,
0x0,
0x0,
0x0,
0x0,
0x0,
0x0,
0x0,
0x0,
0x0,
0x0,
0x0,
0x0,
0x0,
0x0,
0x0,
0x0,
0x0,
0x0,
0x0,
0x0,
0x0,
0x0,
0x0,
0x0,
0x0,
0x0,
0x0,
0x0,
0x0,
0x0,
0x0,
0x0,
0x0,
0x0,
0x0,
0x0,
0x0,
0x0,
0x0,
0x0,
0x0,
0x0,
0x0,
0x0,
0x0,
0x0,
0x0,
0x0,
0x0,
0x0,
0x0,
0x0,
0x0,
0x0,
0x0,
0x0,
0x0,
0x0,
0x0,
0x0,
0x0,
0x0,
0x0,
0x0,
0x0,
0x0,
0x0,
0x0,
0x0,
0x0,
0x0,
0x0,
0x0,
0x0,
0x0,
0x0,
0x0,
0x0,
0x0,
0x0,
0x0,
0x0,
0x0,
0x0,
0x0,
0x0,
0x0,
0x0,
0x0,
0x0,
0x0,
0x0,
0x0,
0x0,
0x0,
0x0,
0x0,
0x0,
0x0,
0x0,
0x0,
0x0,
0x0,
0x0,
0x0,
0x0,
0x0,
0x0,
0x0,
0x0,
0x0,
0x0,
0x0,
0x0,
0x0,
0x0,
0x0,
0x0,
0x0,
0x0,
0x0,
0x0,
0x0,
0x0,
0x0,
0x0,
0x0,
0x0,
0x0,
0x0,
0x0,
0x0,
0x0,
0x0,
0x0,
0x0,
0x0,
0x0,
0x0,
0x0,
0x0,
0x0,
0x0,
0x0,
0x0,
0x0,
0x0,
0x0,
0x0,
0x0,
0x0,
0x0,
0x0,
0x0,
0x0,
0x0,
0x0,
0x0,
0x0,
0x0,
0x0,
0x0,
0x0,
0x0,
0x0,
0x0,
0x0,
0x0,
0x0,
0x0,
0x0,
0x0,
0x0,
0x0,
0x0,
0x0,
0x0,
0x0,
0x0,
0x0,
0x0,
0x0,
0x0,
0x0,
0x0,
0x0,
0x0,
0x0,
0x0,
0x0,
0x0,
0x0,
0x0,
0x0,
0x0,
0x0,
0x0,
0x0,
0x0,
0x0,
0x0,
0x0,
0x0,
0x0,
0x0,
0x0,
0x0,
0x0,
0x0,
0x0,
0x0,
0x0,
0x0,
0x0,
0x0,
0x0,
0x0,
0x0,
0x0,
0x0,
0x0,
0x0,
0x0,
0x0,
0x0,
0x0,
0x0,
0x0,
0x0,
0x0,
0x0,
0x0,
0x0,
0x0,
0x0,
0x0,
0x0,
0x0,
0x0,
0x0,
0x0,
0x0,
0x0,
0x0,
0x0,
0x0,
0x0,
0x0,
0x0,
0x0,
0x0,
0x0,
0x0,
0x0,
0x0,
0x0,
0x0,
0x0,
0x0,
0x0,
0x0,
0x0,
0x0,
0x0,
0x0,
0x0,
0x0,
0x0,
0x0,
0x0,
0x0,
0x0,
0x0,
0x0,
0x0,
0x0,
0x0,
0x0,
0x0,
0x0,
0x0,
0x0,
0x0,
0x0,
0x0,
0x0,
0x0,
0x0,
0x0,
0x0,
0x0,
0x0,
0x0,
0x0,
0x0,
0x0,
0x0,
0x0,
0x0,
0x0,
0x0,
0x0,
0x0,
0x0,
0x0,
0x0,
0x0,
0x0,
0x0,
0x0,
0x0,
0x0,
0x0,
0x0,
0x0,
0x0,
0x0,
0x0,
0x0,
0x0,
0x0,
0x0,
0x0,
0x0,
0x0,
0x0,
0x0,
0x0,
0x0,
0x0,
0x0,
0x0,
0x0,
0x0,
0x0,
0x0,
0x0,
0x0,
0x0,
0x0,
0x0,
0x0,
0x0,
0x0,
0x0,
0x0,
0x0,
0x0,
0x0,
0x0,
0x0,
0x0,
0x0,
0x0,
0x0,
0x0,
0x0,
0x0,
0x0,
0x0,
0x0,
0x0,
0x0,
0x0,
0x0,
0x0,
0x0,
0x0,
0x0,
0x0,
0x0,
0x0,
0x0,
0x0,
0x0,
0x0,
0x0,
0x0,
0x0,
0x0,
0x0,
0x0,
0x0,
0x0,
0x0,
0x0,
0x0,
0x0,
0x0,
0x0,
0x0,
0x0,
0x0,
0x0,
0x0,
0x0,
0x0,
0x0,
0x0,
0x0,
0x0,
0x0,
0x0,
0x0,
0x0,
0x0,
0x0,
0x0,
0x0,
0x0,
0x0,
0x0,
0x0,
0x0,
0x0,
0x0,
0x0,
0x0,
0x0,
0x0,
0x0,
0x0,
0x0,
0x0,
0x0,
0x0,
0x0,
0x0,
0x0,
0x0,
0x0,
0x0,
0x0,
0x0,
0x0,
0x0,
0x0,
0x0,
0x0,
0x0,
0x0,
0x0,
0x0,
0x0,
0x0,
0x0,
0x0,
0x0,
0x0,
0x0,
0x0,
0x0,
0x0,
0x0,
0x0,
0x0,
0x0,
0x0,
0x0,
0x0,
0x0,
0x0,
0x0,
0x0,
0x0,
0x0,
0x0,
0x0,
0x0,
0x0,
0x0,
0x0,
0x0,
0x0,
0x0,
0x0,
0x0,
0x0,
0x0,
0x0,
0x0,
0x0,
0x0,
0x0,
0x0,
0x0,
0x0,
0x0,
0x0,
0x0,
0x0,
0x0,
0x0,
0x0,
0x0,
0x0,
0x0,
0x0,
0x0,
0x0,
0x0,
0x0,
0x0,
0x0,
0x0,
0x0,
0x0,
0x0,
0x0,
0x0,
0x0,
0x0,
0x0,
0x0,
0x0,
0x0,
0x0,
0x0,
0x0,
0x0,
0x0,
0x0,
0x0,
0x0,
0x0,
0x0,
0x0,
0x0,
0x0,
0x0,
0x0,
0x0,
0x0,
0x0,
0x0,
0x0,
0x0,
0x0,
0x0,
0x0,
0x0,
0x0,
0x0,
0x0,
0x0,
0x0,
0x0,
0x0,
0x0,
0x0,
0x0,
0x0,
0x0,
0x0,
0x0,
0x0,
0x0,
0x0,
0x0,
0x0,
0x0,
0x0,
0x0,
0x0,
0x0,
0x0,
0x0,
0x0,
0x0,
0x0,
0x0,
0x0,
0x0,
0x0,
0x0,
0x0,
0x0,
0x0,
0x0,
0x0,
0x0,
0x0,
0x0,
0x0,
0x0,
0x0,
0x0,
0x0,
0x0,
0x0,
0x0,
0x0,
0x0,
0x0,
0x0,
0x0,
0x0,
0x0,
0x0,
0x0,
0x0,
0x0,
0x0,
0x0,
0x0,
0x0,
0x0,
0x0,
0x0,
0x0,
0x0,
0x0,
0x0,
0x0,
0x0,
0x0,
0x0,
0x0,
0x0,
0x0,
0x0,
0x0,
0x0,
0x0,
0x0,
0x0,
0x0,
0x0,
0x0,
0x0,
0x0,
0x0,
0x0,
0x0,
0x0,
0x0,
0x0,
0x0,
0x0,
0x0,
0x0,
0x0,
0x0,
0x0,
0x0,
0x0,
0x0,
0x0,
0x0,
0x0,
0x0,
0x0,
0x0,
0x0,
0x0,
0x0,
0x0,
0x0,
0x0,
0x0,
0x0,
0x0,
0x0,
0x0,
0x0,
0x0,
0x0,
0x0,
0x0,
0x0,
0x0,
0x0,
0x0,
0x0,
0x0,
0x0,
0x0,
0x0,
0x0,
0x0,
0x0,
0x0,
0x0,
0x0,
0x0,
0x0,
0x0,
0x0,
0x0,
0x0,
0x0,
0x0,
0x0,
0x0,
0x0,
0x0,
0x0,
0x0,
0x0,
0x0,
0x0,
0x0,
0x0,
0x0,
0x0,
0x0,
0x0,
0x0,
0x0,
0x0,
0x0,
0x0,
0x0,
0x0,
0x0,
0x0,
0x0,
0x0,
0x0,
0x0,
0x0,
0x0,
0x0,
0x0,
0x0,
0x0,
0x0,
0x0,
0x0,
0x0,
0x0,
0x0,
0x0,
0x0,
0x0,
0x0,
0x0,
0x0,
0x0,
0x0,
0x0,
0x0,
0x0,
0x0,
0x0,
0x0,
0x0,
0x0,
0x0,
0x0,
0x0,
0x0,
0x0,
0x0,
0x0,
0x0,
0x0,
0x0,
0x0,
0x0,
0x0,
0x0,
0x0,
0x0,
0x0,
0x0,
0x0,
0x0,
0x0,
0x0,
0x0,
0x0,
0x0,
0x0,
0x0,
0x0,
0x0,
0x0,
0x0,
0x0,
0x0,
0x0,
0x0,
0x0,
0x0,
0x0,
0x0,
0x0,
0x0,
0x0,
0x0,
0x0,
0x0,
0x0,
0x0,
0x0,
0x0,
0x0,
0x0,
0x0,
0x0,
0x0,
0x0,
0x0,
0x0,
0x0,
0x0,
0x0,
0x0,
0x0,
0x0,
0x0,
0x0,
0x0,
0x0,
0x0,
0x0,
0x0,
0x0,
0x0,
0x0,
0x0,
0x0,
0x0,
0x0,
0x0,
0x0,
0x0,
0x0,
0x0,
0x0,
0x0,
0x0,
0x0,
0x0,
0x0,
0x0,
0x0,
0x0,
0x0,
0x0,
0x0,
0x0,
0x0,
0x0,
0x0,
0x0,
0x0,
0x0,
0x0,
0x0,
0x0,
0x0,
0x0,
0x0,
0x0,
0x0,
0x0,
0x0,
0x0,
0x0,
0x0,
0x0,
0x0,
0x0,
0x0,
0x0,
0x0,
0x0,
0x0,
0x0,
0x0,
0x0,
0x0,
0x0,
0x0,
0x0,
0x0,
0x0,
0x0,
0x0,
0x0,
0x0,
0x0,
0x0,
0x0,
0x0,
0x0,
0x0,
0x0,
0x0,
0x0,
0x0,
0x0,
0x0,
0x0,
0x0,
0x0,
0x0,
0x0,
0x0,
0x0,
0x0,
0x0,
0x0,
0x0,
0x0,
0x0,
0x0,
0x0,
0x0,
0x0,
0x0,
0x0,
0x0,
0x0,
0x0,
0x0,
0x0,
0x0,
0x0,
0x0,
0x0,
0x0,
0x0,
0x0,
0x0,
0x0,
0x0,
0x0,
0x0,
0x0,
0x0,
0x0,
0x0,
0x0,
0x0,
0x0,
0x0,
0x0,
0x0,
0x0,
0x0,
0x0,
0x0,
0x0,
0x0,
0x0,
0x0,
0x0,
0x0,
0x0,
0x0,
0x0,
0x0,
0x0,
0x0,
0x0,
0x0,
0x0,
0x0,
0x0,
0x0,
0x0,
0x0,
0x0,
0x0,
0x0,
0x0,
0x0,
0x0,
0x0,
0x0,
0x0,
0x0,
0x0,
0x0,
0x0,
0x0,
0x0,
0x0,
0x0,
0x0,
0x0,
0x0,
0x0,
0x0,
0x0,
0x0,
0x0,
0x0,
0x0,
0x0,
0x0,
0x0,
0x0,
0x0,
0x0,
0x0,
0x0,
0x0,
0x0,
0x0,
0x0,
0x0,
0x0,
0x0,
0x0,
0x0,
0x0,
0x0,
0x0,
0x0,
0x0,
0x0,
0x0,
0x0,
0x0,
0x0,
0x0,
0x0,
0x0,
0x0,
0x0,
0x0,
0x0,
0x0,
0x0,
0x0,
0x0,
0x0,
0x0,
0x0,
0x0,
0x0,
0x0,
0x0,
0x0,
0x0,
0x0,
0x0,
0x0,
0x0,
0x0,
0x0,
0x0,
0x0,
0x0,
0x0,
0x0,
0x0,
0x0,
0x0,
0x0,
0x0,
0x0,
0x0,
0x0,
0x0,
0x0,
0x0,
0x0,
0x0,
0x0,
0x0,
0x0,
0x0,
0x0,
0x0,
0x0,
0x0,
0x0,
0x0,
0x0,
0x0,
0x0,
0x0,
0x0,
0x0,
0x0,
0x0,
0x0,
0x0,
0x0,
0x0,
0x0,
0x0,
0x0,
0x0,
0x0,
0x0,
0x0,
0x0,
0x0,
0x0,
0x0,
0x0,
0x0,
0x0,
0x0,
0x0,
0x0,
0x0,
0x0,
0x0,
0x0,
0x0,
0x0,
0x0,
0x0,
0x0,
0x0,
0x0,
0x0,
0x0,
0x0,
0x0,
0x0,
0x0,
0x0,
0x0,
0x0,
0x0,
0x0,
0x0,
0x0,
0x0,
0x0,
0x0,
0x0,
0x0,
0x0,
0x0,
0x0,
0x0,
0x0,
0x0,
0x0,
0x0,
0x0,
0x0,
0x0,
0x0,
0x0,
0x0,
0x0,
0x0,
0x0,
0x0,
0x0,
0x0,
0x0,
0x0,
0x0,
0x0,
0x0,
0x0,
0x0,
0x0,
0x0,
0x0,
0x0,
0x0,
0x0,
0x0,
0x0,
0x0,
0x0,
0x0,
0x0,
0x0,
0x0,
0x0,
0x0,
0x0,
0x0,
0x0,
0x0,
0x0,
0x0,
0x0,
0x0,
0x0,
0x0,
0x0,
0x0,
0x0,
0x0,
0x0,
0x0,
0x0,
0x0,
0x0,
0x0,
0x0,
0x0,
0x0,
0x0,
0x0,
0x0,
0x0,
0x0,
0x0,
0x0,
0x0,
0x0,
0x0,
0x0,
0x0,
0x0,
0x0,
0x0,
0x0,
0x0,
0x0,
0x0,
0x0,
0x0,
0x0,
0x0,
0x0,
0x0,
0x0,
0x0,
0x0,
0x0,
0x0,
0x0,
0x0,
0x0,
0x0,
0x0,
0x0,
0x0,
0x0,
0x0,
0x0,
0x0,
0x0,
0x0,
0x0,
0x0,
0x0,
0x0,
0x0,
0x0,
0x0,
0x0,
0x0,
0x0,
0x0,
0x0,
0x0,
0x0,
0x0,
0x0,
0x0,
0x0,
0x0,
0x0,
0x0,
0x0,
0x0,
0x0,
0x0,
0x0,
0x0,
0x0,
0x0,
0x0,
0x0,
0x0,
0x0,
0x0,
0x0,
0x0,
0x0,
0x0,
0x0,
0x0,
0x0,
0x0,
0x0,
0x0,
0x0,
0x0,
0x0,
0x0,
0x0,
0x0,
0x0,
0x0,
0x0,
0x0,
0x0,
0x0,
0x0,
0x0,
0x0,
0x0,
0x0,
0x0,
0x0,
0x0,
0x0,
0x0,
0x0,
0x0,
0x0,
0x0,
0x0,
0x0,
0x0,
0x0,
0x0,
0x0,
0x0,
0x0,
0x0,
0x0,
0x0,
0x0,
0x0,
0x0,
0x0,
0x0,
0x0,
0x0,
0x0,
0x0,
0x0,
0x0,
0x0,
0x0,
0x0,
0x0,
0x0,
0x0,
0x0,
0x0,
0x0,
0x0,
0x0,
0x0,
0x0,
0x0,
0x0,
0x0,
0x0,
0x0,
0x0,
0x0,
0x0,
0x0,
0x0,
0x0,
0x0,
0x0,
0x0,
0x0,
0x0,
0x0,
0x0,
0x0,
0x0,
0x0,
0x0,
0x0,
0x0,
0x0,
0x0,
0x0,
0x0,
0x0,
0x0,
0x0,
0x0,
0x0,
0x0,
0x0,
0x0,
0x0,
0x0,
0x0,
0x0,
0x0,
0x0,
0x0,
0x0,
0x0,
0x0,
0x0,
0x0,
0x0,
0x0,
0x0,
0x0,
0x0,
0x0,
0x0,
0x0,
0x0,
0x0,
0x0,
0x0,
0x0,
0x0,
0x0,
0x0,
0x0,
0x0,
0x0,
0x0,
0x0,
0x0,
0x0,
0x0,
0x0,
0x0,
0x0,
0x0,
0x0,
0x0,
0x0,
0x0,
0x0,
0x0,
0x0,
0x0,
0x0,
0x0,
0x0,
0x0,
0x0,
0x0,
0x0,
0x0,
0x0,
0x0,
0x0,
0x0,
0x0,
0x0,
0x0,
0x0,
0x0,
0x0,
0x0,
0x0,
0x0,
0x0,
0x0,
0x0,
0x0,
0x0,
0x0,
0x0,
0x0,
0x0,
0x0,
0x0,
0x0,
0x0,
0x0,
0x0,
0x0,
0x0,
0x0,
0x0,
0x0,
0x0,
0x0,
0x0,
0x0,
0x0,
0x0,
0x0,
0x0,
0x0,
0x0,
0x0,
0x0,
0x0,
0x0,
0x0,
0x0,
0x0,
0x0,
0x0,
0x0,
0x0,
0x0,
0x0,
0x0,
0x0,
0x0,
0x0,
0x0,
0x0,
0x0,
0x0,
0x0,
0x0,
0x0,
0x0,
0x0,
0x0,
0x0,
0x0,
0x0,
0x0,
0x0,
0x0,
0x0,
0x0,
0x0,
0x0,
0x0,
0x0,
0x0,
0x0,
0x0,
0x0,
0x0,
0x0,
0x0,
0x0,
0x0,
0x0,
0x0,
0x0,
0x0,
0x0,
0x0,
0x0,
0x0,
0x0,
0x0,
0x0,
0x0,
0x0,
0x0,
0x0,
0x0,
0x0,
0x0,
0x0,
0x0,
0x0,
0x0,
0x0,
0x0,
0x0,
0x0,
0x0,
0x0,
0x0,
0x0,
0x0,
0x0,
0x0,
0x0,
0x0,
0x0,
0x0,
0x0,
0x0,
0x0,
0x0,
0x0,
0x0,
0x0,
0x0,
0x0,
0x0,
0x0,
0x0,
0x0,
0x0,
0x0,
0x0,
0x0,
0x0,
0x0,
0x0,
0x0,
0x0,
0x0,
0x0,
0x0,
0x0,
0x0,
0x0,
0x0,
0x0,
0x0,
0x0,
0x0,
0x0,
0x0,
0x0,
0x0,
0x0,
0x0,
0x0,
0x0,
0x0,
0x0,
0x0,
0x0,
0x0,
0x0,
0x0,
0x0,
0x0,
0x0,
0x0,
0x0,
0x0,
0x0,
0x0,
0x0,
0x0,
0x0,
0x0,
0x0,
0x0,
0x0,
0x0,
0x0,
0x0,
0x0,
0x0,
0x0,
0x0,
0x0,
0x0,
0x0,
0x0,
0x0,
0x0,
0x0,
0x0,
0x0,
0x0,
0x0,
0x0,
0x0,
0x0,
0x0,
0x0,
0x0,
0x0,
0x0,
0x0,
0x0,
0x0,
0x0,
0x0,
0x0,
0x0,
0x0,
0x0,
0x0,
0x0,
0x0,
0x0,
0x0,
0x0,
0x0,
0x0,
0x0,
0x0,
0x0,
0x0,
0x0,
0x0,
0x0,
0x0,
0x0,
0x0,
0x0,
0x0,
0x0,
0x0,
0x0,
0x0,
0x0,
0x0,
0x0,
0x0,
0x0,
0x0,
0x0,
0x0,
0x0,
0x0,
0x0,
0x0,
0x0,
0x0,
0x0,
0x0,
0x0,
0x0,
0x0,
0x0,
0x0,
0x0,
0x0,
0x0,
0x0,
0x0,
0x0,
0x0,
0x0,
0x0,
0x0,
0x0,
0x0,
0x0,
0x0,
0x0,
0x0,
0x0,
0x0,
0x0,
0x0,
0x0,
0x0,
0x0,
0x0,
0x0,
0x0,
0x0,
0x0,
0x0,
0x0,
0x0,
0x0,
0x0,
0x0,
0x0,
0x0,
0x0,
0x0,
0x0,
0x0,
0x0,
0x0,
0x0,
0x0,
0x0,
0x0,
0x0,
0x0,
0x0,
0x0,
0x0,
0x0,
0x0,
0x0,
0x0,
0x0,
0x0,
0x0,
0x0,
0x0,
0x0,
0x0,
0x0,
0x0,
0x0,
0x0,
0x0,
0x0,
0x0,
0x0,
0x0,
0x0,
0x0,
0x0,
0x0,
0x0,
0x0,
0x0,
0x0,
0x0,
0x0,
0x0,
0x0,
0x0,
0x0,
0x0,
0x0,
0x0,
0x0,
0x0,
0x0,
0x0,
0x0,
0x0,
0x0,
0x0,
0x0,
0x0,
0x0,
0x0,
0x0,
0x0,
0x0,
0x0,
0x0,
0x0,
0x0,
0x0,
0x0,
0x0,
0x0,
0x0,
0x0,
0x0,
0x0,
0x0,
0x0,
0x0,
0x0,
0x0,
0x0,
0x0,
0x0,
0x0,
0x0,
0x0,
0x0,
0x0,
0x0,
0x0,
0x0,
0x0,
0x0,
0x0,
0x0,
0x0,
0x0,
0x0,
0x0,
0x0,
0x0,
0x0,
0x0,
0x0,
0x0,
0x0,
0x0,
0x0,
0x0,
0x0,
0x0,
0x0,
0x0,
0x0,
0x0,
0x0,
0x0,
0x0,
0x0,
0x0,
0x0,
0x0,
0x0,
0x0,
0x0,
0x0,
0x0,
0x0,
0x0,
0x0,
0x0,
0x0,
0x0,
0x0,
0x0,
0x0,
0x0,
0x0,
0x0,
0x0,
0x0,
0x0,
0x0,
0x0,
0x0,
0x0,
0x0,
0x0,
0x0,
0x0,
0x0,
0x0,
0x0,
0x0,
0x0,
0x0,
0x0,
0x0,
0x0,
0x0,
0x0,
0x0,
0x0,
0x0,
0x0,
0x0,
0x0,
0x0,
0x0,
0x0,
0x0,
0x0,
0x0,
0x0,
0x0,
0x0,
0x0,
0x0,
0x0,
0x0,
0x0,
0x0,
0x0,
0x0,
0x0,
0x0,
0x0,
0x0,
0x0,
0x0,
0x0,
0x0,
0x0,
0x0,
0x0,
0x0,
0x0,
0x0,
0x0,
0x0,
0x0,
0x0,
0x0,
0x0,
0x0,
0x0,
0x0,
0x0,
0x0,
0x0,
0x0,
0x0,
0x0,
0x0,
0x0,
0x0,
0x0,
0x0,
0x0,
0x0,
0x0,
0x0,
0x0,
0x0,
0x0,
0x0,
0x0,
0x0,
0x0,
0x0,
0x0,
0x0,
0x0,
0x0,
0x0,
0x0,
0x0,
0x0,
0x0,
0x0,
0x0,
0x0,
0x0,
0x0,
0x0,
0x0,
0x0,
0x0,
0x0,
0x0,
0x0,
0x0,
0x0,
0x0,
0x0,
0x0,
0x0,
0x0,
0x0,
0x0,
0x0,
0x0,
0x0,
0x0,
0x0,
0x0,
0x0,
0x0,
0x0,
0x0,
0x0,
0x0,
0x0,
0x0,
0x0,
0x0,
0x0,
0x0,
0x0,
0x0,
0x0,
0x0,
0x0,
0x0,
0x0,
0x0,
0x0,
0x0,
0x0,
0x0,
0x0,
0x0,
0x0,
0x0,
0x0,
0x0,
0x0,
0x0,
0x0,
0x0,
0x0,
0x0,
0x0,
0x0,
0x0,
0x0,
0x0,
0x0,
0x0,
0x0,
0x0,
0x0,
0x0,
0x0,
0x0,
0x0,
0x0,
0x0,
0x0,
0x0,
0x0,
0x0,
0x0,
0x0,
0x0,
0x0,
0x0,
0x0,
0x0,
0x0,
0x0,
0x0,
0x0,
0x0,
0x0,
0x0,
0x0,
0x0,
0x0,
0x0,
0x0,
0x0,
0x0,
0x0,
0x0,
0x0,
0x0,
0x0,
0x0,
0x0,
0x0,
0x0,
0x0,
0x0,
0x0,
0x0,
0x0,
0x0,
0x0,
0x0,
0x0,
0x0,
0x0,
0x0,
0x0,
0x0,
0x0,
0x0,
0x0,
0x0,
0x0,
0x0,
0x0,
0x0,
0x0,
0x0,
0x0,
0x0,
0x0,
0x0,
0x0,
0x0,
0x0,
0x0,
0x0,
0x0,
0x0,
0x0,
0x0,
0x0,
0x0,
0x0,
0x0,
0x0,
0x0,
0x0,
0x0,
0x0,
0x0,
0x0,
0x0,
0x0,
0x0,
0x0,
0x0,
0x0,
0x0,
0x0,
0x0,
0x0,
0x0,
0x0,
0x0,
0x0,
0x0,
0x0,
0x0,
0x0,
0x0,
0x0,
0x0,
0x0,
0x0,
0x0,
0x0,
0x0,
0x0,
0x0,
0x0,
0x0,
0x0,
0x0,
0x0,
0x0,
0x0,
0x0,
0x0,
0x0,
0x0,
0x0,
0x0,
0x0,
0x0,
0x0,
0x0,
0x0,
0x0,
0x0,
0x0,
0x0,
0x0,
0x0,
0x0,
0x0,
0x0,
0x0,
0x0,
0x0,
0x0,
0x0,
0x0,
0x0,
0x0,
0x0,
0x0,
0x0,
0x0,
0x0,
0x0,
0x0,
0x0,
0x0,
0x0,
0x0,
0x0,
0x0,
0x0,
0x0,
0x0,
0x0,
0x0,
0x0,
0x0,
0x0,
0x0,
0x0,
0x0,
0x0,
0x0,
0x0,
0x0,
0x0,
0x0,
0x0,
0x0,
0x0,
0x0,
0x0,
0x0,
0x0,
0x0,
0x0,
0x0,
0x0,
0x0,
0x0,
0x0,
0x0,
0x0,
0x0,
0x0,
0x0,
0x0,
0x0,
0x0,
0x0,
0x0,
0x0,
0x0,
0x0,
0x0,
0x0,
0x0,
0x0,
0x0,
0x0,
0x0,
0x0,
0x0,
0x0,
0x0,
0x0,
0x0,
0x0,
0x0,
0x0,
0x0,
0x0,
0x0,
0x0,
0x0,
0x0,
0x0,
0x0,
0x0,
0x0,
0x0,
0x0,
0x0,
0x0,
0x0,
0x0,
0x0,
0x0,
0x0,
0x0,
0x0,
0x0,
0x0,
0x0,
0x0,
0x0,
0x0,
0x0,
0x0,
0x0,
0x0,
0x0,
0x0,
0x0,
0x0,
0x0,
0x0,
0x0,
0x0,
0x0,
0x0,
0x0,
0x0,
0x0,
0x0,
0x0,
0x0,
0x0,
0x0,
0x0,
0x0,
0x0,
0x0,
0x0,
0x0,
0x0,
0x0,
0x0,
0x0,
0x0,
0x0,
0x0,
0x0,
0x0,
0x0,
0x0,
0x0,
0x0,
0x0,
0x0,
0x0,
0x0,
0x0,
0x0,
0x0,
0x0,
0x0,
0x0,
0x0,
0x0,
0x0,
0x0,
0x0,
0x0,
0x0,
0x0,
0x0,
0x0,
0x0,
0x0,
0x0,
0x0,
0x0,
0x0,
0x0,
0x0,
0x0,
0x0,
0x0,
0x0,
0x0,
0x0,
0x0,
0x0,
0x0,
0x0,
0x0,
0x0,
0x0,
0x0,
0x0,
0x0,
0x0,
0x0,
0x0,
0x0,
0x0,
0x0,
0x0,
0x0,
0x0,
0x0,
0x0,
0x0,
0x0,
0x0,
0x0,
0x0,
0x0,
0x0,
0x0,
0x0,
0x0,
0x0,
0x0,
0x0,
0x0,
0x0,
0x0,
0x0,
0x0,
0x0,
0x0,
0x0,
0x0,
0x0,
0x0,
0x0,
0x0,
0x0,
0x0,
0x0,
0x0,
0x0,
0x0,
0x0,
0x0,
0x0,
0x0,
0x0,
0x0,
0x0,
0x0,
0x0,
0x0,
0x0,
0x0,
0x0,
0x0,
0x0,
0x0,
0x0,
0x0,
0x0,
0x0,
0x0,
0x0,
0x0,
0x0,
0x0,
0x0,
0x0,
0x0,
0x0,
0x0,
0x0,
0x0,
0x0,
0x0,
0x0,
0x0,
0x0,
0x0,
0x0,
0x0,
0x0,
0x0,
0x0,
0x0,
0x0,
0x0,
0x0,
0x0,
0x0,
0x0,
0x0,
0x0,
0x0,
0x0,
0x0,
0x0,
0x0,
0x0,
0x0,
0x0,
0x0,
0x0,
0x0,
0x0,
0x0,
0x0,
0x0,
0x0,
0x0,
0x0,
0x0,
0x0,
0x0,
0x0,
0x0,
0x0,
0x0,
0x0,
0x0,
0x0,
0x0,
0x0,
0x0,
0x0,
0x0,
0x0,
0x0,
0x0,
0x0,
0x0,
0x0,
0x0,
0x0,
0x0,
0x0,
0x0,
0x0,
0x0,
0x0,
0x0,
0x0,
0x0,
0x0,
0x0,
0x0,
0x0,
0x0,
0x0,
0x0,
0x0,
0x0,
0x0,
0x0,
0x0,
0x0,
0x0,
0x0,
0x0,
0x0,
0x0,
0x0,
0x0,
0x0,
0x0,
0x0,
0x0,
0x0,
0x0,
0x0,
0x0,
0x0,
0x0,
0x0,
0x0,
0x0,
0x0,
0x0,
0x0,
0x0,
0x0,
0x0,
0x0,
0x0,
0x0,
0x0,
0x0,
0x0,
0x0,
0x0,
0x0,
0x0,
0x0,
0x0,
0x0,
0x0,
0x0,
0x0,
0x0,
0x0,
0x0,
0x0,
0x0,
0x0,
0x0,
0x0,
0x0,
0x0,
0x0,
0x0,
0x0,
0x0,
0x0,
0x0,
0x0,
0x0,
0x0,
0x0,
0x0,
0x0,
0x0,
0x0,
0x0,
0x0,
0x0,
0x0,
0x0,
0x0,
0x0,
0x0,
0x0,
0x0,
0x0,
0x0,
0x0,
0x0,
0x0,
0x0,
0x0,
0x0,
0x0,
0x0,
0x0,
0x0,
0x0,
0x0,
0x0,
0x0,
0x0,
0x0,
0x0,
0x0,
0x0,
0x0,
0x0,
0x0,
0x0,
0x0,
0x0,
0x0,
0x0,
0x0,
0x0,
0x0,
0x0,
0x0,
0x0,
0x0,
0x0,
0x0,
0x0,
0x0,
0x0,
0x0,
0x0,
0x0,
0x0,
0x0,
0x0,
0x0,
0x0,
0x0,
0x0,
0x0,
0x0,
0x0,
0x0,
0x0,
0x0,
0x0,
0x0,
0x0,
0x0,
0x0,
0x0,
0x0,
0x0,
0x0,
0x0,
0x0,
0x0,
0x0,
0x0,
0x0,
0x0,
0x0,
0x0,
0x0,
0x0,
0x0,
0x0,
0x0,
0x0,
0x0,
0x0,
0x0,
0x0,
0x0,
0x0,
0x0,
0x0,
0x0,
0x0,
0x0,
0x0,
0x0,
0x0,
0x0,
0x0,
0x0,
0x0,
0x0,
0x0,
0x0,
0x0,
0x0,
0x0,
0x0,
0x0,
0x0,
0x0,
0x0,
0x0,
0x0,
0x0,
0x0,
0x0,
0x0,
0x0,
0x0,
0x0,
0x0,
0x0,
0x0,
0x0,
0x0,
0x0,
0x0,
0x0,
0x0,
0x0,
0x0,
0x0,
0x0,
0x0,
0x0,
0x0,
0x0,
0x0,
0x0,
0x0,
0x0,
0x0,
0x0,
0x0,
0x0,
0x0,
0x0,
0x0,
0x0,
0x0,
0x0,
0x0,
0x0,
0x0,
0x0,
0x0,
0x0,
0x0,
0x0,
0x0,
0x0,
0x0,
0x0,
0x0,
0x0,
0x0,
0x0,
0x0,
0x0,
0x0,
0x0,
0x0,
0x0,
0x0,
0x0,
0x0,
0x0,
0x0,
0x0,
0x0,
0x0,
0x0,
0x0,
0x0,
0x0,
0x0,
0x0,
0x0,
0x0,
0x0,
0x0,
0x0,
0x0,
0x0,
0x0,
0x0,
0x0,
0x0,
0x0,
0x0,
0x0,
0x0,
0x0,
0x0,
0x0,
0x0,
0x0,
0x0,
0x0,
0x0,
0x0,
0x0,
0x0,
0x0,
0x0,
0x0,
0x0,
0x0,
0x0,
0x0,
0x0,
0x0,
0x0,
0x0,
0x0,
0x0,
0x0,
0x0,
0x0,
0x0,
0x0,
0x0,
0x0,
0x0,
0x0,
0x0,
0x0,
0x0,
0x0,
0x0,
0x0,
0x0,
0x0,
0x0,
0x0,
0x0,
0x0,
0x0,
0x0,
0x0,
0x0,
0x0,
0x0,
0x0,
0x0,
0x0,
0x0,
0x0,
0x0,
0x0,
0x0,
0x0,
0x0,
0x0,
0x0,
0x0,
0x0,
0x0,
0x0,
0x0,
0x0,
0x0,
0x0,
0x0,
0x0,
0x0,
0x0,
0x0,
0x0,
0x0,
0x0,
0x0,
0x0,
0x0,
0x0,
0x0,
0x0,
0x0,
0x0,
0x0,
0x0,
0x0,
0x0,
0x0,
0x0,
0x0,
0x0,
0x0,
0x0,
0x0,
0x0,
0x0,
0x0,
0x0,
0x0,
0x0,
0x0,
0x0,
0x0,
0x0,
0x0,
0x0,
0x0,
0x0,
0x0,
0x0,
0x0,
0x0,
0x0,
0x0,
0x0,
0x0,
0x0,
0x0,
0x0,
0x0,
0x0,
0x0,
0x0,
0x0,
0x0,
0x0,
0x0,
0x0,
0x0,
0x0,
0x0,
0x0,
0x0,
0x0,
0x0,
0x0,
0x0,
0x0,
0x0,
0x0,
0x0,
0x0,
0x0,
0x0,
0x0,
0x0,
0x0,
0x0,
0x0,
0x0,
0x0,
0x0,
0x0,
0x0,
0x0,
0x0,
0x0,
0x0,
0x0,
0x0,
0x0,
0x0,
0x0,
0x0,
0x0,
0x0,
0x0,
0x0,
0x0,
0x0,
0x0,
0x0,
0x0,
0x0,
0x0,
0x0,
0x0,
0x0,
0x0,
0x0,
0x0,
0x0,
0x0,
0x0,
0x0,
0x0,
0x0,
0x0,
0x0,
0x0,
0x0,
0x0,
0x0,
0x0,
0x0,
0x0,
0x0,
0x0,
0x0,
0x0,
0x0,
0x0,
0x0,
0x0,
0x0,
0x0,
0x0,
0x0,
0x0,
0x0,
0x0,
0x0,
0x0,
0x0,
0x0,
0x0,
0x0,
0x0,
0x0,
0x0,
0x0,
0x0,
0x0,
0x0,
0x0,
0x0,
0x0,
0x0,
0x0,
0x0,
0x0,
0x0,
0x0,
0x0,
0x0,
0x0,
0x0,
0x0,
0x0,
0x0,
0x0,
0x0,
0x0,
0x0,
0x0,
0x0,
0x0,
0x0,
0x0,
0x0,
0x0,
0x0,
0x0,
0x0,
0x0,
0x0,
0x0,
0x0,
0x0,
0x0,
0x0,
0x0,
0x0,
0x0,
0x0,
0x0,
0x0,
0x0,
0x0,
0x0,
0x0,
0x0,
0x0,
0x0,
0x0,
0x0,
0x0,
0x0,
0x0,
0x0,
0x0,
0x0,
0x0,
0x0,
0x0,
0x0,
0x0,
0x0,
0x0,
0x0,
0x0,
0x0,
0x0,
0x0,
0x0,
0x0,
0x0,
0x0,
0x0,
0x0,
0x0,
0x0,
0x0,
0x0,
0x0,
0x0,
0x0,
0x0,
0x0,
0x0,
0x0,
0x0,
0x0,
0x0,
0x0,
0x0,
0x0,
0x0,
0x0,
0x0,
0x0,
0x0,
0x0,
0x0,
0x0,
0x0,
0x0,
0x0,
0x0,
0x0,
0x0,
0x0,
0x0,
0x0,
0x0,
0x0,
0x0,
0x0,
0x0,
0x0,
0x0,
0x0,
0x0,
0x0,
0x0,
0x0,
0x0,
0x0,
0x0,
0x0,
0x0,
0x0,
0x0,
0x0,
0x0,
0x0,
0x0,
0x0,
0x0,
0x0,
0x0,
0x0,
0x0,
0x0,
0x0,
0x0,
0x0,
0x0,
0x0,
0x0,
0x0,
0x0,
0x0,
0x0,
0x0,
0x0,
0x0,
0x0,
0x0,
0x0,
0x0,
0x0,
0x0,
0x0,
0x0,
0x0,
0x0,
0x0,
0x0,
0x0,
0x0,
0x0,
0x0,
0x0,
0x0,
0x0,
0x0,
0x0,
0x0,
0x0,
0x0,
0x0,
0x0,
0x0,
0x0,
0x0,
0x0,
0x0,
0x0,
0x0,
0x0,
0x0,
0x0,
0x0,
0x0,
0x0,
0x0,
0x0,
0x0,
0x0,
0x0,
0x0,
0x0,
0x0,
0x0,
0x0,
0x0,
0x0,
0x0,
0x0,
0x0,
0x0,
0x0,
0x0,
0x0,
0x0,
0x0,
0x0,
0x0,
0x0,
0x0,
0x0,
0x0,
0x0,
0x0,
0x0,
0x0,
0x0,
0x0,
0x0,
0x0,
0x0,
0x0,
0x0,
0x0,
0x0,
0x0,
0x0,
0x0,
0x0,
0x0,
0x0,
0x0,
0x0,
0x0,
0x0,
0x0,
0x0,
0x0,
0x0,
0x0,
0x0,
0x0,
0x0,
0x0,
0x0,
0x0,
0x0,
0x0,
0x0,
0x0,
0x0,
0x0,
0x0,
0x0,
0x0,
0x0,
0x0,
0x0,
0x0,
0x0,
0x0,
0x0,
0x0,
0x0,
0x0,
0x0,
0x0,
0x0,
0x0,
0x0,
0x0,
0x0,
0x0,
0x0,
0x0,
0x0,
0x0,
0x0,
0x0,
0x0,
0x0,
0x0,
0x0,
0x0,
0x0,
0x0,
0x0,
0x0,
0x0,
0x0,
0x0,
0x0,
0x0,
0x0,
0x0,
0x0,
0x0,
0x0,
0x0,
0x0,
0x0,
0x0,
0x0,
0x0,
0x0,
0x0,
0x0,
0x0,
0x0,
0x0,
0x0,
0x0,
0x0,
0x0,
0x0,
0x0,
0x0,
0x0,
0x0,
0x0,
0x0,
0x0,
0x0,
0x0,
0x0,
0x0,
0x0,
0x0,
0x0,
0x0,
0x0,
0x0,
0x0,
0x0,
0x0,
0x0,
0x0,
0x0,
0x0,
0x0,
0x0,
0x0,
0x0,
0x0,
0x0,
0x0,
0x0,
0x0,
0x0,
0x0,
0x0,
0x0,
0x0,
0x0,
0x0,
0x0,
0x0,
0x0,
0x0,
0x0,
0x0,
0x0,
0x0,
0x0,
0x0,
0x0,
0x0,
0x0,
0x0,
0x0,
0x0,
0x0,
0x0,
0x0,
0x0,
0x0,
0x0,
0x0,
0x0,
0x0,
0x0,
0x0,
0x0,
0x0,
0x0,
0x0,
0x0,
0x0,
0x0,
0x0,
0x0,
0x0,
0x0,
0x0,
0x0,
0x0,
0x0,
0x0,
0x0,
0x0,
0x0,
0x0,
0x0,
0x0,
0x0,
0x0,
0x0,
0x0,
0x0,
0x0,
0x0,
0x0,
0x0,
0x0,
0x0,
0x0,
0x0,
0x0,
0x0,
0x0,
0x0,
0x0,
0x0,
0x0,
0x0,
0x0,
0x0,
0x0,
0x0,
0x0,
0x0,
0x0,
0x0,
0x0,
0x0,
0x0,
0x0,
0x0,
0x0,
0x0,
0x0,
0x0,
0x0,
0x0,
0x0,
0x0,
0x0,
0x0,
0x0,
0x0,
0x0,
0x0,
0x0,
0x0,
0x0,
0x0,
0x0,
0x0,
0x0,
0x0,
0x0,
0x0,
0x0,
0x0,
0x0,
0x0,
0x0,
0x0,
0x0,
0x0,
0x0,
0x0,
0x0,
0x0,
0x0,
0x0,
0x0,
0x0,
0x0,
0x0,
0x0,
0x0,
0x0,
0x0,
0x0,
0x0,
0x0,
0x0,
0x0,
0x0,
0x0,
0x0,
0x0,
0x0,
0x0,
0x0,
0x0,
0x0,
0x0,
0x0,
0x0,
0x0,
0x0,
0x0,
0x0,
0x0,
0x0,
0x0,
0x0,
0x0,
0x0,
0x0,
0x0,
0x0,
0x0,
0x0,
0x0,
0x0,
0x0,
0x0,
0x0,
0x0,
0x0,
0x0,
0x0,
0x0,
0x0,
0x0,
0x0,
0x0,
0x0,
0x0,
0x0,
0x0,
0x0,
0x0,
0x0,
0x0,
0x0,
0x0,
0x0,
0x0,
0x0,
0x0,
0x0,
0x0,
0x0,
0x0,
0x0,
0x0,
0x0,
0x0,
0x0,
0x0,
0x0,
0x0,
0x0,
0x0,
0x0,
0x0,
0x0,
0x0,
0x0,
0x0,
0x0,
0x0,
0x0,
0x0,
0x0,
0x0,
0x0,
0x0,
0x0,
0x0,
0x0,
0x0,
0x0,
0x0,
0x0,
0x0,
0x0,
0x0,
0x0,
0x0,
0x0,
0x0,
0x0,
0x0,
0x0,
0x0,
0x0,
0x0,
0x0,
0x0,
0x0,
0x0,
0x0,
0x0,
0x0,
0x0,
0x0,
0x0,
0x0,
0x0,
0x0,
0x0,
0x0,
0x0,
0x0,
0x0,
0x0,
0x0,
0x0,
0x0,
0x0,
0x0,
0x0,
0x0,
0x0,
0x0,
0x0,
0x0,
0x0,
0x0,
0x0,
0x0,
0x0,
0x0,
0x0,
0x0,
0x0,
0x0,
0x0,
0x0,
0x0,
0x0,
0x0,
0x0,
0x0,
0x0,
0x0,
0x0,
0x0,
0x0,
0x0,
0x0,
0x0,
0x0,
0x0,
0x0,
0x0,
0x0,
0x0,
0x0,
0x0,
0x0,
0x0,
0x0,
0x0,
0x0,
0x0,
0x0,
0x0,
0x0,
0x0,
0x0,
0x0,
0x0,
0x0,
0x0,
0x0,
0x0,
0x0,
0x0,
0x0,
0x0,
0x0,
0x0,
0x0,
0x0,
0x0,
0x0,
0x0,
0x0,
0x0,
0x0,
0x0,
0x0,
0x0,
0x0,
0x0,
0x0,
0x0,
0x0,
0x0,
0x0,
0x0,
0x0,
0x0,
0x0,
0x0,
0x0,
0x0,
0x0,
0x0,
0x0,
0x0,
0x0,
0x0,
0x0,
0x0,
0x0,
0x0,
0x0,
0x0,
0x0,
0x0,
0x0,
0x0,
0x0,
0x0,
0x0,
0x0,
0x0,
0x0,
0x0,
0x0,
0x0,
0x0,
0x0,
0x0,
0x0,
0x0,
0x0,
0x0,
0x0,
0x0,
0x0,
0x0,
0x0,
0x0,
0x0,
0x0,
0x0,
0x0,
0x0,
0x0,
0x0,
0x0,
0x0,
0x0,
0x0,
0x0,
0x0,
0x0,
0x0,
0x0,
0x0,
0x0,
0x0,
0x0,
0x0,
0x0,
0x0,
0x0,
0x0,
0x0,
0x0,
0x0,
0x0,
0x0,
0x0,
0x0,
0x0,
0x0,
0x0,
0x0,
0x0,
0x0,
0x0,
0x0,
0x0,
0x0,
0x0,
0x0,
0x0,
0x0,
0x0,
0x0,
0x0,
0x0,
0x0,
0x0,
0x0,
0x0,
0x0,
0x0,
0x0,
0x0,
0x0,
0x0,
0x0,
0x0,
0x0,
0x0,
0x0,
0x0,
0x0,
0x0,
0x0,
0x0,
0x0,
0x0,
0x0,
0x0,
0x0,
0x0,
0x0,
0x0,
0x0,
0x0,
0x0,
0x0,
0x0,
0x0,
0x0,
0x0,
0x0,
0x0,
0x0,
0x0,
0x0,
0x0,
0x0,
0x0,
0x0,
0x0,
0x0,
0x0,
0x0,
0x0,
0x0,
0x0,
0x0,
0x0,
0x0,
0x0,
0x0,
0x0,
0x0,
0x0,
0x0,
0x0,
0x0,
0x0,
0x0,
0x0,
0x0,
0x0,
0x0,
0x0,
0x0,
0x0,
0x0,
0x0,
0x0,
0x0,
0x0,
0x0,
0x0,
0x0,
0x0,
0x0,
0x0,
0x0,
0x0,
0x0,
0x0,
0x0,
0x0,
0x0,
0x0,
0x0,
0x0,
0x0,
0x0,
0x0,
0x0,
0x0,
0x0,
0x0,
0x0,
0x0,
0x0,
0x0,
0x0,
0x0,
0x0,
0x0,
0x0,
0x0,
0x0,
0x0,
0x0,
0x0,
0x0,
0x0,
0x0,
0x0,
0x0,
0x0,
0x0,
0x0,
0x0,
0x0,
0x0,
0x0,
0x0,
0x0,
0x0,
0x0,
0x0,
0x0,
0x0,
0x0,
0x0,
0x0,
0x0,
0x0,
0x0,
0x0,
0x0,
0x0,
0x0,
0x0,
0x0,
0x0,
0x0,
0x0,
0x0,
0x0,
0x0,
0x0,
0x0,
0x0,
0x0,
0x0,
0x0,
0x0,
0x0,
0x0,
0x0,
0x0,
0x0,
0x0,
0x0,
0x0,
0x0,
0x0,
0x0,
0x0,
0x0,
0x0,
0x0,
0x0,
0x0,
0x0,
0x0,
0x0,
0x0,
0x0,
0x0,
0x0,
0x0,
0x0,
0x0,
0x0,
0x0,
0x0,
0x0,
0x0,
0x0,
0x0,
0x0,
0x0,
0x0,
0x0,
0x0,
0x0,
0x0,
0x0,
0x0,
0x0,
0x0,
0x0,
0x0,
0x0,
0x0,
0x0,
0x0,
0x0,
0x0,
0x0,
0x0,
0x0,
0x0,
0x0,
0x0,
0x0,
0x0,
0x0,
0x0,
0x0,
0x0,
0x0,
0x0,
0x0,
0x0,
0x0,
0x0,
0x0,
0x0,
0x0,
0x0,
0x0,
0x0,
0x0,
0x0,
0x0,
0x0,
0x0,
0x0,
0x0,
0x0,
0x0,
0x0,
0x0,
0x0,
0x0,
0x0,
0x0,
0x0,
0x0,
0x0,
0x0,
0x0,
0x0,
0x0,
0x0,
0x0,
0x0,
0x0,
0x0,
0x0,
0x0,
0x0,
0x0,
0x0,
0x0,
0x0,
0x0,
0x0,
0x0,
0x0,
0x0,
0x0,
0x0,
0x0,
0x0,
0x0,
0x0,
0x0,
0x0,
0x0,
0x0,
0x0,
0x0,
0x0,
0x0,
0x0,
0x0,
0x0,
0x0,
0x0,
0x0,
0x0,
0x0,
0x0,
0x0,
0x0,
0x0,
0x0,
0x0,
0x0,
0x0,
0x0,
0x0,
0x0,
0x0,
0x0,
0x0,
0x0,
0x0,
0x0,
0x0,
0x0,
0x0,
0x0,
0x0,
0x0,
0x0,
0x0,
0x0,
0x0,
0x0,
0x0,
0x0,
0x0,
0x0,
0x0,
0x0,
0x0,
0x0,
0x0,
0x0,
0x0,
0x0,
0x0,
0x0,
0x0,
0x0,
0x0,
0x0,
0x0,
0x0,
0x0,
0x0,
0x0,
0x0,
0x0,
0x0,
0x0,
0x0,
0x0,
0x0,
0x0,
0x0,
0x0,
0x0,
0x0,
0x0,
0x0,
0x0,
0x0,
0x0,
0x0,
0x0,
0x0,
0x0,
0x0,
0x0,
0x0,
0x0,
0x0,
0x0,
0x0,
0x0,
0x0,
0x0,
0x0,
0x0,
0x0,
0x0,
0x0,
0x0,
0x0,
0x0,
0x0,
0x0,
0x0,
0x0,
0x0,
0x0,
0x0,
0x0,
0x0,
0x0,
0x0,
0x0,
0x0,
0x0,
0x0,
0x0,
0x0,
0x0,
0x0,
0x0,
0x0,
0x0,
0x0,
0x0,
0x0,
0x0,
0x0,
0x0,
0x0,
0x0,
0x0,
0x0,
0x0,
0x0,
0x0,
0x0,
0x0,
0x0,
0x0,
0x0,
0x0,
0x0,
0x0,
0x0,
0x0,
0x0,
0x0,
0x0,
0x0,
0x0,
0x0,
0x0,
0x0,
0x0,
0x0,
0x0,
0x0,
0x0,
0x0,
0x0,
0x0,
0x0,
0x0,
0x0,
0x0,
0x0,
0x0,
0x0,
0x0,
0x0,
0x0,
0x0,
0x0,
0x0,
0x0,
0x0,
0x0,
0x0,
0x0,
0x0,
0x0,
0x0,
0x0,
0x0,
0x0,
0x0,
0x0,
0x0,
0x0,
0x0,
0x0,
0x0,
0x0,
0x0,
0x0,
0x0,
0x0,
0x0,
0x0,
0x0,
0x0,
0x0,
0x0,
0x0,
0x0,
0x0,
0x0,
0x0,
0x0,
0x0,
0x0,
0x0,
0x0,
0x0,
0x0,
0x0,
0x0,
0x0,
0x0,
0x0,
0x0,
0x0,
0x0,
0x0,
0x0,
0x0,
0x0,
0x0,
0x0,
0x0,
0x0,
0x0,
0x0,
0x0,
0x0,
0x0,
0x0,
0x0,
0x0,
0x0,
0x0,
0x0,
0x0,
0x0,
0x0,
0x0,
0x0,
0x0,
0x0,
0x0,
0x0,
0x0,
0x0,
0x0,
0x0,
0x0,
0x0,
0x0,
0x0,
0x0,
0x0,
0x0,
0x0,
0x0,
0x0,
0x0,
0x0,
0x0,
0x0,
0x0,
0x0,
0x0,
0x0,
0x0,
0x0,
0x0,
0x0,
0x0,
0x0,
0x0,
0x0,
0x0,
0x0,
0x0,
0x0,
0x0,
0x0,
0x0,
0x0,
0x0,
0x0,
0x0,
0x0,
0x0,
0x0,
0x0,
0x0,
0x0,
0x0,
0x0,
0x0,
0x0,
0x0,
0x0,
0x0,
0x0,
0x0,
0x0,
0x0,
0x0,
0x0,
0x0,
0x0,
0x0,
0x0,
0x0,
0x0,
0x0,
0x0,
0x0,
0x0,
0x0,
0x0,
0x0,
0x0,
0x0,
0x0,
0x0,
0x0,
0x0,
0x0,
0x0,
0x0,
0x0,
0x0,
0x0,
0x0,
0x0,
0x0,
0x0,
0x0,
0x0,
0x0,
0x0,
0x0,
0x0,
0x0,
0x0,
0x0,
0x0,
0x0,
0x0,
0x0,
0x0,
0x0,
0x0,
0x0,
0x0,
0x0,
0x0,
0x0,
0x0,
0x0,
0x0,
0x0,
0x0,
0x0,
0x0,
0x0,
0x0,
0x0,
0x0,
0x0,
0x0,
0x0,
0x0,
0x0,
0x0,
0x0,
0x0,
0x0,
0x0,
0x0,
0x0,
0x0,
0x0,
0x0,
0x0,
0x0,
0x0,
0x0,
0x0,
0x0,
0x0,
0x0,
0x0,
0x0,
0x0,
0x0,
0x0,
0x0,
0x0,
0x0,
0x0,
0x0,
0x0,
0x0,
0x0,
0x0,
0x0,
0x0,
0x0,
0x0,
0x0,
0x0,
0x0,
0x0,
0x0,
0x0,
0x0,
0x0,
0x0,
0x0,
0x0,
0x0,
0x0,
0x0,
0x0,
0x0,
0x0,
0x0,
0x0,
0x0,
0x0,
0x0,
0x0,
0x0,
0x0,
0x0,
0x0,
0x0,
0x0,
0x0,
0x0,
0x0,
0x0,
0x0,
0x0,
0x0,
0x0,
0x0,
0x0,
0x0,
0x0,
0x0,
0x0,
0x0,
0x0,
0x0,
0x0,
0x0,
0x0,
0x0,
0x0,
0x0,
0x0,
0x0,
0x0,
0x0,
0x0,
0x0,
0x0,
0x0,
0x0,
0x0,
0x0,
0x0,
0x0,
0x0,
0x0,
0x0,
0x0,
0x0,
0x0,
0x0,
0x0,
0x0,
0x0,
0x0,
0x0,
0x0,
0x0,
0x0,
0x0,
0x0,
0x0,
0x0,
0x0,
0x0,
0x0,
0x0,
0x0,
0x0,
0x0,
0x0,
0x0,
0x0,
0x0,
0x0,
0x0,
0x0,
0x0,
0x0,
0x0,
0x0,
0x0,
0x0,
0x0,
0x0,
0x0,
0x0,
0x0,
0x0,
0x0,
0x0,
0x0,
0x0,
0x0,
0x0,
0x0,
0x0,
0x0,
0x0,
0x0,
0x0,
0x0,
0x0,
0x0,
0x0,
0x0,
0x0,
0x0,
0x0,
0x0,
0x0,
0x0,
0x0,
0x0,
0x0,
0x0,
0x0,
0x0,
0x0,
0x0,
0x0,
0x0,
0x0,
0x0,
0x0,
0x0,
0x0,
0x0,
0x0,
0x0,
0x0,
0x0,
0x0,
0x0,
0x0,
0x0,
0x0,
0x0,
0x0,
0x0,
0x0,
0x0,
0x0,
0x0,
0x0,
0x0,
0x0,
0x0,
0x0,
0x0,
0x0,
0x0,
0x0,
0x0,
0x0,
0x0,
0x0,
0x0,
0x0,
0x0,
0x0,
0x0,
0x0,
0x0,
0x0,
0x0,
0x0,
0x0,
0x0,
0x0,
0x0,
0x0,
0x0,
0x0,
0x0,
0x0,
0x0,
0x0,
0x0,
0x0,
0x0,
0x0,
0x0,
0x0,
0x0,
0x0,
0x0,
0x0,
0x0,
0x0,
0x0,
0x0,
0x0,
0x0,
0x0,
0x0,
0x0,
0x0,
0x0,
0x0,
0x0,
0x0,
0x0,
0x0,
0x0,
0x0,
0x0,
0x0,
0x0,
0x0,
0x0,
0x0,
0x0,
0x0,
0x0,
0x0,
0x0,
0x0,
0x0,
0x0,
0x0,
0x0,
0x0,
0x0,
0x0,
0x0,
0x0,
0x0,
0x0,
0x0,
0x0,
0x0,
0x0,
0x0,
0x0,
0x0,
0x0,
0x0,
0x0,
0x0,
0x0,
0x0,
0x0,
0x0,
0x0,
0x0,
0x0,
0x0,
0x0,
0x0,
0x0,
0x0,
0x0,
0x0,
0x0,
0x0,
0x0,
0x0,
0x0,
0x0,
0x0,
0x0,
0x0,
0x0,
0x0,
0x0,
0x0,
0x0,
0x0,
0x0,
0x0,
0x0,
0x0,
0x0,
0x0,
0x0,
0x0,
0x0,
0x0,
0x0,
0x0,
0x0,
0x0,
0x0,
0x0,
0x0,
0x0,
0x0,
0x0,
0x0,
0x0,
0x0,
0x0,
0x0,
0x0,
0x0,
0x0,
0x0,
0x0,
0x0,
0x0,
0x0,
0x0,
0x0,
0x0,
0x0,
0x0,
0x0,
0x0,
0x0,
0x0,
0x0,
0x0,
0x0,
0x0,
0x0,
0x0,
0x0,
0x0,
0x0,
0x0,
0x0,
0x0,
0x0,
0x0,
0x0,
0x0,
0x0,
0x0,
0x0,
0x0,
0x0,
0x0,
0x0,
0x0,
0x0,
0x0,
0x0,
0x0,
0x0,
0x0,
0x0,
0x0,
0x0,
0x0,
0x0,
0x0,
0x0,
0x0,
0x0,
0x0,
0x0,
0x0,
0x0,
0x0,
0x0,
0x0,
0x0,
0x0,
0x0,
0x0,
0x0,
0x0,
0x0,
0x0,
0x0,
0x0,
0x0,
0x0,
0x0,
0x0,
0x0,
0x0,
0x0,
0x0,
0x0,
0x0,
0x0,
0x0,
0x0,
0x0,
0x0,
0x0,
0x0,
0x0,
0x0,
0x0,
0x0,
0x0,
0x0,
0x0,
0x0,
0x0,
0x0,
0x0,
0x0,
0x0,
0x0,
0x0,
0x0,
0x0,
0x0,
0x0,
0x0,
0x0,
0x0,
0x0,
0x0,
0x0,
0x0,
0x0,
0x0,
0x0,
0x0,
0x0,
0x0,
0x0,
0x0,
0x0,
0x0,
0x0,
0x0,
0x0,
0x0,
0x0,
0x0,
0x0,
0x0,
0x0,
0x0,
0x0,
0x0,
0x0,
0x0,
0x0,
0x0,
0x0,
0x0,
0x0,
0x0,
0x0,
0x0,
0x0,
0x0,
0x0,
0x0,
0x0,
0x0,
0x0,
0x0,
0x0,
0x0,
0x0,
0x0,
0x0,
0x0,
0x0,
0x0,
0x0,
0x0,
0x0,
0x0,
0x0,
0x0,
0x0,
0x0,
0x0,
0x0,
0x0,
0x0,
0x0,
0x0,
0x0,
0x0,
0x0,
0x0,
0x0,
0x0,
0x0,
0x0,
0x0,
0x0,
0x0,
0x0,
0x0,
0x0,
0x0,
0x0,
0x0,
0x0,
0x0,
0x0,
0x0,
0x0,
0x0,
0x0,
0x0,
0x0,
0x0,
0x0,
0x0,
0x0,
0x0,
0x0,
0x0,
0x0,
0x0,
0x0,
0x0,
0x0,
0x0,
0x0,
0x0,
0x0,
0x0,
0x0,
0x0,
0x0,
0x0,
0x0,
0x0,
0x0,
0x0,
0x0,
0x0,
0x0,
0x0,
0x0,
0x0,
0x0,
0x0,
0x0,
0x0,
0x0,
0x0,
0x0,
0x0,
0x0,
0x0,
0x0,
0x0,
0x0,
0x0,
0x0,
0x0,
0x0,
0x0,
0x0,
0x0,
0x0,
0x0,
0x0,
0x0,
0x0,
0x0,
0x0,
0x0,
0x0,
0x0,
0x0,
0x0,
0x0,
0x0,
0x0,
0x0,
0x0,
0x0,
0x0,
0x0,
0x0,
0x0,
0x0,
0x0,
0x0,
0x0,
0x0,
0x0,
0x0,
0x0,
0x0,
0x0,
0x0,
0x0,
0x0,
0x0,
0x0,
0x0,
0x0,
0x0,
0x0,
0x0,
0x0,
0x0,
0x0,
0x0,
0x0,
0x0,
0x0,
0x0,
0x0,
0x0,
0x0,
0x0,
0x0,
0x0,
0x0,
0x0,
0x0,
0x0,
0x0,
0x0,
0x0,
0x0,
0x0,
0x0,
0x0,
0x0,
0x0,
0x0,
0x0,
0x0,
0x0,
0x0,
0x0,
0x0,
0x0,
0x0,
0x0,
0x0,
0x0,
0x0,
0x0,
0x0,
0x0,
0x0,
0x0,
0x0,
0x0,
0x0,
0x0,
0x0,
0x0,
0x0,
0x0,
0x0,
0x0,
0x0,
0x0,
0x0,
0x0,
0x0,
0x0,
0x0,
0x0,
0x0,
0x0,
0x0,
0x0,
0x0,
0x0,
0x0,
0x0,
0x0,
0x0,
0x0,
0x0,
0x0,
0x0,
0x0,
0x0,
0x0,
0x0,
0x0,
0x0,
0x0,
0x0,
0x0,
0x0,
0x0,
0x0,
0x0,
0x0,
0x0,
0x0,
0x0,
0x0,
0x0,
0x0,
0x0,
0x0,
0x0,
0x0,
0x0,
0x0,
0x0,
0x0,
0x0,
0x0,
0x0,
0x0,
0x0,
0x0,
0x0,
0x0,
0x0,
0x0,
0x0,
0x0,
0x0,
0x0,
0x0,
0x0,
0x0,
0x0,
0x0,
0x0,
0x0,
0x0,
0x0,
0x0,
0x0,
0x0,
0x0,
0x0,
0x0,
0x0,
0x0,
0x0,
0x0,
0x0,
0x0,
0x0,
0x0,
0x0,
0x0,
0x0,
0x0,
0x0,
0x0,
0x0,
0x0,
0x0,
0x0,
0x0,
0x0,
0x0,
0x0,
0x0,
0x0,
0x0,
0x0,
0x0,
0x0,
0x0,
0x0,
0x0,
0x0,
0x0,
0x0,
0x0,
0x0,
0x0,
0x0,
0x0,
0x0,
0x0,
0x0,
0x0,
0x0,
0x0,
0x0,
0x0,
0x0,
0x0,
0x0,
0x0,
0x0,
0x0,
0x0,
0x0,
0x0,
0x0,
0x0,
0x0,
0x0,
0x0,
0x0,
0x0,
0x0,
0x0,
0x0,
0x0,
0x0,
0x0,
0x0,
0x0,
0x0,
0x0,
0x0,
0x0,
0x0,
0x0,
0x0,
0x0,
0x0,
0x0,
0x0,
0x0,
0x0,
0x0,
0x0,
0x0,
0x0,
0x0,
0x0,
0x0,
0x0,
0x0,
0x0,
0x0,
0x0,
0x0,
0x0,
0x0,
0x0,
0x0,
0x0,
0x0,
0x0,
0x0,
0x0,
0x0,
0x0,
0x0,
0x0,
0x0,
0x0,
0x0,
0x0,
0x0,
0x0,
0x0,
0x0,
0x0,
0x0,
0x0,
0x0,
0x0,
0x0,
0x0,
0x0,
0x0,
0x0,
0x0,
0x0,
0x0,
0x0,
0x0,
0x0,
0x0,
0x0,
0x0,
0x0,
0x0,
0x0,
0x0,
0x0,
0x0,
0x0,
0x0,
0x0,
0x0,
0x0,
0x0,
0x0,
0x0,
0x0,
0x0,
0x0,
0x0,
0x0,
0x0,
0x0,
0x0,
0x0,
0x0,
0x0,
0x0,
0x0,
0x0,
0x0,
0x0,
0x0,
0x0,
0x0,
0x0,
0x0,
0x0,
0x0,
0x0,
0x0,
0x0,
0x0,
0x0,
0x0,
0x0,
0x0,
0x0,
0x0,
0x0,
0x0,
0x0,
0x0,
0x0,
0x0,
0x0,
0x0,
0x0,
0x0,
0x0,
0x0,
0x0,
0x0,
0x0,
0x0,
0x0,
0x0,
0x0,
0x0,
0x0,
0x0,
0x0,
0x0,
0x0,
0x0,
0x0,
0x0,
0x0,
0x0,
0x0,
0x0,
0x0,
0x0,
0x0,
0x0,
0x0,
0x0,
0x0,
0x0,
0x0,
0x0,
0x0,
0x0,
0x0,
0x0,
0x0,
0x0,
0x0,
0x0,
0x0,
0x0,
0x0,
0x0,
0x0,
0x0,
0x0,
0x0,
0x0,
0x0,
0x0,
0x0,
0x0,
0x0,
0x0,
0x0,
0x0,
0x0,
0x0,
0x0,
0x0,
0x0,
0x0,
0x0,
0x0,
0x0,
0x0,
0x0,
0x0,
0x0,
0x0,
0x0,
0x0,
0x0,
0x0,
0x0,
0x0,
0x0,
0x0,
0x0,
0x0,
0x0,
0x0,
0x0,
0x0,
0x0,
0x0,
0x0,
0x0,
0x0,
0x0,
0x0,
0x0,
0x0,
0x0,
0x0,
0x0,
0x0,
0x0,
0x0,
0x0,
0x0,
0x0,
0x0,
0x0,
0x0,
0x0,
0x0,
0x0,
0x0,
0x0,
0x0,
0x0,
0x0,
0x0,
0x0,
0x0,
0x0,
0x0,
0x0,
0x0,
0x0,
0x0,
0x0,
0x0,
0x0,
0x0,
0x0,
0x0,
0x0,
0x0,
0x0,
0x0,
0x0,
0x0,
0x0,
0x0,
0x0,
0x0,
0x0,
0x0,
0x0,
0x0,
0x0,
0x0,
0x0,
0x0,
0x0,
0x0,
0x0,
0x0,
0x0,
0x0,
0x0,
0x0,
0x0,
0x0,
0x0,
0x0,
0x0,
0x0,
0x0,
0x0,
0x0,
0x0,
0x0,
0x0,
0x0,
0x0,
0x0,
0x0,
0x0,
0x0,
0x0,
0x0,
0x0,
0x0,
0x0,
0x0,
0x0,
0x0,
0x0,
0x0,
0x0,
0x0,
0x0,
0x0,
0x0,
0x0,
0x0,
0x0,
0x0,
0x0,
0x0,
0x0,
0x0,
0x0,
0x0,
0x0,
0x0,
0x0,
0x0,
0x0,
0x0,
0x0,
0x0,
0x0,
0x0,
0x0,
0x0,
0x0,
0x0,
0x0,
0x0,
0x0,
0x0,
0x0,
0x0,
0x0,
0x0,
0x0,
0x0,
0x0,
0x0,
0x0,
0x0,
0x0,
0x0,
0x0,
0x0,
0x0,
0x0,
0x0,
0x0,
0x0,
0x0,
0x0,
0x0,
0x0,
0x0,
0x0,
0x0,
0x0,
0x0,
0x0,
0x0,
0x0,
0x0,
0x0,
0x0,
0x0,
0x0,
0x0,
0x0,
0x0,
0x0,
0x0,
0x0,
0x0,
0x0,
0x0,
0x0,
0x0,
0x0,
0x0,
0x0,
0x0,
0x0,
0x0,
0x0,
0x0,
0x0,
0x0,
0x0,
0x0,
0x0,
0x0,
0x0,
0x0,
0x0,
0x0,
0x0,
0x0,
0x0,
0x0,
0x0,
0x0,
0x0,
0x0,
0x0,
0x0,
0x0,
0x0,
0x0,
0x0,
0x0,
0x0,
0x0,
0x0,
0x0,
0x0,
0x0,
0x0,
0x0,
0x0,
0x0,
0x0,
0x0,
0x0,
0x0,
0x0,
0x0,
0x0,
0x0,
0x0,
0x0,
0x0,
0x0,
0x0,
0x0,
0x0,
0x0,
0x0,
0x0,
0x0,
0x0,
0x0,
0x0,
0x0,
0x0,
0x0,
0x0,
0x0,
0x0,
0x0,
0x0,
0x0,
0x0,
0x0,
0x0,
0x0,
0x0,
0x0,
0x0,
0x0,
0x0,
0x0,
0x0,
0x0,
0x0,
0x0,
0x0,
0x0,
0x0,
0x0,
0x0,
0x0,
0x0,
0x0,
0x0,
0x0,
0x0,
0x0,
0x0,
0x0,
0x0,
0x0,
0x0,
0x0,
0x0,
0x0,
0x0,
0x0,
0x0,
0x0,
0x0,
0x0,
0x0,
0x0,
0x0,
0x0,
0x0,
0x0,
0x0,
0x0,
0x0,
0x0,
0x0,
0x0,
0x0,
0x0,
0x0,
0x0,
0x0,
0x0,
0x0,
0x0,
0x0,
0x0,
0x0,
0x0,
0x0,
0x0,
0x0,
0x0,
0x0,
0x0,
0x0,
0x0,
0x0,
0x0,
0x0,
0x0,
0x0,
0x0,
0x0,
0x0,
0x0,
0x0,
0x0,
0x0,
0x0,
0x0,
0x0,
0x0,
0x0,
0x0,
0x0,
0x0,
0x0,
0x0,
0x0,
0x0,
0x0,
0x0,
0x0,
0x0,
0x0,
0x0,
0x0,
0x0,
0x0,
0x0,
0x0,
0x0,
0x0,
0x0,
0x0,
0x0,
0x0,
0x0,
0x0,
0x0,
0x0,
0x0,
0x0,
0x0,
0x0,
0x0,
0x0,
0x0,
0x0,
0x0,
0x0,
0x0,
0x0,
0x0,
0x0,
0x0,
0x0,
0x0,
0x0,
0x0,
0x0,
0x0,
0x0,
0x0,
0x0,
0x0,
0x0,
0x0,
0x0,
0x0,
0x0,
0x0,
0x0,
0x0,
0x0,
0x0,
0x0,
0x0,
0x0,
0x0,
0x0,
0x0,
0x0,
0x0,
0x0,
0x0,
0x0,
0x0,
0x0,
0x0,
0x0,
0x0,
0x0,
0x0,
0x0,
0x0,
0x0,
0x0,
0x0,
0x0,
0x0,
0x0,
0x0,
0x0,
0x0,
0x0,
0x0,
0x0,
0x0,
0x0,
0x0,
0x0,
0x0,
0x0,
0x0,
0x0,
0x0,
0x0,
0x0,
0x0,
0x0,
0x0,
0x0,
0x0,
0x0,
0x0,
0x0,
0x0,
0x0,
0x0,
0x0,
0x0,
0x0,
0x0,
0x0,
0x0,
0x0,
0x0,
0x0,
0x0,
0x0,
0x0,
0x0,
0x0,
0x0,
0x0,
0x0,
0x0,
0x0,
0x0,
0x0,
0x0,
0x0,
0x0,
0x0,
0x0,
0x0,
0x0,
0x0,
0x0,
0x0,
0x0,
0x0,
0x0,
0x0,
0x0,
0x0,
0x0,
0x0,
0x0,
0x0,
0x0,
0x0,
0x0,
0x0,
0x0,
0x0,
0x0,
0x0,
0x0,
0x0,
0x0,
0x0,
0x0,
0x0,
0x0,
0x0,
0x0,
0x0,
0x0,
0x0,
0x0,
0x0,
0x0,
0x0,
0x0,
0x0,
0x0,
0x0,
0x0,
0x0,
0x0,
0x0,
0x0,
0x0,
0x0,
0x0,
0x0,
0x0,
0x0,
0x0,
0x0,
0x0,
0x0,
0x0,
0x0,
0x0,
0x0,
0x0,
0x0,
0x0,
0x0,
0x0,
0x0,
0x0,
0x0,
0x0,
0x0,
0x0,
0x0,
0x0,
0x0,
0x0,
0x0,
0x0,
0x0,
0x0,
0x0,
0x0,
0x0,
0x0,
0x0,
0x0,
0x0,
0x0,
0x0,
0x0,
0x0,
0x0,
0x0,
0x0,
0x0,
0x0,
0x0,
0x0,
0x0,
0x0,
0x0,
0x0,
0x0,
0x0,
0x0,
0x0,
0x0,
0x0,
0x0,
0x0,
0x0,
0x0,
0x0,
0x0,
0x0,
0x0,
0x0,
0x0,
0x0,
0x0,
0x0,
0x0,
0x0,
0x0,
0x0,
0x0,
0x0,
0x0,
0x0,
0x0,
0x0,
0x0,
0x0,
0x0,
0x0,
0x0,
0x0,
0x0,
0x0,
0x0,
0x0,
0x0,
0x0,
0x0,
0x0,
0x0,
0x0,
0x0,
0x0,
0x0,
0x0,
0x0,
0x0,
0x0,
0x0,
0x0,
0x0,
0x0,
0x0,
0x0,
0x0,
0x0,
0x0,
0x0,
0x0,
0x0,
0x0,
0x0,
0x0,
0x0,
0x0,
0x0,
0x0,
0x0,
0x0,
0x0,
0x0,
0x0,
0x0,
0x0,
0x0,
0x0,
0x0,
0x0,
0x0,
0x0,
0x0,
0x0,
0x0,
0x0,
0x0,
0x0,
0x0,
0x0,
0x0,
0x0,
0x0,
0x0,
0x0,
0x0,
0x0,
0x0,
0x0,
0x0,
0x0,
0x0,
0x0,
0x0,
0x0,
0x0,
0x0,
0x0,
0x0,
0x0,
0x0,
0x0,
0x0,
0x0,
0x0,
0x0,
0x0,
0x0,
0x0,
0x0,
0x0,
0x0,
0x0,
0x0,
0x0,
0x0,
0x0,
0x0,
0x0,
0x0,
0x0,
0x0,
0x0,
0x0,
0x0,
0x0,
0x0,
0x0,
0x0,
0x0,
0x0,
0x0,
0x0,
0x0,
0x0,
0x0,
0x0,
0x0,
0x0,
0x0,
0x0,
0x0,
0x0,
0x0,
0x0,
0x0,
0x0,
0x0,
0x0,
0x0,
0x0,
0x0,
0x0,
0x0,
0x0,
0x0,
0x0,
0x0,
0x0,
0x0,
0x0,
0x0,
0x0,
0x0,
0x0,
0x0,
0x0,
0x0,
0x0,
0x0,
0x0,
0x0,
0x0,
0x0,
0x0,
0x0,
0x0,
0x0,
0x0,
0x0,
0x0,
0x0,
0x0,
0x0,
0x0,
0x0,
0x0,
0x0,
0x0,
0x0,
0x0,
0x0,
0x0,
0x0,
0x0,
0x0,
0x0,
0x0,
0x0,
0x0,
0x0,
0x0,
0x0,
0x0,
0x0,
0x0,
0x0,
0x0,
0x0,
0x0,
0x0,
0x0,
0x0,
0x0,
0x0,
0x0,
0x0,
0x0,
0x0,
0x0,
0x0,
0x0,
0x0,
0x0,
0x0,
0x0,
0x0,
0x0,
0x0,
0x0,
0x0,
0x0,
0x0,
0x0,
0x0,
0x0,
0x0,
0x0,
0x0,
0x0,
0x0,
0x0,
0x0,
0x0,
0x0,
0x0,
0x0,
0x0,
0x0,
0x0,
0x0,
0x0,
0x0,
0x0,
0x0,
0x0,
0x0,
0x0,
0x0,
0x0,
0x0,
0x0,
0x0,
0x0,
0x0,
0x0,
0x0,
0x0,
0x0,
0x0,
0x0,
0x0,
0x0,
0x0,
0x0,
0x0,
0x0,
0x0,
0x0,
0x0,
0x0,
0x0,
0x0,
0x0,
0x0,
0x0,
0x0,
0x0,
0x0,
0x0,
0x0,
0x0,
0x0,
0x0,
0x0,
0x0,
0x0,
0x0,
0x0,
0x0,
0x0,
0x0,
0x0,
0x0,
0x0,
0x0,
0x0,
0x0,
0x0,
0x0,
0x0,
0x0,
0x0,
0x0,
0x0,
0x0,
0x0,
0x0,
0x0,
0x0,
0x0,
0x0,
0x0,
0x0,
0x0,
0x0,
0x0,
0x0,
0x0,
0x0,
0x0,
0x0,
0x0,
0x0,
0x0,
0x0,
0x0,
0x0,
0x0,
0x0,
0x0,
0x0,
0x0,
0x0,
0x0,
0x0,
0x0,
0x0,
0x0,
0x0,
0x0,
0x0,
0x0,
0x0,
0x0,
0x0,
0x0,
0x0,
0x0,
0x0,
0x0,
0x0,
0x0,
0x0,
0x0,
0x0,
0x0,
0x0,
0x0,
0x0,
0x0,
0x0,
0x0,
0x0,
0x0,
0x0,
0x0,
0x0,
0x0,
0x0,
0x0,
0x0,
0x0,
0x0,
0x0,
0x0,
0x0,
0x0,
0x0,
0x0,
0x0,
0x0,
0x0,
0x0,
0x0,
0x0,
0x0,
0x0,
0x0,
0x0,
0x0,
0x0,
0x0,
0x0,
0x0,
0x0,
0x0,
0x0,
0x0,
0x0,
0x0,
0x0,
0x0,
0x0,
0x0,
0x0,
0x0,
0x0,
0x0,
0x0,
0x0,
0x0,
0x0,
0x0,
0x0,
0x0,
0x0,
0x0,
0x0,
0x0,
0x0,
0x0,
0x0,
0x0,
0x0,
0x0,
0x0,
0x0,
0x0,
0x0,
0x0,
0x0,
0x0,
0x0,
0x0,
0x0,
0x0,
0x0,
0x0,
0x0,
0x0,
0x0,
0x0,
0x0,
0x0,
0x0,
0x0,
0x0,
0x0,
0x0,
0x0,
0x0,
0x0,
0x0,
0x0,
0x0,
0x0,
0x0,
0x0,
0x0,
0x0,
0x0,
0x0,
0x0,
0x0,
0x0,
0x0,
0x0,
0x0,
0x0,
0x0,
0x0,
0x0,
0x0,
0x0,
0x0,
0x0,
0x0,
0x0,
0x0,
0x0,
0x0,
0x0,
0x0,
0x0,
0x0,
0x0,
0x0,
0x0,
0x0,
0x0,
0x0,
0x0,
0x0,
0x0,
0x0,
0x0,
0x0,
0x0,
0x0,
0x0,
0x0,
0x0,
0x0,
0x0,
0x0,
0x0,
0x0,
0x0,
0x0,
0x0,
0x0,
0x0,
0x0,
0x0,
0x0,
0x0,
0x0,
0x0,
0x0,
0x0,
0x0,
0x0,
0x0,
0x0,
0x0,
0x0,
0x0,
0x0,
0x0,
0x0,
0x0,
0x0,
0x0,
0x0,
0x0,
0x0,
0x0,
0x0,
0x0,
0x0,
0x0,
0x0,
0x0,
0x0,
0x0,
0x0,
0x0,
0x0,
0x0,
0x0,
0x0,
0x0,
0x0,
0x0,
0x0,
0x0,
0x0,
0x0,
0x0,
0x0,
0x0,
0x0,
0x0,
0x0,
0x0,
0x0,
0x0,
0x0,
0x0,
0x0,
0x0,
0x0,
0x0,
0x0,
0x0,
0x0,
0x0,
0x0,
0x0,
0x0,
0x0,
0x0,
0x0,
0x0,
0x0,
0x0,
0x0,
0x0,
0x0,
0x0,
0x0,
0x0,
0x0,
0x0,
0x0,
0x0,
0x0,
0x0,
0x0,
0x0,
0x0,
0x0,
0x0,
0x0,
0x0,
0x0,
0x0,
0x0,
0x0,
0x0,
0x0,
0x0,
0x0,
0x0,
0x0,
0x0,
0x0,
0x0,
0x0,
0x0,
0x0,
0x0,
0x0,
0x0,
0x0,
0x0,
0x0,
0x0,
0x0,
0x0,
0x0,
0x0,
0x0,
0x0,
0x0,
0x0,
0x0,
0x0,
0x0,
0x0,
0x0,
0x0,
0x0,
0x0,
0x0,
0x0,
0x0,
0x0,
0x0,
0x0,
0x0,
0x0,
0x0,
0x0,
0x0,
0x0,
0x0,
0x0,
0x0,
0x0,
0x0,
0x0,
0x0,
0x0,
0x0,
0x0,
0x0,
0x0,
0x0,
0x0,
0x0,
0x0,
0x0,
0x0,
0x0,
0x0,
0x0,
0x0,
0x0,
0x0,
0x0,
0x0,
0x0,
0x0,
0x0,
0x0,
0x0,
0x0,
0x0,
0x0,
0x0,
0x0,
0x0,
0x0,
0x0,
0x0,
0x0,
0x0,
0x0,
0x0,
0x0,
0x0,
0x0,
0x0,
0x0,
0x0,
0x0,
0x0,
0x0,
0x0,
0x0,
0x0,
0x0,
0x0,
0x0,
0x0,
0x0,
0x0,
0x0,
0x0,
0x0,
0x0,
0x0,
0x0,
0x0,
0x0,
0x0,
0x0,
0x0,
0x0,
0x0,
0x0,
0x0,
0x0,
0x0,
0x0,
0x0,
0x0,
0x0,
0x0,
0x0,
0x0,
0x0,
0x0,
0x0,
0x0,
0x0,
0x0,
0x0,
0x0,
0x0,
0x0,
0x0,
0x0,
0x0,
0x0,
0x0,
0x0,
0x0,
0x0,
0x0,
0x0,
0x0,
0x0,
0x0,
0x0,
0x0,
0x0,
0x0,
0x0,
0x0,
0x0,
0x0,
0x0,
0x0,
0x0,
0x0,
0x0,
0x0,
0x0,
0x0,
0x0,
0x0,
0x0,
0x0,
0x0,
0x0,
0x0,
0x0,
0x0,
0x0,
0x0,
0x0,
0x0,
0x0,
0x0,
0x0,
0x0,
0x0,
0x0,
0x0,
0x0,
0x0,
0x0,
0x0,
0x0,
0x0,
0x0,
0x0,
0x0,
0x0,
0x0,
0x0,
0x0,
0x0,
0x0,
0x0,
0x0,
0x0,
0x0,
0x0,
0x0,
0x0,
0x0,
0x0,
0x0,
0x0,
0x0,
0x0,
0x0,
0x0,
0x0,
0x0,
0x0,
0x0,
0x0,
0x0,
0x0,
0x0,
0x0,
0x0,
0x0,
0x0,
0x0,
0x0,
0x0,
0x0,
0x0,
0x0,
0x0,
0x0,
0x0,
0x0,
0x0,
0x0,
0x0,
0x0,
0x0,
0x0,
0x0,
0x0,
0x0,
0x0,
0x0,
0x0,
0x0,
0x0,
0x0,
0x0,
0x0,
0x0,
0x0,
0x0,
0x0,
0x0,
0x0,
0x0,
0x0,
0x0,
0x0,
0x0,
0x0,
0x0,
0x0,
0x0,
0x0,
0x0,
0x0,
0x0,
0x0,
0x0,
0x0,
0x0,
0x0,
0x0,
0x0,
0x0,
0x0,
0x0,
0x0,
0x0,
0x0,
0x0,
0x0,
0x0,
0x0,
0x0,
0x0,
0x0,
0x0,
0x0,
0x0,
0x0,
0x0,
0x0,
0x0,
0x0,
0x0,
0x0,
0x0,
0x0,
0x0,
0x0,
0x0,
0x0,
0x0,
0x0,
0x0,
0x0,
0x0,
0x0,
0x0,
0x0,
0x0,
0x0,
0x0,
0x0,
0x0,
0x0,
0x0,
0x0,
0x0,
0x0,
0x0,
0x0,
0x0,
0x0,
0x0,
0x0,
0x0,
0x0,
0x0,
0x0,
0x0,
0x0,
0x0,
0x0,
0x0,
0x0,
0x0,
0x0,
0x0,
0x0,
0x0,
0x0,
0x0,
0x0,
0x0,
0x0,
0x0,
0x0,
0x0,
0x0,
0x0,
0x0,
0x0,
0x0,
0x0,
0x0,
0x0,
0x0,
0x0,
0x0,
0x0,
0x0,
0x0,
0x0,
0x0,
0x0,
0x0,
0x0,
0x0,
0x0,
0x0,
0x0,
0x0,
0x0,
0x0,
0x0,
0x0,
0x0,
0x0,
0x0,
0x0,
0x0,
0x0,
0x0,
0x0,
0x0,
0x0,
0x0,
0x0,
0x0,
0x0,
0x0,
0x0,
0x0,
0x0,
0x0,
0x0,
0x0,
0x0,
0x0,
0x0,
0x0,
0x0,
0x0,
0x0,
0x0,
0x0,
0x0,
0x0,
0x0,
0x0,
0x0,
0x0,
0x0,
0x0,
0x0,
0x0,
0x0,
0x0,
0x0,
0x0,
0x0,
0x0,
0x0,
0x0,
0x0,
0x0,
0x0,
0x0,
0x0,
0x0,
0x0,
0x0,
0x0,
0x0,
0x0,
0x0,
0x0,
0x0,
0x0,
0x0,
0x0,
0x0,
0x0,
0x0,
0x0,
0x0,
0x0,
0x0,
0x0,
0x0,
0x0,
0x0,
0x0,
0x0,
0x0,
0x0,
0x0,
0x0,
0x0,
0x0,
0x0,
0x0,
0x0,
0x0,
0x0,
0x0,
0x0,
0x0,
0x0,
0x0,
0x0,
0x0,
0x0,
0x0,
0x0,
0x0,
0x0,
0x0,
0x0,
0x0,
0x0,
0x0,
0x0,
0x0,
0x0,
0x0,
0x0,
0x0,
0x0,
0x0,
0x0,
0x0,
0x0,
0x0,
0x0,
0x0,
0x0,
0x0,
0x0,
0x0,
0x0,
0x0,
0x0,
0x0,
0x0,
0x0,
0x0,
0x0,
0x0,
0x0,
0x0,
0x0,
0x0,
0x0,
0x0,
0x0,
0x0,
0x0,
0x0,
0x0,
0x0,
0x0,
0x0,
0x0,
0x0,
0x0,
0x0,
0x0,
0x0,
0x0,
0x0,
0x0,
0x0,
0x0,
0x0,
0x0,
0x0,
0x0,
0x0,
0x0,
0x0,
0x0,
0x0,
0x0,
0x0,
0x0,
0x0,
0x0,
0x0,
0x0,
0x0,
0x0,
0x0,
0x0,
0x0,
0x0,
0x0,
0x0,
0x0,
0x0,
0x0,
0x0,
0x0,
0x0,
0x0,
0x0,
0x0,
0x0,
0x0,
0x0,
0x0,
0x0,
0x0,
0x0,
0x0,
0x0,
0x0,
0x0,
0x0,
0x0,
0x0,
0x0,
0x0,
0x0,
0x0,
0x0,
0x0,
0x0,
0x0,
0x0,
0x0,
0x0,
0x0,
0x0,
0x0,
0x0,
0x0,
0x0,
0x0,
0x0,
0x0,
0x0,
0x0,
0x0,
0x0,
0x0,
0x0,
0x0,
0x0,
0x0,
0x0,
0x0,
0x0,
0x0,
0x0,
0x0,
0x0,
0x0,
0x0,
0x0,
0x0,
0x0,
0x0,
0x0,
0x0,
0x0,
0x0,
0x0,
0x0,
0x0,
0x0,
0x0,
0x0,
0x0,
0x0,
0x0,
0x0,
0x0,
0x0,
0x0,
0x0,
0x0,
0x0,
0x0,
0x0,
0x0,
0x0,
0x0,
0x0,
0x0,
0x0,
0x0,
0x0,
0x0,
0x0,
0x0,
0x0,
0x0,
0x0,
0x0,
0x0,
0x0,
0x0,
0x0,
0x0,
0x0,
0x0,
0x0,
0x0,
0x0,
0x0,
0x0,
0x0,
0x0,
0x0,
0x0,
0x0,
0x0,
0x0,
0x0,
0x0,
0x0,
0x0,
0x0,
0x0,
0x0,
0x0,
0x0,
0x0,
0x0,
0x0,
0x0,
0x0,
0x0,
0x0,
0x0,
0x0,
0x0,
0x0,
0x0,
0x0,
0x0,
0x0,
0x0,
0x0,
0x0,
0x0,
0x0,
0x0,
0x0,
0x0,
0x0,
0x0,
0x0,
0x0,
0x0,
0x0,
0x0,
0x0,
0x0,
0x0,
0x0,
0x0,
0x0,
0x0,
0x0,
0x0,
0x0,
0x0,
0x0,
0x0,
0x0,
0x0,
0x0,
0x0,
0x0,
0x0,
0x0,
0x0,
0x0,
0x0,
0x0,
0x0,
0x0,
0x0,
0x0,
0x0,
0x0,
0x0,
0x0,
0x0,
0x0,
0x0,
0x0,
0x0,
0x0,
0x0,
0x0,
0x0,
0x0,
0x0,
0x0,
0x0,
0x0,
0x0,
0x0,
0x0,
0x0,
0x0,
0x0,
0x0,
0x0,
0x0,
0x0,
0x0,
0x0,
0x0,
0x0,
0x0,
0x0,
0x0,
0x0,
0x0,
0x0,
0x0,
0x0,
0x0,
0x0,
0x0,
0x0,
0x0,
0x0,
0x0,
0x0,
0x0,
0x0,
0x0,
0x0,
0x0,
0x0,
0x0,
0x0,
0x0,
0x0,
0x0,
0x0,
0x0,
0x0,
0x0,
0x0,
0x0,
0x0,
0x0,
0x0,
0x0,
0x0,
0x0,
0x0,
0x0,
0x0,
0x0,
0x0,
0x0,
0x0,
0x0,
0x0,
0x0,
0x0,
0x0,
0x0,
0x0,
0x0,
0x0,
0x0,
0x0,
0x0,
0x0,
0x0,
0x0,
0x0,
0x0,
0x0,
0x0,
0x0,
0x0,
0x0,
0x0,
0x0,
0x0,
0x0,
0x0,
0x0,
0x0,
0x0,
0x0,
0x0,
0x0,
0x0,
0x0,
0x0,
0x0,
0x0,
0x0,
0x0,
0x0,
0x0,
0x0,
0x0,
0x0,
0x0,
0x0,
0x0,
0x0,
0x0,
0x0,
0x0,
0x0,
0x0,
0x0,
0x0,
0x0,
0x0,
0x0,
0x0,
0x0,
0x0,
0x0,
0x0,
0x0,
0x0,
0x0,
0x0,
0x0,
0x0,
0x0,
0x0,
0x0,
0x0,
0x0,
0x0,
0x0,
0x0,
0x0,
0x0,
0x0,
0x0,
0x0,
0x0,
0x0,
0x0,
0x0,
0x0,
0x0,
0x0,
0x0,
0x0,
0x0,
0x0,
0x0,
0x0,
0x0,
0x0,
0x0,
0x0,
0x0,
0x0,
0x0,
0x0,
0x0,
0x0,
0x0,
0x0,
0x0,
0x0,
0x0,
0x0,
0x0,
0x0,
0x0,
0x0,
0x0,
0x0,
0x0,
0x0,
0x0,
0x0,
0x0,
0x0,
0x0,
0x0,
0x0,
0x0,
0x0,
0x0,
0x0,
0x0,
0x0,
0x0,
0x0,
0x0,
0x0,
0x0,
0x0,
0x0,
0x0,
0x0,
0x0,
0x0,
0x0,
0x0,
0x0,
0x0,
0x0,
0x0,
0x0,
0x0,
0x0,
0x0,
0x0,
0x0,
0x0,
0x0,
0x0,
0x0,
0x0,
0x0,
0x0,
0x0,
0x0,
0x0,
0x0,
0x0,
0x0,
0x0,
0x0,
0x0,
0x0,
0x0,
0x0,
0x0,
0x0,
0x0,
0x0,
0x0,
0x0,
0x0,
0x0,
0x0,
0x0,
0x0,
0x0,
0x0,
0x0,
0x0,
0x0,
0x0,
0x0,
0x0,
0x0,
0x0,
0x0,
0x0,
0x0,
0x0,
0x0,
0x0,
0x0,
0x0,
0x0,
0x0,
0x0,
0x0,
0x0,
0x0,
0x0,
0x0,
0x0,
0x0,
0x0,
0x0,
0x0,
0x0,
0x0,
0x0,
0x0,
0x0,
0x0,
0x0,
0x0,
0x0,
0x0,
0x0,
0x0,
0x0,
0x0,
0x0,
0x0,
0x0,
0x0,
0x0,
0x0,
0x0,
0x0,
0x0,
0x0,
0x0,
0x0,
0x0,
0x0,
0x0,
0x0,
0x0,
0x0,
0x0,
0x0,
0x0,
0x0,
0x0,
0x0,
0x0,
0x0,
0x0,
0x0,
0x0,
0x0,
0x0,
0x0,
0x0,
0x0,
0x0,
0x0,
0x0,
0x0,
0x0,
0x0,
0x0,
0x0,
0x0,
0x0,
0x0,
0x0,
0x0,
0x0,
0x0,
0x0,
0x0,
0x0,
0x0,
0x0,
0x0,
0x0,
0x0,
0x0,
0x0,
0x0,
0x0,
0x0,
0x0,
0x0,
0x0,
0x0,
0x0,
0x0,
0x0,
0x0,
0x0,
0x0,
0x0,
0x0,
0x0,
0x0,
0x0,
0x0,
0x0,
0x0,
0x0,
0x0,
0x0,
0x0,
0x0,
0x0,
0x0,
0x0,
0x0,
0x0,
0x0,
0x0,
0x0,
0x0,
0x0,
0x0,
0x0,
0x0,
0x0,
0x0,
0x0,
0x0,
0x0,
0x0,
0x0,
0x0,
0x0,
0x0,
0x0,
0x0,
0x0,
0x0,
0x0,
0x0,
0x0,
0x0,
0x0,
0x0,
0x0,
0x0,
0x0,
0x0,
0x0,
0x0,
0x0,
0x0,
0x0,
0x0,
0x0,
0x0,
0x0,
0x0,
0x0,
0x0,
0x0,
0x0,
0x0,
0x0,
0x0,
0x0,
0x0,
0x0,
0x0,
0x0,
0x0,
0x0,
0x0,
0x0,
0x0,
0x0,
0x0,
0x0,
0x0,
0x0,
0x0,
0x0,
0x0,
0x0,
0x0,
0x0,
0x0,
0x0,
0x0,
0x0,
0x0,
0x0,
0x0,
0x0,
0x0,
0x0,
0x0,
0x0,
0x0,
0x0,
0x0,
0x0,
0x0,
0x0,
0x0,
0x0,
0x0,
0x0,
0x0,
0x0,
0x0,
0x0,
0x0,
0x0,
0x0,
0x0,
0x0,
0x0,
0x0,
0x0,
0x0,
0x0,
0x0,
0x0,
0x0,
0x0,
0x0,
0x0,
0x0,
0x0,
0x0,
0x0,
0x0,
0x0,
0x0,
0x0,
0x0,
0x0,
0x0,
0x0,
0x0,
0x0,
0x0,
0x0,
0x0,
0x0,
0x0,
0x0,
0x0,
0x0,
0x0,
0x0,
0x0,
0x0,
0x0,
0x0,
0x0,
0x0,
0x0,
0x0,
0x0,
0x0,
0x0,
0x0,
0x0,
0x0,
0x0,
0x0,
0x0,
0x0,
0x0,
0x0,
0x0,
0x0,
0x0,
0x0,
0x0,
0x0,
0x0,
0x0,
0x0,
0x0,
0x0,
0x0,
0x0,
0x0,
0x0,
0x0,
0x0,
0x0,
0x0,
0x0,
0x0,
0x0,
0x0,
0x0,
0x0,
0x0,
0x0,
0x0,
0x0,
0x0,
0x0,
0x0,
0x0,
0x0,
0x0,
0x0,
0x0,
0x0,
0x0,
0x0,
0x0,
0x0,
0x0,
0x0,
0x0,
0x0,
0x0,
0x0,
0x0,
0x0,
0x0,
0x0,
0x0,
0x0,
0x0,
0x0,
0x0,
0x0,
0x0,
0x0,
0x0,
0x0,
0x0,
0x0,
0x0,
0x0,
0x0,
0x0,
0x0,
0x0,
0x0,
0x0,
0x0,
0x0,
0x0,
0x0,
0x0,
0x0,
0x0,
0x0,
0x0,
0x0,
0x0,
0x0,
0x0,
0x0,
0x0,
0x0,
0x0,
0x0,
0x0,
0x0,
0x0,
0x0,
0x0,
0x0,
0x0,
0x0,
0x0,
0x0,
0x0,
0x0,
0x0,
0x0,
0x0,
0x0,
0x0,
0x0,
0x0,
0x0,
0x0,
0x0,
0x0,
0x0,
0x0,
0x0,
0x0,
0x0,
0x0,
0x0,
0x0,
0x0,
0x0,
0x0,
0x0,
0x0,
0x0,
0x0,
0x0,
0x0,
0x0,
0x0,
0x0,
0x0,
0x0,
0x0,
0x0,
0x0,
0x0,
0x0,
0x0,
0x0,
0x0,
0x0,
0x0,
0x0,
0x0,
0x0,
0x0,
0x0,
0x0,
0x0,
0x0,
0x0,
0x0,
0x0,
0x0,
0x0,
0x0,
0x0,
0x0,
0x0,
0x0,
0x0,
0x0,
0x0,
0x0,
0x0,
0x0,
0x0,
0x0,
0x0,
0x0,
0x0,
0x0,
0x0,
0x0,
0x0,
0x0,
0x0,
0x0,
0x0,
0x0,
0x0,
0x0,
0x0,
0x0,
0x0,
0x0,
0x0,
0x0,
0x0,
0x0,
0x0,
0x0,
0x0,
0x0,
0x0,
0x0,
0x0,
0x0,
0x0,
0x0,
0x0,
0x0,
0x0,
0x0,
0x0,
0x0,
0x0,
0x0,
0x0,
0x0,
0x0,
0x0,
0x0,
0x0,
0x0,
0x0,
0x0,
0x0,
0x0,
0x0,
0x0,
0x0,
0x0,
0x0,
0x0,
0x0,
0x0,
0x0,
0x0,
0x0,
0x0,
0x0,
0x0,
0x0,
0x0,
0x0,
0x0,
0x0,
0x0,
0x0,
0x0,
0x0,
0x0,
0x0,
0x0,
0x0,
0x0,
0x0,
0x0,
0x0,
0x0,
0x0,
0x0,
0x0,
0x0,
0x0,
0x0,
0x0,
0x0,
0x0,
0x0,
0x0,
0x0,
0x0,
0x0,
0x0,
0x0,
0x0,
0x0,
0x0,
0x0,
0x0,
0x0,
0x0,
0x0,
0x0,
0x0,
0x0,
0x0,
0x0,
0x0,
0x0,
0x0,
0x0,
0x0,
0x0,
0x0,
0x0,
0x0,
0x0,
0x0,
0x0,
0x0,
0x0,
0x0,
0x0,
0x0,
0x0,
0x0,
0x0,
0x0,
0x0,
0x0,
0x0,
0x0,
0x0,
0x0,
0x0,
0x0,
0x0,
0x0,
0x0,
0x0,
0x0,
0x0,
0x0,
0x0,
0x0,
0x0,
0x0,
0x0,
0x0,
0x0,
0x0,
0x0,
0x0,
0x0,
0x0,
0x0,
0x0,
0x0,
0x0,
0x0,
0x0,
0x0,
0x0,
0x0,
0x0,
0x0,
0x0,
0x0,
0x0,
0x0,
0x0,
0x0,
0x0,
0x0,
0x0,
0x0,
0x0,
0x0,
0x0,
0x0,
0x0,
0x0,
0x0,
0x0,
0x0,
0x0,
0x0,
0x0,
0x0,
0x0,
0x0,
0x0,
0x0,
0x0,
0x0,
0x0,
0x0,
0x0,
0x0,
0x0,
0x0,
0x0,
0x0,
0x0,
0x0,
0x0,
0x0,
0x0,
0x0,
0x0,
0x0,
0x0,
0x0,
0x0,
0x0,
0x0,
0x0,
0x0,
0x0,
0x0,
0x0,
0x0,
0x0,
0x0,
0x0,
0x0,
0x0,
0x0,
0x0,
0x0,
0x0,
0x0,
0x0,
0x0,
0x0,
0x0,
0x0,
0x0,
0x0,
0x0,
0x0,
0x0,
0x0,
0x0,
0x0,
0x0,
0x0,
0x0,
0x0,
0x0,
0x0,
0x0,
0x0,
0x0,
0x0,
0x0,
0x0,
0x0,
0x0,
0x0,
0x0,
0x0,
0x0,
0x0,
0x0,
0x0,
0x0,
0x0,
0x0,
0x0,
0x0,
0x0,
0x0,
0x0,
0x0,
0x0,
0x0,
0x0,
0x0,
0x0,
0x0,
0x0,
0x0,
0x0,
0x0,
0x0,
0x0,
0x0,
0x0,
0x0,
0x0,
0x0,
0x0,
0x0,
0x0,
0x0,
0x0,
0x0,
0x0,
0x0,
0x0,
0x0,
0x0,
0x0,
0x0,
0x0,
0x0,
0x0,
0x0,
0x0,
0x0,
0x0,
0x0,
0x0,
0x0,
0x0,
0x0,
0x0,
0x0,
0x0,
0x0,
0x0,
0x0,
0x0,
0x0,
0x0,
0x0,
0x0,
0x0,
0x0,
0x0,
0x0,
0x0,
0x0,
0x0,
0x0,
0x0,
0x0,
0x0,
0x0,
0x0,
0x0,
0x0,
0x0,
0x0,
0x0,
0x0,
0x0,
0x0,
0x0,
0x0,
0x0,
0x0,
0x0,
0x0,
0x0,
0x0,
0x0,
0x0,
0x0,
0x0,
0x0,
0x0,
0x0,
0x0,
0x0,
0x0,
0x0,
0x0,
0x0,
0x0,
0x0,
0x0,
0x0,
0x0,
0x0,
0x0,
0x0,
0x0,
0x0,
0x0,
0x0,
0x0,
0x0,
0x0,
0x0,
0x0,
0x0,
0x0,
0x0,
0x0,
0x0,
0x0,
0x0,
0x0,
0x0,
0x0,
0x0,
0x0,
0x0,
0x0,
0x0,
0x0,
0x0,
0x0,
0x0,
0x0,
0x0,
0x0,
0x0,
0x0,
0x0,
0x0,
0x0,
0x0,
0x0,
0x0,
0x0,
0x0,
0x0,
0x0,
0x0,
0x0,
0x0,
0x0,
0x0,
0x0,
0x0,
0x0,
0x0,
0x0,
0x0,
0x0,
0x0,
0x0,
0x0,
0x0,
0x0,
0x0,
0x0,
0x0,
0x0,
0x0,
0x0,
0x0,
0x0,
0x0,
0x0,
0x0,
0x0,
0x0,
0x0,
0x0,
0x0,
0x0,
0x0,
0x0,
0x0,
0x0,
0x0,
0x0,
0x0,
0x0,
0x0,
0x0,
0x0,
0x0,
0x0,
0x0,
0x0,
0x0,
0x0,
0x0,
0x0,
0x0,
0x0,
0x0,
0x0,
0x0,
0x0,
0x0,
0x0,
0x0,
0x0,
0x0,
0x0,
0x0,
0x0,
0x0,
0x0,
0x0,
0x0,
0x0,
0x0,
0x0,
0x0,
0x0,
0x0,
0x0,
0x0,
0x0,
0x0,
0x0,
0x0,
0x0,
0x0,
0x0,
0x0,
0x0,
0x0,
0x0,
0x0,
0x0,
0x0,
0x0,
0x0,
0x0,
0x0,
0x0,
0x0,
0x0,
0x0,
0x0,
0x0,
0x0,
0x0,
0x0,
0x0,
0x0,
0x0,
0x0,
0x0,
0x0,
0x0,
0x0,
0x0,
0x0,
0x0,
0x0,
0x0,
0x0,
0x0,
0x0,
0x0,
0x0,
0x0,
0x0,
0x0,
0x0,
0x0,
0x0,
0x0,
0x0,
0x0,
0x0,
0x0,
0x0,
0x0,
0x0,
0x0,
0x0,
0x0,
0x0,
0x0,
0x0,
0x0,
0x0,
0x0,
0x0,
0x0,
0x0,
0x0,
0x0,
0x0,
0x0,
0x0,
0x0,
0x0,
0x0,
0x0,
0x0,
0x0,
0x0,
0x0,
0x0,
0x0,
0x0,
0x0,
0x0,
0x0,
0x0,
0x0,
0x0,
0x0,
0x0,
0x0,
0x0,
0x0,
0x0,
0x0,
0x0,
0x0,
0x0,
0x0,
0x0,
0x0,
0x0,
0x0,
0x0,
0x0,
0x0,
0x0,
0x0,
0x0,
0x0,
0x0,
0x0,
0x0,
0x0,
0x0,
0x0,
0x0,
0x0,
0x0,
0x0,
0x0,
0x0,
0x0,
0x0,
0x0,
0x0,
0x0,
0x0,
0x0,
0x0,
0x0,
0x0,
0x0,
0x0,
0x0,
0x0,
0x0,
0x0,
0x0,
0x0,
0x0,
0x0,
0x0,
0x0,
0x0,
0x0,
0x0,
0x0,
0x0,
0x0,
0x0,
0x0,
0x0,
0x0,
0x0,
0x0,
0x0,
0x0,
0x0,
0x0,
0x0,
0x0,
0x0,
0x0,
0x0,
0x0,
0x0,
0x0,
0x0,
0x0,
0x0,
0x0,
0x0,
0x0,
0x0,
0x0,
0x0,
0x0,
0x0,
0x0,
0x0,
0x0,
0x0,
0x0,
0x0,
0x0,
0x0,
0x0,
0x0,
0x0,
0x0,
0x0,
0x0,
0x0,
0x0,
0x0,
0x0,
0x0,
0x0,
0x0,
0x0,
0x0,
0x0,
0x0,
0x0,
0x0,
0x0,
0x0,
0x0,
0x0,
0x0,
0x0,
0x0,
0x0,
0x0,
0x0,
0x0,
0x0,
0x0,
0x0,
0x0,
0x0,
0x0,
0x0,
0x0,
0x0,
0x0,
0x0,
0x0,
0x0,
0x0,
0x0,
0x0,
0x0,
0x0,
0x0,
0x0,
0x0,
0x0,
0x0,
0x0,
0x0,
0x0,
0x0,
0x0,
0x0,
0x0,
0x0,
0x0,
0x0,
0x0,
0x0,
0x0,
0x0,
0x0,
0x0,
0x0,
0x0,
0x0,
0x0,
0x0,
0x0,
0x0,
0x0,
0x0,
0x0,
0x0,
0x0,
0x0,
0x0,
0x0,
0x0,
0x0,
0x0,
0x0,
0x0,
0x0,
0x0,
0x0,
0x0,
0x0,
0x0,
0x0,
0x0,
0x0,
0x0,
0x0,
0x0,
0x0,
0x0,
0x0,
0x0,
0x0,
0x0,
0x0,
0x0,
0x0,
0x0,
0x0,
0x0,
0x0,
0x0,
0x0,
0x0,
0x0,
0x0,
0x0,
0x0,
0x0,
0x0,
0x0,
0x0,
0x0,
0x0,
0x0,
0x0,
0x0,
0x0,
0x0,
0x0,
0x0,
0x0,
0x0,
0x0,
0x0,
0x0,
0x0,
0x0,
0x0,
0x0,
0x0,
0x0,
0x0,
0x0,
0x0,
0x0,
0x0,
0x0,
0x0,
0x0,
0x0,
0x0,
0x0,
0x0,
0x0,
0x0,
0x0,
0x0,
0x0,
0x0,
0x0,
0x0,
0x0,
0x0,
0x0,
0x0,
0x0,
0x0,
0x0,
0x0,
0x0,
0x0,
0x0,
0x0,
0x0,
0x0,
0x0,
0x0,
0x0,
0x0,
0x0,
0x0,
0x0,
0x0,
0x0,
0x0,
0x0,
0x0,
0x0,
0x0,
0x0,
0x0,
0x0,
0x0,
0x0,
0x0,
0x0,
0x0,
0x0,
0x0,
0x0,
0x0,
0x0,
0x0,
0x0,
0x0,
0x0,
0x0,
0x0,
0x0,
0x0,
0x0,
0x0,
0x0,
0x0,
0x0,
0x0,
0x0,
0x0,
0x0,
0x0,
0x0,
0x0,
0x0,
0x0,
0x0,
0x0,
0x0,
0x0,
0x0,
0x0,
0x0,
0x0,
0x0,
0x0,
0x0,
0x0,
0x0,
0x0,
0x0,
0x0,
0x0,
0x0,
0x0,
0x0,
0x0,
0x0,
0x0,
0x0,
0x0,
0x0,
0x0,
0x0,
0x0,
0x0,
0x0,
0x0,
0x0,
0x0,
0x0,
0x0,
0x0,
0x0,
0x0,
0x0,
0x0,
0x0,
0x0,
0x0,
0x0,
0x0,
0x0,
0x0,
0x0,
0x0,
0x0,
0x0,
0x0,
0x0,
0x0,
0x0,
0x0,
0x0,
0x0,
0x0,
0x0,
0x0,
0x0,
0x0,
0x0,
0x0,
0x0,
0x0,
0x0,
0x0,
0x0,
0x0,
0x0,
0x0,
0x0,
0x0,
0x0,
0x0,
0x0,
0x0,
0x0,
0x0,
0x0,
0x0,
0x0,
0x0,
0x0,
0x0,
0x0,
0x0,
0x0,
0x0,
0x0,
0x0,
0x0,
0x0,
0x0,
0x0,
0x0,
0x0,
0x0,
0x0,
0x0,
0x0,
0x0,
0x0,
0x0,
0x0,
0x0,
0x0,
0x0,
0x0,
0x0,
0x0,
0x0,
0x0,
0x0,
0x0,
0x0,
0x0,
0x0,
0x0,
0x0,
0x0,
0x0,
0x0,
0x0,
0x0,
0x0,
0x0,
0x0,
0x0,
0x0,
0x0,
0x0,
0x0,
0x0,
0x0,
0x0,
0x0,
0x0,
0x0,
0x0,
0x0,
0x0,
0x0,
0x0,
0x0,
0x0,
0x0,
0x0,
0x0,
0x0,
0x0,
0x0,
0x0,
0x0,
0x0,
0x0,
0x0,
0x0,
0x0,
0x0,
0x0,
0x0,
0x0,
0x0,
0x0,
0x0,
0x0,
0x0,
0x0,
0x0,
0x0,
0x0,
0x0,
0x0,
0x0,
0x0,
0x0,
0x0,
0x0,
0x0,
0x0,
0x0,
0x0,
0x0,
0x0,
0x0,
0x0,
0x0,
0x0,
0x0,
0x0,
0x0,
0x0,
0x0,
0x0,
0x0,
0x0,
0x0,
0x0,
0x0,
0x0,
0x0,
0x0,
0x0,
0x0,
0x0,
0x0,
0x0,
0x0,
0x0,
0x0,
0x0,
0x0,
0x0,
0x0,
0x0,
0x0,
0x0,
0x0,
0x0,
0x0,
0x0,
0x0,
0x0,
0x0,
0x0,
0x0,
0x0,
0x0,
0x0,
0x0,
0x0,
0x0,
0x0,
0x0,
0x0,
0x0,
0x0,
0x0,
0x0,
0x0,
0x0,
0x0,
0x0,
0x0,
0x0,
0x0,
0x0,
0x0,
0x0,
0x0,
0x0,
0x0,
0x0,
0x0,
0x0,
0x0,
0x0,
0x0,
0x0,
0x0,
0x0,
0x0,
0x0,
0x0,
0x0,
0x0,
0x0,
0x0,
0x0,
0x0,
0x0,
0x0,
0x0,
0x0,
0x0,
0x0,
0x0,
0x0,
0x0,
0x0,
0x0,
0x0,
0x0,
0x0,
0x0,
0x0,
0x0,
0x0,
0x0,
0x0,
0x0,
0x0,
0x0,
0x0,
0x0,
0x0,
0x0,
0x0,
0x0,
0x0,
0x0,
0x0,
0x0,
0x0,
0x0,
0x0,
0x0,
0x0,
0x0,
0x0,
0x0,
0x0,
0x0,
0x0,
0x0,
0x0,
0x0,
0x0,
0x0,
0x0,
0x0,
0x0,
0x0,
0x0,
0x0,
0x0,
0x0,
0x0,
0x0,
0x0,
0x0,
0x0,
0x0,
0x0,
0x0,
0x0,
0x0,
0x0,
0x0,
0x0,
0x0,
0x0,
0x0,
0x0,
0x0,
0x0,
0x0,
0x0,
0x0,
0x0,
0x0,
0x0,
0x0,
0x0,
0x0,
0x0,
0x0,
0x0,
0x0,
0x0,
0x0,
0x0,
0x0,
0x0,
0x0,
0x0,
0x0,
0x0,
0x0,
0x0,
0x0,
0x0,
0x0,
0x0,
0x0,
0x0,
0x0,
0x0,
0x0,
0x0,
0x0,
0x0,
0x0,
0x0,
0x0,
0x0,
0x0,
0x0,
0x0,
0x0,
0x0,
0x0,
0x0,
0x0,
0x0,
0x0,
0x0,
0x0,
0x0,
0x0,
0x0,
0x0,
0x0,
0x0,
0x0,
0x0,
0x0,
0x0,
0x0,
0x0,
0x0,
0x0,
0x0,
0x0,
0x0,
0x0,
0x0,
0x0,
0x0,
0x0,
0x0,
0x0,
0x0,
0x0,
0x0,
0x0,
0x0,
0x0,
0x0,
0x0,
0x0,
0x0,
0x0,
0x0,
0x0,
0x0,
0x0,
0x0,
0x0,
0x0,
0x0,
0x0,
0x0,
0x0,
0x0,
0x0,
0x0,
0x0,
0x0,
0x0,
0x0,
0x0,
0x0,
0x0,
0x0,
0x0,
0x0,
0x0,
0x0,
0x0,
0x0,
0x0,
0x0,
0x0,
0x0,
0x0,
0x0,
0x0,
0x0,
0x0,
0x0,
0x0,
0x0,
0x0,
0x0,
0x0,
0x0,
0x0,
0x0,
0x0,
0x0,
0x0,
0x0,
0x0,
0x0,
0x0,
0x0,
0x0,
0x0,
0x0,
0x0,
0x0,
0x0,
0x0,
0x0,
0x0,
0x0,
0x0,
0x0,
0x0,
0x0,
0x0,
0x0,
0x0,
0x0,
0x0,
0x0,
0x0,
0x0,
0x0,
0x0,
0x0,
0x0,
0x0,
0x0,
0x0,
0x0,
0x0,
0x0,
0x0,
0x0,
0x0,
0x0,
0x0,
0x0,
0x0,
0x0,
0x0,
0x0,
0x0,
0x0,
0x0,
0x0,
0x0,
0x0,
0x0,
0x0,
0x0,
0x0,
0x0,
0x0,
0x0,
0x0,
0x0,
0x0,
0x0,
0x0,
0x0,
0x0,
0x0,
0x0,
0x0,
0x0,
0x0,
0x0,
0x0,
0x0,
0x0,
0x0,
0x0,
0x0,
0x0,
0x0,
0x0,
0x0,
0x0,
0x0,
0x0,
0x0,
0x0,
0x0,
0x0,
0x0,
0x0,
0x0,
0x0,
0x0,
0x0,
0x0,
0x0,
0x0,
0x0,
0x0,
0x0,
0x0,
0x0,
0x0,
0x0,
0x0,
0x0,
0x0,
0x0,
0x0,
0x0,
0x0,
0x0,
0x0,
0x0,
0x0,
0x0,
0x0,
0x0,
0x0,
0x0,
0x0,
0x0,
0x0,
0x0,
0x0,
0x0,
0x0,
0x0,
0x0,
0x0,
0x0,
0x0,
0x0,
0x0,
0x0,
0x0,
0x0,
0x0,
0x0,
0x0,
0x0,
0x0,
0x0,
0x0,
0x0,
0x0,
0x0,
0x0,
0x0,
0x0,
0x0,
0x0,
0x0,
0x0,
0x0,
0x0,
0x0,
0x0,
0x0,
0x0,
0x0,
0x0,
0x0,
0x0,
0x0,
0x0,
0x0,
0x0,
0x0,
0x0,
0x0,
0x0,
0x0,
0x0,
0x0,
0x0,
0x0,
0x0,
0x0,
0x0,
0x0,
0x0,
0x0,
0x0,
0x0,
0x0,
0x0,
0x0,
0x0,
0x0,
0x0,
0x0,
0x0,
0x0,
0x0,
0x0,
0x0,
0x0,
0x0,
0x0,
0x0,
0x0,
0x0,
0x0,
0x0,
0x0,
0x0,
0x0,
0x0,
0x0,
0x0,
0x0,
0x0,
0x0,
0x0,
0x0,
0x0,
0x0,
0x0,
0x0,
0x0,
0x0,
0x0,
0x0,
0x0,
0x0,
0x0,
0x0,
0x0,
0x0,
0x0,
0x0,
0x0,
0x0,
0x0,
0x0,
0x0,
0x0,
0x0,
0x0,
0x0,
0x0,
0x0,
0x0,
0x0,
0x0,
0x0,
0x0,
0x0,
0x0,
0x0,
0x0,
0x0,
0x0,
0x0,
0x0,
0x0,
0x0,
0x0,
0x0,
0x0,
0x0,
0x0,
0x0,
0x0,
0x0,
0x0,
0x0,
0x0,
0x0,
0x0,
0x0,
0x0,
0x0,
0x0,
0x0,
0x0,
0x0,
0x0,
0x0,
0x0,
0x0,
0x0,
0x0,
0x0,
0x0,
0x0,
0x0,
0x0,
0x0,
0x0,
0x0,
0x0,
0x0,
0x0,
0x0,
0x0,
0x0,
0x0,
0x0,
0x0,
0x0,
0x0,
0x0,
0x0,
0x0,
0x0,
0x0,
0x0,
0x0,
0x0,
0x0,
0x0,
0x0,
0x0,
0x0,
0x0,
0x0,
0x0,
0x0,
0x0,
0x0,
0x0,
0x0,
0x0,
0x0,
0x0,
0x0,
0x0,
0x0,
0x0,
0x0,
0x0,
0x0,
0x0,
0x0,
0x0,
0x0,
0x0,
0x0,
0x0,
0x0,
0x0,
0x0,
0x0,
0x0,
0x0,
0x0,
0x0,
0x0,
0x0,
0x0,
0x0,
0x0,
0x0,
0x0,
0x0,
0x0,
0x0,
0x0,
0x0,
0x0,
0x0,
0x0,
0x0,
0x0,
0x0,
0x0,
0x0,
0x0,
0x0,
0x0,
0x0,
0x0,
0x0,
0x0,
0x0,
0x0,
0x0,
0x0,
0x0,
0x0,
0x0,
0x0,
0x0,
0x0,
0x0,
0x0,
0x0,
0x0,
0x0,
0x0,
0x0,
0x0,
0x0,
0x0,
0x0,
0x0,
0x0,
0x0,
0x0,
0x0,
0x0,
0x0,
0x0,
0x0,
0x0,
0x0,
0x0,
0x0,
0x0,
0x0,
0x0,
0x0,
0x0,
0x0,
0x0,
0x0,
0x0,
0x0,
0x0,
0x0,
0x0,
0x0,
0x0,
0x0,
0x0,
0x0,
0x0,
0x0,
0x0,
0x0,
0x0,
0x0,
0x0,
0x0,
0x0,
0x0,
0x0,
0x0,
0x0,
0x0,
0x0,
0x0,
0x0,
0x0,
0x0,
0x0,
0x0,
0x0,
0x0,
0x0,
0x0,
0x0,
0x0,
0x0,
0x0,
0x0,
0x0,
0x0,
0x0,
0x0,
0x0,
0x0,
0x0,
0x0,
0x0,
0x0,
0x0,
0x0,
0x0,
0x0,
0x0,
0x0,
0x0,
0x0,
0x0,
0x0,
0x0,
0x0,
0x0,
0x0,
0x0,
0x0,
0x0,
0x0,
0x0,
0x0,
0x0,
0x0,
0x0,
0x0,
0x0,
0x0,
0x0,
0x0,
0x0,
0x0,
0x0,
0x0,
0x0,
0x0,
0x0,
0x0,
0x0,
0x0,
0x0,
0x0,
0x0,
0x0,
0x0,
0x0,
0x0,
0x0,
0x0,
0x0,
0x0,
0x0,
0x0,
0x0,
0x0,
0x0,
0x0,
0x0,
0x0,
0x0,
0x0,
0x0,
0x0,
0x0,
0x0,
0x0,
0x0,
0x0,
0x0,
0x0,
0x0,
0x0,
0x0,
0x0,
0x0,
0x0,
0x0,
0x0,
0x0,
0x0,
0x0,
0x0,
0x0,
0x0,
0x0,
0x0,
0x0,
0x0,
0x0,
0x0,
0x0,
0x0,
0x0,
0x0,
0x0,
0x0,
0x0,
0x0,
0x0,
0x0,
0x0,
0x0,
0x0,
0x0,
0x0,
0x0,
0x0,
0x0,
0x0,
0x0,
0x0,
0x0,
0x0,
0x0,
0x0,
0x0,
0x0,
0x0,
0x0,
0x0,
0x0,
0x0,
0x0,
0x0,
0x0,
0x0,
0x0,
0x0,
0x0,
0x0,
0x0,
0x0,
0x0,
0x0,
0x0,
0x0,
0x0,
0x0,
0x0,
0x0,
0x0,
0x0,
0x0,
0x0,
0x0,
0x0,
0x0,
0x0,
0x0,
0x0,
0x0,
0x0,
0x0,
0x0,
0x0,
0x0,
0x0,
0x0,
0x0,
0x0,
0x0,
0x0,
0x0,
0x0,
0x0,
0x0,
0x0,
0x0,
0x0,
0x0,
0x0,
0x0,
0x0,
0x0,
0x0,
0x0,
0x0,
0x0,
0x0,
0x0,
0x0,
0x0,
0x0,
0x0,
0x0,
0x0,
0x0,
0x0,
0x0,
0x0,
0x0,
0x0,
0x0,
0x0,
0x0,
0x0,
0x0,
0x0,
0x0,
0x0,
0x0,
0x0,
0x0,
0x0,
0x0,
0x0,
0x0,
0x0,
0x0,
0x0,
0x0,
0x0,
0x0,
0x0,
0x0,
0x0,
0x0,
0x0,
0x0,
0x0,
0x0,
0x0,
0x0,
0x0,
0x0,
0x0,
0x0,
0x0,
0x0,
0x0,
0x0,
0x0,
0x0,
0x0,
0x0,
0x0,
0x0,
0x0,
0x0,
0x0,
0x0,
0x0,
0x0,
0x0,
0x0,
0x0,
0x0,
0x0,
0x0,
0x0,
0x0,
0x0,
0x0,
0x0,
0x0,
0x0,
0x0,
0x0,
0x0,
0x0,
0x0,
0x0,
0x0,
0x0,
0x0,
0x0,
0x0,
0x0,
0x0,
0x0,
0x0,
0x0,
0x0,
0x0,
0x0,
0x0,
0x0,
0x0,
0x0,
0x0,
0x0,
0x0,
0x0,
0x0,
0x0,
0x0,
0x0,
0x0,
0x0,
0x0,
0x0,
0x0,
0x0,
0x0,
0x0,
0x0,
0x0,
0x0,
0x0,
0x0,
0x0,
0x0,
0x0,
0x0,
0x0,
0x0,
0x0,
0x0,
0x0,
0x0,
0x0,
0x0,
0x0,
0x0,
0x0,
0x0,
0x0,
0x0,
0x0,
0x0,
0x0,
0x0,
0x0,
0x0,
0x0,
0x0,
0x0,
0x0,
0x0,
0x0,
0x0,
0x0,
0x0,
0x0,
0x0,
0x0,
0x0,
0x0,
0x0,
0x0,
0x0,
0x0,
0x0,
0x0,
0x0,
0x0,
0x0,
0x0,
0x0,
0x0,
0x0,
0x0,
0x0,
0x0,
0x0,
0x0,
0x0,
0x0,
0x0,
0x0,
0x0,
0x0,
0x0,
0x0,
0x0,
0x0,
0x0,
0x0,
0x0,
0x0,
0x0,
0x0,
0x0,
0x0,
0x0,
0x0,
0x0,
0x0,
0x0,
0x0,
0x0,
0x0,
0x0,
0x0,
0x0,
0x0,
0x0,
0x0,
0x0,
0x0,
0x0,
0x0,
0x0,
0x0,
0x0,
0x0,
0x0,
0x0,
0x0,
0x0,
0x0,
0x0,
0x0,
0x0,
0x0,
0x0,
0x0,
0x0,
0x0,
0x0,
0x0,
0x0,
0x0,
0x0,
0x0,
0x0,
0x0,
0x0,
0x0,
0x0,
0x0,
0x0,
0x0,
0x0,
0x0,
0x0,
0x0,
0x0,
0x0,
0x0,
0x0,
0x0,
0x0,
0x0,
0x0,
0x0,
0x0,
0x0,
0x0,
0x0,
0x0,
0x0,
0x0,
0x0,
0x0,
0x0,
0x0,
0x0,
0x0,
0x0,
0x0,
0x0,
0x0,
0x0,
0x0,
0x0,
0x0,
0x0,
0x0,
0x0,
0x0,
0x0,
0x0,
0x0,
0x0,
0x0,
0x0,
0x0,
0x0,
0x0,
0x0,
0x0,
0x0,
0x0,
0x0,
0x0,
0x0,
0x0,
0x0,
0x0,
0x0,
0x0,
0x0,
0x0,
0x0,
0x0,
0x0,
0x0,
0x0,
0x0,
0x0,
0x0,
0x0,
0x0,
0x0,
0x0,
0x0,
0x0,
0x0,
0x0,
0x0,
0x0,
0x0,
0x0,
0x0,
0x0,
0x0,
0x0,
0x0,
0x0,
0x0,
0x0,
0x0,
0x0,
0x0,
0x0,
0x0,
0x0,
0x0,
0x0,
0x0,
0x0,
0x0,
0x0,
0x0,
0x0,
0x0,
0x0,
0x0,
0x0,
0x0,
0x0,
0x0,
0x0,
0x0,
0x0,
0x0,
0x0,
0x0,
0x0,
0x0,
0x0,
0x0,
0x0,
0x0,
0x0,
0x0,
0x0,
0x0,
0x0,
0x0,
0x0,
0x0,
0x0,
0x0,
0x0,
0x0,
0x0,
0x0,
0x0,
0x0,
0x0,
0x0,
0x0,
0x0,
0x0,
0x0,
0x0,
0x0,
0x0,
0x0,
0x0,
0x0,
0x0,
0x0,
0x0,
0x0,
0x0,
0x0,
0x0,
0x0,
0x0,
0x0,
0x0,
0x0,
0x0,
0x0,
0x0,
0x0,
0x0,
0x0,
0x0,
0x0,
0x0,
0x0,
0x0,
0x0,
0x0,
0x0,
0x0,
0x0,
0x0,
0x0,
0x0,
0x0,
0x0,
0x0,
0x0,
0x0,
0x0,
0x0,
0x0,
0x0,
0x0,
0x0,
0x0,
0x0,
0x0,
0x0,
0x0,
0x0,
0x0,
0x0,
0x0,
0x0,
0x0,
0x0,
0x0,
0x0,
0x0,
0x0,
0x0,
0x0,
0x0,
0x0,
0x0,
0x0,
0x0,
0x0,
0x0,
0x0,
0x0,
0x0,
0x0,
0x0,
0x0,
0x0,
0x0,
0x0,
0x0,
0x0,
0x0,
0x0,
0x0,
0x0,
0x0,
0x0,
0x0,
0x0,
0x0,
0x0,
0x0,
0x0,
0x0,
0x0,
0x0,
0x0,
0x0,
0x0,
0x0,
0x0,
0x0,
0x0,
0x0,
0x0,
0x0,
0x0,
0x0,
0x0,
0x0,
0x0,
0x0,
0x0,
0x0,
0x0,
0x0,
0x0,
0x0,
0x0,
0x0,
0x0,
0x0,
0x0,
0x0,
0x0,
0x0,
0x0,
0x0,
0x0,
0x0,
0x0,
0x0,
0x0,
0x0,
0x0,
0x0,
0x0,
0x0,
0x0,
0x0,
0x0,
0x0,
0x0,
0x0,
0x0,
0x0,
0x0,
0x0,
0x0,
0x0,
0x0,
0x0,
0x0,
0x0,
0x0,
0x0,
0x0,
0x0,
0x0,
0x0,
0x0,
0x0,
0x0,
0x0,
0x0,
0x0,
0x0,
0x0,
0x0,
0x0,
0x0,
0x0,
0x0,
0x0,
0x0,
0x0,
0x0,
0x0,
0x0,
0x0,
0x0,
0x0,
0x0,
0x0,
0x0,
0x0,
0x0,
0x0,
0x0,
0x0,
0x0,
0x0,
0x0,
0x0,
0x0,
0x0,
0x0,
0x0,
0x0,
0x0,
0x0,
0x0,
0x0,
0x0,
0x0,
0x0,
0x0,
0x0,
0x0,
0x0,
0x0,
0x0,
0x0,
0x0,
0x0,
0x0,
0x0,
0x0,
0x0,
0x0,
0x0,
0x0,
0x0,
0x0,
0x0,
0x0,
0x0,
0x0,
0x0,
0x0,
0x0,
0x0,
0x0,
0x0,
0x0,
0x0,
0x0,
0x0,
0x0,
0x0,
0x0,
0x0,
0x0,
0x0,
0x0,
0x0,
0x0,
0x0,
0x0,
0x0,
0x0,
0x0,
0x0,
0x0,
0x0,
0x0,
0x0,
0x0,
0x0,
0x0,
0x0,
0x0,
0x0,
0x0,
0x0,
0x0,
0x0,
0x0,
0x0,
0x0,
0x0,
0x0,
0x0,
0x0,
0x0,
0x0,
0x0,
0x0,
0x0,
0x0,
0x0,
0x0,
0x0,
0x0,
0x0,
0x0,
0x0,
0x0,
0x0,
0x0,
0x0,
0x0,
0x0,
0x0,
0x0,
0x0,
0x0,
0x0,
0x0,
0x0,
0x0,
0x0,
0x0,
0x0,
0x0,
0x0,
0x0,
0x0,
0x0,
0x0,
0x0,
0x0,
0x0,
0x0,
0x0,
0x0,
0x0,
0x0,
0x0,
0x0,
0x0,
0x0,
0x0,
0x0,
0x0,
0x0,
0x0,
0x0,
0x0,
0x0,
0x0,
0x0,
0x0,
0x0,
0x0,
0x0,
0x0,
0x0,
0x0,
0x0,
0x0,
0x0,
0x0,
0x0,
0x0,
0x0,
0x0,
0x0,
0x0,
0x0,
0x0,
0x0,
0x0,
0x0,
0x0,
0x0,
0x0,
0x0,
0x0,
0x0,
0x0,
0x0,
0x0,
0x0,
0x0,
0x0,
0x0,
0x0,
0x0,
0x0,
0x0,
0x0,
0x0,
0x0,
0x0,
0x0,
0x0,
0x0,
0x0,
0x0,
0x0,
0x0,
0x0,
0x0,
0x0,
0x0,
0x0,
0x0,
0x0,
0x0,
0x0,
0x0,
0x0,
0x0,
0x0,
0x0,
0x0,
0x0,
0x0,
0x0,
0x0,
0x0,
0x0,
0x0,
0x0,
0x0,
0x0,
0x0,
0x0,
0x0,
0x0,
0x0,
0x0,
0x0,
0x0,
0x0,
0x0,
0x0,
0x0,
0x0,
0x0,
0x0,
0x0,
0x0,
0x0,
0x0,
0x0,
0x0,
0x0,
0x0,
0x0,
0x0,
0x0,
0x0,
0x0,
0x0,
0x0,
0x0,
0x0,
0x0,
0x0,
0x0,
0x0,
0x0,
0x0,
0x0,
0x0,
0x0,
0x0,
0x0,
0x0,
0x0,
0x0,
0x0,
0x0,
0x0,
0x0,
0x0,
0x0,
0x0,
0x0,
0x0,
0x0,
0x0,
0x0,
0x0,
0x0,
0x0,
0x0,
0x0,
0x0,
0x0,
0x0,
0x0,
0x0,
0x0,
0x0,
0x0,
0x0,
0x0,
0x0,
0x0,
0x0,
0x0,
0x0,
0x0,
0x0,
0x0,
0x0,
0x0,
0x0,
0x0,
0x0,
0x0,
0x0,
0x0,
0x0,
0x0,
0x0,
0x0,
0x0,
0x0,
0x0,
0x0,
0x0,
0x0,
0x0,
0x0,
0x0,
0x0,
0x0,
0x0,
0x0,
0x0,
0x0,
0x0,
0x0,
0x0,
0x0,
0x0,
0x0,
0x0,
0x0,
0x0,
0x0,
0x0,
0x0,
0x0,
0x0,
0x0,
0x0,
0x0,
0x0,
0x0,
0x0,
0x0,
0x0,
0x0,
0x0,
0x0,
0x0,
0x0,
0x0,
0x0,
0x0,
0x0,
0x0,
0x0,
0x0,
0x0,
0x0,
0x0,
0x0,
0x0,
0x0,
0x0,
0x0,
0x0,
0x0,
0x0,
0x0,
0x0,
0x0,
0x0,
0x0,
0x0,
0x0,
0x0,
0x0,
0x0,
0x0,
0x0,
0x0,
0x0,
0x0,
0x0,
0x0,
0x0,
0x0,
0x0,
0x0,
0x0,
0x0,
0x0,
0x0,
0x0,
0x0,
0x0,
0x0,
0x0,
0x0,
0x0,
0x0,
0x0,
0x0,
0x0,
0x0,
0x0,
0x0,
0x0,
0x0,
0x0,
0x0,
0x0,
0x0,
0x0,
0x0,
0x0,
0x0,
0x0,
0x0,
0x0,
0x0,
0x0,
0x0,
0x0,
0x0,
0x0,
0x0,
0x0,
0x0,
0x0,
0x0,
0x0,
0x0,
0x0,
0x0,
0x0,
0x0,
0x0,
0x0,
0x0,
0x0,
0x0,
0x0,
0x0,
0x0,
0x0,
0x0,
0x0,
0x0,
0x0,
0x0,
0x0,
0x0,
0x0,
0x0,
0x0,
0x0,
0x0,
0x0,
0x0,
0x0,
0x0,
0x0,
0x0,
0x0,
0x0,
0x0,
0x0,
0x0,
0x0,
0x0,
0x0,
0x0,
0x0,
0x0,
0x0,
0x0,
0x0,
0x0,
0x0,
0x0,
0x0,
0x0,
0x0,
0x0,
0x0,
0x0,
0x0,
0x0,
0x0,
0x0,
0x0,
0x0,
0x0,
0x0,
0x0,
0x0,
0x0,
0x0,
0x0,
0x0,
0x0,
0x0,
0x0,
0x0,
0x0,
0x0,
0x0,
0x0,
0x0,
0x0,
0x0,
0x0,
0x0,
0x0,
0x0,
0x0,
0x0,
0x0,
0x0,
0x0,
0x0,
0x0,
0x0,
0x0,
0x0,
0x0,
0x0,
0x0,
0x0,
0x0,
0x0,
0x0,
0x0,
0x0,
0x0,
0x0,
0x0,
0x0,
0x0,
0x0,
0x0,
0x0,
0x0,
0x0,
0x0,
0x0,
0x0,
0x0,
0x0,
0x0,
0x0,
0x0,
0x0,
0x0,
0x0,
0x0,
0x0,
0x0,
0x0,
0x0,
0x0,
0x0,
0x0,
0x0,
0x0,
0x0,
0x0,
0x0,
0x0,
0x0,
0x0,
0x0,
0x0,
0x0,
0x0,
0x0,
0x0,
0x0,
0x0,
0x0,
0x0,
0x0,
0x0,
0x0,
0x0,
0x0,
0x0,
0x0,
0x0,
0x0,
0x0,
0x0,
0x0,
0x0,
0x0,
0x0,
0x0,
0x0,
0x0,
0x0,
0x0,
0x0,
0x0,
0x0,
0x0,
0x0,
0x0,
0x0,
0x0,
0x0,
0x0,
0x0,
0x0,
0x0,
0x0,
0x0,
0x0,
0x0,
0x0,
0x0,
0x0,
0x0,
0x0,
0x0,
0x0,
0x0,
0x0,
0x0,
0x0,
0x0,
0x0,
0x0,
0x0,
0x0,
0x0,
0x0,
0x0,
0x0,
0x0,
0x0,
0x0,
0x0,
0x0,
0x0,
0x0,
0x0,
0x0,
0x0,
0x0,
0x0,
0x0,
0x0,
0x0,
0x0,
0x0,
0x0,
0x0,
0x0,
0x0,
0x0,
0x0,
0x0,
0x0,
0x0,
0x0,
0x0,
0x0,
0x0,
0x0,
0x0,
0x0,
0x0,
0x0,
0x0,
0x0,
0x0,
0x0,
0x0,
0x0,
0x0,
0x0,
0x0,
0x0,
0x0,
0x0,
0x0,
0x0,
0x0,
0x0,
0x0,
0x0,
0x0,
0x0,
0x0,
0x0,
0x0,
0x0,
0x0,
0x0,
0x0,
0x0,
0x0,
0x0,
0x0,
0x0,
0x0,
0x0,
0x0,
0x0,
0x0,
0x0,
0x0,
0x0,
0x0,
0x0,
0x0,
0x0,
0x0,
0x0,
0x0,
0x0,
0x0,
0x0,
0x0,
0x0,
0x0,
0x0,
0x0,
0x0,
0x0,
0x0,
0x0,
0x0,
0x0,
0x0,
0x0,
0x0,
0x0,
0x0,
0x0,
0x0,
0x0,
0x0,
0x0,
0x0,
0x0,
0x0,
0x0,
0x0,
0x0,
0x0,
0x0,
0x0,
0x0,
0x0,
0x0,
0x0,
0x0,
0x0,
0x0,
0x0,
0x0,
0x0,
0x0,
0x0,
0x0,
0x0,
0x0,
0x0,
0x0,
0x0,
0x0,
0x0,
0x0,
0x0,
0x0,
0x0,
0x0,
0x0,
0x0,
0x0,
0x0,
0x0,
0x0,
0x0,
0x0,
0x0,
0x0,
0x0,
0x0,
0x0,
0x0,
0x0,
0x0,
0x0,
0x0,
0x0,
0x0,
0x0,
0x0,
0x0,
0x0,
0x0,
0x0,
0x0,
0x0,
0x0,
0x0,
0x0,
0x0,
0x0,
0x0,
0x0,
0x0,
0x0,
0x0,
0x0,
0x0,
0x0,
0x0,
0x0,
0x0,
0x0,
0x0,
0x0,
0x0,
0x0,
0x0,
0x0,
0x0,
0x0,
0x0,
0x0,
0x0,
0x0,
0x0,
0x0,
0x0,
0x0,
0x0,
0x0,
0x0,
0x0,
0x0,
0x0,
0x0,
0x0,
0x0,
0x0,
0x0,
0x0,
0x0,
0x0,
0x0,
0x0,
0x0,
0x0,
0x0,
0x0,
0x0,
0x0,
0x0,
0x0,
0x0,
0x0,
0x0,
0x0,
0x0,
0x0,
0x0,
0x0,
0x0,
0x0,
0x0,
0x0,
0x0,
0x0,
0x0,
0x0,
0x0,
0x0,
0x0,
0x0,
0x0,
0x0,
0x0,
0x0,
0x0,
0x0,
0x0,
0x0,
0x0,
0x0,
0x0,
0x0,
0x0,
0x0,
0x0,
0x0,
0x0,
0x0,
0x0,
0x0,
0x0,
0x0,
0x0,
0x0,
0x0,
0x0,
0x0,
0x0,
0x0,
0x0,
0x0,
0x0,
0x0,
0x0,
0x0,
0x0,
0x0,
0x0,
0x0,
0x0,
0x0,
0x0,
0x0,
0x0,
0x0,
0x0,
0x0,
0x0,
0x0,
0x0,
0x0,
0x0,
0x0,
0x0,
0x0,
0x0,
0x0,
0x0,
0x0,
0x0,
0x0,
0x0,
0x0,
0x0,
0x0,
0x0,
0x0,
0x0,
0x0,
0x0,
0x0,
0x0,
0x0,
0x0,
0x0,
0x0,
0x0,
0x0,
0x0,
0x0,
0x0,
0x0,
0x0,
0x0,
0x0,
0x0,
0x0,
0x0,
0x0,
0x0,
0x0,
0x0,
0x0,
0x0,
0x0,
0x0,
0x0,
0x0,
0x0,
0x0,
0x0,
0x0,
0x0,
0x0,
0x0,
0x0,
0x0,
0x0,
0x0,
0x0,
0x0,
0x0,
0x0,
0x0,
0x0,
0x0,
0x0,
0x0,
0x0,
0x0,
0x0,
0x0,
0x0,
0x0,
0x0,
0x0,
0x0,
0x0,
0x0,
0x0,
0x0,
0x0,
0x0,
0x0,
0x0,
0x0,
0x0,
0x0,
0x0,
0x0,
0x0,
0x0,
0x0,
0x0,
0x0,
0x0,
0x0,
0x0,
0x0,
0x0,
0x0,
0x0,
0x0,
0x0,
0x0,
0x0,
0x0,
0x0,
0x0,
0x0,
0x0,
0x0,
0x0,
0x0,
0x0,
0x0,
0x0,
0x0,
0x0,
0x0,
0x0,
0x0,
0x0,
0x0,
0x0,
0x0,
0x0,
0x0,
0x0,
0x0,
0x0,
0x0,
0x0,
0x0,
0x0,
0x0,
0x0,
0x0,
0x0,
0x0,
0x0,
0x0,
0x0,
0x0,
0x0,
0x0,
0x0,
0x0,
0x0,
0x0,
0x0,
0x0,
0x0,
0x0,
0x0,
0x0,
0x0,
0x0,
0x0,
0x0,
0x0,
0x0,
0x0,
0x0,
0x0,
0x0,
0x0,
0x0,
0x0,
0x0,
0x0,
0x0,
0x0,
0x0,
0x0,
0x0,
0x0,
0x0,
0x0,
0x0,
0x0,
0x0,
0x0,
0x0,
0x0,
0x0,
0x0,
0x0,
0x0,
0x0,
0x0,
0x0,
0x0,
0x0,
0x0,
0x0,
0x0,
0x0,
0x0,
0x0,
0x0,
0x0,
0x0,
0x0,
0x0,
0x0,
0x0,
0x0,
0x0,
0x0,
0x0,
0x0,
0x0,
0x0,
0x0,
0x0,
0x0,
0x0,
0x0,
0x0,
0x0,
0x0,
0x0,
0x0,
0x0,
0x0,
0x0,
0x0,
0x0,
0x0,
0x0,
0x0,
0x0,
0x0,
0x0,
0x0,
0x0,
0x0,
0x0,
0x0,
0x0,
0x0,
0x0,
0x0,
0x0,
0x0,
0x0,
0x0,
0x0,
0x0,
0x0,
0x0,
0x0,
0x0,
0x0,
0x0,
0x0,
0x0,
0x0,
0x0,
0x0,
0x0,
0x0,
0x0,
0x0,
0x0,
0x0,
0x0,
0x0,
0x0,
0x0,
0x0,
0x0,
0x0,
0x0,
0x0,
0x0,
0x0,
0x0,
0x0,
0x0,
0x0,
0x0,
0x0,
0x0,
0x0,
0x0,
0x0,
0x0,
0x0,
0x0,
0x0,
0x0,
0x0,
0x0,
0x0,
0x0,
0x0,
0x0,
0x0,
0x0,
0x0,
0x0,
0x0,
0x0,
0x0,
0x0,
0x0,
0x0,
0x0,
0x0,
0x0,
0x0,
0x0,
0x0,
0x0,
0x0,
0x0,
0x0,
0x0,
0x0,
0x0,
0x0,
0x0,
0x0,
0x0,
0x0,
0x0,
0x0,
0x0,
0x0,
0x0,
0x0,
0x0,
0x0,
0x0,
0x0,
0x0,
0x0,
0x0,
0x0,
0x0,
0x0,
0x0,
0x0,
0x0,
0x0,
0x0,
0x0,
0x0,
0x0,
0x0,
0x0,
0x0,
0x0,
0x0,
0x0,
0x0,
0x0,
0x0,
0x0,
0x0,
0x0,
0x0,
0x0,
0x0,
0x0,
0x0,
0x0,
0x0,
0x0,
0x0,
0x0,
0x0,
0x0,
0x0,
0x0,
0x0,
0x0,
0x0,
0x0,
0x0,
0x0,
0x0,
0x0,
0x0,
0x0,
0x0,
0x0,
0x0,
0x0,
0x0,
0x0,
0x0,
0x0,
0x0,
0x0,
0x0,
0x0,
0x0,
0x0,
0x0,
0x0,
0x0,
0x0,
0x0,
0x0,
0x0,
0x0,
0x0,
0x0,
0x0,
0x0,
0x0,
0x0,
0x0,
0x0,
0x0,
0x0,
0x0,
0x0,
0x0,
0x0,
0x0,
0x0,
0x0,
0x0,
0x0,
0x0,
0x0,
0x0,
0x0,
0x0,
0x0,
0x0,
0x0,
0x0,
0x0,
0x0,
0x0,
0x0,
0x0,
0x0,
0x0,
0x0,
0x0,
0x0,
0x0,
0x0,
0x0,
0x0,
0x0,
0x0,
0x0,
0x0,
0x0,
0x0,
0x0,
0x0,
0x0,
0x0,
0x0,
0x0,
0x0,
0x0,
0x0,
0x0,
0x0,
0x0,
0x0,
0x0,
0x0,
0x0,
0x0,
0x0,
0x0,
0x0,
0x0,
0x0,
0x0,
0x0,
0x0,
0x0,
0x0,
0x0,
0x0,
0x0,
0x0,
0x0,
0x0,
0x0,
0x0,
0x0,
0x0,
0x0,
0x0,
0x0,
0x0,
0x0,
0x0,
0x0,
0x0,
0x0,
0x0,
0x0,
0x0,
0x0,
0x0,
0x0,
0x0,
0x0,
0x0,
0x0,
0x0,
0x0,
0x0,
0x0,
0x0,
0x0,
0x0,
0x0,
0x0,
0x0,
0x0,
0x0,
0x0,
0x0,
0x0,
0x0,
0x0,
0x0,
0x0,
0x0,
0x0,
0x0,
0x0,
0x0,
0x0,
0x0,
0x0,
0x0,
0x0,
0x0,
0x0,
0x0,
0x0,
0x0,
0x0,
0x0,
0x0,
0x0,
0x0,
0x0,
0x0,
0x0,
0x0,
0x0,
0x0,
0x0,
0x0,
0x0,
0x0,
0x0,
0x0,
0x0,
0x0,
0x0,
0x0,
0x0,
0x0,
0x0,
0x0,
0x0,
0x0,
0x0,
0x0,
0x0,
0x0,
0x0,
0x0,
0x0,
0x0,
0x0,
0x0,
0x0,
0x0,
0x0,
0x0,
0x0,
0x0,
0x0,
0x0,
0x0,
0x0,
0x0,
0x0,
0x0,
0x0,
0x0,
0x0,
0x0,
0x0,
0x0,
0x0,
0x0,
0x0,
0x0,
0x0,
0x0,
0x0,
0x0,
0x0,
0x0,
0x0,
0x0,
0x0,
0x0,
0x0,
0x0,
0x0,
0x0,
0x0,
0x0,
0x0,
0x0,
0x0,
0x0,
0x0,
0x0,
0x0,
0x0,
0x0,
0x0,
0x0,
0x0,
0x0,
0x0,
0x0,
0x0,
0x0,
0x0,
0x0,
0x0,
0x0,
0x0,
0x0,
0x0,
0x0,
0x0,
0x0,
0x0,
0x0,
0x0,
0x0,
0x0,
0x0,
0x0,
0x0,
0x0,
0x0,
0x0,
0x0,
0x0,
0x0,
0x0,
0x0,
0x0,
0x0,
0x0,
0x0,
0x0,
0x0,
0x0,
0x0,
0x0,
0x0,
0x0,
0x0,
0x0,
0x0,
0x0,
0x0,
0x0,
0x0,
0x0,
0x0,
0x0,
0x0,
0x0,
0x0,
0x0,
0x0,
0x0,
0x0,
0x0,
0x0,
0x0,
0x0,
0x0,
0x0,
0x0,
0x0,
0x0,
0x0,
0x0,
0x0,
0x0,
0x0,
0x0,
0x0,
0x0,
0x0,
0x0,
0x0,
0x0,
0x0,
0x0,
0x0,
0x0,
0x0,
0x0,
0x0,
0x0,
0x0,
0x0,
0x0,
0x0,
0x0,
0x0,
0x0,
0x0,
0x0,
0x0,
0x0,
0x0,
0x0,
0x0,
0x0,
0x0,
0x0,
0x0,
0x0,
0x0,
0x0,
0x0,
0x0,
0x0,
0x0,
0x0,
0x0,
0x0,
0x0,
0x0,
0x0,
0x0,
0x0,
0x0,
0x0,
0x0,
0x0,
0x0,
0x0,
0x0,
0x0,
0x0,
0x0,
0x0,
0x0,
0x0,
0x0,
0x0,
0x0,
0x0,
0x0,
0x0,
0x0,
0x0,
0x0,
0x0,
0x0,
0x0,
0x0,
0x0,
0x0,
0x0,
0x0,
0x0,
0x0,
0x0,
0x0,
0x0,
0x0,
0x0,
0x0,
0x0,
0x0,
0x0,
0x0,
0x0,
0x0,
0x0,
0x0,
0x0,
0x0,
0x0,
0x0,
0x0,
0x0,
0x0,
0x0,
0x0,
0x0,
0x0,
0x0,
0x0,
0x0,
0x0,
0x0,
0x0,
0x0,
0x0,
0x0,
0x0,
0x0,
0x0,
0x0,
0x0,
0x0,
0x0,
0x0,
0x0,
0x0,
0x0,
0x0,
0x0,
0x0,
0x0,
0x0,
0x0,
0x0,
0x0,
0x0,
0x0,
0x0,
0x0,
0x0,
0x0,
0x0,
0x0,
0x0,
0x0,
0x0,
0x0,
0x0,
0x0,
0x0,
0x0,
0x0,
0x0,
0x0,
0x0,
0x0,
0x0,
0x0,
0x0,
0x0,
0x0,
0x0,
0x0,
0x0,
0x0,
0x0,
0x0,
0x0,
0x0,
0x0,
0x0,
0x0,
0x0,
0x0,
0x0,
0x0,
0x0,
0x0,
0x0,
0x0,
0x0,
0x0,
0x0,
0x0,
0x0,
0x0,
0x0,
0x0,
0x0,
0x0,
0x0,
0x0,
0x0,
0x0,
0x0,
0x0,
0x0,
0x0,
0x0,
0x0,
0x0,
0x0,
0x0,
0x0,
0x0,
0x0,
0x0,
0x0,
0x0,
0x0,
0x0,
0x0,
0x0,
0x0,
0x0,
0x0,
0x0,
0x0,
0x0,
0x0,
0x0,
0x0,
0x0,
0x0,
0x0,
0x0,
0x0,
0x0,
0x0,
0x0,
0x0,
0x0,
0x0,
0x0,
0x0,
0x0,
0x0,
0x0,
0x0,
0x0,
0x0,
0x0,
0x0,
0x0,
0x0,
0x0,
0x0,
0x0,
0x0,
0x0,
0x0,
0x0,
0x0,
0x0,
0x0,
0x0,
0x0,
0x0,
0x0,
0x0,
0x0,
0x0,
0x0,
0x0,
0x0,
0x0,
0x0,
0x0,
0x0,
0x0,
0x0,
0x0,
0x0,
0x0,
0x0,
0x0,
0x0,
0x0,
0x0,
0x0,
0x0,
0x0,
0x0,
0x0,
0x0,
0x0,
0x0,
0x0,
0x0,
0x0,
0x0,
0x0,
0x0,
0x0,
0x0,
0x0,
0x0,
0x0,
0x0,
0x0,
0x0,
0x0,
0x0,
0x0,
0x0,
0x0,
0x0,
0x0,
0x0,
0x0,
0x0,
0x0,
0x0,
0x0,
0x0,
0x0,
0x0,
0x0,
0x0,
0x0,
0x0,
0x0,
0x0,
0x0,
0x0,
0x0,
0x0,
0x0,
0x0,
0x0,
0x0,
0x0,
0x0,
0x0,
0x0,
0x0,
0x0,
0x0,
0x0,
0x0,
0x0,
0x0,
0x0,
0x0,
0x0,
0x0,
0x0,
0x0,
0x0,
0x0,
0x0,
0x0,
0x0,
0x0,
0x0,
0x0,
0x0,
0x0,
0x0,
0x0,
0x0,
0x0,
0x0,
0x0,
0x0,
0x0,
0x0,
0x0,
0x0,
0x0,
0x0,
0x0,
0x0,
0x0,
0x0,
0x0,
0x0,
0x0,
0x0,
0x0,
0x0,
0x0,
0x0,
0x0,
0x0,
0x0,
0x0,
0x0,
0x0,
0x0,
0x0,
0x0,
0x0,
0x0,
0x0,
0x0,
0x0,
0x0,
0x0,
0x0,
0x0,
0x0,
0x0,
0x0,
0x0,
0x0,
0x0,
0x0,
0x0,
0x0,
0x0,
0x0,
0x0,
0x0,
0x0,
0x0,
0x0,
0x0,
0x0,
0x0,
0x0,
0x0,
0x0,
0x0,
0x0,
0x0,
0x0,
0x0,
0x0,
0x0,
0x0,
0x0,
0x0,
0x0,
0x0,
0x0,
0x0,
0x0,
0x0,
0x0,
0x0,
0x0,
0x0,
0x0,
0x0,
0x0,
0x0,
0x0,
0x0,
0x0,
0x0,
0x0,
0x0,
0x0,
0x0,
0x0,
0x0,
0x0,
0x0,
0x0,
0x0,
0x0,
0x0,
0x0,
0x0,
0x0,
0x0,
0x0,
0x0,
0x0,
0x0,
0x0,
0x0,
0x0,
0x0,
0x0,
0x0,
0x0,
0x0,
0x0,
0x0,
0x0,
0x0,
0x0,
0x0,
0x0,
0x0,
0x0,
0x0,
0x0,
0x0,
0x0,
0x0,
0x0,
0x0,
0x0,
0x0,
0x0,
0x0,
0x0,
0x0,
0x0,
0x0,
0x0,
0x0,
0x0,
0x0,
0x0,
0x0,
0x0,
0x0,
0x0,
0x0,
0x0,
0x0,
0x0,
0x0,
0x0,
0x0,
0x0,
0x0,
0x0,
0x0,
0x0,
0x0,
0x0,
0x0,
0x0,
0x0,
0x0,
0x0,
0x0,
0x0,
0x0,
0x0,
0x0,
0x0,
0x0,
0x0,
0x0,
0x0,
0x0,
0x0,
0x0,
0x0,
0x0,
0x0,
0x0,
0x0,
0x0,
0x0,
0x0,
0x0,
0x0,
0x0,
0x0,
0x0,
0x0,
0x0,
0x0,
0x0,
0x0,
0x0,
0x0,
0x0,
0x0,
0x0,
0x0,
0x0,
0x0,
0x0,
0x0,
0x0,
0x0,
0x0,
0x0,
0x0,
0x0,
0x0,
0x0,
0x0,
0x0,
0x0,
0x0,
0x0,
0x0,
0x0,
0x0,
0x0,
0x0,
0x0,
0x0,
0x0,
0x0,
0x0,
0x0,
0x0,
0x0,
0x0,
0x0,
0x0,
0x0,
0x0,
0x0,
0x0,
0x0,
0x0,
0x0,
0x0,
0x0,
0x0,
0x0,
0x0,
0x0,
0x0,
0x0,
0x0,
0x0,
0x0,
0x0,
0x0,
0x0,
0x0,
0x0,
0x0,
0x0,
0x0,
0x0,
0x0,
0x0,
0x0,
0x0,
0x0,
0x0,
0x0,
0x0,
0x0,
0x0,
0x0,
0x0,
0x0,
0x0,
0x0,
0x0,
0x0,
0x0,
0x0,
0x0,
0x0,
0x0,
0x0,
0x0,
0x0,
0x0,
0x0,
0x0,
0x0,
0x0,
0x0,
0x0,
0x0,
0x0,
0x0,
0x0,
0x0,
0x0,
0x0,
0x0,
0x0,
0x0,
0x0,
0x0,
0x0,
0x0,
0x0,
0x0,
0x0,
0x0,
0x0,
0x0,
0x0,
0x0,
0x0,
0x0,
0x0,
0x0,
0x0,
0x0,
0x0,
0x0,
0x0,
0x0,
0x0,
0x0,
0x0,
0x0,
0x0,
0x0,
0x0,
0x0,
0x0,
0x0,
0x0,
0x0,
0x0,
0x0,
0x0,
0x0,
0x0,
0x0,
0x0,
0x0,
0x0,
0x0,
0x0,
0x0,
0x0,
0x0,
0x0,
0x0,
0x0,
0x0,
0x0,
0x0,
0x0,
0x0,
0x0,
0x0,
0x0,
0x0,
0x0,
0x0,
0x0,
0x0,
0x0,
0x0,
0x0,
0x0,
0x0,
0x0,
0x0,
0x0,
0x0,
0x0,
0x0,
0x0,
0x0,
0x0,
0x0,
0x0,
0x0,
0x0,
0x0,
0x0,
0x0,
0x0,
0x0,
0x0,
0x0,
0x0,
0x0,
0x0,
0x0,
0x0,
0x0,
0x0,
0x0,
0x0,
0x0,
0x0,
0x0,
0x0,
0x0,
0x0,
0x0,
0x0,
0x0,
0x0,
0x0,
0x0,
0x0,
0x0,
0x0,
0x0,
0x0,
0x0,
0x0,
0x0,
0x0,
0x0,
0x0,
0x0,
0x0,
0x0,
0x0,
0x0,
0x0,
0x0,
0x0,
0x0,
0x0,
0x0,
0x0,
0x0,
0x0,
0x0,
0x0,
0x0,
0x0,
0x0,
0x0,
0x0,
0x0,
0x0,
0x0,
0x0,
0x0,
0x0,
0x0,
0x0,
0x0,
0x0,
0x0,
0x0,
0x0,
0x0,
0x0,
0x0,
0x0,
0x0,
0x0,
0x0,
0x0,
0x0,
0x0,
0x0,
0x0,
0x0,
0x0,
0x0,
0x0,
0x0,
0x0,
0x0,
0x0,
0x0,
0x0,
0x0,
0x0,
0x0,
0x0,
0x0,
0x0,
0x0,
0x0,
0x0,
0x0,
0x0,
0x0,
0x0,
0x0,
0x0,
0x0,
0x0,
0x0,
0x0,
0x0,
0x0,
0x0,
0x0,
0x0,
0x0,
0x0,
0x0,
0x0,
0x0,
0x0,
0x0,
0x0,
0x0,
0x0,
0x0,
0x0,
0x0,
0x0,
0x0,
0x0,
0x0,
0x0,
0x0,
0x0,
0x0,
0x0,
0x0,
0x0,
0x0,
0x0,
0x0,
0x0,
0x0,
0x0,
0x0,
0x0,
0x0,
0x0,
0x0,
0x0,
0x0,
0x0,
0x0,
0x0,
0x0,
0x0,
0x0,
0x0,
0x0,
0x0,
0x0,
0x0,
0x0,
0x0,
0x0,
0x0,
0x0,
0x0,
0x0,
0x0,
0x0,
0x0,
0x0,
0x0,
0x0,
0x0,
0x0,
0x0,
0x0,
0x0,
0x0,
0x0,
0x0,
0x0,
0x0,
0x0,
0x0,
0x0,
0x0,
0x0,
0x0,
0x0,
0x0,
0x0,
0x0,
0x0,
0x0,
0x0,
0x0,
0x0,
0x0,
0x0,
0x0,
0x0,
0x0,
0x0,
0x0,
0x0,
0x0,
0x0,
0x0,
0x0,
0x0,
0x0,
0x0,
0x0,
0x0,
0x0,
0x0,
0x0,
0x0,
0x0,
0x0,
0x0,
0x0,
0x0,
0x0,
0x0,
0x0,
0x0,
0x0,
0x0,
0x0,
0x0,
0x0,
0x0,
0x0,
0x0,
0x0,
0x0,
0x0,
0x0,
0x0,
0x0,
0x0,
0x0,
0x0,
0x0,
0x0,
0x0,
0x0,
0x0,
0x0,
0x0,
0x0,
0x0,
0x0,
0x0,
0x0,
0x0,
0x0,
0x0,
0x0,
0x0,
0x0,
0x0,
0x0,
0x0,
0x0,
0x0,
0x0,
0x0,
0x0,
0x0,
0x0,
0x0,
0x0,
0x0,
0x0,
0x0,
0x0,
0x0,
0x0,
0x0,
0x0,
0x0,
0x0,
0x0,
0x0,
0x0,
0x0,
0x0,
0x0,
0x0,
0x0,
0x0,
0x0,
0x0,
0x0,
0x0,
0x0,
0x0,
0x0,
0x0,
0x0,
0x0,
0x0,
0x0,
0x0,
0x0,
0x0,
0x0,
0x0,
0x0,
0x0,
0x0,
0x0,
0x0,
0x0,
0x0,
0x0,
0x0,
0x0,
0x0,
0x0,
0x0,
0x0,
0x0,
0x0,
0x0,
0x0,
0x0,
0x0,
0x0,
0x0,
0x0,
0x0,
0x0,
0x0,
0x0,
0x0,
0x0,
0x0,
0x0,
0x0,
0x0,
0x0,
0x0,
0x0,
0x0,
0x0,
0x0,
0x0,
0x0,
0x0,
0x0,
0x0,
0x0,
0x0,
0x0,
0x0,
0x0,
0x0,
0x0,
0x0,
0x0,
0x0,
0x0,
0x0,
0x0,
0x0,
0x0,
0x0,
0x0,
0x0,
0x0,
0x0,
0x0,
0x0,
0x0,
0x0,
0x0,
0x0,
0x0,
0x0,
0x0,
0x0,
0x0,
0x0,
0x0,
0x0,
0x0,
0x0,
0x0,
0x0,
0x0,
0x0,
0x0,
0x0,
0x0,
0x0,
0x0,
0x0,
0x0,
0x0,
0x0,
0x0,
0x0,
0x0,
0x0,
0x0,
0x0,
0x0,
0x0,
0x0,
0x0,
0x0,
0x0,
0x0,
0x0,
0x0,
0x0,
0x0,
0x0,
0x0,
0x0,
0x0,
0x0,
0x0,
0x0,
0x0,
0x0,
0x0,
0x0,
0x0,
0x0,
0x0,
0x0,
0x0,
0x0,
0x0,
0x0,
0x0,
0x0,
0x0,
0x0,
0x0,
0x0,
0x0,
0x0,
0x0,
0x0,
0x0,
0x0,
0x0,
0x0,
0x0,
0x0,
0x0,
0x0,
0x0,
0x0,
0x0,
0x0,
0x0,
0x0,
0x0,
0x0,
0x0,
0x0,
0x0,
0x0,
0x0,
0x0,
0x0,
0x0,
0x0,
0x0,
0x0,
0x0,
0x0,
0x0,
0x0,
0x0,
0x0,
0x0,
0x0,
0x0,
0x0,
0x0,
0x0,
0x0,
0x0,
0x0,
0x0,
0x0,
0x0,
0x0,
0x0,
0x0,
0x0,
0x0,
0x0,
0x0,
0x0,
0x0,
0x0,
0x0,
0x0,
0x0,
0x0,
0x0,
0x0,
0x0,
0x0,
0x0,
0x0,
0x0,
0x0,
0x0,
0x0,
0x0,
0x0,
0x0,
0x0,
0x0,
0x0,
0x0,
0x0,
0x0,
0x0,
0x0,
0x0,
0x0,
0x0,
0x0,
0x0,
0x0,
0x0,
0x0,
0x0,
0x0,
0x0,
0x0,
0x0,
0x0,
0x0,
0x0,
0x0,
0x0,
0x0,
0x0,
0x0,
0x0,
0x0,
0x0,
0x0,
0x0,
0x0,
0x0,
0x0,
0x0,
0x0,
0x0,
0x0,
0x0,
0x0,
0x0,
0x0,
0x0,
0x0,
0x0,
0x0,
0x0,
0x0,
0x0,
0x0,
0x0,
0x0,
0x0,
0x0,
0x0,
0x0,
0x0,
0x0,
0x0,
0x0,
0x0,
0x0,
0x0,
0x0,
0x0,
0x0,
0x0,
0x0,
0x0,
0x0,
0x0,
0x0,
0x0,
0x0,
0x0,
0x0,
0x0,
0x0,
0x0,
0x0,
0x0,
0x0,
0x0,
0x0,
0x0,
0x0,
0x0,
0x0,
0x0,
0x0,
0x0,
0x0,
0x0,
0x0,
0x0,
0x0,
0x0,
0x0,
0x0,
0x0,
0x0,
0x0,
0x0,
0x0,
0x0,
0x0,
0x0,
0x0,
0x0,
0x0,
0x0,
0x0,
0x0,
0x0,
0x0,
0x0,
0x0,
0x0,
0x0,
0x0,
0x0,
0x0,
0x0,
0x0,
0x0,
0x0,
0x0,
0x0,
0x0,
0x0,
0x0,
0x0,
0x0,
0x0,
0x0,
0x0,
0x0,
0x0,
0x0,
0x0,
0x0,
0x0,
0x0,
0x0,
0x0,
0x0,
0x0,
0x0,
0x0,
0x0,
0x0,
0x0,
0x0,
0x0,
0x0,
0x0,
0x0,
0x0,
0x0,
0x0,
0x0,
0x0,
0x0,
0x0,
0x0,
0x0,
0x0,
0x0,
0x0,
0x0,
0x0,
0x0,
0x0,
0x0,
0x0,
0x0,
0x0,
0x0,
0x0,
0x0,
0x0,
0x0,
0x0,
0x0,
0x0,
0x0,
0x0,
0x0,
0x0,
0x0,
0x0,
0x0,
0x0,
0x0,
0x0,
0x0,
0x0,
0x0,
0x0,
0x0,
0x0,
0x0,
0x0,
0x0,
0x0,
0x0,
0x0,
0x0,
0x0,
0x0,
0x0,
0x0,
0x0,
0x0,
0x0,
0x0,
0x0,
0x0,
0x0,
0x0,
0x0,
0x0,
0x0,
0x0,
0x0,
0x0,
0x0,
0x0,
0x0,
0x0,
0x0,
0x0,
0x0,
0x0,
0x0,
0x0,
0x0,
0x0,
0x0,
0x0,
0x0,
0x0,
0x0,
0x0,
0x0,
0x0,
0x0,
0x0,
0x0,
0x0,
0x0,
0x0,
0x0,
0x0,
0x0,
0x0,
0x0,
0x0,
0x0,
0x0,
0x0,
0x0,
0x0,
0x0,
0x0,
0x0,
0x0,
0x0,
0x0,
0x0,
0x0,
0x0,
0x0,
0x0,
0x0,
0x0,
0x0,
0x0,
0x0,
0x0,
0x0,
0x0,
0x0,
0x0,
0x0,
0x0,
0x0,
0x0,
0x0,
0x0,
0x0,
0x0,
0x0,
0x0,
0x0,
0x0,
0x0,
0x0,
0x0,
0x0,
0x0,
0x0,
0x0,
0x0,
0x0,
0x0,
0x0,
0x0,
0x0,
0x0,
0x0,
0x0,
0x0,
0x0,
0x0,
0x0,
0x0,
0x0,
0x0,
0x0,
0x0,
0x0,
0x0,
0x0,
0x0,
0x0,
0x0,
0x0,
0x0,
0x0,
0x0,
0x0,
0x0,
0x0,
0x0,
0x0,
0x0,
0x0,
0x0,
0x0,
0x0,
0x0,
0x0,
0x0,
0x0,
0x0,
0x0,
0x0,
0x0,
0x0,
0x0,
0x0,
0x0,
0x0,
0x0,
0x0,
0x0,
0x0,
0x0,
0x0,
0x0,
0x0,
0x0,
0x0,
0x0,
0x0,
0x0,
0x0,
0x0,
0x0,
0x0,
0x0,
0x0,
0x0,
0x0,
0x0,
0x0,
0x0,
0x0,
0x0,
0x0,
0x0,
0x0,
0x0,
0x0,
0x0,
0x0,
0x0,
0x0,
0x0,
0x0,
0x0,
0x0,
0x0,
0x0,
0x0,
0x0,
0x0,
0x0,
0x0,
0x0,
0x0,
0x0,
0x0,
0x0,
0x0,
0x0,
0x0,
0x0,
0x0,
0x0,
0x0,
0x0,
0x0,
0x0,
0x0,
0x0,
0x0,
0x0,
0x0,
0x0,
0x0,
0x0,
0x0,
0x0,
0x0,
0x0,
0x0,
0x0,
0x0,
0x0,
0x0,
0x0,
0x0,
0x0,
0x0,
0x0,
0x0,
0x0,
0x0,
0x0,
0x0,
0x0,
0x0,
0x0,
0x0,
0x0,
0x0,
0x0,
0x0,
0x0,
0x0,
0x0,
0x0,
0x0,
0x0,
0x0,
0x0,
0x0,
0x0,
0x0,
0x0,
0x0,
0x0,
0x0,
0x0,
0x0,
0x0,
0x0,
0x0,
0x0,
0x0,
0x0,
0x0,
0x0,
0x0,
0x0,
0x0,
0x0,
0x0,
0x0,
0x0,
0x0,
0x0,
0x0,
0x0,
0x0,
0x0,
0x0,
0x0,
0x0,
0x0,
0x0,
0x0,
0x0,
0x0,
0x0,
0x0,
0x0,
0x0,
0x0,
0x0,
0x0,
0x0,
0x0,
0x0,
0x0,
0x0,
0x0,
0x0,
0x0,
0x0,
0x0,
0x0,
0x0,
0x0,
0x0,
0x0,
0x0,
0x0,
0x0,
0x0,
0x0,
0x0,
0x0,
0x0,
0x0,
0x0,
0x0,
0x0,
0x0,
0x0,
0x0,
0x0,
0x0,
0x0,
0x0,
0x0,
0x0,
0x0,
0x0,
0x0,
0x0,
0x0,
0x0,
0x0,
0x0,
0x0,
0x0,
0x0,
0x0,
0x0,
0x0,
0x0,
0x0,
0x0,
0x0,
0x0,
0x0,
0x0,
0x0,
0x0,
0x0,
0x0,
0x0,
0x0,
0x0,
0x0,
0x0,
0x0,
0x0,
0x0,
0x0,
0x0,
0x0,
0x0,
0x0,
0x0,
0x0,
0x0,
0x0,
0x0,
0x0,
0x0,
0x0,
0x0,
0x0,
0x0,
0x0,
0x0,
0x0,
0x0,
0x0,
0x0,
0x0,
0x0,
0x0,
0x0,
0x0,
0x0,
0x0,
0x0,
0x0,
0x0,
0x0,
0x0,
0x0,
0x0,
0x0,
0x0,
0x0,
0x0,
0x0,
0x0,
0x0,
0x0,
0x0,
0x0,
0x0,
0x0,
0x0,
0x0,
0x0,
0x0,
0x0,
0x0,
0x0,
0x0,
0x0,
0x0,
0x0,
0x0,
0x0,
0x0,
0x0,
0x0,
0x0,
0x0,
0x0,
0x0,
0x0,
0x0,
0x0,
0x0,
0x0,
0x0,
0x0,
0x0,
0x0,
0x0,
0x0,
0x0,
0x0,
0x0,
0x0,
0x0,
0x0,
0x0,
0x0,
0x0,
0x0,
0x0,
0x0,
0x0,
0x0,
0x0,
0x0,
0x0,
0x0,
0x0,
0x0,
0x0,
0x0,
0x0,
0x0,
0x0,
0x0,
0x0,
0x0,
0x0,
0x0,
0x0,
0x0,
0x0,
0x0,
0x0,
0x0,
0x0,
0x0,
0x0,
0x0,
0x0,
0x0,
0x0,
0x0,
0x0,
0x0,
0x0,
0x0,
0x0,
0x0,
0x0,
0x0,
0x0,
0x0,
0x0,
0x0,
0x0,
0x0,
0x0,
0x0,
0x0,
0x0,
0x0,
0x0,
0x0,
0x0,
0x0,
0x0,
0x0,
0x0,
0x0,
0x0,
0x0,
0x0,
0x0,
0x0,
0x0,
0x0,
0x0,
0x0,
0x0,
0x0,
0x0,
0x0,
0x0,
0x0,
0x0,
0x0,
0x0,
0x0,
0x0,
0x0,
0x0,
0x0,
0x0,
0x0,
0x0,
0x0,
0x0,
0x0,
0x0,
0x0,
0x0,
0x0,
0x0,
0x0,
0x0,
0x0,
0x0,
0x0,
0x0,
0x0,
0x0,
0x0,
0x0,
0x0,
0x0,
0x0,
0x0,
0x0,
0x0,
0x0,
0x0,
0x0,
0x0,
0x0,
0x0,
0x0,
0x0,
0x0,
0x0,
0x0,
0x0,
0x0,
0x0,
0x0,
0x0,
0x0,
0x0,
0x0,
0x0,
0x0,
0x0,
0x0,
0x0,
0x0,
0x0,
0x0,
0x0,
0x0,
0x0,
0x0,
0x0,
0x0,
0x0,
0x0,
0x0,
0x0,
0x0,
0x0,
0x0,
0x0,
0x0,
0x0,
0x0,
0x0,
0x0,
0x0,
0x0,
0x0,
0x0,
0x0,
0x0,
0x0,
0x0,
0x0,
0x0,
0x0,
0x0,
0x0,
0x0,
0x0,
0x0,
0x0,
0x0,
0x0,
0x0,
0x0,
0x0,
0x0,
0x0,
0x0,
0x0,
0x0,
0x0,
0x0,
0x0,
0x0,
0x0,
0x0,
0x0,
0x0,
0x0,
0x0,
0x0,
0x0,
0x0,
0x0,
0x0,
0x0,
0x0,
0x0,
0x0,
0x0,
0x0,
0x0,
0x0,
0x0,
0x0,
0x0,
0x0,
0x0,
0x0,
0x0,
0x0,
0x0,
0x0,
0x0,
0x0,
0x0,
0x0,
0x0,
0x0,
0x0,
0x0,
0x0,
0x0,
0x0,
0x0,
0x0,
0x0,
0x0,
0x0,
0x0,
0x0,
0x0,
0x0,
0x0,
0x0,
0x0,
0x0,
0x0,
0x0,
0x0,
0x0,
0x0,
0x0,
0x0,
0x0,
0x0,
0x0,
0x0,
0x0,
0x0,
0x0,
0x0,
0x0,
0x0,
0x0,
0x0,
0x0,
0x0,
0x0,
0x0,
0x0,
0x0,
0x0,
0x0,
0x0,
0x0,
0x0,
0x0,
0x0,
0x0,
0x0,
0x0,
0x0,
0x0,
0x0,
0x0,
0x0,
0x0,
0x0,
0x0,
0x0,
0x0,
0x0,
0x0,
0x0,
0x0,
0x0,
0x0,
0x0,
0x0,
0x0,
0x0,
0x0,
0x0,
0x0,
0x0,
0x0,
0x0,
0x0,
0x0,
0x0,
0x0,
0x0,
0x0,
0x0,
0x0,
0x0,
0x0,
0x0,
0x0,
0x0,
0x0,
0x0,
0x0,
0x0,
0x0,
0x0,
0x0,
0x0,
0x0,
0x0,
0x0,
0x0,
0x0,
0x0,
0x0,
0x0,
0x0,
0x0,
0x0,
0x0,
0x0,
0x0,
0x0,
0x0,
0x0,
0x0,
0x0,
0x0,
0x0,
0x0,
0x0,
0x0,
0x0,
0x0,
0x0,
0x0,
0x0,
0x0,
0x0,
0x0,
0x0,
0x0,
0x0,
0x0,
0x0,
0x0,
0x0,
0x0,
0x0,
0x0,
0x0,
0x0,
0x0,
0x0,
0x0,
0x0,
0x0,
0x0,
0x0,
0x0,
0x0,
0x0,
0x0,
0x0,
0x0,
0x0,
0x0,
0x0,
0x0,
0x0,
0x0,
0x0,
0x0,
0x0,
0x0,
0x0,
0x0,
0x0,
0x0,
0x0,
0x0,
0x0,
0x0,
0x0,
0x0,
0x0,
0x0,
0x0,
0x0,
0x0,
0x0,
0x0,
0x0,
0x0,
0x0,
0x0,
0x0,
0x0,
0x0,
0x0,
0x0,
0x0,
0x0,
0x0,
0x0,
0x0,
0x0,
0x0,
0x0,
0x0,
0x0,
0x0,
0x0,
0x0,
0x0,
0x0,
0x0,
0x0,
0x0,
0x0,
0x0,
0x0,
0x0,
0x0,
0x0,
0x0,
0x0,
0x0,
0x0,
0x0,
0x0,
0x0,
0x0,
0x0,
0x0,
0x0,
0x0,
0x0,
0x0,
0x0,
0x0,
0x0,
0x0,
0x0,
0x0,
0x0,
0x0,
0x0,
0x0,
0x0,
0x0,
0x0,
0x0,
0x0,
0x0,
0x0,
0x0,
0x0,
0x0,
0x0,
0x0,
0x0,
0x0,
0x0,
0x0,
0x0,
0x0,
0x0,
0x0,
0x0,
0x0,
0x0,
0x0,
0x0,
0x0,
0x0,
0x0,
0x0,
0x0,
0x0,
0x0,
0x0,
0x0,
0x0,
0x0,
0x0,
0x0,
0x0,
0x0,
0x0,
0x0,
0x0,
0x0,
0x0,
0x0,
0x0,
0x0,
0x0,
0x0,
0x0,
0x0,
0x0,
0x0,
0x0,
0x0,
0x0,
0x0,
0x0,
0x0,
0x0,
0x0,
0x0,
0x0,
0x0,
0x0,
0x0,
0x0,
0x0,
0x0,
0x0,
0x0,
0x0,
0x0,
0x0,
0x0,
0x0,
0x0,
0x0,
0x0,
0x0,
0x0,
0x0,
0x0,
0x0,
0x0,
0x0,
0x0,
0x0,
0x0,
0x0,
0x0,
0x0,
0x0,
0x0,
0x0,
0x0,
0x0,
0x0,
0x0,
0x0,
0x0,
0x0,
0x0,
0x0,
0x0,
0x0,
0x0,
0x0,
0x0,
0x0,
0x0,
0x0,
0x0,
0x0,
0x0,
0x0,
0x0,
0x0,
0x0,
0x0,
0x0,
0x0,
0x0,
0x0,
0x0,
0x0,
0x0,
0x0,
0x0,
0x0,
0x0,
0x0,
0x0,
0x0,
0x0,
0x0,
0x0,
0x0,
0x0,
0x0,
0x0,
0x0,
0x0,
0x0,
0x0,
0x0,
0x0,
0x0,
0x0,
0x0,
0x0,
0x0,
0x0,
0x0,
0x0,
0x0,
0x0,
0x0,
0x0,
0x0,
0x0,
0x0,
0x0,
0x0,
0x0,
0x0,
0x0,
0x0,
0x0,
0x0,
0x0,
0x0,
0x0,
0x0,
0x0,
0x0,
0x0,
0x0,
0x0,
0x0,
0x0,
0x0,
0x0,
0x0,
0x0,
0x0,
0x0,
0x0,
0x0,
0x0,
0x0,
0x0,
0x0,
0x0,
0x0,
0x0,
0x0,
0x0,
0x0,
0x0,
0x0,
0x0,
0x0,
0x0,
0x0,
0x0,
0x0,
0x0,
0x0,
0x0,
0x0,
0x0,
0x0,
0x0,
0x0,
0x0,
0x0,
0x0,
0x0,
0x0,
0x0,
0x0,
0x0,
0x0,
0x0,
0x0,
0x0,
0x0,
0x0,
0x0,
0x0,
0x0,
0x0,
0x0,
0x0,
0x0,
0x0,
0x0,
0x0,
0x0,
0x0,
0x0,
0x0,
0x0,
0x0,
0x0,
0x0,
0x0,
0x0,
0x0,
0x0,
0x0,
0x0,
0x0,
0x0,
0x0,
0x0,
0x0,
0x0,
0x0,
0x0,
0x0,
0x0,
0x0,
0x0,
0x0,
0x0,
0x0,
0x0,
0x0,
0x0,
0x0,
0x0,
0x0,
0x0,
0x0,
0x0,
0x0,
0x0,
0x0,
0x0,
0x0,
0x0,
0x0,
0x0,
0x0,
0x0,
0x0,
0x0,
0x0,
0x0,
0x0,
0x0,
0x0,
0x0,
0x0,
0x0,
0x0,
0x0,
0x0,
0x0,
0x0,
0x0,
0x0,
0x0,
0x0,
0x0,
0x0,
0x0,
0x0,
0x0,
0x0,
0x0,
0x0,
0x0,
0x0,
0x0,
0x0,
0x0,
0x0,
0x0,
0x0,
0x0,
0x0,
0x0,
0x0,
0x0,
0x0,
0x0,
0x0,
0x0,
0x0,
0x0,
0x0,
0x0,
0x0,
0x0,
0x0,
0x0,
0x0,
0x0,
0x0,
0x0,
0x0,
0x0,
0x0,
0x0,
0x0,
0x0,
0x0,
0x0,
0x0,
0x0,
0x0,
0x0,
0x0,
0x0,
0x0,
0x0,
0x0,
0x0,
0x0,
0x0,
0x0,
0x0,
0x0,
0x0,
0x0,
0x0,
0x0,
0x0,
0x0,
0x0,
0x0,
0x0,
0x0,
0x0,
0x0,
0x0,
0x0,
0x0,
0x0,
0x0,
0x0,
0x0,
0x0,
0x0,
0x0,
0x0,
0x0,
0x0,
0x0,
0x0,
0x0,
0x0,
0x0,
0x0,
0x0,
0x0,
0x0,
0x0,
0x0,
0x0,
0x0,
0x0,
0x0,
0x0,
0x0,
0x0,
0x0,
0x0,
0x0,
0x0,
0x0,
0x0,
0x0,
0x0,
0x0,
0x0,
0x0,
0x0,
0x0,
0x0,
0x0,
0x0,
0x0,
0x0,
0x0,
0x0,
0x0,
0x0,
0x0,
0x0,
0x0,
0x0,
0x0,
0x0,
0x0,
0x0,
0x0,
0x0,
0x0,
0x0,
0x0,
0x0,
0x0,
0x0,
0x0,
0x0,
0x0,
0x0,
0x0,
0x0,
0x0,
0x0,
0x0,
0x0,
0x0,
0x0,
0x0,
0x0,
0x0,
0x0,
0x0,
0x0,
0x0,
0x0,
0x0,
0x0,
0x0,
0x0,
0x0,
0x0,
0x0,
0x0,
0x0,
0x0,
0x0,
0x0,
0x0,
0x0,
0x0,
0x0,
0x0,
0x0,
0x0,
0x0,
0x0,
0x0,
0x0,
0x0,
0x0,
0x0,
0x0,
0x0,
0x0,
0x0,
0x0,
0x0,
0x0,
0x0,
0x0,
0x0,
0x0,
0x0,
0x0,
0x0,
0x0,
0x0,
0x0,
0x0,
0x0,
0x0,
0x0,
0x0,
0x0,
0x0,
0x0,
0x0,
0x0,
0x0,
0x0,
0x0,
0x0,
0x0,
0x0,
0x0,
0x0,
0x0,
0x0,
0x0,
0x0,
0x0,
0x0,
0x0,
0x0,
0x0,
0x0,
0x0,
0x0,
0x0,
0x0,
0x0,
0x0,
0x0,
0x0,
0x0,
0x0,
0x0,
0x0,
0x0,
0x0,
0x0,
0x0,
0x0,
0x0,
0x0,
0x0,
0x0,
0x0,
0x0,
0x0,
0x0,
0x0,
0x0,
0x0,
0x0,
0x0,
0x0,
0x0,
0x0,
0x0,
0x0,
0x0,
0x0,
0x0,
0x0,
0x0,
0x0,
0x0,
0x0,
0x0,
0x0,
0x0,
0x0,
0x0,
0x0,
0x0,
0x0,
0x0,
0x0,
0x0,
0x0,
0x0,
0x0,
0x0,
0x0,
0x0,
0x0,
0x0,
0x0,
0x0,
0x0,
0x0,
0x0,
0x0,
0x0,
0x0,
0x0,
0x0,
0x0,
0x0,
0x0,
0x0,
0x0,
0x0,
0x0,
0x0,
0x0,
0x0,
0x0,
0x0,
0x0,
0x0,
0x0,
0x0,
0x0,
0x0,
0x0,
0x0,
0x0,
0x0,
0x0,
0x0,
0x0,
0x0,
0x0,
0x0,
0x0,
0x0,
0x0,
0x0,
0x0,
0x0,
0x0,
0x0,
0x0,
0x0,
0x0,
0x0,
0x0,
0x0,
0x0,
0x0,
0x0,
0x0,
0x0,
0x0,
0x0,
0x0,
0x0,
0x0,
0x0,
0x0,
0x0,
0x0,
0x0,
0x0,
0x0,
0x0,
0x0,
0x0,
0x0,
0x0,
0x0,
0x0,
0x0,
0x0,
0x0,
0x0,
0x0,
0x0,
0x0,
0x0,
0x0,
0x0,
0x0,
0x0,
0x0,
0x0,
0x0,
0x0,
0x0,
0x0,
0x0,
0x0,
0x0,
0x0,
0x0,
0x0,
0x0,
0x0,
0x0,
0x0,
0x0,
0x0,
0x0,
0x0,
0x0,
0x0,
0x0,
0x0,
0x0,
0x0,
0x0,
0x0,
0x0,
0x0,
0x0,
0x0,
0x0,
0x0,
0x0,
0x0,
0x0,
0x0,
0x0,
0x0,
0x0,
0x0,
0x0,
0x0,
0x0,
0x0,
0x0,
0x0,
0x0,
0x0,
0x0,
0x0,
0x0,
0x0,
0x0,
0x0,
0x0,
0x0,
0x0,
0x0,
0x0,
0x0,
0x0,
0x0,
0x0,
0x0,
0x0,
0x0,
0x0,
0x0,
0x0,
0x0,
0x0,
0x0,
0x0,
0x0,
0x0,
0x0,
0x0,
0x0,
0x0,
0x0,
0x0,
0x0,
0x0,
0x0,
0x0,
0x0,
0x0,
0x0,
0x0,
0x0,
0x0,
0x0,
0x0,
0x0,
0x0,
0x0,
0x0,
0x0,
0x0,
0x0,
0x0,
0x0,
0x0,
0x0,
0x0,
0x0,
0x0,
0x0,
0x0,
0x0,
0x0,
0x0,
0x0,
0x0,
0x0,
0x0,
0x0,
0x0,
0x0,
0x0,
0x0,
0x0,
0x0,
0x0,
0x0,
0x0,
0x0,
0x0,
0x0,
0x0,
0x0,
0x0,
0x0,
0x0,
0x0,
0x0,
0x0,
0x0,
0x0,
0x0,
0x0,
0x0,
0x0,
0x0,
0x0,
0x0,
0x0,
0x0,
0x0,
0x0,
0x0,
0x0,
0x0,
0x0,
0x0,
0x0,
0x0,
0x0,
0x0,
0x0,
0x0,
0x0,
0x0,
0x0,
0x0,
0x0,
0x0,
0x0,
0x0,
0x0,
0x0,
0x0,
0x0,
0x0,
0x0,
0x0,
0x0,
0x0,
0x0,
0x0,
0x0,
0x0,
0x0,
0x0,
0x0,
0x0,
0x0,
0x0,
0x0,
0x0,
0x0,
0x0,
0x0,
0x0,
0x0,
0x0,
0x0,
0x0,
0x0,
0x0,
0x0,
0x0,
0x0,
0x0,
0x0,
0x0,
0x0,
0x0,
0x0,
0x0,
0x0,
0x0,
0x0,
0x0,
0x0,
0x0,
0x0,
0x0,
0x0,
0x0,
0x0,
0x0,
0x0,
0x0,
0x0,
0x0,
0x0,
0x0,
0x0,
0x0,
0x0,
0x0,
0x0,
0x0,
0x0,
0x0,
0x0,
0x0,
0x0,
0x0,
0x0,
0x0,
0x0,
0x0,
0x0,
0x0,
0x0,
0x0,
0x0,
0x0,
0x0,
0x0,
0x0,
0x0,
0x0,
0x0,
0x0,
0x0,
0x0,
0x0,
0x0,
0x0,
0x0,
0x0,
0x0,
0x0,
0x0,
0x0,
0x0,
0x0,
0x0,
0x0,
0x0,
0x0,
0x0,
0x0,
0x0,
0x0,
0x0,
0x0,
0x0,
0x0,
0x0,
0x0,
0x0,
0x0,
0x0,
0x0,
0x0,
0x0,
0x0,
0x0,
0x0,
0x0,
0x0,
0x0,
0x0,
0x0,
0x0,
0x0,
0x0,
0x0,
0x0,
0x0,
0x0,
0x0,
0x0,
0x0,
0x0,
0x0,
0x0,
0x0,
0x0,
0x0,
0x0,
0x0,
0x0,
0x0,
0x0,
0x0,
0x0,
0x0,
0x0,
0x0,
0x0,
0x0,
0x0,
0x0,
0x0,
0x0,
0x0,
0x0,
0x0,
0x0,
0x0,
0x0,
0x0,
0x0,
0x0,
0x0,
0x0,
0x0,
0x0,
0x0,
0x0,
0x0,
0x0,
0x0,
0x0,
0x0,
0x0,
0x0,
0x0,
0x0,
0x0,
0x0,
0x0,
0x0,
0x0,
0x0,
0x0,
0x0,
0x0,
0x0,
0x0,
0x0,
0x0,
0x0,
0x0,
0x0,
0x0,
0x0,
0x0,
0x0,
0x0,
0x0,
0x0,
0x0,
0x0,
0x0,
0x0,
0x0,
0x0,
0x0,
0x0,
0x0,
0x0,
0x0,
0x0,
0x0,
0x0,
0x0,
0x0,
0x0,
0x0,
0x0,
0x0,
0x0,
0x0,
0x0,
0x0,
0x0,
0x0,
0x0,
0x0,
0x0,
0x0,
0x0,
0x0,
0x0,
0x0,
0x0,
0x0,
0x0,
0x0,
0x0,
0x0,
0x0,
0x0,
0x0,
0x0,
0x0,
0x0,
0x0,
0x0,
0x0,
0x0,
0x0,
0x0,
0x0,
0x0,
0x0,
0x0,
0x0,
0x0,
0x0,
0x0,
0x0,
0x0,
0x0,
0x0,
0x0,
0x0,
0x0,
0x0,
0x0,
0x0,
0x0,
0x0,
0x0,
0x0,
0x0,
0x0,
0x0,
0x0,
0x0,
0x0,
0x0,
0x0,
0x0,
0x0,
0x0,
0x0,
0x0,
0x0,
0x0,
0x0,
0x0,
0x0,
0x0,
0x0,
0x0,
0x0,
0x0,
0x0,
0x0,
0x0,
0x0,
0x0,
0x0,
0x0,
0x0,
0x0,
0x0,
0x0,
0x0,
0x0,
0x0,
0x0,
0x0,
0x0,
0x0,
0x0,
0x0,
0x0,
0x0,
0x0,
0x0,
0x0,
0x0,
0x0,
0x0,
0x0,
0x0,
0x0,
0x0,
0x0,
0x0,
0x0,
0x0,
0x0,
0x0,
0x0,
0x0,
0x0,
0x0,
0x0,
0x0,
0x0,
0x0,
0x0,
0x0,
0x0,
0x0,
0x0,
0x0,
0x0,
0x0,
0x0,
0x0,
0x0,
0x0,
0x0,
0x0,
0x0,
0x0,
0x0,
0x0,
0x0,
0x0,
0x0,
0x0,
0x0,
0x0,
0x0,
0x0,
0x0,
0x0,
0x0,
0x0,
0x0,
0x0,
0x0,
0x0,
0x0,
0x0,
0x0,
0x0,
0x0,
0x0,
0x0,
0x0,
0x0,
0x0,
0x0,
0x0,
0x0,
0x0,
0x0,
0x0,
0x0,
0x0,
0x0,
0x0,
0x0,
0x0,
0x0,
0x0,
0x0,
0x0,
0x0,
0x0,
0x0,
0x0,
0x0,
0x0,
0x0,
0x0,
0x0,
0x0,
0x0,
0x0,
0x0,
0x0,
0x0,
0x0,
0x0,
0x0,
0x0,
0x0,
0x0,
0x0,
0x0,
0x0,
0x0,
0x0,
0x0,
0x0,
0x0,
0x0,
0x0,
0x0,
0x0,
0x0,
0x0,
0x0,
0x0,
0x0,
0x0,
0x0,
0x0,
0x0,
0x0,
0x0,
0x0,
0x0,
0x0,
0x0,
0x0,
0x0,
0x0,
0x0,
0x0,
0x0,
0x0,
0x0,
0x0,
0x0,
0x0,
0x0,
0x0,
0x0,
0x0,
0x0,
0x0,
0x0,
0x0,
0x0,
0x0,
0x0,
0x0,
0x0,
0x0,
0x0,
0x0,
0x0,
0x0,
0x0,
0x0,
0x0,
0x0,
0x0,
0x0,
0x0,
0x0,
0x0,
0x0,
0x0,
0x0,
0x0,
0x0,
0x0,
0x0,
0x0,
0x0,
0x0,
0x0,
0x0,
0x0,
0x0,
0x0,
0x0,
0x0,
0x0,
0x0,
0x0,
0x0,
0x0,
0x0,
0x0,
0x0,
0x0,
0x0,
0x0,
0x0,
0x0,
0x0,
0x0,
0x0,
0x0,
0x0,
0x0,
0x0,
0x0,
0x0,
0x0,
0x0,
0x0,
0x0,
0x0,
0x0,
0x0,
0x0,
0x0,
0x0,
0x0,
0x0,
0x0,
0x0,
0x0,
0x0,
0x0,
0x0,
0x0,
0x0,
0x0,
0x0,
0x0,
0x0,
0x0,
0x0,
0x0,
0x0,
0x0,
0x0,
0x0,
0x0,
0x0,
0x0,
0x0,
0x0,
0x0,
0x0,
0x0,
0x0,
0x0,
0x0,
0x0,
0x0,
0x0,
0x0,
0x0,
0x0,
0x0,
0x0,
0x0,
0x0,
0x0,
0x0,
0x0,
0x0,
0x0,
0x0,
0x0,
0x0,
0x0,
0x0,
0x0,
0x0,
0x0,
0x0,
0x0,
0x0,
0x0,
0x0,
0x0,
0x0,
0x0,
0x0,
0x0,
0x0,
0x0,
0x0,
0x0,
0x0,
0x0,
0x0,
0x0,
0x0,
0x0,
0x0,
0x0,
0x0,
0x0,
0x0,
0x0,
0x0,
0x0,
0x0,
0x0,
0x0,
0x0,
0x0,
0x0,
0x0,
0x0,
0x0,
0x0,
0x0,
0x0,
0x0,
0x0,
0x0,
0x0,
0x0,
0x0,
0x0,
0x0,
0x0,
0x0,
0x0,
0x0,
0x0,
0x0,
0x0,
0x0,
0x0,
0x0,
0x0,
0x0,
0x0,
0x0,
0x0,
0x0,
0x0,
0x0,
0x0,
0x0,
0x0,
0x0,
0x0,
0x0,
0x0,
0x0,
0x0,
0x0,
0x0,
0x0,
0x0,
0x0,
0x0,
0x0,
0x0,
0x0,
0x0,
0x0,
0x0,
0x0,
0x0,
0x0,
0x0,
0x0,
0x0,
0x0,
0x0,
0x0,
0x0,
0x0,
0x0,
0x0,
0x0,
0x0,
0x0,
0x0,
0x0,
0x0,
0x0,
0x0,
0x0,
0x0,
0x0,
0x0,
0x0,
0x0,
0x0,
0x0,
0x0,
0x0,
0x0,
0x0,
0x0,
0x0,
0x0,
0x0,
0x0,
0x0,
0x0,
0x0,
0x0,
0x0,
0x0,
0x0,
0x0,
0x0,
0x0,
0x0,
0x0,
0x0,
0x0,
0x0,
0x0,
0x0,
0x0,
0x0,
0x0,
0x0,
0x0,
0x0,
0x0,
0x0,
0x0,
0x0,
0x0,
0x0,
0x0,
0x0,
0x0,
0x0,
0x0,
0x0,
0x0,
0x0,
0x0,
0x0,
0x0,
0x0,
0x0,
0x0,
0x0,
0x0,
0x0,
0x0,
0x0,
0x0,
0x0,
0x0,
0x0,
0x0,
0x0,
0x0,
0x0,
0x0,
0x0,
0x0,
0x0,
0x0,
0x0,
0x0,
0x0,
0x0,
0x0,
0x0,
0x0,
0x0,
0x0,
0x0,
0x0,
0x0,
0x0,
0x0,
0x0,
0x0,
0x0,
0x0,
0x0,
0x0,
0x0,
0x0,
0x0,
0x0,
0x0,
0x0,
0x0,
0x0,
0x0,
0x0,
0x0,
0x0,
0x0,
0x0,
0x0,
0x0,
0x0,
0x0,
0x0,
0x0,
0x0,
0x0,
0x0,
0x0,
0x0,
0x0,
0x0,
0x0,
0x0,
0x0,
0x0,
0x0,
0x0,
0x0,
0x0,
0x0,
0x0,
0x0,
0x0,
0x0,
0x0,
0x0,
0x0,
0x0,
0x0,
0x0,
0x0,
0x0,
0x0,
0x0,
0x0,
0x0,
0x0,
0x0,
0x0,
0x0,
0x0,
0x0,
0x0,
0x0,
0x0,
0x0,
0x0,
0x0,
0x0,
0x0,
0x0,
0x0,
0x0,
0x0,
0x0,
0x0,
0x0,
0x0,
0x0,
0x0,
0x0,
0x0,
0x0,
0x0,
0x0,
0x0,
0x0,
0x0,
0x0,
0x0,
0x0,
0x0,
0x0,
0x0,
0x0,
0x0,
0x0,
0x0,
0x0,
0x0,
0x0,
0x0,
0x0,
0x0,
0x0,
0x0,
0x0,
0x0,
0x0,
0x0,
0x0,
0x0,
0x0,
0x0,
0x0,
0x0,
0x0,
0x0,
0x0,
0x0,
0x0,
0x0,
0x0,
0x0,
0x0,
0x0,
0x0,
0x0,
0x0,
0x0,
0x0,
0x0,
0x0,
0x0,
0x0,
0x0,
0x0,
0x0,
0x0,
0x0,
0x0,
0x0,
0x0,
0x0,
0x0,
0x0,
0x0,
0x0,
0x0,
0x0,
0x0,
0x0,
0x0,
0x0,
0x0,
0x0,
0x0,
0x0,
0x0,
0x0,
0x0,
0x0,
0x0,
0x0,
0x0,
0x0,
0x0,
0x0,
0x0,
0x0,
0x0,
0x0,
0x0,
0x0,
0x0,
0x0,
0x0,
0x0,
0x0,
0x0,
0x0,
0x0,
0x0,
0x0,
0x0,
0x0,
0x0,
0x0,
0x0,
0x0,
0x0,
0x0,
0x0,
0x0,
0x0,
0x0,
0x0,
0x0,
0x0,
0x0,
0x0,
0x0,
0x0,
0x0,
0x0,
0x0,
0x0,
0x0,
0x0,
0x0,
0x0,
0x0,
0x0,
0x0,
0x0,
0x0,
0x0,
0x0,
0x0,
0x0,
0x0,
0x0,
0x0,
0x0,
0x0,
0x0,
0x0,
0x0,
0x0,
0x0,
0x0,
0x0,
0x0,
0x0,
0x0,
0x0,
0x0,
0x0,
0x0,
0x0,
0x0,
0x0,
0x0,
0x0,
0x0,
0x0,
0x0,
0x0,
0x0,
0x0,
0x0,
0x0,
0x0,
0x0,
0x0,
0x0,
0x0,
0x0,
0x0,
0x0,
0x0,
0x0,
0x0,
0x0,
0x0,
0x0,
0x0,
0x0,
0x0,
0x0,
0x0,
0x0,
0x0,
0x0,
0x0,
0x0,
0x0,
0x0,
0x0,
0x0,
0x0,
0x0,
0x0,
0x0,
0x0,
0x0,
0x0,
0x0,
0x0,
0x0,
0x0,
0x0,
0x0,
0x0,
0x0,
0x0,
0x0,
0x0,
0x0,
0x0,
0x0,
0x0,
0x0,
0x0,
0x0,
0x0,
0x0,
0x0,
0x0,
0x0,
0x0,
0x0,
0x0,
0x0,
0x0,
0x0,
0x0,
0x0,
0x0,
0x0,
0x0,
0x0,
0x0,
0x0,
0x0,
0x0,
0x0,
0x0,
0x0,
0x0,
0x0,
0x0,
0x0,
0x0,
0x0,
0x0,
0x0,
0x0,
0x0,
0x0,
0x0,
0x0,
0x0,
0x0,
0x0,
0x0,
0x0,
0x0,
0x0,
0x0,
0x0,
0x0,
0x0,
0x0,
0x0,
0x0,
0x0,
0x0,
0x0,
0x0,
0x0,
0x0,
0x0,
0x0,
0x0,
0x0,
0x0,
0x0,
0x0,
0x0,
0x0,
0x0,
0x0,
0x0,
0x0,
0x0,
0x0,
0x0,
0x0,
0x0,
0x0,
0x0,
0x0,
0x0,
0x0,
0x0,
0x0,
0x0,
0x0,
0x0,
0x0,
0x0,
0x0,
0x0,
0x0,
0x0,
0x0,
0x0,
0x0,
0x0,
0x0,
0x0,
0x0,
0x0,
0x0,
0x0,
0x0,
0x0,
0x0,
0x0,
0x0,
0x0,
0x0,
0x0,
0x0,
0x0,
0x0,
0x0,
0x0,
0x0,
0x0,
0x0,
0x0,
0x0,
0x0,
0x0,
0x0,
0x0,
0x0,
0x0,
0x0,
0x0,
0x0,
0x0,
0x0,
0x0,
0x0,
0x0,
0x0,
0x0,
0x0,
0x0,
0x0,
0x0,
0x0,
0x0,
0x0,
0x0,
0x0,
0x0,
0x0,
0x0,
0x0,
0x0,
0x0,
0x0,
0x0,
0x0,
0x0,
0x0,
0x0,
0x0,
0x0,
0x0,
0x0,
0x0,
0x0,
0x0,
0x0,
0x0,
0x0,
0x0,
0x0,
0x0,
0x0,
0x0,
0x0,
0x0,
0x0,
0x0,
0x0,
0x0,
0x0,
0x0,
0x0,
0x0,
0x0,
0x0,
0x0,
0x0,
0x0,
0x0,
0x0,
0x0,
0x0,
0x0,
0x0,
0x0,
0x0,
0x0,
0x0,
0x0,
0x0,
0x0,
0x0,
0x0,
0x0,
0x0,
0x0,
0x0,
0x0,
0x0,
0x0,
0x0,
0x0,
0x0,
0x0,
0x0,
0x0,
0x0,
0x0,
0x0,
0x0,
0x0,
0x0,
0x0,
0x0,
0x0,
0x0,
0x0,
0x0,
0x0,
0x0,
0x0,
0x0,
0x0,
0x0,
0x0,
0x0,
0x0,
0x0,
0x0,
0x0,
0x0,
0x0,
0x0,
0x0,
0x0,
0x0,
0x0,
0x0,
0x0,
0x0,
0x0,
0x0,
0x0,
0x0,
0x0,
0x0,
0x0,
0x0,
0x0,
0x0,
0x0,
0x0,
0x0,
0x0,
0x0,
0x0,
0x0,
0x0,
0x0,
0x0,
0x0,
0x0,
0x0,
0x0,
0x0,
0x0,
0x0,
0x0,
0x0,
0x0,
0x0,
0x0,
0x0,
0x0,
0x0,
0x0,
0x0,
0x0,
0x0,
0x0,
0x0,
0x0,
0x0,
0x0,
0x0,
0x0,
0x0,
0x0,
0x0,
0x0,
0x0,
0x0,
0x0,
0x0,
0x0,
0x0,
0x0,
0x0,
0x0,
0x0,
0x0,
0x0,
0x0,
0x0,
0x0,
0x0,
0x0,
0x0,
0x0,
0x0,
0x0,
0x0,
0x0,
0x0,
0x0,
0x0,
0x0,
0x0,
0x0,
0x0,
0x0,
0x0,
0x0,
0x0,
0x0,
0x0,
0x0,
0x0,
0x0,
0x0,
0x0,
0x0,
0x0,
0x0,
0x0,
0x0,
0x0,
0x0,
0x0,
0x0,
0x0,
0x0,
0x0,
0x0,
0x0,
0x0,
0x0,
0x0,
0x0,
0x0,
0x0,
0x0,
0x0,
0x0,
0x0,
0x0,
0x0,
0x0,
0x0,
0x0,
0x0,
0x0,
0x0,
0x0,
0x0,
0x0,
0x0,
0x0,
0x0,
0x0,
0x0,
0x0,
0x0,
0x0,
0x0,
0x0,
0x0,
0x0,
0x0,
0x0,
0x0,
0x0,
0x0,
0x0,
0x0,
0x0,
0x0,
0x0,
0x0,
0x0,
0x0,
0x0,
0x0,
0x0,
0x0,
0x0,
0x0,
0x0,
0x0,
0x0,
0x0,
0x0,
0x0,
0x0,
0x0,
0x0,
0x0,
0x0,
0x0,
0x0,
0x0,
0x0,
0x0,
0x0,
0x0,
0x0,
0x0,
0x0,
0x0,
0x0,
0x0,
0x0,
0x0,
0x0,
0x0,
0x0,
0x0,
0x0,
0x0,
0x0,
0x0,
0x0,
0x0,
0x0,
0x0,
0x0,
0x0,
0x0,
0x0,
0x0,
0x0,
0x0,
0x0,
0x0,
0x0,
0x0,
0x0,
0x0,
0x0,
0x0,
0x0,
0x0,
0x0,
0x0,
0x0,
0x0,
0x0,
0x0,
0x0,
0x0,
0x0,
0x0,
0x0,
0x0,
0x0,
0x0,
0x0,
0x0,
0x0,
0x0,
0x0,
0x0,
0x0,
0x0,
0x0,
0x0,
0x0,
0x0,
0x0,
0x0,
0x0,
0x0,
0x0,
0x0,
0x0,
0x0,
0x0,
0x0,
0x0,
0x0,
0x0,
0x0,
0x0,
0x0,
0x0,
0x0,
0x0,
0x0,
0x0,
0x0,
0x0,
0x0,
0x0,
0x0,
0x0,
0x0,
0x0,
0x0,
0x0,
0x0,
0x0,
0x0,
0x0,
0x0,
0x0,
0x0,
0x0,
0x0,
0x0,
0x0,
0x0,
0x0,
0x0,
0x0,
0x0,
0x0,
0x0,
0x0,
0x0,
0x0,
0x0,
0x0,
0x0,
0x0,
0x0,
0x0,
0x0,
0x0,
0x0,
0x0,
0x0,
0x0,
0x0,
0x0,
0x0,
0x0,
0x0,
0x0,
0x0,
0x0,
0x0,
0x0,
0x0,
0x0,
0x0,
0x0,
0x0,
0x0,
0x0,
0x0,
0x0,
0x0,
0x0,
0x0,
0x0,
0x0,
0x0,
0x0,
0x0,
0x0,
0x0,
0x0,
0x0,
0x0,
0x0,
0x0,
0x0,
0x0,
0x0,
0x0,
0x0,
0x0,
0x0,
0x0,
0x0,
0x0,
0x0,
0x0,
0x0,
0x0,
0x0,
0x0,
0x0,
0x0,
0x0,
0x0,
0x0,
0x0,
0x0,
0x0,
0x0,
0x0,
0x0,
0x0,
0x0,
0x0,
0x0,
0x0,
0x0,
0x0,
0x0,
0x0,
0x0,
0x0,
0x0,
0x0,
0x0,
0x0,
0x0,
0x0,
0x0,
0x0,
0x0,
0x0,
0x0,
0x0,
0x0,
0x0,
0x0,
0x0,
0x0,
0x0,
0x0,
0x0,
0x0,
0x0,
0x0,
0x0,
0x0,
0x0,
0x0,
0x0,
0x0,
0x0,
0x0,
0x0,
0x0,
0x0,
0x0,
0x0,
0x0,
0x0,
0x0,
0x0,
0x0,
0x0,
0x0,
0x0,
0x0,
0x0,
0x0,
0x0,
0x0,
0x0,
0x0,
0x0,
0x0,
0x0,
0x0,
0x0,
0x0,
0x0,
0x0,
0x0,
0x0,
0x0,
0x0,
0x0,
0x0,
0x0,
0x0,
0x0,
0x0,
0x0,
0x0,
0x0,
0x0,
0x0,
0x0,
0x0,
0x0,
0x0,
0x0,
0x0,
0x0,
0x0,
0x0,
0x0,
0x0,
0x0,
0x0,
0x0,
0x0,
0x0,
0x0,
0x0,
0x0,
0x0,
0x0,
0x0,
0x0,
0x0,
0x0,
0x0,
0x0,
0x0,
0x0,
0x0,
0x0,
0x0,
0x0,
0x0,
0x0,
0x0,
0x0,
0x0,
0x0,
0x0,
0x0,
0x0,
0x0,
0x0,
0x0,
0x0,
0x0,
0x0,
0x0,
0x0,
0x0,
0x0,
0x0,
0x0,
0x0,
0x0,
0x0,
0x0,
0x0,
0x0,
0x0,
0x0,
0x0,
0x0,
0x0,
0x0,
0x0,
0x0,
0x0,
0x0,
0x0,
0x0,
0x0,
0x0,
0x0,
0x0,
0x0,
0x0,
0x0,
0x0,
0x0,
0x0,
0x0,
0x0,
0x0,
0x0,
0x0,
0x0,
0x0,
0x0,
0x0,
0x0,
0x0,
0x0,
0x0,
0x0,
0x0,
0x0,
0x0,
0x0,
0x0,
0x0,
0x0,
0x0,
0x0,
0x0,
0x0,
0x0,
0x0,
0x0,
0x0,
0x0,
0x0,
0x0,
0x0,
0x0,
0x0,
0x0,
0x0,
0x0,
0x0,
0x0,
0x0,
0x0,
0x0,
0x0,
0x0,
0x0,
0x0,
0x0,
0x0,
0x0,
0x0,
0x0,
0x0,
0x0,
0x0,
0x0,
0x0,
0x0,
0x0,
0x0,
0x0,
0x0,
0x0,
0x0,
0x0,
0x0,
0x0,
0x0,
0x0,
0x0,
0x0,
0x0,
0x0,
0x0,
0x0,
0x0,
0x0,
0x0,
0x0,
0x0,
0x0,
0x0,
0x0,
0x0,
0x0,
0x0,
0x0,
0x0,
0x0,
0x0,
0x0,
0x0,
0x0,
0x0,
0x0,
0x0,
0x0,
0x0,
0x0,
0x0,
0x0,
0x0,
0x0,
0x0,
0x0,
0x0,
0x0,
0x0,
0x0,
0x0,
0x0,
0x0,
0x0,
0x0,
0x0,
0x0,
0x0,
0x0,
0x0,
0x0,
0x0,
0x0,
0x0,
0x0,
0x0,
0x0,
0x0,
0x0,
0x0,
0x0,
0x0,
0x0,
0x0,
0x0,
0x0,
0x0,
0x0,
0x0,
0x0,
0x0,
0x0,
0x0,
0x0,
0x0,
0x0,
0x0,
0x0,
0x0,
0x0,
0x0,
0x0,
0x0,
0x0,
0x0,
0x0,
0x0,
0x0,
0x0,
0x0,
0x0,
0x0,
0x0,
0x0,
0x0,
0x0,
0x0,
0x0,
0x0,
0x0,
0x0,
0x0,
0x0,
0x0,
0x0,
0x0,
0x0,
0x0,
0x0,
0x0,
0x0,
0x0,
0x0,
0x0,
0x0,
0x0,
0x0,
0x0,
0x0,
0x0,
0x0,
0x0,
0x0,
0x0,
0x0,
0x0,
0x0,
0x0,
0x0,
0x0,
0x0,
0x0,
0x0,
0x0,
0x0,
0x0,
0x0,
0x0,
0x0,
0x0,
0x0,
0x0,
0x0,
0x0,
0x0,
0x0,
0x0,
0x0,
0x0,
0x0,
0x0,
0x0,
0x0,
0x0,
0x0,
0x0,
0x0,
0x0,
0x0,
0x0,
0x0,
0x0,
0x0,
0x0,
0x0,
0x0,
0x0,
0x0,
0x0,
0x0,
0x0,
0x0,
0x0,
0x0,
0x0,
0x0,
0x0,
0x0,
0x0,
0x0,
0x0,
0x0,
0x0,
0x0,
0x0,
0x0,
0x0,
0x0,
0x0,
0x0,
0x0,
0x0,
0x0,
0x0,
0x0,
0x0,
0x0,
0x0,
0x0,
0x0,
0x0,
0x0,
0x0,
0x0,
0x0,
0x0,
0x0,
0x0,
0x0,
0x0,
0x0,
0x0,
0x0,
0x0,
0x0,
0x0,
0x0,
0x0,
0x0,
0x0,
0x0,
0x0,
0x0,
0x0,
0x0,
0x0,
0x0,
0x0,
0x0,
0x0,
0x0,
0x0,
0x0,
0x0,
0x0,
0x0,
0x0,
0x0,
0x0,
0x0,
0x0,
0x0,
0x0,
0x0,
0x0,
0x0,
0x0,
0x0,
0x0,
0x0,
0x0,
0x0,
0x0,
0x0,
0x0,
0x0,
0x0,
0x0,
0x0,
0x0,
0x0,
0x0,
0x0,
0x0,
0x0,
0x0,
0x0,
0x0,
0x0,
0x0,
0x0,
0x0,
0x0,
0x0,
0x0,
0x0,
0x0,
0x0,
0x0,
0x0,
0x0,
0x0,
0x0,
0x0,
0x0,
0x0,
0x0,
0x0,
0x0,
0x0,
0x0,
0x0,
0x0,
0x0,
0x0,
0x0,
0x0,
0x0,
0x0,
0x0,
0x0,
0x0,
0x0,
0x0,
0x0,
0x0,
0x0,
0x0,
0x0,
0x0,
0x0,
0x0,
0x0,
0x0,
0x0,
0x0,
0x0,
0x0,
0x0,
0x0,
0x0,
0x0,
0x0,
0x0,
0x0,
0x0,
0x0,
0x0,
0x0,
0x0,
0x0,
0x0,
0x0,
0x0,
0x0,
0x0,
0x0,
0x0,
0x0,
0x0,
0x0,
0x0,
0x0,
0x0,
0x0,
0x0,
0x0,
0x0,
0x0,
0x0,
0x0,
0x0,
0x0,
0x0,
0x0,
0x0,
0x0,
0x0,
0x0,
0x0,
0x0,
0x0,
0x0,
0x0,
0x0,
0x0,
0x0,
0x0,
0x0,
0x0,
0x0,
0x0,
0x0,
0x0,
0x0,
0x0,
0x0,
0x0,
0x0,
0x0,
0x0,
0x0,
0x0,
0x0,
0x0,
0x0,
0x0,
0x0,
0x0,
0x0,
0x0,
0x0,
0x0,
0x0,
0x0,
0x0,
0x0,
0x0,
0x0,
0x0,
0x0,
0x0,
0x0,
0x0,
0x0,
0x0,
0x0,
0x0,
0x0,
0x0,
0x0,
0x0,
0x0,
0x0,
0x0,
0x0,
0x0,
0x0,
0x0,
0x0,
0x0,
0x0,
0x0,
0x0,
0x0,
0x0,
0x0,
0x0,
0x0,
0x0,
0x0,
0x0,
0x0,
0x0,
0x0,
0x0,
0x0,
0x0,
0x0,
0x0,
0x0,
0x0,
0x0,
0x0,
0x0,
0x0,
0x0,
0x0,
0x0,
0x0,
0x0,
0x0,
0x0,
0x0,
0x0,
0x0,
0x0,
0x0,
0x0,
0x0,
0x0,
0x0,
0x0,
0x0,
0x0,
0x0,
0x0,
0x0,
0x0,
0x0,
0x0,
0x0,
0x0,
0x0,
0x0,
0x0,
0x0,
0x0,
0x0,
0x0,
0x0,
0x0,
0x0,
0x0,
0x0,
0x0,
0x0,
0x0,
0x0,
0x0,
0x0,
0x0,
0x0,
0x0,
0x0,
0x0,
0x0,
0x0,
0x0,
0x0,
0x0,
0x0,
0x0,
0x0,
0x0,
0x0,
0x0,
0x0,
0x0,
0x0,
0x0,
0x0,
0x0,
0x0,
0x0,
0x0,
0x0,
0x0,
0x0,
0x0,
0x0,
0x0,
0x0,
0x0,
0x0,
0x0,
0x0,
0x0,
0x0,
0x0,
0x0,
0x0,
0x0,
0x0,
0x0,
0x0,
0x0,
0x0,
0x0,
0x0,
0x0,
0x0,
0x0,
0x0,
0x0,
0x0,
0x0,
0x0,
0x0,
0x0,
0x0,
0x0,
0x0,
0x0,
0x0,
0x0,
0x0,
0x0,
0x0,
0x0,
0x0,
0x0,
0x0,
0x0,
0x0,
0x0,
0x0,
0x0,
0x0,
0x0,
0x0,
0x0,
0x0,
0x0,
0x0,
0x0,
0x0,
0x0,
0x0,
0x0,
0x0,
0x0,
0x0,
0x0,
0x0,
0x0,
0x0,
0x0,
0x0,
0x0,
0x0,
0x0,
0x0,
0x0,
0x0,
0x0,
0x0,
0x0,
0x0,
0x0,
0x0,
0x0,
0x0,
0x0,
0x0,
0x0,
0x0,
0x0,
0x0,
0x0,
0x0,
0x0,
0x0,
0x0,
0x0,
0x0,
0x0,
0x0,
0x0,
0x0,
0x0,
0x0,
0x0,
0x0,
0x0,
0x0,
0x0,
0x0,
0x0,
0x0,
0x0,
0x0,
0x0,
0x0,
0x0,
0x0,
0x0,
0x0,
0x0,
0x0,
0x0,
0x0,
0x0,
0x0,
0x0,
0x0,
0x0,
0x0,
0x0,
0x0,
0x0,
0x0,
0x0,
0x0,
0x0,
0x0,
0x0,
0x0,
0x0,
0x0,
0x0,
0x0,
0x0,
0x0,
0x0,
0x0,
0x0,
0x0,
0x0,
0x0,
0x0,
0x0,
0x0,
0x0,
0x0,
0x0,
0x0,
0x0,
0x0,
0x0,
0x0,
0x0,
0x0,
0x0,
0x0,
0x0,
0x0,
0x0,
0x0,
0x0,
0x0,
0x0,
0x0,
0x0,
0x0,
0x0,
0x0,
0x0,
0x0,
0x0,
0x0,
0x0,
0x0,
0x0,
0x0,
0x0,
0x0,
0x0,
0x0,
0x0,
0x0,
0x0,
0x0,
0x0,
0x0,
0x0,
0x0,
0x0,
0x0,
0x0,
0x0,
0x0,
0x0,
0x0,
0x0,
0x0,
0x0,
0x0,
0x0,
0x0,
0x0,
0x0,
0x0,
0x0,
0x0,
0x0,
0x0,
0x0,
0x0,
0x0,
0x0,
0x0,
0x0,
0x0,
0x0,
0x0,
0x0,
0x0,
0x0,
0x0,
0x0,
0x0,
0x0,
0x0,
0x0,
0x0,
0x0,
0x0,
0x0,
0x0,
0x0,
0x0,
0x0,
0x0,
0x0,
0x0,
0x0,
0x0,
0x0,
0x0,
0x0,
0x0,
0x0,
0x0,
0x0,
0x0,
0x0,
0x0,
0x0,
0x0,
0x0,
0x0,
0x0,
0x0,
0x0,
0x0,
0x0,
0x0,
0x0,
0x0,
0x0,
0x0,
0x0,
0x0,
0x0,
0x0,
0x0,
0x0,
0x0,
0x0,
0x0,
0x0,
0x0,
0x0,
0x0,
0x0,
0x0,
0x0,
0x0,
0x0,
0x0,
0x0,
0x0,
0x0,
0x0,
0x0,
0x0,
0x0,
0x0,
0x0,
0x0,
0x0,
0x0,
0x0,
0x0,
0x0,
0x0,
0x0,
0x0,
0x0,
0x0,
0x0,
0x0,
0x0,
0x0,
0x0,
0x0,
0x0,
0x0,
0x0,
0x0,
0x0,
0x0,
0x0,
0x0,
0x0,
0x0,
0x0,
0x0,
0x0,
0x0,
0x0,
0x0,
0x0,
0x0,
0x0,
0x0,
0x0,
0x0,
0x0,
0x0,
0x0,
0x0,
0x0,
0x0,
0x0,
0x0,
0x0,
0x0,
0x0,
0x0,
0x0,
0x0,
0x0,
0x0,
0x0,
0x0,
0x0,
0x0,
0x0,
0x0,
0x0,
0x0,
0x0,
0x0,
0x0,
0x0,
0x0,
0x0,
0x0,
0x0,
0x0,
0x0,
0x0,
0x0,
0x0,
0x0,
0x0,
0x0,
0x0,
0x0,
0x0,
0x0,
0x0,
0x0,
0x0,
0x0,
0x0,
0x0,
0x0,
0x0,
0x0,
0x0,
0x0,
0x0,
0x0,
0x0,
0x0,
0x0,
0x0,
0x0,
0x0,
0x0,
0x0,
0x0,
0x0,
0x0,
0x0,
0x0,
0x0,
0x0,
0x0,
0x0,
0x0,
0x0,
0x0,
0x0,
0x0,
0x0,
0x0,
0x0,
0x0,
0x0,
0x0,
0x0,
0x0,
0x0,
0x0,
0x0,
0x0,
0x0,
0x0,
0x0,
0x0,
0x0,
0x0,
0x0,
0x0,
0x0,
0x0,
0x0,
0x0,
0x0,
0x0,
0x0,
0x0,
0x0,
0x0,
0x0,
0x0,
0x0,
0x0,
0x0,
0x0,
0x0,
0x0,
0x0,
0x0,
0x0,
0x0,
0x0,
0x0,
0x0,
0x0,
0x0,
0x0,
0x0,
0x0,
0x0,
0x0,
0x0,
0x0,
0x0,
0x0,
0x0,
0x0,
0x0,
0x0,
0x0,
0x0,
0x0,
0x0,
0x0,
0x0,
0x0,
0x0,
0x0,
0x0,
0x0,
0x0,
0x0,
0x0,
0x0,
0x0,
0x0,
0x0,
0x0,
0x0,
0x0,
0x0,
0x0,
0x0,
0x0,
0x0,
0x0,
0x0,
0x0,
0x0,
0x0,
0x0,
0x0,
0x0,
0x0,
0x0,
0x0,
0x0,
0x0,
0x0,
0x0,
0x0,
0x0,
0x0,
0x0,
0x0,
0x0,
0x0,
0x0,
0x0,
0x0,
0x0,
0x0,
0x0,
0x0,
0x0,
0x0,
0x0,
0x0,
0x0,
0x0,
0x0,
0x0,
0x0,
0x0,
0x0,
0x0,
0x0,
0x0,
0x0,
0x0,
0x0,
0x0,
0x0,
0x0,
0x0,
0x0,
0x0,
0x0,
0x0,
0x0,
0x0,
0x0,
0x0,
0x0,
0x0,
0x0,
0x0,
0x0,
0x0,
0x0,
0x0,
0x0,
0x0,
0x0,
0x0,
0x0,
0x0,
0x0,
0x0,
0x0,
0x0,
0x0,
0x0,
0x0,
0x0,
0x0,
0x0,
0x0,
0x0,
0x0,
0x0,
0x0,
0x0,
0x0,
0x0,
0x0,
0x0,
0x0,
0x0,
0x0,
0x0,
0x0,
0x0,
0x0,
0x0,
0x0,
0x0,
0x0,
0x0,
0x0,
0x0,
0x0,
0x0,
0x0,
0x0,
0x0,
0x0,
0x0,
0x0,
0x0,
0x0,
0x0,
0x0,
0x0,
0x0,
0x0,
0x0,
0x0,
0x0,
0x0,
0x0,
0x0,
0x0,
0x0,
0x0,
0x0,
0x0,
0x0,
0x0,
0x0,
0x0,
0x0,
0x0,
0x0,
0x0,
0x0,
0x0,
0x0,
0x0,
0x0,
0x0,
0x0,
0x0,
0x0,
0x0,
0x0,
0x0,
0x0,
0x0,
0x0,
0x0,
0x0,
0x0,
0x0,
0x0,
0x0,
0x0,
0x0,
0x0,
0x0,
0x0,
0x0,
0x0,
0x0,
0x0,
0x0,
0x0,
0x0,
0x0,
0x0,
0x0,
0x0,
0x0,
0x0,
0x0,
0x0,
0x0,
0x0,
0x0,
0x0,
0x0,
0x0,
0x0,
0x0,
0x0,
0x0,
0x0,
0x0,
0x0,
0x0,
0x0,
0x0,
0x0,
0x0,
0x0,
0x0,
0x0,
0x0,
0x0,
0x0,
0x0,
0x0,
0x0,
0x0,
0x0,
0x0,
0x0,
0x0,
0x0,
0x0,
0x0,
0x0,
0x0,
0x0,
0x0,
0x0,
0x0,
0x0,
0x0,
0x0,
0x0,
0x0,
0x0,
0x0,
0x0,
0x0,
0x0,
0x0,
0x0,
0x0,
0x0,
0x0,
0x0,
0x0,
0x0,
0x0,
0x0,
0x0,
0x0,
0x0,
0x0,
0x0,
0x0,
0x0,
0x0,
0x0,
0x0,
0x0,
0x0,
0x0,
0x0,
0x0,
0x0,
0x0,
0x0,
0x0,
0x0,
0x0,
0x0,
0x0,
0x0,
0x0,
0x0,
0x0,
0x0,
0x0,
0x0,
0x0,
0x0,
0x0,
0x0,
0x0,
0x0,
0x0,
0x0,
0x0,
0x0,
0x0,
0x0,
0x0,
0x0,
0x0,
0x0,
0x0,
0x0,
0x0,
0x0,
0x0,
0x0,
0x0,
0x0,
0x0,
0x0,
0x0,
0x0,
0x0,
0x0,
0x0,
0x0,
0x0,
0x0,
0x0,
0x0,
0x0,
0x0,
0x0,
0x0,
0x0,
0x0,
0x0,
0x0,
0x0,
0x0,
0x0,
0x0,
0x0,
0x0,
0x0,
0x0,
0x0,
0x0,
0x0,
0x0,
0x0,
0x0,
0x0,
0x0,
0x0,
0x0,
0x0,
0x0,
0x0,
0x0,
0x0,
0x0,
0x0,
0x0,
0x0,
0x0,
0x0,
0x0,
0x0,
0x0,
0x0,
0x0,
0x0,
0x0,
0x0,
0x0,
0x0,
0x0,
0x0,
0x0,
0x0,
0x0,
0x0,
0x0,
0x0,
0x0,
0x0,
0x0,
0x0,
0x0,
0x0,
0x0,
0x0,
0x0,
0x0,
0x0,
0x0,
0x0,
0x0,
0x0,
0x0,
0x0,
0x0,
0x0,
0x0,
0x0,
0x0,
0x0,
0x0,
0x0,
0x0,
0x0,
0x0,
0x0,
0x0,
0x0,
0x0,
0x0,
0x0,
0x0,
0x0,
0x0,
0x0,
0x0,
0x0,
0x0,
0x0,
0x0,
0x0,
0x0,
0x0,
0x0,
0x0,
0x0,
0x0,
0x0,
0x0,
0x0,
0x0,
0x0,
0x0,
0x0,
0x0,
0x0,
0x0,
0x0,
0x0,
0x0,
0x0,
0x0,
0x0,
0x0,
0x0,
0x0,
0x0,
0x0,
0x0,
0x0,
0x0,
0x0,
0x0,
0x0,
0x0,
0x0,
0x0,
0x0,
0x0,
0x0,
0x0,
0x0,
0x0,
0x0,
0x0,
0x0,
0x0,
0x0,
0x0,
0x0,
0x0,
0x0,
0x0,
0x0,
0x0,
0x0,
0x0,
0x0,
0x0,
0x0,
0x0,
0x0,
0x0,
0x0,
0x0,
0x0,
0x0,
0x0,
0x0,
0x0,
0x0,
0x0,
0x0,
0x0,
0x0,
0x0,
0x0,
0x0,
0x0,
0x0,
0x0,
0x0,
0x0,
0x0,
0x0,
0x0,
0x0,
0x0,
0x0,
0x0,
0x0,
0x0,
0x0,
0x0,
0x0,
0x0,
0x0,
0x0,
0x0,
0x0,
0x0,
0x0,
0x0,
0x0,
0x0,
0x0,
0x0,
0x0,
0x0,
0x0,
0x0,
0x0,
0x0,
0x0,
0x0,
0x0,
0x0,
0x0,
0x0,
0x0,
0x0,
0x0,
0x0,
0x0,
0x0,
0x0,
0x0,
0x0,
0x0,
0x0,
0x0,
0x0,
0x0,
0x0,
0x0,
0x0,
0x0,
0x0,
0x0,
0x0,
0x0,
0x0,
0x0,
0x0,
0x0,
0x0,
0x0,
0x0,
0x0,
0x0,
0x0,
0x0,
0x0,
0x0,
0x0,
0x0,
0x0,
0x0,
0x0,
0x0,
0x0,
0x0,
0x0,
0x0,
0x0,
0x0,
0x0,
0x0,
0x0,
0x0,
0x0,
0x0,
0x0,
0x0,
0x0,
0x0,
0x0,
0x0,
0x0,
0x0,
0x0,
0x0,
0x0,
0x0,
0x0,
0x0,
0x0,
0x0,
0x0,
0x0,
0x0,
0x0,
0x0,
0x0,
0x0,
0x0,
0x0,
0x0,
0x0,
0x0,
0x0,
0x0,
0x0,
0x0,
0x0,
0x0,
0x0,
0x0,
0x0,
0x0,
0x0,
0x0,
0x0,
0x0,
0x0,
0x0,
0x0,
0x0,
0x0,
0x0,
0x0,
0x0,
0x0,
0x0,
0x0,
0x0,
0x0,
0x0,
0x0,
0x0,
0x0,
0x0,
0x0,
0x0,
0x0,
0x0,
0x0,
0x0,
0x0,
0x0,
0x0,
0x0,
0x0,
0x0,
0x0,
0x0,
0x0,
0x0,
0x0,
0x0,
0x0,
0x0,
0x0,
0x0,
0x0,
0x0,
0x0,
0x0,
0x0,
0x0,
0x0,
0x0,
0x0,
0x0,
0x0,
0x0,
0x0,
0x0,
0x0,
0x0,
0x0,
0x0,
0x0,
0x0,
0x0,
0x0,
0x0,
0x0,
0x0,
0x0,
0x0,
0x0,
0x0,
0x0,
0x0,
0x0,
0x0,
0x0,
0x0,
0x0,
0x0,
0x0,
0x0,
0x0,
0x0,
0x0,
0x0,
0x0,
0x0,
0x0,
0x0,
0x0,
0x0,
0x0,
0x0,
0x0,
0x0,
0x0,
0x0,
0x0,
0x0,
0x0,
0x0,
0x0,
0x0,
0x0,
0x0,
0x0,
0x0,
0x0,
0x0,
0x0,
0x0,
0x0,
0x0,
0x0,
0x0,
0x0,
0x0,
0x0,
0x0,
0x0,
0x0,
0x0,
0x0,
0x0,
0x0,
0x0,
0x0,
0x0,
0x0,
0x0,
0x0,
0x0,
0x0,
0x0,
0x0,
0x0,
0x0,
0x0,
0x0,
0x0,
0x0,
0x0,
0x0,
0x0,
0x0,
0x0,
0x0,
0x0,
0x0,
0x0,
0x0,
0x0,
0x0,
0x0,
0x0,
0x0,
0x0,
0x0,
0x0,
0x0,
0x0,
0x0,
0x0,
0x0,
0x0,
0x0,
0x0,
0x0,
0x0,
0x0,
0x0,
0x0,
0x0,
0x0,
0x0,
0x0,
0x0,
0x0,
0x0,
0x0,
0x0,
0x0,
0x0,
0x0,
0x0,
0x0,
0x0,
0x0,
0x0,
0x0,
0x0,
0x0,
0x0,
0x0,
0x0,
0x0,
0x0,
0x0,
0x0,
0x0,
0x0,
0x0,
0x0,
0x0,
0x0,
0x0,
0x0,
0x0,
0x0,
0x0,
0x0,
0x0,
0x0,
0x0,
0x0,
0x0,
0x0,
0x0,
0x0,
0x0,
0x0,
0x0,
0x0,
0x0,
0x0,
0x0,
0x0,
0x0,
0x0,
0x0,
0x0,
0x0,
0x0,
0x0,
0x0,
0x0,
0x0,
0x0,
0x0,
0x0,
0x0,
0x0,
0x0,
0x0,
0x0,
0x0,
0x0,
0x0,
0x0,
0x0,
0x0,
0x0,
0x0,
0x0,
0x0,
0x0,
0x0,
0x0,
0x0,
0x0,
0x0,
0x0,
0x0,
0x0,
0x0,
0x0,
0x0,
0x0,
0x0,
0x0,
0x0,
0x0,
0x0,
0x0,
0x0,
0x0,
0x0,
0x0,
0x0,
0x0,
0x0,
0x0,
0x0,
0x0,
0x0,
0x0,
0x0,
0x0,
0x0,
0x0,
0x0,
0x0,
0x0,
0x0,
0x0,
0x0,
0x0,
0x0,
0x0,
0x0,
0x0,
0x0,
0x0,
0x0,
0x0,
0x0,
0x0,
0x0,
0x0,
0x0,
0x0,
0x0,
0x0,
0x0,
0x0,
0x0,
0x0,
0x0,
0x0,
0x0,
0x0,
0x0,
0x0,
0x0,
0x0,
0x0,
0x0,
0x0,
0x0,
0x0,
0x0,
0x0,
0x0,
0x0,
0x0,
0x0,
0x0,
0x0,
0x0,
0x0,
0x0,
0x0,
0x0,
0x0,
0x0,
0x0,
0x0,
0x0,
0x0,
0x0,
0x0,
0x0,
0x0,
0x0,
0x0,
0x0,
0x0,
0x0,
0x0,
0x0,
0x0,
0x0,
0x0,
0x0,
0x0,
0x0,
0x0,
0x0,
0x0,
0x0,
0x0,
0x0,
0x0,
0x0,
0x0,
0x0,
0x0,
0x0,
0x0,
0x0,
0x0,
0x0,
0x0,
0x0,
0x0,
0x0,
0x0,
0x0,
0x0,
0x0,
0x0,
0x0,
0x0,
0x0,
0x0,
0x0,
0x0,
0x0,
0x0,
0x0,
0x0,
0x0,
0x0,
0x0,
0x0,
0x0,
0x0,
0x0,
0x0,
0x0,
0x0,
0x0,
0x0,
0x0,
0x0,
0x0,
0x0,
0x0,
0x0,
0x0,
0x0,
0x0,
0x0,
0x0,
0x0,
0x0,
0x0,
0x0,
0x0,
0x0,
0x0,
0x0,
0x0,
0x0,
0x0,
0x0,
0x0,
0x0,
0x0,
0x0,
0x0,
0x0,
0x0,
0x0,
0x0,
0x0,
0x0,
0x0,
0x0,
0x0,
0x0,
0x0,
0x0,
0x0,
0x0,
0x0,
0x0,
0x0,
0x0,
0x0,
0x0,
0x0,
0x0,
0x0,
0x0,
0x0,
0x0,
0x0,
0x0,
0x0,
0x0,
0x0,
0x0,
0x0,
0x0,
0x0,
0x0,
0x0,
0x0,
0x0,
0x0,
0x0,
0x0,
0x0,
0x0,
0x0,
0x0,
0x0,
0x0,
0x0,
0x0,
0x0,
0x0,
0x0,
0x0,
0x0,
0x0,
0x0,
0x0,
0x0,
0x0,
0x0,
0x0,
0x0,
0x0,
0x0,
0x0,
0x0,
0x0,
0x0,
0x0,
0x0,
0x0,
0x0,
0x0,
0x0,
0x0,
0x0,
0x0,
0x0,
0x0,
0x0,
0x0,
0x0,
0x0,
0x0,
0x0,
0x0,
0x0,
0x0,
0x0,
0x0,
0x0,
0x0,
0x0,
0x0,
0x0,
0x0,
0x0,
0x0,
0x0,
0x0,
0x0,
0x0,
0x0,
0x0,
0x0,
0x0,
0x0,
0x0,
0x0,
0x0,
0x0,
0x0,
0x0,
0x0,
0x0,
0x0,
0x0,
0x0,
0x0,
0x0,
0x0,
0x0,
0x0,
0x0,
0x0,
0x0,
0x0,
0x0,
0x0,
0x0,
0x0,
0x0,
0x0,
0x0,
0x0,
0x0,
0x0,
0x0,
0x0,
0x0,
0x0,
0x0,
0x0,
0x0,
0x0,
0x0,
0x0,
0x0,
0x0,
0x0,
0x0,
0x0,
0x0,
0x0,
0x0,
0x0,
0x0,
0x0,
0x0,
0x0,
0x0,
0x0,
0x0,
0x0,
0x0,
0x0,
0x0,
0x0,
0x0,
0x0,
0x0,
0x0,
0x0,
0x0,
0x0,
0x0,
0x0,
0x0,
0x0,
0x0,
0x0,
0x0,
0x0,
0x0,
0x0,
0x0,
0x0,
0x0,
0x0,
0x0,
0x0,
0x0,
0x0,
0x0,
0x0,
0x0,
0x0,
0x0,
0x0,
0x0,
0x0,
0x0,
0x0,
0x0,
0x0,
0x0,
0x0,
0x0,
0x0,
0x0,
0x0,
0x0,
0x0,
0x0,
0x0,
0x0,
0x0,
0x0,
0x0,
0x0,
0x0,
0x0,
0x0,
0x0,
0x0,
0x0,
0x0,
0x0,
0x0,
0x0,
0x0,
0x0,
0x0,
0x0,
0x0,
0x0,
0x0,
0x0,
0x0,
0x0,
0x0,
0x0,
0x0,
0x0,
0x0,
0x0,
0x0,
0x0,
0x0,
0x0,
0x0,
0x0,
0x0,
0x0,
0x0,
0x0,
0x0,
0x0,
0x0,
0x0,
0x0,
0x0,
0x0,
0x0,
0x0,
0x0,
0x0,
0x0,
0x0,
0x0,
0x0,
0x0,
0x0,
0x0,
0x0,
0x0,
0x0,
0x0,
0x0,
0x0,
0x0,
0x0,
0x0,
0x0,
0x0,
0x0,
0x0,
0x0,
0x0,
0x0,
0x0,
0x0,
0x0,
0x0,
0x0,
0x0,
0x0,
0x0,
0x0,
0x0,
0x0,
0x0,
0x0,
0x0,
0x0,
0x0,
0x0,
0x0,
0x0,
0x0,
0x0,
0x0,
0x0,
0x0,
0x0,
0x0,
0x0,
0x0,
0x0,
0x0,
0x0,
0x0,
0x0,
0x0,
0x0,
0x0,
0x0,
0x0,
0x0,
0x0,
0x0,
0x0,
0x0,
0x0,
0x0,
0x0,
0x0,
0x0,
0x0,
0x0,
0x0,
0x0,
0x0,
0x0,
0x0,
0x0,
0x0,
0x0,
0x0,
0x0,
0x0,
0x0,
0x0,
0x0,
0x0,
0x0,
0x0,
0x0,
0x0,
0x0,
0x0,
0x0,
0x0,
0x0,
0x0,
0x0,
0x0,
0x0,
0x0,
0x0,
0x0,
0x0,
0x0,
0x0,
0x0,
0x0,
0x0,
0x0,
0x0,
0x0,
0x0,
0x0,
0x0,
0x0,
0x0,
0x0,
0x0,
0x0,
0x0,
0x0,
0x0,
0x0,
0x0,
0x0,
0x0,
0x0,
0x0,
0x0,
0x0,
0x0,
0x0,
0x0,
0x0,
0x0,
0x0,
0x0,
0x0,
0x0,
0x0,
0x0,
0x0,
0x0,
0x0,
0x0,
0x0,
0x0,
0x0,
0x0,
0x0,
0x0,
0x0,
0x0,
0x0,
0x0,
0x0,
0x0,
0x0,
0x0,
0x0,
0x0,
0x0,
0x0,
0x0,
0x0,
0x0,
0x0,
0x0,
0x0,
0x0,
0x0,
0x0,
0x0,
0x0,
0x0,
0x0,
0x0,
0x0,
0x0,
0x0,
0x0,
0x0,
0x0,
0x0,
0x0,
0x0,
0x0,
0x0,
0x0,
0x0,
0x0,
0x0,
0x0,
0x0,
0x0,
0x0,
0x0,
0x0,
0x0,
0x0,
0x0,
0x0,
0x0,
0x0,
0x0,
0x0,
0x0,
0x0,
0x0,
0x0,
0x0,
0x0,
0x0,
0x0,
0x0,
0x0,
0x0,
0x0,
0x0,
0x0,
0x0,
0x0,
0x0,
0x0,
0x0,
0x0,
0x0,
0x0,
0x0,
0x0,
0x0,
0x0,
0x0,
0x0,
0x0,
0x0,
0x0,
0x0,
0x0,
0x0,
0x0,
0x0,
0x0,
0x0,
0x0,
0x0,
0x0,
0x0,
0x0,
0x0,
0x0,
0x0,
0x0,
0x0,
0x0,
0x0,
0x0,
0x0,
0x0,
0x0,
0x0,
0x0,
0x0,
0x0,
0x0,
0x0,
0x0,
0x0,
0x0,
0x0,
0x0,
0x0,
0x0,
0x0,
0x0,
0x0,
0x0,
0x0,
0x0,
0x0,
0x0,
0x0,
0x0,
0x0,
0x0,
0x0,
0x0,
0x0,
0x0,
0x0,
0x0,
0x0,
0x0,
0x0,
0x0,
0x0,
0x0,
0x0,
0x0,
0x0,
0x0,
0x0,
0x0,
0x0,
0x0,
0x0,
0x0,
0x0,
0x0,
0x0,
0x0,
0x0,
0x0,
0x0,
0x0,
0x0,
0x0,
0x0,
0x0,
0x0,
0x0,
0x0,
0x0,
0x0,
0x0,
0x0,
0x0,
0x0,
0x0,
0x0,
0x0,
0x0,
0x0,
0x0,
0x0,
0x0,
0x0,
0x0,
0x0,
0x0,
0x0,
0x0,
0x0,
0x0,
0x0,
0x0,
0x0,
0x0,
0x0,
0x0,
0x0,
0x0,
0x0,
0x0,
0x0,
0x0,
0x0,
0x0,
0x0,
0x0,
0x0,
0x0,
0x0,
0x0,
0x0,
0x0,
0x0,
0x0,
0x0,
0x0,
0x0,
0x0,
0x0,
0x0,
0x0,
0x0,
0x0,
0x0,
0x0,
0x0,
0x0,
0x0,
0x0,
0x0,
0x0,
0x0,
0x0,
0x0,
0x0,
0x0,
0x0,
0x0,
0x0,
0x0,
0x0,
0x0,
0x0,
0x0,
0x0,
0x0,
0x0,
0x0,
0x0,
0x0,
0x0,
0x0,
0x0,
0x0,
0x0,
0x0,
0x0,
0x0,
0x0,
0x0,
0x0,
0x0,
0x0,
0x0,
0x0,
0x0,
0x0,
0x0,
0x0,
0x0,
0x0,
0x0,
0x0,
0x0,
0x0,
0x0,
0x0,
0x0,
0x0,
0x0,
0x0,
0x0,
0x0,
0x0,
0x0,
0x0,
0x0,
0x0,
0x0,
0x0,
0x0,
0x0,
0x0,
0x0,
0x0,
0x0,
0x0,
0x0,
0x0,
0x0,
0x0,
0x0,
0x0,
0x0,
0x0,
0x0,
0x0,
0x0,
0x0,
0x0,
0x0,
0x0,
0x0,
0x0,
0x0,
0x0,
0x0,
0x0,
0x0,
0x0,
0x0,
0x0,
0x0,
0x0,
0x0,
0x0,
0x0,
0x0,
0x0,
0x0,
0x0,
0x0,
0x0,
0x0,
0x0,
0x0,
0x0,
0x0,
0x0,
0x0,
0x0,
0x0,
0x0,
0x0,
0x0,
0x0,
0x0,
0x0,
0x0,
0x0,
0x0,
0x0,
0x0,
0x0,
0x0,
0x0,
0x0,
0x0,
0x0,
0x0,
0x0,
0x0,
0x0,
0x0,
0x0,
0x0,
0x0,
0x0,
0x0,
0x0,
0x0,
0x0,
0x0,
0x0,
0x0,
0x0,
0x0,
0x0,
0x0,
0x0,
0x0,
0x0,
0x0,
0x0,
0x0,
0x0,
0x0,
0x0,
0x0,
0x0,
0x0,
0x0,
0x0,
0x0,
0x0,
0x0,
0x0,
0x0,
0x0,
0x0,
0x0,
0x0,
0x0,
0x0,
0x0,
0x0,
0x0,
0x0,
0x0,
0x0,
0x0,
0x0,
0x0,
0x0,
0x0,
0x0,
0x0,
0x0,
0x0,
0x0,
0x0,
0x0,
0x0,
0x0,
0x0,
0x0,
0x0,
0x0,
0x0,
0x0,
0x0,
0x0,
0x0,
0x0,
0x0,
0x0,
0x0,
0x0,
0x0,
0x0,
0x0,
0x0,
0x0,
0x0,
0x0,
0x0,
0x0,
0x0,
0x0,
0x0,
0x0,
0x0,
0x0,
0x0,
0x0,
0x0,
0x0,
0x0,
0x0,
0x0,
0x0,
0x0,
0x0,
0x0,
0x0,
0x0,
0x0,
0x0,
0x0,
0x0,
0x0,
0x0,
0x0,
0x0,
0x0,
0x0,
0x0,
0x0,
0x0,
0x0,
0x0,
0x0,
0x0,
0x0,
0x0,
0x0,
0x0,
0x0,
0x0,
0x0,
0x0,
0x0,
0x0,
0x0,
0x0,
0x0,
0x0,
0x0,
0x0,
0x0,
0x0,
0x0,
0x0,
0x0,
0x0,
0x0,
0x0,
0x0,
0x0,
0x0,
0x0,
0x0,
0x0,
0x0,
0x0,
0x0,
0x0,
0x0,
0x0,
0x0,
0x0,
0x0,
0x0,
0x0,
0x0,
0x0,
0x0,
0x0,
0x0,
0x0,
0x0,
0x0,
0x0,
0x0,
0x0,
0x0,
0x0,
0x0,
0x0,
0x0,
0x0,
0x0,
0x0,
0x0,
0x0,
0x0,
0x0,
0x0,
0x0,
0x0,
0x0,
0x0,
0x0,
0x0,
0x0,
0x0,
0x0,
0x0,
0x0,
0x0,
0x0,
0x0,
0x0,
0x0,
0x0,
0x0,
0x0,
0x0,
0x0,
0x0,
0x0,
0x0,
0x0,
0x0,
0x0,
0x0,
0x0,
0x0,
0x0,
0x0,
0x0,
0x0,
0x0,
0x0,
0x0,
0x0,
0x0,
0x0,
0x0,
0x0,
0x0,
0x0,
0x0,
0x0,
0x0,
0x0,
0x0,
0x0,
0x0,
0x0,
0x0,
0x0,
0x0,
0x0,
0x0,
0x0,
0x0,
0x0,
0x0,
0x0,
0x0,
0x0,
0x0,
0x0,
0x0,
0x0,
0x0,
0x0,
0x0,
0x0,
0x0,
0x0,
0x0,
0x0,
0x0,
0x0,
0x0,
0x0,
0x0,
0x0,
0x0,
0x0,
0x0,
0x0,
0x0,
0x0,
0x0,
0x0,
0x0,
0x0,
0x0,
0x0,
0x0,
0x0,
0x0,
0x0,
0x0,
0x0,
0x0,
0x0,
0x0,
0x0,
0x0,
0x0,
0x0,
0x0,
0x0,
0x0,
0x0,
0x0,
0x0,
0x0,
0x0,
0x0,
0x0,
0x0,
0x0,
0x0,
0x0,
0x0,
0x0,
0x0,
0x0,
0x0,
0x0,
0x0,
0x0,
0x0,
0x0,
0x0,
0x0,
0x0,
0x0,
0x0,
0x0,
0x0,
0x0,
0x0,
0x0,
0x0,
0x0,
0x0,
0x0,
0x0,
0x0,
0x0,
0x0,
0x0,
0x0,
0x0,
0x0,
0x0,
0x0,
0x0,
0x0,
0x0,
0x0,
0x0,
0x0,
0x0,
0x0,
0x0,
0x0,
0x0,
0x0,
0x0,
0x0,
0x0,
0x0,
0x0,
0x0,
0x0,
0x0,
0x0,
0x0,
0x0,
0x0,
0x0,
0x0,
0x0,
0x0,
0x0,
0x0,
0x0,
0x0,
0x0,
0x0,
0x0,
0x0,
0x0,
0x0,
0x0,
0x0,
0x0,
0x0,
0x0,
0x0,
0x0,
0x0,
0x0,
0x0,
0x0,
0x0,
0x0,
0x0,
0x0,
0x0,
0x0,
0x0,
0x0,
0x0,
0x0,
0x0,
0x0,
0x0,
0x0,
0x0,
0x0,
0x0,
0x0,
0x0,
0x0,
0x0,
0x0,
0x0,
0x0,
0x0,
0x0,
0x0,
0x0,
0x0,
0x0,
0x0,
0x0,
0x0,
0x0,
0x0,
0x0,
0x0,
0x0,
0x0,
0x0,
0x0,
0x0,
0x0,
0x0,
0x0,
0x0,
0x0,
0x0,
0x0,
0x0,
0x0,
0x0,
0x0,
0x0,
0x0,
0x0,
0x0,
0x0,
0x0,
0x0,
0x0,
0x0,
0x0,
0x0,
0x0,
0x0,
0x0,
0x0,
0x0,
0x0,
0x0,
0x0,
0x0,
0x0,
0x0,
0x0,
0x0,
0x0,
0x0,
0x0,
0x0,
0x0,
0x0,
0x0,
0x0,
0x0,
0x0,
0x0,
0x0,
0x0,
0x0,
0x0,
0x0,
0x0,
0x0,
0x0,
0x0,
0x0,
0x0,
0x0,
0x0,
0x0,
0x0,
0x0,
0x0,
0x0,
0x0,
0x0,
0x0,
0x0,
0x0,
0x0,
0x0,
0x0,
0x0,
0x0,
0x0,
0x0,
0x0,
0x0,
0x0,
0x0,
0x0,
0x0,
0x0,
0x0,
0x0,
0x0,
0x0,
0x0,
0x0,
0x0,
0x0,
0x0,
0x0,
0x0,
0x0,
0x0,
0x0,
0x0,
0x0,
0x0,
0x0,
0x0,
0x0,
0x0,
0x0,
0x0,
0x0,
0x0,
0x0,
0x0,
0x0,
0x0,
0x0,
0x0,
0x0,
0x0,
0x0,
0x0,
0x0,
0x0,
0x0,
0x0,
0x0,
0x0,
0x0,
0x0,
0x0,
0x0,
0x0,
0x0,
0x0,
0x0,
0x0,
0x0,
0x0,
0x0,
0x0,
0x0,
0x0,
0x0,
0x0,
0x0,
0x0,
0x0,
0x0,
0x0,
0x0,
0x0,
0x0,
0x0,
0x0,
0x0,
0x0,
0x0,
0x0,
0x0,
0x0,
0x0,
0x0,
0x0,
0x0,
0x0,
0x0,
0x0,
0x0,
0x0,
0x0,
0x0,
0x0,
0x0,
0x0,
0x0,
0x0,
0x0,
0x0,
0x0,
0x0,
0x0,
0x0,
0x0,
0x0,
0x0,
0x0,
0x0,
0x0,
0x0,
0x0,
0x0,
0x0,
0x0,
0x0,
0x0,
0x0,
0x0,
0x0,
0x0,
0x0,
0x0,
0x0,
0x0,
0x0,
0x0,
0x0,
0x0,
0x0,
0x0,
0x0,
0x0,
0x0,
0x0,
0x0,
0x0,
0x0,
0x0,
0x0,
0x0,
0x0,
0x0,
0x0,
0x0,
0x0,
0x0,
0x0,
0x0,
0x0,
0x0,
0x0,
0x0,
0x0,
0x0,
0x0,
0x0,
0x0,
0x0,
0x0,
0x0,
0x0,
0x0,
0x0,
0x0,
0x0,
0x0,
0x0,
0x0,
0x0,
0x0,
0x0,
0x0,
0x0,
0x0,
0x0,
0x0,
0x0,
0x0,
0x0,
0x0,
0x0,
0x0,
0x0,
0x0,
0x0,
0x0,
0x0,
0x0,
0x0,
0x0,
0x0,
0x0,
0x0,
0x0,
0x0,
0x0,
0x0,
0x0,
0x0,
0x0,
0x0,
0x0,
0x0,
0x0,
0x0,
0x0,
0x0,
0x0,
0x0,
0x0,
0x0,
0x0,
0x0,
0x0,
0x0,
0x0,
0x0,
0x0,
0x0,
0x0,
0x0,
0x0,
0x0,
0x0,
0x0,
0x0,
0x0,
0x0,
0x0,
0x0,
0x0,
0x0,
0x0,
0x0,
0x0,
0x0,
0x0,
0x0,
0x0,
0x0,
0x0,
0x0,
0x0,
0x0,
0x0,
0x0,
0x0,
0x0,
0x0,
0x0,
0x0,
0x0,
0x0,
0x0,
0x0,
0x0,
0x0,
0x0,
0x0,
0x0,
0x0,
0x0,
0x0,
0x0,
0x0,
0x0,
0x0,
0x0,
0x0,
0x0,
0x0,
0x0,
0x0,
0x0,
0x0,
0x0,
0x0,
0x0,
0x0,
0x0,
0x0,
0x0,
0x0,
0x0,
0x0,
0x0,
0x0,
0x0,
0x0,
0x0,
0x0,
0x0,
0x0,
0x0,
0x0,
0x0,
0x0,
0x0,
0x0,
0x0,
0x0,
0x0,
0x0,
0x0,
0x0,
0x0,
0x0,
0x0,
0x0,
0x0,
0x0,
0x0,
0x0,
0x0,
0x0,
0x0,
0x0,
0x0,
0x0,
0x0,
0x0,
0x0,
0x0,
0x0,
0x0,
0x0,
0x0,
0x0,
0x0,
0x0,
0x0,
0x0,
0x0,
0x0,
0x0,
0x0,
0x0,
0x0,
0x0,
0x0,
0x0,
0x0,
0x0,
0x0,
0x0,
0x0,
0x0,
0x0,
0x0,
0x0,
0x0,
0x0,
0x0,
0x0,
0x0,
0x0,
0x0,
0x0,
0x0,
0x0,
0x0,
0x0,
0x0,
0x0,
0x0,
0x0,
0x0,
0x0,
0x0,
0x0,
0x0,
0x0,
0x0,
0x0,
0x0,
0x0,
0x0,
0x0,
0x0,
0x0,
0x0,
0x0,
0x0,
0x0,
0x0,
0x0,
0x0,
0x0,
0x0,
0x0,
0x0,
0x0,
0x0,
0x0,
0x0,
0x0,
0x0,
0x0,
0x0,
0x0,
0x0,
0x0,
0x0,
0x0,
0x0,
0x0,
0x0,
0x0,
0x0,
0x0,
0x0,
0x0,
0x0,
0x0,
0x0,
0x0,
0x0,
0x0,
0x0,
0x0,
0x0,
0x0,
0x0,
0x0,
0x0,
0x0,
0x0,
0x0,
0x0,
0x0,
0x0,
0x0,
0x0,
0x0,
0x0,
0x0,
0x0,
0x0,
0x0,
0x0,
0x0,
0x0,
0x0,
0x0,
0x0,
0x0,
0x0,
0x0,
0x0,
0x0,
0x0,
0x0,
0x0,
0x0,
0x0,
0x0,
0x0,
0x0,
0x0,
0x0,
0x0,
0x0,
0x0,
0x0,
0x0,
0x0,
0x0,
0x0,
0x0,
0x0,
0x0,
0x0,
0x0,
0x0,
0x0,
0x0,
0x0,
0x0,
0x0,
0x0,
0x0,
0x0,
0x0,
0x0,
0x0,
0x0,
0x0,
0x0,
0x0,
0x0,
0x0,
0x0,
0x0,
0x0,
0x0,
0x0,
0x0,
0x0,
0x0,
0x0,
0x0,
0x0,
0x0,
0x0,
0x0,
0x0,
0x0,
0x0,
0x0,
0x0,
0x0,
0x0,
0x0,
0x0,
0x0,
0x0,
0x0,
0x0,
0x0,
0x0,
0x0,
0x0,
0x0,
0x0,
0x0,
0x0,
0x0,
0x0,
0x0,
0x0,
0x0,
0x0,
0x0,
0x0,
0x0,
0x0,
0x0,
0x0,
0x0,
0x0,
0x0,
0x0,
0x0,
0x0,
0x0,
0x0,
0x0,
0x0,
0x0,
0x0,
0x0,
0x0,
0x0,
0x0,
0x0,
0x0,
0x0,
0x0,
0x0,
0x0,
0x0,
0x0,
0x0,
0x0,
0x0,
0x0,
0x0,
0x0,
0x0,
0x0,
0x0,
0x0,
0x0,
0x0,
0x0,
0x0,
0x0,
0x0,
0x0,
0x0,
0x0,
0x0,
0x0,
0x0,
0x0,
0x0,
0x0,
0x0,
0x0,
0x0,
0x0,
0x0,
0x0,
0x0,
0x0,
0x0,
0x0,
0x0,
0x0,
0x0,
0x0,
0x0,
0x0,
0x0,
0x0,
0x0,
0x0,
0x0,
0x0,
0x0,
0x0,
0x0,
0x0,
0x0,
0x0,
0x0,
0x0,
0x0,
0x0,
0x0,
0x0,
0x0,
0x0,
0x0,
0x0,
0x0,
0x0,
0x0,
0x0,
0x0,
0x0,
0x0,
0x0,
0x0,
0x0,
0x0,
0x0,
0x0,
0x0,
0x0,
0x0,
0x0,
0x0,
0x0,
0x0,
0x0,
0x0,
0x0,
0x0,
0x0,
0x0,
0x0,
0x0,
0x0,
0x0,
0x0,
0x0,
0x0,
0x0,
0x0,
0x0,
0x0,
0x0,
0x0,
0x0,
0x0,
0x0,
0x0,
0x0,
0x0,
0x0,
0x0,
0x0,
0x0,
0x0,
0x0,
0x0,
0x0,
0x0,
0x0,
0x0,
0x0,
0x0,
0x0,
0x0,
0x0,
0x0,
0x0,
0x0,
0x0,
0x0,
0x0,
0x0,
0x0,
0x0,
0x0,
0x0,
0x0,
0x0,
0x0,
0x0,
0x0,
0x0,
0x0,
0x0,
0x0,
0x0,
0x0,
0x0,
0x0,
0x0,
0x0,
0x0,
0x0,
0x0,
0x0,
0x0,
0x0,
0x0,
0x0,
0x0,
0x0,
0x0,
0x0,
0x0,
0x0,
0x0,
0x0,
0x0,
0x0,
0x0,
0x0,
0x0,
0x0,
0x0,
0x0,
0x0,
0x0,
0x0,
0x0,
0x0,
0x0,
0x0,
0x0,
0x0,
0x0,
0x0,
0x0,
0x0,
0x0,
0x0,
0x0,
0x0,
0x0,
0x0,
0x0,
0x0,
0x0,
0x0,
0x0,
0x0,
0x0,
0x0,
0x0,
0x0,
0x0,
0x0,
0x0,
0x0,
0x0,
0x0,
0x0,
0x0,
0x0,
0x0,
0x0,
0x0,
0x0,
0x0,
0x0,
0x0,
0x0,
0x0,
0x0,
0x0,
0x0,
0x0,
0x0,
0x0,
0x0,
0x0,
0x0,
0x0,
0x0,
0x0,
0x0,
0x0,
0x0,
0x0,
0x0,
0x0,
0x0,
0x0,
0x0,
0x0,
0x0,
0x0,
0x0,
0x0,
0x0,
0x0,
0x0,
0x0,
0x0,
0x0,
0x0,
0x0,
0x0,
0x0,
0x0,
0x0,
0x0,
0x0,
0x0,
0x0,
0x0,
0x0,
0x0,
0x0,
0x0,
0x0,
0x0,
0x0,
0x0,
0x0,
0x0,
0x0,
0x0,
0x0,
0x0,
0x0,
0x0,
0x0,
0x0,
0x0,
0x0,
0x0,
0x0,
0x0,
0x0,
0x0,
0x0,
0x0,
0x0,
0x0,
0x0,
0x0,
0x0,
0x0,
0x0,
0x0,
0x0,
0x0,
0x0,
0x0,
0x0,
0x0,
0x0,
0x0,
0x0,
0x0,
0x0,
0x0,
0x0,
0x0,
0x0,
0x0,
0x0,
0x0,
0x0,
0x0,
0x0,
0x0,
0x0,
0x0,
0x0,
0x0,
0x0,
0x0,
0x0,
0x0,
0x0,
0x0,
0x0,
0x0,
0x0,
0x0,
0x0,
0x0,
0x0,
0x0,
0x0,
0x0,
0x0,
0x0,
0x0,
0x0,
0x0,
0x0,
0x0,
0x0,
0x0,
0x0,
0x0,
0x0,
0x0,
0x0,
0x0,
0x0,
0x0,
0x0,
0x0,
0x0,
0x0,
0x0,
0x0,
0x0,
0x0,
0x0,
0x0,
0x0,
0x0,
0x0,
0x0,
0x0,
0x0,
0x0,
0x0,
0x0,
0x0,
0x0,
0x0,
0x0,
0x0,
0x0,
0x0,
0x0,
0x0,
0x0,
0x0,
0x0,
0x0,
0x0,
0x0,
0x0,
0x0,
0x0,
0x0,
0x0,
0x0,
0x0,
0x0,
0x0,
0x0,
0x0,
0x0,
0x0,
0x0,
0x0,
0x0,
0x0,
0x0,
0x0,
0x0,
0x0,
0x0,
0x0,
0x0,
0x0,
0x0,
0x0,
0x0,
0x0,
0x0,
0x0,
0x0,
0x0,
0x0,
0x0,
0x0,
0x0,
0x0,
0x0,
0x0,
0x0,
0x0,
0x0,
0x0,
0x0,
0x0,
0x0,
0x0,
0x0,
0x0,
0x0,
0x0,
0x0,
0x0,
0x0,
0x0,
0x0,
0x0,
0x0,
0x0,
0x0,
0x0,
0x0,
0x0,
0x0,
0x0,
0x0,
0x0,
0x0,
0x0,
0x0,
0x0,
0x0,
0x0,
0x0,
0x0,
0x0,
0x0,
0x0,
0x0,
0x0,
0x0,
0x0,
0x0,
0x0,
0x0,
0x0,
0x0,
0x0,
0x0,
0x0,
0x0,
0x0,
0x0,
0x0,
0x0,
0x0,
0x0,
0x0,
0x0,
0x0,
0x0,
0x0,
0x0,
0x0,
0x0,
0x0,
0x0,
0x0,
0x0,
0x0,
0x0,
0x0,
0x0,
0x0,
0x0,
0x0,
0x0,
0x0,
0x0,
0x0,
0x0,
0x0,
0x0,
0x0,
0x0,
0x0,
0x0,
0x0,
0x0,
0x0,
0x0,
0x0,
0x0,
0x0,
0x0,
0x0,
0x0,
0x0,
0x0,
0x0,
0x0,
0x0,
0x0,
0x0,
0x0,
0x0,
0x0,
0x0,
0x0,
0x0,
0x0,
0x0,
0x0,
0x0,
0x0,
0x0,
0x0,
0x0,
0x0,
0x0,
0x0,
0x0,
0x0,
0x0,
0x0,
0x0,
0x0,
0x0,
0x0,
0x0,
0x0,
0x0,
0x0,
0x0,
0x0,
0x0,
0x0,
0x0,
0x0,
0x0,
0x0,
0x0,
0x0,
0x0,
0x0,
0x0,
0x0,
0x0,
0x0,
0x0,
0x0,
0x0,
0x0,
0x0,
0x0,
0x0,
0x0,
0x0,
0x0,
0x0,
0x0,
0x0,
0x0,
0x0,
0x0,
0x0,
0x0,
0x0,
0x0,
0x0,
0x0,
0x0,
0x0,
0x0,
0x0,
0x0,
0x0,
0x0,
0x0,
0x0,
0x0,
0x0,
0x0,
0x0,
0x0,
0x0,
0x0,
0x0,
0x0,
0x0,
0x0,
0x0,
0x0,
0x0,
0x0,
0x0,
0x0,
0x0,
0x0,
0x0,
0x0,
0x0,
0x0,
0x0,
0x0,
0x0,
0x0,
0x0,
0x0,
0x0,
0x0,
0x0,
0x0,
0x0,
0x0,
0x0,
0x0,
0x0,
0x0,
0x0,
0x0,
0x0,
0x0,
0x0,
0x0,
0x0,
0x0,
0x0,
0x0,
0x0,
0x0,
0x0,
0x0,
0x0,
0x0,
0x0,
0x0,
0x0,
0x0,
0x0,
0x0,
0x0,
0x0,
0x0,
0x0,
0x0,
0x0,
0x0,
0x0,
0x0,
0x0,
0x0,
0x0,
0x0,
0x0,
0x0,
0x0,
0x0,
0x0,
0x0,
0x0,
0x0,
0x0,
0x0,
0x0,
0x0,
0x0,
0x0,
0x0,
0x0,
0x0,
0x0,
0x0,
0x0,
0x0,
0x0,
0x0,
0x0,
0x0,
0x0,
0x0,
0x0,
0x0,
0x0,
0x0,
0x0,
0x0,
0x0,
0x0,
0x0,
0x0,
0x0,
0x0,
0x0,
0x0,
0x0,
0x0,
0x0,
0x0,
0x0,
0x0,
0x0,
0x0,
0x0,
0x0,
0x0,
0x0,
0x0,
0x0,
0x0,
0x0,
0x0,
0x0,
0x0,
0x0,
0x0,
0x0,
0x0,
0x0,
0x0,
0x0,
0x0,
0x0,
0x0,
0x0,
0x0,
0x0,
0x0,
0x0,
0x0,
0x0,
0x0,
0x0,
0x0,
0x0,
0x0,
0x0,
0x0,
0x0,
0x0,
0x0,
0x0,
0x0,
0x0,
0x0,
0x0,
0x0,
0x0,
0x0,
0x0,
0x0,
0x0,
0x0,
0x0,
0x0,
0x0,
0x0,
0x0,
0x0,
0x0,
0x0,
0x0,
0x0,
0x0,
0x0,
0x0,
0x0,
0x0,
0x0,
0x0,
0x0,
0x0,
0x0,
0x0,
0x0,
0x0,
0x0,
0x0,
0x0,
0x0,
0x0,
0x0,
0x0,
0x0,
0x0,
0x0,
0x0,
0x0,
0x0,
0x0,
0x0,
0x0,
0x0,
0x0,
0x0,
0x0,
0x0,
0x0,
0x0,
0x0,
0x0,
0x0,
0x0,
0x0,
0x0,
0x0,
0x0,
0x0,
0x0,
0x0,
0x0,
0x0,
0x0,
0x0,
0x0,
0x0,
0x0,
0x0,
0x0,
0x0,
0x0,
0x0,
0x0,
0x0,
0x0,
0x0,
0x0,
0x0,
0x0,
0x0,
0x0,
0x0,
0x0,
0x0,
0x0,
0x0,
0x0,
0x0,
0x0,
0x0,
0x0,
0x0,
0x0,
0x0,
0x0,
0x0,
0x0,
0x0,
0x0,
0x0,
0x0,
0x0,
0x0,
0x0,
0x0,
0x0,
0x0,
0x0,
0x0,
0x0,
0x0,
0x0,
0x0,
0x0,
0x0,
0x0,
0x0,
0x0,
0x0,
0x0,
0x0,
0x0,
0x0,
0x0,
0x0,
0x0,
0x0,
0x0,
0x0,
0x0,
0x0,
0x0,
0x0,
0x0,
0x0,
0x0,
0x0,
0x0,
0x0,
0x0,
0x0,
0x0,
0x0,
0x0,
0x0,
0x0,
0x0,
0x0,
0x0,
0x0,
0x0,
0x0,
0x0,
0x0,
0x0,
0x0,
0x0,
0x0,
0x0,
0x0,
0x0,
0x0,
0x0,
0x0,
0x0,
0x0,
0x0,
0x0,
0x0,
0x0,
0x0,
0x0,
0x0,
0x0,
0x0,
0x0,
0x0,
0x0,
0x0,
0x0,
0x0,
0x0,
0x0,
0x0,
0x0,
0x0,
0x0,
0x0,
0x0,
0x0,
0x0,
0x0,
0x0,
0x0,
0x0,
0x0,
0x0,
0x0,
0x0,
0x0,
0x0,
0x0,
0x0,
0x0,
0x0,
0x0,
0x0,
0x0,
0x0,
0x0,
0x0,
0x0,
0x0,
0x0,
0x0,
0x0,
0x0,
0x0,
0x0,
0x0,
0x0,
0x0,
0x0,
0x0,
0x0,
0x0,
0x0,
0x0,
0x0,
0x0,
0x0,
0x0,
0x0,
0x0,
0x0,
0x0,
0x0,
0x0,
0x0,
0x0,
0x0,
0x0,
0x0,
0x0,
0x0,
0x0,
0x0,
0x0,
0x0,
0x0,
0x0,
0x0,
0x0,
0x0,
0x0,
0x0,
0x0,
0x0,
0x0,
0x0,
0x0,
0x0,
0x0,
0x0,
0x0,
0x0,
0x0,
0x0,
0x0,
0x0,
0x0,
0x0,
0x0,
0x0,
0x0,
0x0,
0x0,
0x0,
0x0,
0x0,
0x0,
0x0,
0x0,
0x0,
0x0,
0x0,
0x0,
0x0,
0x0,
0x0,
0x0,
0x0,
0x0,
0x0,
0x0,
0x0,
0x0,
0x0,
0x0,
0x0,
0x0,
0x0,
0x0,
0x0,
0x0,
0x0,
0x0,
0x0,
0x0,
0x0,
0x0,
0x0,
0x0,
0x0,
0x0,
0x0,
0x0,
0x0,
0x0,
0x0,
0x0,
0x0,
0x0,
0x0,
0x0,
0x0,
0x0,
0x0,
0x0,
0x0,
0x0,
0x0,
0x0,
0x0,
0x0,
0x0,
0x0,
0x0,
0x0,
0x0,
0x0,
0x0,
0x0,
0x0,
0x0,
0x0,
0x0,
0x0,
0x0,
0x0,
0x0,
0x0,
0x0,
0x0,
0x0,
0x0,
0x0,
0x0,
0x0,
0x0,
0x0,
0x0,
0x0,
0x0,
0x0,
0x0,
0x0,
0x0,
0x0,
0x0,
0x0,
0x0,
0x0,
0x0,
0x0,
0x0,
0x0,
0x0,
0x0,
0x0,
0x0,
0x0,
0x0,
0x0,
0x0,
0x0,
0x0,
0x0,
0x0,
0x0,
0x0,
0x0,
0x0,
0x0,
0x0,
0x0,
0x0,
0x0,
0x0,
0x0,
0x0,
0x0,
0x0,
0x0,
0x0,
0x0,
0x0,
0x0,
0x0,
0x0,
0x0,
0x0,
0x0,
0x0,
0x0,
0x0,
0x0,
0x0,
0x0,
0x0,
0x0,
0x0,
0x0,
0x0,
0x0,
0x0,
0x0,
0x0,
0x0,
0x0,
0x0,
0x0,
0x0,
0x0,
0x0,
0x0,
0x0,
0x0,
0x0,
0x0,
0x0,
0x0,
0x0,
0x0,
0x0,
0x0,
0x0,
0x0,
0x0,
0x0,
0x0,
0x0,
0x0,
0x0,
0x0,
0x0,
0x0,
0x0,
0x0,
0x0,
0x0,
0x0,
0x0,
0x0,
0x0,
0x0,
0x0,
0x0,
0x0,
0x0,
0x0,
0x0,
0x0,
0x0,
0x0,
0x0,
0x0,
0x0,
0x0,
0x0,
0x0,
0x0,
0x0,
0x0,
0x0,
0x0,
0x0,
0x0,
0x0,
0x0,
0x0,
0x0,
0x0,
0x0,
0x0,
0x0,
0x0,
0x0,
0x0,
0x0,
0x0,
0x0,
0x0,
0x0,
0x0,
0x0,
0x0,
0x0,
0x0,
0x0,
0x0,
0x0,
0x0,
0x0,
0x0,
0x0,
0x0,
0x0,
0x0,
0x0,
0x0,
0x0,
0x0,
0x0,
0x0,
0x0,
0x0,
0x0,
0x0,
0x0,
0x0,
0x0,
0x0,
0x0,
0x0,
0x0,
0x0,
0x0,
0x0,
0x0,
0x0,
0x0,
0x0,
0x0,
0x0,
0x0,
0x0,
0x0,
0x0,
0x0,
0x0,
0x0,
0x0,
0x0,
0x0,
0x0,
0x0,
0x0,
0x0,
0x0,
0x0,
0x0,
0x0,
0x0,
0x0,
0x0,
0x0,
0x0,
0x0,
0x0,
0x0,
0x0,
0x0,
0x0,
0x0,
0x0,
0x0,
0x0,
0x0,
0x0,
0x0,
0x0,
0x0,
0x0,
0x0,
0x0,
0x0,
0x0,
0x0,
0x0,
0x0,
0x0,
0x0,
0x0,
0x0,
0x0,
0x0,
0x0,
0x0,
0x0,
0x0,
0x0,
0x0,
0x0,
0x0,
0x0,
0x0,
0x0,
0x0,
0x0,
0x0,
0x0,
0x0,
0x0,
0x0,
0x0,
0x0,
0x0,
0x0,
0x0,
0x0,
0x0,
0x0,
0x0,
0x0,
0x0,
0x0,
0x0,
0x0,
0x0,
0x0,
0x0,
0x0,
0x0,
0x0,
0x0,
0x0,
0x0,
0x0,
0x0,
0x0,
0x0,
0x0,
0x0,
0x0,
0x0,
0x0,
0x0,
0x0,
0x0,
0x0,
0x0,
0x0,
0x0,
0x0,
0x0,
0x0,
0x0,
0x0,
0x0,
0x0,
0x0,
0x0,
0x0,
0x0,
0x0,
0x0,
0x0,
0x0,
0x0,
0x0,
0x0,
0x0,
0x0,
0x0,
0x0,
0x0,
0x0,
0x0,
0x0,
0x0,
0x0,
0x0,
0x0,
0x0,
0x0,
0x0,
0x0,
0x0,
0x0,
0x0,
0x0,
0x0,
0x0,
0x0,
0x0,
0x0,
0x0,
0x0,
0x0,
0x0,
0x0,
0x0,
0x0,
0x0,
0x0,
0x0,
0x0,
0x0,
0x0,
0x0,
0x0,
0x0,
0x0,
0x0,
0x0,
0x0,
0x0,
0x0,
0x0,
0x0,
0x0,
0x0,
0x0,
0x0,
0x0,
0x0,
0x0,
0x0,
0x0,
0x0,
0x0,
0x0,
0x0,
0x0,
0x0,
0x0,
0x0,
0x0,
0x0,
0x0,
0x0,
0x0,
0x0,
0x0,
0x0,
0x0,
0x0,
0x0,
0x0,
0x0,
0x0,
0x0,
0x0,
0x0,
0x0,
0x0,
0x0,
0x0,
0x0,
0x0,
0x0,
0x0,
0x0,
0x0,
0x0,
0x0,
0x0,
0x0,
0x0,
0x0,
0x0,
0x0,
0x0,
0x0,
0x0,
0x0,
0x0,
0x0,
0x0,
0x0,
0x0,
0x0,
0x0,
0x0,
0x0,
0x0,
0x0,
0x0,
0x0,
0x0,
0x0,
0x0,
0x0,
0x0,
0x0,
0x0,
0x0,
0x0,
0x0,
0x0,
0x0,
0x0,
0x0,
0x0,
0x0,
0x0,
0x0,
0x0,
0x0,
0x0,
0x0,
0x0,
0x0,
0x0,
0x0,
0x0,
0x0,
0x0,
0x0,
0x0,
0x0,
0x0,
0x0,
0x0,
0x0,
0x0,
0x0,
0x0,
0x0,
0x0,
0x0,
0x0,
0x0,
0x0,
0x0,
0x0,
0x0,
0x0,
0x0,
0x0,
0x0,
0x0,
0x0,
0x0,
0x0,
0x0,
0x0,
0x0,
0x0,
0x0,
0x0,
0x0,
0x0,
0x0,
0x0,
0x0,
0x0,
0x0,
0x0,
0x0,
0x0,
0x0,
0x0,
0x0,
0x0,
0x0,
0x0,
0x0,
0x0,
0x0,
0x0,
0x0,
0x0,
0x0,
0x0,
0x0,
0x0,
0x0,
0x0,
0x0,
0x0,
0x0,
0x0,
0x0,
0x0,
0x0,
0x0,
0x0,
0x0,
0x0,
0x0,
0x0,
0x0,
0x0,
0x0,
0x0,
0x0,
0x0,
0x0,
0x0,
0x0,
0x0,
0x0,
0x0,
0x0,
0x0,
0x0,
0x0,
0x0,
0x0,
0x0,
0x0,
0x0,
0x0,
0x0,
0x0,
0x0,
0x0,
0x0,
0x0,
0x0,
0x0,
0x0,
0x0,
0x0,
0x0,
0x0,
0x0,
0x0,
0x0,
0x0,
0x0,
0x0,
0x0,
0x0,
0x0,
0x0,
0x0,
0x0,
0x0,
0x0,
0x0,
0x0,
0x0,
0x0,
0x0,
0x0,
0x0,
0x0,
0x0,
0x0,
0x0,
0x0,
0x0,
0x0,
0x0,
0x0,
0x0,
0x0,
0x0,
0x0,
0x0,
0x0,
0x0,
0x0,
0x0,
0x0,
0x0,
0x0,
0x0,
0x0,
0x0,
0x0,
0x0,
0x0,
0x0,
0x0,
0x0,
0x0,
0x0,
0x0,
0x0,
0x0,
0x0,
0x0,
0x0,
0x0,
0x0,
0x0,
0x0,
0x0,
0x0,
0x0,
0x0,
0x0,
0x0,
0x0,
0x0,
0x0,
0x0,
0x0,
0x0,
0x0,
0x0,
0x0,
0x0,
0x0,
0x0,
0x0,
0x0,
0x0,
0x0,
0x0,
0x0,
0x0,
0x0,
0x0,
0x0,
0x0,
0x0,
0x0,
0x0,
0x0,
0x0,
0x0,
0x0,
0x0,
0x0,
0x0,
0x0,
0x0,
0x0,
0x0,
0x0,
0x0,
0x0,
0x0,
0x0,
0x0,
0x0,
0x0,
0x0,
0x0,
0x0,
0x0,
0x0,
0x0,
0x0,
0x0,
0x0,
0x0,
0x0,
0x0,
0x0,
0x0,
0x0,
0x0,
0x0,
0x0,
0x0,
0x0,
0x0,
0x0,
0x0,
0x0,
0x0,
0x0,
0x0,
0x0,
0x0,
0x0,
0x0,
0x0,
0x0,
0x0,
0x0,
0x0,
0x0,
0x0,
0x0,
0x0,
0x0,
0x0,
0x0,
0x0,
0x0,
0x0,
0x0,
0x0,
0x0,
0x0,
0x0,
0x0,
0x0,
0x0,
0x0,
0x0,
0x0,
0x0,
0x0,
0x0,
0x0,
0x0,
0x0,
0x0,
0x0,
0x0,
0x0,
0x0,
0x0,
0x0,
0x0,
0x0,
0x0,
0x0,
0x0,
0x0,
0x0,
0x0,
0x0,
0x0,
0x0,
0x0,
0x0,
0x0,
0x0,
0x0,
0x0,
0x0,
0x0,
0x0,
0x0,
0x0,
0x0,
0x0,
0x0,
0x0,
0x0,
0x0,
0x0,
0x0,
0x0,
0x0,
0x0,
0x0,
0x0,
0x0,
0x0,
0x0,
0x0,
0x0,
0x0,
0x0,
0x0,
0x0,
0x0,
0x0,
0x0,
0x0,
0x0,
0x0,
0x0,
0x0,
0x0,
0x0,
0x0,
0x0,
0x0,
0x0,
0x0,
0x0,
0x0,
0x0,
0x0,
0x0,
0x0,
0x0,
0x0,
0x0,
0x0,
0x0,
0x0,
0x0,
0x0,
0x0,
0x0,
0x0,
0x0,
0x0,
0x0,
0x0,
0x0,
0x0,
0x0,
0x0,
0x0,
0x0,
0x0,
0x0,
0x0,
0x0,
0x0,
0x0,
0x0,
0x0,
0x0,
0x0,
0x0,
0x0,
0x0,
0x0,
0x0,
0x0,
0x0,
0x0,
0x0,
0x0,
0x0,
0x0,
0x0,
0x0,
0x0,
0x0,
0x0,
0x0,
0x0,
0x0,
0x0,
0x0,
0x0,
0x0,
0x0,
0x0,
0x0,
0x0,
0x0,
0x0,
0x0,
0x0,
0x0,
0x0,
0x0,
0x0,
0x0,
0x0,
0x0,
0x0,
0x0,
0x0,
0x0,
0x0,
0x0,
0x0,
0x0,
0x0,
0x0,
0x0,
0x0,
0x0,
0x0,
0x0,
0x0,
0x0,
0x0,
0x0,
0x0,
0x0,
0x0,
0x0,
0x0,
0x0,
0x0,
0x0,
0x0,
0x0,
0x0,
0x0,
0x0,
0x0,
0x0,
0x0,
0x0,
0x0,
0x0,
0x0,
0x0,
0x0,
0x0,
0x0,
0x0,
0x0,
0x0,
0x0,
0x0,
0x0,
0x0,
0x0,
0x0,
0x0,
0x0,
0x0,
0x0,
0x0,
0x0,
0x0,
0x0,
0x0,
0x0,
0x0,
0x0,
0x0,
0x0,
0x0,
0x0,
0x0,
0x0,
0x0,
0x0,
0x0,
0x0,
0x0,
0x0,
0x0,
0x0,
0x0,
0x0,
0x0,
0x0,
0x0,
0x0,
0x0,
0x0,
0x0,
0x0,
0x0,
0x0,
0x0,
0x0,
0x0,
0x0,
0x0,
0x0,
0x0,
0x0,
0x0,
0x0,
0x0,
0x0,
0x0,
0x0,
0x0,
0x0,
0x0,
0x0,
0x0,
0x0,
0x0,
0x0,
0x0,
0x0,
0x0,
0x0,
0x0,
0x0,
0x0,
0x0,
0x0,
0x0,
0x0,
0x0,
0x0,
0x0,
0x0,
0x0,
0x0,
0x0,
0x0,
0x0,
0x0,
0x0,
0x0,
0x0,
0x0,
0x0,
0x0,
0x0,
0x0,
0x0,
0x0,
0x0,
0x0,
0x0,
0x0,
0x0,
0x0,
0x0,
0x0,
0x0,
0x0,
0x0,
0x0,
0x0,
0x0,
0x0,
0x0,
0x0,
0x0,
0x0,
0x0,
0x0,
0x0,
0x0,
0x0,
0x0,
0x0,
0x0,
0x0,
0x0,
0x0,
0x0,
0x0,
0x0,
0x0,
0x0,
0x0,
0x0,
0x0,
0x0,
0x0,
0x0,
0x0,
0x0,
0x0,
0x0,
0x0,
0x0,
0x0,
0x0,
0x0,
0x0,
0x0,
0x0,
0x0,
0x0,
0x0,
0x0,
0x0,
0x0,
0x0,
0x0,
0x0,
0x0,
0x0,
0x0,
0x0,
0x0,
0x0,
0x0,
0x0,
0x0,
0x0,
0x0,
0x0,
0x0,
0x0,
0x0,
0x0,
0x0,
0x0,
0x0,
0x0,
0x0,
0x0,
0x0,
0x0,
0x0,
0x0,
0x0,
0x0,
0x0,
0x0,
0x0,
0x0,
0x0,
0x0,
0x0,
0x0,
0x0,
0x0,
0x0,
0x0,
0x0,
0x0,
0x0,
0x0,
0x0,
0x0,
0x0,
0x0,
0x0,
0x0,
0x0,
0x0,
0x0,
0x0,
0x0,
0x0,
0x0,
0x0,
0x0,
0x0,
0x0,
0x0,
0x0,
0x0,
0x0,
0x0,
0x0,
0x0,
0x0,
0x0,
0x0,
0x0,
0x0,
0x0,
0x0,
0x0,
0x0,
0x0,
0x0,
0x0,
0x0,
0x0,
0x0,
0x0,
0x0,
0x0,
0x0,
0x0,
0x0,
0x0,
0x0,
0x0,
0x0,
0x0,
0x0,
0x0,
0x0,
0x0,
0x0,
0x0,
0x0,
0x0,
0x0,
0x0,
0x0,
0x0,
0x0,
0x0,
0x0,
0x0,
0x0,
0x0,
0x0,
0x0,
0x0,
0x0,
0x0,
0x0,
0x0,
0x0,
0x0,
0x0,
0x0,
0x0,
0x0,
0x0,
0x0,
0x0,
0x0,
0x0,
0x0,
0x0,
0x0,
0x0,
0x0,
0x0,
0x0,
0x0,
0x0,
0x0,
0x0,
0x0,
0x0,
0x0,
0x0,
0x0,
0x0,
0x0,
0x0,
0x0,
0x0,
0x0,
0x0,
0x0,
0x0,
0x0,
0x0,
0x0,
0x0,
0x0,
0x0,
0x0,
0x0,
0x0,
0x0,
0x0,
0x0,
0x0,
0x0,
0x0,
0x0,
0x0,
0x0,
0x0,
0x0,
0x0,
0x0,
0x0,
0x0,
0x0,
0x0,
0x0,
0x0,
0x0,
0x0,
0x0,
0x0,
0x0,
0x0,
0x0,
0x0,
0x0,
0x0,
0x0,
0x0,
0x0,
0x0,
0x0,
0x0,
0x0,
0x0,
0x0,
0x0,
0x0,
0x0,
0x0,
0x0,
0x0,
0x0,
0x0,
0x0,
0x0,
0x0,
0x0,
0x0,
0x0,
0x0,
0x0,
0x0,
0x0,
0x0,
0x0,
0x0,
0x0,
0x0,
0x0,
0x0,
0x0,
0x0,
0x0,
0x0,
0x0,
0x0,
0x0,
0x0,
0x0,
0x0,
0x0,
0x0,
0x0,
0x0,
0x0,
0x0,
0x0,
0x0,
0x0,
0x0,
0x0,
0x0,
0x0,
0x0,
0x0,
0x0,
0x0,
0x0,
0x0,
0x0,
0x0,
0x0,
0x0,
0x0,
0x0,
0x0,
0x0,
0x0,
0x0,
0x0,
0x0,
0x0,
0x0,
0x0,
0x0,
0x0,
0x0,
0x0,
0x0,
0x0,
0x0,
0x0,
0x0,
0x0,
0x0,
0x0,
0x0,
0x0,
0x0,
0x0,
0x0,
0x0,
0x0,
0x0,
0x0,
0x0,
0x0,
0x0,
0x0,
0x0,
0x0,
0x0,
0x0,
0x0,
0x0,
0x0,
0x0,
0x0,
0x0,
0x0,
0x0,
0x0,
0x0,
0x0,
0x0,
0x0,
0x0,
0x0,
0x0,
0x0,
0x0,
0x0,
0x0,
0x0,
0x0,
0x0,
0x0,
0x0,
0x0,
0x0,
0x0,
0x0,
0x0,
0x0,
0x0,
0x0,
0x0,
0x0,
0x0,
0x0,
0x0,
0x0,
0x0,
0x0,
0x0,
0x0,
0x0,
0x0,
0x0,
0x0,
0x0,
0x0,
0x0,
0x0,
0x0,
0x0,
0x0,
0x0,
0x0,
0x0,
0x0,
0x0,
0x0,
0x0,
0x0,
0x0,
0x0,
0x0,
0x0,
0x0,
0x0,
0x0,
0x0,
0x0,
0x0,
0x0,
0x0,
0x0,
0x0,
0x0,
0x0,
0x0,
0x0,
0x0,
0x0,
0x0,
0x0,
0x0,
0x0,
0x0,
0x0,
0x0,
0x0,
0x0,
0x0,
0x0,
0x0,
0x0,
0x0,
0x0,
0x0,
0x0,
0x0,
0x0,
0x0,
0x0,
0x0,
0x0,
0x0,
0x0,
0x0,
0x0,
0x0,
0x0,
0x0,
0x0,
0x0,
0x0,
0x0,
0x0,
0x0,
0x0,
0x0,
0x0,
0x0,
0x0,
0x0,
0x0,
0x0,
0x0,
0x0,
0x0,
0x0,
0x0,
0x0,
0x0,
0x0,
0x0,
0x0,
0x0,
0x0,
0x0,
0x0,
0x0,
0x0,
0x0,
0x0,
0x0,
0x0,
0x0,
0x0,
0x0,
0x0,
0x0,
0x0,
0x0,
0x0,
0x0,
0x0,
0x0,
0x0,
0x0,
0x0,
0x0,
0x0,
0x0,
0x0,
0x0,
0x0,
0x0,
0x0,
0x0,
0x0,
0x0,
0x0,
0x0,
0x0,
0x0,
0x0,
0x0,
0x0,
0x0,
0x0,
0x0,
0x0,
0x0,
0x0,
0x0,
0x0,
0x0,
0x0,
0x0,
0x0,
0x0,
0x0,
0x0,
0x0,
0x0,
0x0,
0x0,
0x0,
0x0,
0x0,
0x0,
0x0,
0x0,
0x0,
0x0,
0x0,
0x0,
0x0,
0x0,
0x0,
0x0,
0x0,
0x0,
0x0,
0x0,
0x0,
0x0,
0x0,
0x0,
0x0,
0x0,
0x0,
0x0,
0x0,
0x0,
0x0,
0x0,
0x0,
0x0,
0x0,
0x0,
0x0,
0x0,
0x0,
0x0,
0x0,
0x0,
0x0,
0x0,
0x0,
0x0,
0x0,
0x0,
0x0,
0x0,
0x0,
0x0,
0x0,
0x0,
0x0,
0x0,
0x0,
0x0,
0x0,
0x0,
0x0,
0x0,
0x0,
0x0,
0x0,
0x0,
0x0,
0x0,
0x0,
0x0,
0x0,
0x0,
0x0,
0x0,
0x0,
0x0,
0x0,
0x0,
0x0,
0x0,
0x0,
0x0,
0x0,
0x0,
0x0,
0x0,
0x0,
0x0,
0x0,
0x0,
0x0,
0x0,
0x0,
0x0,
0x0,
0x0,
0x0,
0x0,
0x0,
0x0,
0x0,
0x0,
0x0,
0x0,
0x0,
0x0,
0x0,
0x0,
0x0,
0x0,
0x0,
0x0,
0x0,
0x0,
0x0,
0x0,
0x0,
0x0,
0x0,
0x0,
0x0,
0x0,
0x0,
0x0,
0x0,
0x0,
0x0,
0x0,
0x0,
0x0,
0x0,
0x0,
0x0,
0x0,
0x0,
0x0,
0x0,
0x0,
0x0,
0x0,
0x0,
0x0,
0x0,
0x0,
0x0,
0x0,
0x0,
0x0,
0x0,
0x0,
0x0,
0x0,
0x0,
0x0,
0x0,
0x0,
0x0,
0x0,
0x0,
0x0,
0x0,
0x0,
0x0,
0x0,
0x0,
0x0,
0x0,
0x0,
0x0,
0x0,
0x0,
0x0,
0x0,
0x0,
0x0,
0x0,
0x0,
0x0,
0x0,
0x0,
0x0,
0x0,
0x0,
0x0,
0x0,
0x0,
0x0,
0x0,
0x0,
0x0,
0x0,
0x0,
0x0,
0x0,
0x0,
0x0,
0x0,
0x0,
0x0,
0x0,
0x0,
0x0,
0x0,
0x0,
0x0,
0x0,
0x0,
0x0,
0x0,
0x0,
0x0,
0x0,
0x0,
0x0,
0x0,
0x0,
0x0,
0x0,
0x0,
0x0,
0x0,
0x0,
0x0,
0x0,
0x0,
0x0,
0x0,
0x0,
0x0,
0x0,
0x0,
0x0,
0x0,
0x0,
0x0,
0x0,
0x0,
0x0,
0x0,
0x0,
0x0,
0x0,
0x0,
0x0,
0x0,
0x0,
0x0,
0x0,
0x0,
0x0,
0x0,
0x0,
0x0,
0x0,
0x0,
0x0,
0x0,
0x0,
0x0,
0x0,
0x0,
0x0,
0x0,
0x0,
0x0,
0x0,
0x0,
0x0,
0x0,
0x0,
0x0,
0x0,
0x0,
0x0,
0x0,
0x0,
0x0,
0x0,
0x0,
0x0,
0x0,
0x0,
0x0,
0x0,
0x0,
0x0,
0x0,
0x0,
0x0,
0x0,
0x0,
0x0,
0x0,
0x0,
0x0,
0x0,
0x0,
0x0,
0x0,
0x0,
0x0,
0x0,
0x0,
0x0,
0x0,
0x0,
0x0,
0x0,
0x0,
0x0,
0x0,
0x0,
0x0,
0x0,
0x0,
0x0,
0x0,
0x0,
0x0,
0x0,
0x0,
0x0,
0x0,
0x0,
0x0,
0x0,
0x0,
0x0,
0x0,
0x0,
0x0,
0x0,
0x0,
0x0,
0x0,
0x0,
0x0,
0x0,
0x0,
0x0,
0x0,
0x0,
0x0,
0x0,
0x0,
0x0,
0x0,
0x0,
0x0,
0x0,
0x0,
0x0,
0x0,
0x0,
0x0,
0x0,
0x0,
0x0,
0x0,
0x0,
0x0,
0x0,
0x0,
0x0,
0x0,
0x0,
0x0,
0x0,
0x0,
0x0,
0x0,
0x0,
0x0,
0x0,
0x0,
0x0,
0x0,
0x0,
0x0,
0x0,
0x0,
0x0,
0x0,
0x0,
0x0,
0x0,
0x0,
0x0,
0x0,
0x0,
0x0,
0x0,
0x0,
0x0,
0x0,
0x0,
0x0,
0x0,
0x0,
0x0,
0x0,
0x0,
0x0,
0x0,
0x0,
0x0,
0x0,
0x0,
0x0,
0x0,
0x0,
0x0,
0x0,
0x0,
0x0,
0x0,
0x0,
0x0,
0x0,
0x0,
0x0,
0x0,
0x0,
0x0,
0x0,
0x0,
0x0,
0x0,
0x0,
0x0,
0x0,
0x0,
0x0,
0x0,
0x0,
0x0,
0x0,
0x0,
0x0,
0x0,
0x0,
0x0,
0x0,
0x0,
0x0,
0x0,
0x0,
0x0,
0x0,
0x0,
0x0,
0x0,
0x0,
0x0,
0x0,
0x0,
0x0,
0x0,
0x0,
0x0,
0x0,
0x0,
0x0,
0x0,
0x0,
0x0,
0x0,
0x0,
0x0,
0x0,
0x0,
0x0,
0x0,
0x0,
0x0,
0x0,
0x0,
0x0,
0x0,
0x0,
0x0,
0x0,
0x0,
0x0,
0x0,
0x0,
0x0,
0x0,
0x0,
0x0,
0x0,
0x0,
0x0,
0x0,
0x0,
0x0,
0x0,
0x0,
0x0,
0x0,
0x0,
0x0,
0x0,
0x0,
0x0,
0x0,
0x0,
0x0,
0x0,
0x0,
0x0,
0x0,
0x0,
0x0,
0x0,
0x0,
0x0,
0x0,
0x0,
0x0,
0x0,
0x0,
0x0,
0x0,
0x0,
0x0,
0x0,
0x0,
0x0,
0x0,
0x0,
0x0,
0x0,
0x0,
0x0,
0x0,
0x0,
0x0,
0x0,
0x0,
0x0,
0x0,
0x0,
0x0,
0x0,
0x0,
0x0,
0x0,
0x0,
0x0,
0x0,
0x0,
0x0,
0x0,
0x0,
0x0,
0x0,
0x0,
0x0,
0x0,
0x0,
0x0,
0x0,
0x0,
0x0,
0x0,
0x0,
0x0,
0x0,
0x0,
0x0,
0x0,
0x0,
0x0,
0x0,
0x0,
0x0,
0x0,
0x0,
0x0,
0x0,
0x0,
0x0,
0x0,
0x0,
0x0,
0x0,
0x0,
0x0,
0x0,
0x0,
0x0,
0x0,
0x0,
0x0,
0x0,
0x0,
0x0,
0x0,
0x0,
0x0,
0x0,
0x0,
0x0,
0x0,
0x0,
0x0,
0x0,
0x0,
0x0,
0x0,
0x0,
0x0,
0x0,
0x0,
0x0,
0x0,
0x0,
0x0,
0x0,
0x0,
0x0,
0x0,
0x0,
0x0,
0x0,
0x0,
0x0,
0x0,
0x0,
0x0,
0x0,
0x0,
0x0,
0x0,
0x0,
0x0,
0x0,
0x0,
0x0,
0x0,
0x0,
0x0,
0x0,
0x0,
0x0,
0x0,
0x0,
0x0,
0x0,
0x0,
0x0,
0x0,
0x0,
0x0,
0x0,
0x0,
0x0,
0x0,
0x0,
0x0,
0x0,
0x0,
0x0,
0x0,
0x0,
0x0,
0x0,
0x0,
0x0,
0x0,
0x0,
0x0,
0x0,
0x0,
0x0,
0x0,
0x0,
0x0,
0x0,
0x0,
0x0,
0x0,
0x0,
0x0,
0x0,
0x0,
0x0,
0x0,
0x0,
0x0,
0x0,
0x0,
0x0,
0x0,
0x0,
0x0,
0x0,
0x0,
0x0,
0x0,
0x0,
0x0,
0x0,
0x0,
0x0,
0x0,
0x0,
0x0,
0x0,
0x0,
0x0,
0x0,
0x0,
0x0,
0x0,
0x0,
0x0,
0x0,
0x0,
0x0,
0x0,
0x0,
0x0,
0x0,
0x0,
0x0,
0x0,
0x0,
0x0,
0x0,
0x0,
0x0,
0x0,
0x0,
0x0,
0x0,
0x0,
0x0,
0x0,
0x0,
0x0,
0x0,
0x0,
0x0,
0x0,
0x0,
0x0,
0x0,
0x0,
0x0,
0x0,
0x0,
0x0,
0x0,
0x0,
0x0,
0x0,
0x0,
0x0,
0x0,
0x0,
0x0,
0x0,
0x0,
0x0,
0x0,
0x0,
0x0,
0x0,
0x0,
0x0,
0x0,
0x0,
0x0,
0x0,
0x0,
0x0,
0x0,
0x0,
0x0,
0x0,
0x0,
0x0,
0x0,
0x0,
0x0,
0x0,
0x0,
0x0,
0x0,
0x0,
0x0,
0x0,
0x0,
0x0,
0x0,
0x0,
0x0,
0x0,
0x0,
0x0,
0x0,
0x0,
0x0,
0x0,
0x0,
0x0,
0x0,
0x0,
0x0,
0x0,
0x0,
0x0,
0x0,
0x0,
0x0,
0x0,
0x0,
0x0,
0x0,
0x0,
0x0,
0x0,
0x0,
0x0,
0x0,
0x0,
0x0,
0x0,
0x0,
0x0,
0x0,
0x0,
0x0,
0x0,
0x0,
0x0,
0x0,
0x0,
0x0,
0x0,
0x0,
0x0,
0x0,
0x0,
0x0,
0x0,
0x0,
0x0,
0x0,
0x0,
0x0,
0x0,
0x0,
0x0,
0x0,
0x0,
0x0,
0x0,
0x0,
0x0,
0x0,
0x0,
0x0,
0x0,
0x0,
0x0,
0x0,
0x0,
0x0,
0x0,
0x0,
0x0,
0x0,
0x0,
0x0,
0x0,
0x0,
0x0,
0x0,
0x0,
0x0,
0x0,
0x0,
0x0,
0x0,
0x0,
0x0,
0x0,
0x0,
0x0,
0x0,
0x0,
0x0,
0x0,
0x0,
0x0,
0x0,
0x0,
0x0,
0x0,
0x0,
0x0,
0x0,
0x0,
0x0,
0x0,
0x0,
0x0,
0x0,
0x0,
0x0,
0x0,
0x0,
0x0,
0x0,
0x0,
0x0,
0x0,
0x0,
0x0,
0x0,
0x0,
0x0,
0x0,
0x0,
0x0,
0x0,
0x0,
0x0,
0x0,
0x0,
0x0,
0x0,
0x0,
0x0,
0x0,
0x0,
0x0,
0x0,
0x0,
0x0,
0x0,
0x0,
0x0,
0x0,
0x0,
0x0,
0x0,
0x0,
0x0,
0x0,
0x0,
0x0,
0x0,
0x0,
0x0,
0x0,
0x0,
0x0,
0x0,
0x0,
0x0,
0x0,
0x0,
0x0,
0x0,
0x0,
0x0,
0x0,
0x0,
0x0,
0x0,
0x0,
0x0,
0x0,
0x0,
0x0,
0x0,
0x0,
0x0,
0x0,
0x0,
0x0,
0x0,
0x0,
0x0,
0x0,
0x0,
0x0,
0x0,
0x0,
0x0,
0x0,
0x0,
0x0,
0x0,
0x0,
0x0,
0x0,
0x0,
0x0,
0x0,
0x0,
0x0,
0x0,
0x0,
0x0,
0x0,
0x0,
0x0,
0x0,
0x0,
0x0,
0x0,
0x0,
0x0,
0x0,
0x0,
0x0,
0x0,
0x0,
0x0,
0x0,
0x0,
0x0,
0x0,
0x0,
0x0,
0x0,
0x0,
0x0,
0x0,
0x0,
0x0,
0x0,
0x0,
0x0,
0x0,
0x0,
0x0,
0x0,
0x0,
0x0,
0x0,
0x0,
0x0,
0x0,
0x0,
0x0,
0x0,
0x0,
0x0,
0x0,
0x0,
0x0,
0x0,
0x0,
0x0,
0x0,
0x0,
0x0,
0x0,
0x0,
0x0,
0x0,
0x0,
0x0,
0x0,
0x0,
0x0,
0x0,
0x0,
0x0,
0x0,
0x0,
0x0,
0x0,
0x0,
0x0,
0x0,
0x0,
0x0,
0x0,
0x0,
0x0,
0x0,
0x0,
0x0,
0x0,
0x0,
0x0,
0x0,
0x0,
0x0,
0x0,
0x0,
0x0,
0x0,
0x0,
0x0,
0x0,
0x0,
0x0,
0x0,
0x0,
0x0,
0x0,
0x0,
0x0,
0x0,
0x0,
0x0,
0x0,
0x0,
0x0,
0x0,
0x0,
0x0,
0x0,
0x0,
0x0,
0x0,
0x0,
0x0,
0x0,
0x0,
0x0,
0x0,
0x0,
0x0,
0x0,
0x0,
0x0,
0x0,
0x0,
0x0,
0x0,
0x0,
0x0,
0x0,
0x0,
0x0,
0x0,
0x0,
0x0,
0x0,
0x0,
0x0,
0x0,
0x0,
0x0,
0x0,
0x0,
0x0,
0x0,
0x0,
0x0,
0x0,
0x0,
0x0,
0x0,
0x0,
0x0,
0x0,
0x0,
0x0,
0x0,
0x0,
0x0,
0x0,
0x0,
0x0,
0x0,
0x0,
0x0,
0x0,
0x0,
0x0,
0x0,
0x0,
0x0,
0x0,
0x0,
0x0,
0x0,
0x0,
0x0,
0x0,
0x0,
0x0,
0x0,
0x0,
0x0,
0x0,
0x0,
0x0,
0x0,
0x0,
0x0,
0x0,
0x0,
0x0,
0x0,
0x0,
0x0,
0x0,
0x0,
0x0,
0x0,
0x0,
0x0,
0x0,
0x0,
0x0,
0x0,
0x0,
0x0,
0x0,
0x0,
0x0,
0x0,
0x0,
0x0,
0x0,
0x0,
0x0,
0x0,
0x0,
0x0,
0x0,
0x0,
0x0,
0x0,
0x0,
0x0,
0x0,
0x0,
0x0,
0x0,
0x0,
0x0,
0x0,
0x0,
0x0,
0x0,
0x0,
0x0,
0x0,
0x0,
0x0,
0x0,
0x0,
0x0,
0x0,
0x0,
0x0,
0x0,
0x0,
0x0,
0x0,
0x0,
0x0,
0x0,
0x0,
0x0,
0x0,
0x0,
0x0,
0x0,
0x0,
0x0,
0x0,
0x0,
0x0,
0x0,
0x0,
0x0,
0x0,
0x0,
0x0,
0x0,
0x0,
0x0,
0x0,
0x0,
0x0,
0x0,
0x0,
0x0,
0x0,
0x0,
0x0,
0x0,
0x0,
0x0,
0x0,
0x0,
0x0,
0x0,
0x0,
0x0,
0x0,
0x0,
0x0,
0x0,
0x0,
0x0,
0x0,
0x0,
0x0,
0x0,
0x0,
0x0,
0x0,
0x0,
0x0,
0x0,
0x0,
0x0,
0x0,
0x0,
0x0,
0x0,
0x0,
0x0,
0x0,
0x0,
0x0,
0x0,
0x0,
0x0,
0x0,
0x0,
0x0,
0x0,
0x0,
0x0,
0x0,
0x0,
0x0,
0x0,
0x0,
0x0,
0x0,
0x0,
0x0,
0x0,
0x0,
0x0,
0x0,
0x0,
0x0,
0x0,
0x0,
0x0,
0x0,
0x0,
0x0,
0x0,
0x0,
0x0,
0x0,
0x0,
0x0,
0x0,
0x0,
0x0,
0x0,
0x0,
0x0,
0x0,
0x0,
0x0,
0x0,
0x0,
0x0,
0x0,
0x0,
0x0,
0x0,
0x0,
0x0,
0x0,
0x0,
0x0,
0x0,
0x0,
0x0,
0x0,
0x0,
0x0,
0x0,
0x0,
0x0,
0x0,
0x0,
0x0,
0x0,
0x0,
0x0,
0x0,
0x0,
0x0,
0x0,
0x0,
0x0,
0x0,
0x0,
0x0,
0x0,
0x0,
0x0,
0x0,
0x0,
0x0,
0x0,
0x0,
0x0,
0x0,
0x0,
0x0,
0x0,
0x0,
0x0,
0x0,
0x0,
0x0,
0x0,
0x0,
0x0,
0x0,
0x0,
0x0,
0x0,
0x0,
0x0,
0x0,
0x0,
0x0,
0x0,
0x0,
0x0,
0x0,
0x0,
0x0,
0x0,
0x0,
0x0,
0x0,
0x0,
0x0,
0x0,
0x0,
0x0,
0x0,
0x0,
0x0,
0x0,
0x0,
0x0,
0x0,
0x0,
0x0,
0x0,
0x0,
0x0,
0x0,
0x0,
0x0,
0x0,
0x0,
0x0,
0x0,
0x0,
0x0,
0x0,
0x0,
0x0,
0x0,
0x0,
0x0,
0x0,
0x0,
0x0,
0x0,
0x0,
0x0,
0x0,
0x0,
0x0,
0x0,
0x0,
0x0,
0x0,
0x0,
0x0,
0x0,
0x0,
0x0,
0x0,
0x0,
0x0,
0x0,
0x0,
0x0,
0x0,
0x0,
0x0,
0x0,
0x0,
0x0,
0x0,
0x0,
0x0,
0x0,
0x0,
0x0,
0x0,
0x0,
0x0,
0x0,
0x0,
0x0,
0x0,
0x0,
0x0,
0x0,
0x0,
0x0,
0x0,
0x0,
0x0,
0x0,
0x0,
0x0,
0x0,
0x0,
0x0,
0x0,
0x0,
0x0,
0x0,
0x0,
0x0,
0x0,
0x0,
0x0,
0x0,
0x0,
0x0,
0x0,
0x0,
0x0,
0x0,
0x0,
0x0,
0x0,
0x0,
0x0,
0x0,
0x0,
0x0,
0x0,
0x0,
0x0,
0x0,
0x0,
0x0,
0x0,
0x0,
0x0,
0x0,
0x0,
0x0,
0x0,
0x0,
0x0,
0x0,
0x0,
0x0,
0x0,
0x0,
0x0,
0x0,
0x0,
0x0,
0x0,
0x0,
0x0,
0x0,
0x0,
0x0,
0x0,
0x0,
0x0,
0x0,
0x0,
0x0,
0x0,
0x0,
0x0,
0x0,
0x0,
0x0,
0x0,
0x0,
0x0,
0x0,
0x0,
0x0,
0x0,
0x0,
0x0,
0x0,
0x0,
0x0,
0x0,
0x0,
0x0,
0x0,
0x0,
0x0,
0x0,
0x0,
0x0,
0x0,
0x0,
0x0,
0x0,
0x0,
0x0,
0x0,
0x0,
0x0,
0x0,
0x0,
0x0,
0x0,
0x0,
0x0,
0x0,
0x0,
0x0,
0x0,
0x0,
0x0,
0x0,
0x0,
0x0,
0x0,
0x0,
0x0,
0x0,
0x0,
0x0,
0x0,
0x0,
0x0,
0x0,
0x0,
0x0,
0x0,
0x0,
0x0,
0x0,
0x0,
0x0,
0x0,
0x0,
0x0,
0x0,
0x0,
0x0,
0x0,
0x0,
0x0,
0x0,
0x0,
0x0,
0x0,
0x0,
0x0,
0x0,
0x0,
0x0,
0x0,
0x0,
0x0,
0x0,
0x0,
0x0,
0x0,
0x0,
0x0,
0x0,
0x0,
0x0,
0x0,
0x0,
0x0,
0x0,
0x0,
0x0,
0x0,
0x0,
0x0,
0x0,
0x0,
0x0,
0x0,
0x0,
0x0,
0x0,
0x0,
0x0,
0x0,
0x0,
0x0,
0x0,
0x0,
0x0,
0x0,
0x0,
0x0,
0x0,
0x0,
0x0,
0x0,
0x0,
0x0,
0x0,
0x0,
0x0,
0x0,
0x0,
0x0,
0x0,
0x0,
0x0,
0x0,
0x0,
0x0,
0x0,
0x0,
0x0,
0x0,
0x0,
0x0,
0x0,
0x0,
0x0,
0x0,
0x0,
0x0,
0x0,
0x0,
0x0,
0x0,
0x0,
0x0,
0x0,
0x0,
0x0,
0x0,
0x0,
0x0,
0x0,
0x0,
0x0,
0x0,
0x0,
0x0,
0x0,
0x0,
0x0,
0x0,
0x0,
0x0,
0x0,
0x0,
0x0,
0x0,
0x0,
0x0,
0x0,
0x0,
0x0,
0x0,
0x0,
0x0,
0x0,
0x0,
0x0,
0x0,
0x0,
0x0,
0x0,
0x0,
0x0,
0x0,
0x0,
0x0,
0x0,
0x0,
0x0,
0x0,
0x0,
0x0,
0x0,
0x0,
0x0,
0x0,
0x0,
0x0,
0x0,
0x0,
0x0,
0x0,
0x0,
0x0,
0x0,
0x0,
0x0,
0x0,
0x0,
0x0,
0x0,
0x0,
0x0,
0x0,
0x0,
0x0,
0x0,
0x0,
0x0,
0x0,
0x0,
0x0,
0x0,
0x0,
0x0,
0x0,
0x0,
0x0,
0x0,
0x0,
0x0,
0x0,
0x0,
0x0,
0x0,
0x0,
0x0,
0x0,
0x0,
0x0,
0x0,
0x0,
0x0,
0x0,
0x0,
0x0,
0x0,
0x0,
0x0,
0x0,
0x0,
0x0,
0x0,
0x0,
0x0,
0x0,
0x0,
0x0,
0x0,
0x0,
0x0,
0x0,
0x0,
0x0,
0x0,
0x0,
0x0,
0x0,
0x0,
0x0,
0x0,
0x0,
0x0,
0x0,
0x0,
0x0,
0x0,
0x0,
0x0,
0x0,
0x0,
0x0,
0x0,
0x0,
0x0,
0x0,
0x0,
0x0,
0x0,
0x0,
0x0,
0x0,
0x0,
0x0,
0x0,
0x0,
0x0,
0x0,
0x0,
0x0,
0x0,
0x0,
0x0,
0x0,
0x0,
0x0,
0x0,
0x0,
0x0,
0x0,
0x0,
0x0,
0x0,
0x0,
0x0,
0x0,
0x0,
0x0,
0x0,
0x0,
0x0,
0x0,
0x0,
0x0,
0x0,
0x0,
0x0,
0x0,
0x0,
0x0,
0x0,
0x0,
0x0,
0x0,
0x0,
0x0,
0x0,
0x0,
0x0,
0x0,
0x0,
0x0,
0x0,
0x0,
0x0,
0x0,
0x0,
0x0,
0x0,
0x0,
0x0,
0x0,
0x0,
0x0,
0x0,
0x0,
0x0,
0x0,
0x0,
0x0,
0x0,
0x0,
0x0,
0x0,
0x0,
0x0,
0x0,
0x0,
0x0,
0x0,
0x0,
0x0,
0x0,
0x0,
0x0,
0x0,
0x0,
0x0,
0x0,
0x0,
0x0,
0x0,
0x0,
0x0,
0x0,
0x0,
0x0,
0x0,
0x0,
0x0,
0x0,
0x0,
0x0,
0x0,
0x0,
0x0,
0x0,
0x0,
0x0,
0x0,
0x0,
0x0,
0x0,
0x0,
0x0,
0x0,
0x0,
0x0,
0x0,
0x0,
0x0,
0x0,
0x0,
0x0,
0x0,
0x0,
0x0,
0x0,
0x0,
0x0,
0x0,
0x0,
0x0,
0x0,
0x0,
0x0,
0x0,
0x0,
0x0,
0x0,
0x0,
0x0,
0x0,
0x0,
0x0,
0x0,
0x0,
0x0,
0x0,
0x0,
0x0,
0x0,
0x0,
0x0,
0x0,
0x0,
0x0,
0x0,
0x0,
0x0,
0x0,
0x0,
0x0,
0x0,
0x0,
0x0,
0x0,
0x0,
0x0,
0x0,
0x0,
0x0,
0x0,
0x0,
0x0,
0x0,
0x0,
0x0,
0x0,
0x0,
0x0,
0x0,
0x0,
0x0,
0x0,
0x0,
0x0,
0x0,
0x0,
0x0,
0x0,
0x0,
0x0,
0x0,
0x0,
0x0,
0x0,
0x0,
0x0,
0x0,
0x0,
0x0,
0x0,
0x0,
0x0,
0x0,
0x0,
0x0,
0x0,
0x0,
0x0,
0x0,
0x0,
0x0,
0x0,
0x0,
0x0,
0x0,
0x0,
0x0,
0x0,
0x0,
0x0,
0x0,
0x0,
0x0,
0x0,
0x0,
0x0,
0x0,
0x0,
0x0,
0x0,
0x0,
0x0,
0x0,
0x0,
0x0,
0x0,
0x0,
0x0,
0x0,
0x0,
0x0,
0x0,
0x0,
0x0,
0x0,
0x0,
0x0,
0x0,
0x0,
0x0,
0x0,
0x0,
0x0,
0x0,
0x0,
0x0,
0x0,
0x0,
0x0,
0x0,
0x0,
0x0,
0x0,
0x0,
0x0,
0x0,
0x0,
0x0,
0x0,
0x0,
0x0,
0x0,
0x0,
0x0,
0x0,
0x0,
0x0,
0x0,
0x0,
0x0,
0x0,
0x0,
0x0,
0x0,
0x0,
0x0,
0x0,
0x0,
0x0,
0x0,
0x0,
0x0,
0x0,
0x0,
0x0,
0x0,
0x0,
0x0,
0x0,
0x0,
0x0,
0x0,
0x0,
0x0,
0x0,
0x0,
0x0,
0x0,
0x0,
0x0,
0x0,
0x0,
0x0,
0x0,
0x0,
0x0,
0x0,
0x0,
0x0,
0x0,
0x0,
0x0,
0x0,
0x0,
0x0,
0x0,
0x0,
0x0,
0x0,
0x0,
0x0,
0x0,
0x0,
0x0,
0x0,
0x0,
0x0,
0x0,
0x0,
0x0,
0x0,
0x0,
0x0,
0x0,
0x0,
0x0,
0x0,
0x0,
0x0,
0x0,
0x0,
0x0,
0x0,
0x0,
0x0,
0x0,
0x0,
0x0,
0x0,
0x0,
0x0,
0x0,
0x0,
0x0,
0x0,
0x0,
0x0,
0x0,
0x0,
0x0,
0x0,
0x0,
0x0,
0x0,
0x0,
0x0,
0x0,
0x0,
0x0,
0x0,
0x0,
0x0,
0x0,
0x0,
0x0,
0x0,
0x0,
0x0,
0x0,
0x0,
0x0,
0x0,
0x0,
0x0,
0x0,
0x0,
0x0,
0x0,
0x0,
0x0,
0x0,
0x0,
0x0,
0x0,
0x0,
0x0,
0x0,
0x0,
0x0,
0x0,
0x0,
0x0,
0x0,
0x0,
0x0,
0x0,
0x0,
0x0,
0x0,
0x0,
0x0,
0x0,
0x0,
0x0,
0x0,
0x0,
0x0,
0x0,
0x0,
0x0,
0x0,
0x0,
0x0,
0x0,
0x0,
0x0,
0x0,
0x0,
0x0,
0x0,
0x0,
0x0,
0x0,
0x0,
0x0,
0x0,
0x0,
0x0,
0x0,
0x0,
0x0,
0x0,
0x0,
0x0,
0x0,
0x0,
0x0,
0x0,
0x0,
0x0,
0x0,
0x0,
0x0,
0x0,
0x0,
0x0,
0x0,
0x0,
0x0,
0x0,
0x0,
0x0,
0x0,
0x0,
0x0,
0x0,
0x0,
0x0,
0x0,
0x0,
0x0,
0x0,
0x0,
0x0,
0x0,
0x0,
0x0,
0x0,
0x0,
0x0,
0x0,
0x0,
0x0,
0x0,
0x0,
0x0,
0x0,
0x0,
0x0,
0x0,
0x0,
0x0,
0x0,
0x0,
0x0,
0x0,
0x0,
0x0,
0x0,
0x0,
0x0,
0x0,
0x0,
0x0,
0x0,
0x0,
0x0,
0x0,
0x0,
0x0,
0x0,
0x0,
0x0,
0x0,
0x0,
0x0,
0x0,
0x0,
0x0,
0x0,
0x0,
0x0,
0x0,
0x0,
0x0,
0x0,
0x0,
0x0,
0x0,
0x0,
0x0,
0x0,
0x0,
0x0,
0x0,
0x0,
0x0,
0x0,
0x0,
0x0,
0x0,
0x0,
0x0,
0x0,
0x0,
0x0,
0x0,
0x0,
0x0,
0x0,
0x0,
0x0,
0x0,
0x0,
0x0,
0x0,
0x0,
0x0,
0x0,
0x0,
0x0,
0x0,
0x0,
0x0,
0x0,
0x0,
0x0,
0x0,
0x0,
0x0,
0x0,
0x0,
0x0,
0x0,
0x0,
0x0,
0x0,
0x0,
0x0,
0x0,
0x0,
0x0,
0x0,
0x0,
0x0,
0x0,
0x0,
0x0,
0x0,
0x0,
0x0,
0x0,
0x0,
0x0,
0x0,
0x0,
0x0,
0x0,
0x0,
0x0,
0x0,
0x0,
0x0,
0x0,
0x0,
0x0,
0x0,
0x0,
0x0,
0x0,
0x0,
0x0,
0x0,
0x0,
0x0,
0x0,
0x0,
0x0,
0x0,
0x0,
0x0,
0x0,
0x0,
0x0,
0x0,
0x0,
0x0,
0x0,
0x0,
0x0,
0x0,
0x0,
0x0,
0x0,
0x0,
0x0,
0x0,
0x0,
0x0,
0x0,
0x0,
0x0,
0x0,
0x0,
0x0,
0x0,
0x0,
0x0,
0x0,
0x0,
0x0,
0x0,
0x0,
0x0,
0x0,
0x0,
0x0,
0x0,
0x0,
0x0,
0x0,
0x0,
0x0,
0x0,
0x0,
0x0,
0x0,
0x0,
0x0,
0x0,
0x0,
0x0,
0x0,
0x0,
0x0,
0x0,
0x0,
0x0,
0x0,
0x0,
0x0,
0x0,
0x0,
0x0,
0x0,
0x0,
0x0,
0x0,
0x0,
0x0,
0x0,
0x0,
0x0,
0x0,
0x0,
0x0,
0x0,
0x0,
0x0,
0x0,
0x0,
0x0,
0x0,
0x0,
0x0,
0x0,
0x0,
0x0,
0x0,
0x0,
0x0,
0x0,
0x0,
0x0,
0x0,
0x0,
0x0,
0x0,
0x0,
0x0,
0x0,
0x0,
0x0,
0x0,
0x0,
0x0,
0x0,
0x0,
0x0,
0x0,
0x0,
0x0,
0x0,
0x0,
0x0,
0x0,
0x0,
0x0,
0x0,
0x0,
0x0,
0x0,
0x0,
0x0,
0x0,
0x0,
0x0,
0x0,
0x0,
0x0,
0x0,
0x0,
0x0,
0x0,
0x0,
0x0,
0x0,
0x0,
0x0,
0x0,
0x0,
0x0,
0x0,
0x0,
0x0,
0x0,
0x0,
0x0,
0x0,
0x0,
0x0,
0x0,
0x0,
0x0,
0x0,
0x0,
0x0,
0x0,
0x0,
0x0,
0x0,
0x0,
0x0,
0x0,
0x0,
0x0,
0x0,
0x0,
0x0,
0x0,
0x0,
0x0,
0x0,
0x0,
0x0,
0x0,
0x0,
0x0,
0x0,
0x0,
0x0,
0x0,
0x0,
0x0,
0x0,
0x0,
0x0,
0x0,
0x0,
0x0,
0x0,
0x0,
0x0,
0x0,
0x0,
0x0,
0x0,
0x0,
0x0,
0x0,
0x0,
0x0,
0x0,
0x0,
0x0,
0x0,
0x0,
0x0,
0x0,
0x0,
0x0,
0x0,
0x0,
0x0,
0x0,
0x0,
0x0,
0x0,
0x0,
0x0,
0x0,
0x0,
0x0,
0x0,
0x0,
0x0,
0x0,
0x0,
0x0,
0x0,
0x0,
0x0,
0x0,
0x0,
0x0,
0x0,
0x0,
0x0,
0x0,
0x0,
0x0,
0x0,
0x0,
0x0,
0x0,
0x0,
0x0,
0x0,
0x0,
0x0,
0x0,
0x0,
0x0,
0x0,
0x0,
0x0,
0x0,
0x0,
0x0,
0x0,
0x0,
0x0,
0x0,
0x0,
0x0,
0x0,
0x0,
0x0,
0x0,
0x0,
0x0,
0x0,
0x0,
0x0,
0x0,
0x0,
0x0,
0x0,
0x0,
0x0,
0x0,
0x0,
0x0,
0x0,
0x0,
0x0,
0x0,
0x0,
0x0,
0x0,
0x0,
0x0,
0x0,
0x0,
0x0,
0x0,
0x0,
0x0,
0x0,
0x0,
0x0,
0x0,
0x0,
0x0,
0x0,
0x0,
0x0,
0x0,
0x0,
0x0,
0x0,
0x0,
0x0,
0x0,
0x0,
0x0,
0x0,
0x0,
0x0,
0x0,
0x0,
0x0,
0x0,
0x0,
0x0,
0x0,
0x0,
0x0,
0x0,
0x0,
0x0,
0x0,
0x0,
0x0,
0x0,
0x0,
0x0,
0x0,
0x0,
0x0,
0x0,
0x0,
0x0,
0x0,
0x0,
0x0,
0x0,
0x0,
0x0,
0x0,
0x0,
0x0,
0x0,
0x0,
0x0,
0x0,
0x0,
0x0,
0x0,
0x0,
0x0,
0x0,
0x0,
0x0,
0x0,
0x0,
0x0,
0x0,
0x0,
0x0,
0x0,
0x0,
0x0,
0x0,
0x0,
0x0,
0x0,
0x0,
0x0,
0x0,
0x0,
0x0,
0x0,
0x0,
0x0,
0x0,
0x0,
0x0,
0x0,
0x0,
0x0,
0x0,
0x0,
0x0,
0x0,
0x0,
0x0,
0x0,
0x0,
0x0,
0x0,
0x0,
0x0,
0x0,
0x0,
0x0,
0x0,
0x0,
0x0,
0x0,
0x0,
0x0,
0x0,
0x0,
0x0,
0x0,
0x0,
0x0,
0x0,
0x0,
0x0,
0x0,
0x0,
0x0,
0x0,
0x0,
0x0,
0x0,
0x0,
0x0,
0x0,
0x0,
0x0,
0x0,
0x0,
0x0,
0x0,
0x0,
0x0,
0x0,
0x0,
0x0,
0x0,
0x0,
0x0,
0x0,
0x0,
0x0,
0x0,
0x0,
0x0,
0x0,
0x0,
0x0,
0x0,
0x0,
0x0,
0x0,
0x0,
0x0,
0x0,
0x0,
0x0,
0x0,
0x0,
0x0,
0x0,
0x0,
0x0,
0x0,
0x0,
0x0,
0x0,
0x0,
0x0,
0x0,
0x0,
0x0,
0x0,
0x0,
0x0,
0x0,
0x0,
0x0,
0x0,
0x0,
0x0,
0x0,
0x0,
0x0,
0x0,
0x0,
0x0,
0x0,
0x0,
0x0,
0x0,
0x0,
0x0,
0x0,
0x0,
0x0,
0x0,
0x0,
0x0,
0x0,
0x0,
0x0,
0x0,
0x0,
0x0,
0x0,
0x0,
0x0,
0x0,
0x0,
0x0,
0x0,
0x0,
0x0,
0x0,
0x0,
0x0,
0x0,
0x0,
0x0,
0x0,
0x0,
0x0,
0x0,
0x0,
0x0,
0x0,
0x0,
0x0,
0x0,
0x0,
0x0,
0x0,
0x0,
0x0,
0x0,
0x0,
0x0,
0x0,
0x0,
0x0,
0x0,
0x0,
0x0,
0x0,
0x0,
0x0,
0x0,
0x0,
0x0,
0x0,
0x0,
0x0,
0x0,
0x0,
0x0,
0x0,
0x0,
0x0,
0x0,
0x0,
0x0,
0x0,
0x0,
0x0,
0x0,
0x0,
0x0,
0x0,
0x0,
0x0,
0x0,
0x0,
0x0,
0x0,
0x0,
0x0,
0x0,
0x0,
0x0,
0x0,
0x0,
0x0,
0x0,
0x0,
0x0,
0x0,
0x0,
0x0,
0x0,
0x0,
0x0,
0x0,
0x0,
0x0,
0x0,
0x0,
0x0,
0x0,
0x0,
0x0,
0x0,
0x0,
0x0,
0x0,
0x0,
0x0,
0x0,
0x0,
0x0,
0x0,
0x0,
0x0,
0x0,
0x0,
0x0,
0x0,
0x0,
0x0,
0x0,
0x0,
0x0,
0x0,
0x0,
0x0,
0x0,
0x0,
0x0,
0x0,
0x0,
0x0,
0x0,
0x0,
0x0,
0x0,
0x0,
0x0,
0x0,
0x0,
0x0,
0x0,
0x0,
0x0,
0x0,
0x0,
0x0,
0x0,
0x0,
0x0,
0x0,
0x0,
0x0,
0x0,
0x0,
0x0,
0x0,
0x0,
0x0,
0x0,
0x0,
0x0,
0x0,
0x0,
0x0,
0x0,
0x0,
0x0,
0x0,
0x0,
0x0,
0x0,
0x0,
0x0,
0x0,
0x0,
0x0,
0x0,
0x0,
0x0,
0x0,
0x0,
0x0,
0x0,
0x0,
0x0,
0x0,
0x0,
0x0,
0x0,
0x0,
0x0,
0x0,
0x0,
0x0,
0x0,
0x0,
0x0,
0x0,
0x0,
0x0,
0x0,
0x0,
0x0,
0x0,
0x0,
0x0,
0x0,
0x0,
0x0,
0x0,
0x0,
0x0,
0x0,
0x0,
0x0,
0x0,
0x0,
0x0,
0x0,
0x0,
0x0,
0x0,
0x0,
0x0,
0x0,
0x0,
0x0,
0x0,
0x0,
0x0,
0x0,
0x0,
0x0,
0x0,
0x0,
0x0,
0x0,
0x0,
0x0,
0x0,
0x0,
0x0,
0x0,
0x0,
0x0,
0x0,
0x0,
0x0,
0x0,
0x0,
0x0,
0x0,
0x0,
0x0,
0x0,
0x0,
0x0,
0x0,
0x0,
0x0,
0x0,
0x0,
0x0,
0x0,
0x0,
0x0,
0x0,
0x0,
0x0,
0x0,
0x0,
0x0,
0x0,
0x0,
0x0,
0x0,
0x0,
0x0,
0x0,
0x0,
0x0,
0x0,
0x0,
0x0,
0x0,
0x0,
0x0,
0x0,
0x0,
0x0,
0x0,
0x0,
0x0,
0x0,
0x0,
0x0,
0x0,
0x0,
0x0,
0x0,
0x0,
0x0,
0x0,
0x0,
0x0,
0x0,
0x0,
0x0,
0x0,
0x0,
0x0,
0x0,
0x0,
0x0,
0x0,
0x0,
0x0,
0x0,
0x0,
0x0,
0x0,
0x0,
0x0,
0x0,
0x0,
0x0,
0x0,
0x0,
0x0,
0x0,
0x0,
0x0,
0x0,
0x0,
0x0,
0x0,
0x0,
0x0,
0x0,
0x0,
0x0,
0x0,
0x0,
0x0,
0x0,
0x0,
0x0,
0x0,
0x0,
0x0,
0x0,
0x0,
0x0,
0x0,
0x0,
0x0,
0x0,
0x0,
0x0,
0x0,
0x0,
0x0,
0x0,
0x0,
0x0,
0x0,
0x0,
0x0,
0x0,
0x0,
0x0,
0x0,
0x0,
0x0,
0x0,
0x0,
0x0,
0x0,
0x0,
0x0,
0x0,
0x0,
0x0,
0x0,
0x0,
0x0,
0x0,
0x0,
0x0,
0x0,
0x0,
0x0,
0x0,
0x0,
0x0,
0x0,
0x0,
0x0,
0x0,
0x0,
0x0,
0x0,
0x0,
0x0,
0x0,
0x0,
0x0,
0x0,
0x0,
0x0,
0x0,
0x0,
0x0,
0x0,
0x0,
0x0,
0x0,
0x0,
0x0,
0x0,
0x0,
0x0,
0x0,
0x0,
0x0,
0x0,
0x0,
0x0,
0x0,
0x0,
0x0,
0x0,
0x0,
0x0,
0x0,
0x0,
0x0,
0x0,
0x0,
0x0,
0x0,
0x0,
0x0,
0x0,
0x0,
0x0,
0x0,
0x0,
0x0,
0x0,
0x0,
0x0,
0x0,
0x0,
0x0,
0x0,
0x0,
0x0,
0x0,
0x0,
0x0,
0x0,
0x0,
0x0,
0x0,
0x0,
0x0,
0x0,
0x0,
0x0,
0x0,
0x0,
0x0,
0x0,
0x0,
0x0,
0x0,
0x0,
0x0,
0x0,
0x0,
0x0,
0x0,
0x0,
0x0,
0x0,
0x0,
0x0,
0x0,
0x0,
0x0,
0x0,
0x0,
0x0,
0x0,
0x0,
0x0,
0x0,
0x0,
0x0,
0x0,
0x0,
0x0,
0x0,
0x0,
0x0,
0x0,
0x0,
0x0,
0x0,
0x0,
0x0,
0x0,
0x0,
0x0,
0x0,
0x0,
0x0,
0x0,
0x0,
0x0,
0x0,
0x0,
0x0,
0x0,
0x0,
0x0,
0x0,
0x0,
0x0,
0x0,
0x0,
0x0,
0x0,
0x0,
0x0,
0x0,
0x0,
0x0,
0x0,
0x0,
0x0,
0x0,
0x0,
0x0,
0x0,
0x0,
0x0,
0x0,
0x0,
0x0,
0x0,
0x0,
0x0,
0x0,
0x0,
0x0,
0x0,
0x0,
0x0,
0x0,
0x0,
0x0,
0x0,
0x0,
0x0,
0x0,
0x0,
0x0,
0x0,
0x0,
0x0,
0x0,
0x0,
0x0,
0x0,
0x0,
0x0,
0x0,
0x0,
0x0,
0x0,
0x0,
0x0,
0x0,
0x0,
0x0,
0x0,
0x0,
0x0,
0x0,
0x0,
0x0,
0x0,
0x0,
0x0,
0x0,
0x0,
0x0,
0x0,
0x0,
0x0,
0x0,
0x0,
0x0,
0x0,
0x0,
0x0,
0x0,
0x0,
0x0,
0x0,
0x0,
0x0,
0x0,
0x0,
0x0,
0x0,
0x0,
0x0,
0x0,
0x0,
0x0,
0x0,
0x0,
0x0,
0x0,
0x0,
0x0,
0x0,
0x0,
0x0,
0x0,
0x0,
0x0,
0x0,
0x0,
0x0,
0x0,
0x0,
0x0,
0x0,
0x0,
0x0,
0x0,
0x0,
0x0,
0x0,
0x0,
0x0,
0x0,
0x0,
0x0,
0x0,
0x0,
0x0,
0x0,
0x0,
0x0,
0x0,
0x0,
0x0,
0x0,
0x0,
0x0,
0x0,
0x0,
0x0,
0x0,
0x0,
0x0,
0x0,
0x0,
0x0,
0x0,
0x0,
0x0,
0x0,
0x0,
0x0,
0x0,
0x0,
0x0,
0x0,
0x0,
0x0,
0x0,
0x0,
0x0,
0x0,
0x0,
0x0,
0x0,
0x0,
0x0,
0x0,
0x0,
0x0,
0x0,
0x0,
0x0,
0x0,
0x0,
0x0,
0x0,
0x0,
0x0,
0x0,
0x0,
0x0,
0x0,
0x0,
0x0,
0x0,
0x0,
0x0,
0x0,
0x0,
0x0,
0x0,
0x0,
0x0,
0x0,
0x0,
0x0,
0x0,
0x0,
0x0,
0x0,
0x0,
0x0,
0x0,
0x0,
0x0,
0x0,
0x0,
0x0,
0x0,
0x0,
0x0,
0x0,
0x0,
0x0,
0x0,
0x0,
0x0,
0x0,
0x0,
0x0,
0x0,
0x0,
0x0,
0x0,
0x0,
0x0,
0x0,
0x0,
0x0,
0x0,
0x0,
0x0,
0x0,
0x0,
0x0,
0x0,
0x0,
0x0,
0x0,
0x0,
0x0,
0x0,
0x0,
0x0,
0x0,
0x0,
0x0,
0x0,
0x0,
0x0,
0x0,
0x0,
0x0,
0x0,
0x0,
0x0,
0x0,
0x0,
0x0,
0x0,
0x0,
0x0,
0x0,
0x0,
0x0,
0x0,
0x0,
0x0,
0x0,
0x0,
0x0,
0x0,
0x0,
0x0,
0x0,
0x0,
0x0,
0x0,
0x0,
0x0,
0x0,
0x0,
0x0,
0x0,
0x0,
0x0,
0x0,
0x0,
0x0,
0x0,
0x0,
0x0,
0x0,
0x0,
0x0,
0x0,
0x0,
0x0,
0x0,
0x0,
0x0,
0x0,
0x0,
0x0,
0x0,
0x0,
0x0,
0x0,
0x0,
0x0,
0x0,
0x0,
0x0,
0x0,
0x0,
0x0,
0x0,
0x0,
0x0,
0x0,
0x0,
0x0,
0x0,
0x0,
0x0,
0x0,
0x0,
0x0,
0x0,
0x0,
0x0,
0x0,
0x0,
0x0,
0x0,
0x0,
0x0,
0x0,
0x0,
0x0,
0x0,
0x0,
0x0,
0x0,
0x0,
0x0,
0x0,
0x0,
0x0,
0x0,
0x0,
0x0,
0x0,
0x0,
0x0,
0x0,
0x0,
0x0,
0x0,
0x0,
0x0,
0x0,
0x0,
0x0,
0x0,
0x0,
0x0,
0x0,
0x0,
0x0,
0x0,
0x0,
0x0,
0x0,
0x0,
0x0,
0x0,
0x0,
0x0,
0x0,
0x0,
0x0,
0x0,
0x0,
0x0,
0x0,
0x0,
0x0,
0x0,
0x0,
0x0,
0x0,
0x0,
0x0,
0x0,
0x0,
0x0,
0x0,
0x0,
0x0,
0x0,
0x0,
0x0,
0x0,
0x0,
0x0,
0x0,
0x0,
0x0,
0x0,
0x0,
0x0,
0x0,
0x0,
0x0,
0x0,
0x0,
0x0,
0x0,
0x0,
0x0,
0x0,
0x0,
0x0,
0x0,
0x0,
0x0,
0x0,
0x0,
0x0,
0x0,
0x0,
0x0,
0x0,
0x0,
0x0,
0x0,
0x0,
0x0,
0x0,
0x0,
0x0,
0x0,
0x0,
0x0,
0x0,
0x0,
0x0,
0x0,
0x0,
0x0,
0x0,
0x0,
0x0,
0x0,
0x0,
0x0,
0x0,
0x0,
0x0,
0x0,
0x0,
0x0,
0x0,
0x0,
0x0,
0x0,
0x0,
0x0,
0x0,
0x0,
0x0,
0x0,
0x0,
0x0,
0x0,
0x0,
0x0,
0x0,
0x0,
0x0,
0x0,
0x0,
0x0,
0x0,
0x0,
0x0,
0x0,
0x0,
0x0,
0x0,
0x0,
0x0,
0x0,
0x0,
0x0,
0x0,
0x0,
0x0,
0x0,
0x0,
0x0,
0x0,
0x0,
0x0,
0x0,
0x0,
0x0,
0x0,
0x0,
0x0,
0x0,
0x0,
0x0,
0x0,
0x0,
0x0,
0x0,
0x0,
0x0,
0x0,
0x0,
0x0,
0x0,
0x0,
0x0,
0x0,
0x0,
0x0,
0x0,
0x0,
0x0,
0x0,
0x0,
0x0,
0x0,
0x0,
0x0,
0x0,
0x0,
0x0,
0x0,
0x0,
0x0,
0x0,
0x0,
0x0,
0x0,
0x0,
0x0,
0x0,
0x0,
0x0,
0x0,
0x0,
0x0,
0x0,
0x0,
0x0,
0x0,
0x0,
0x0,
0x0,
0x0,
0x0,
0x0,
0x0,
0x0,
0x0,
0x0,
0x0,
0x0,
0x0,
0x0,
0x0,
0x0,
0x0,
0x0,
0x0,
0x0,
0x0,
0x0,
0x0,
0x0,
0x0,
0x0,
0x0,
0x0,
0x0,
0x0,
0x0,
0x0,
0x0,
0x0,
0x0,
0x0,
0x0,
0x0,
0x0,
0x0,
0x0,
0x0,
0x0,
0x0,
0x0,
0x0,
0x0,
0x0,
0x0,
0x0,
0x0,
0x0,
0x0,
0x0,
0x0,
0x0,
0x0,
0x0,
0x0,
0x0,
0x0,
0x0,
0x0,
0x0,
0x0,
0x0,
0x0,
0x0,
0x0,
0x0,
0x0,
0x0,
0x0,
0x0,
0x0,
0x0,
0x0,
0x0,
0x0,
0x0,
0x0,
0x0,
0x0,
0x0,
0x0,
0x0,
0x0,
0x0,
0x0,
0x0,
0x0,
0x0,
0x0,
0x0,
0x0,
0x0,
0x0,
0x0,
0x0,
0x0,
0x0,
0x0,
0x0,
0x0,
0x0,
0x0,
0x0,
0x0,
0x0,
0x0,
0x0,
0x0,
0x0,
0x0,
0x0,
0x0,
0x0,
0x0,
0x0,
0x0,
0x0,
0x0,
0x0,
0x0,
0x0,
0x0,
0x0,
0x0,
0x0,
0x0,
0x0,
0x0,
0x0,
0x0,
0x0,
0x0,
0x0,
0x0,
0x0,
0x0,
0x0,
0x0,
0x0,
0x0,
0x0,
0x0,
0x0,
0x0,
0x0,
0x0,
0x0,
0x0,
0x0,
0x0,
0x0,
0x0,
0x0,
0x0,
0x0,
0x0,
0x0,
0x0,
0x0,
0x0,
0x0,
0x0,
0x0,
0x0,
0x0,
0x0,
0x0,
0x0,
0x0,
0x0,
0x0,
0x0,
0x0,
0x0,
0x0,
0x0,
0x0,
0x0,
0x0,
0x0,
0x0,
0x0,
0x0,
0x0,
0x0,
0x0,
0x0,
0x0,
0x0,
0x0,
0x0,
0x0,
0x0,
0x0,
0x0,
0x0,
0x0,
0x0,
0x0,
0x0,
0x0,
0x0,
0x0,
0x0,
0x0,
0x0,
0x0,
0x0,
0x0,
0x0,
0x0,
0x0,
0x0,
0x0,
0x0,
0x0,
0x0,
0x0,
0x0,
0x0,
0x0,
0x0,
0x0,
0x0,
0x0,
0x0,
0x0,
0x0,
0x0,
0x0,
0x0,
0x0,
0x0,
0x0,
0x0,
0x0,
0x0,
0x0,
0x0,
0x0,
0x0,
0x0,
0x0,
0x0,
0x0,
0x0,
0x0,
0x0,
0x0,
0x0,
0x0,
0x0,
0x0,
0x0,
0x0,
0x0,
0x0,
0x0,
0x0,
0x0,
0x0,
0x0,
0x0,
0x0,
0x0,
0x0,
0x0,
0x0,
0x0,
0x0,
0x0,
0x0,
0x0,
0x0,
0x0,
0x0,
0x0,
0x0,
0x0,
0x0,
0x0,
0x0,
0x0,
0x0,
0x0,
0x0,
0x0,
0x0,
0x0,
0x0,
0x0,
0x0,
0x0,
0x0,
0x0,
0x0,
0x0,
0x0,
0x0,
0x0,
0x0,
0x0,
0x0,
0x0,
0x0,
0x0,
0x0,
0x0,
0x0,
0x0,
0x0,
0x0,
0x0,
0x0,
0x0,
0x0,
0x0,
0x0,
0x0,
0x0,
0x0,
0x0,
0x0,
0x0,
0x0,
0x0,
0x0,
0x0,
0x0,
0x0,
0x0,
0x0,
0x0,
0x0,
0x0,
0x0,
0x0,
0x0,
0x0,
0x0,
0x0,
0x0,
0x0,
0x0,
0x0,
0x0,
0x0,
0x0,
0x0,
0x0,
0x0,
0x0,
0x0,
0x0,
0x0,
0x0,
0x0,
0x0,
0x0,
0x0,
0x0,
0x0,
0x0,
0x0,
0x0,
0x0,
0x0,
0x0,
0x0,
0x0,
0x0,
0x0,
0x0,
0x0,
0x0,
0x0,
0x0,
0x0,
0x0,
0x0,
0x0,
0x0,
0x0,
0x0,
0x0,
0x0,
0x0,
0x0,
0x0,
0x0,
0x0,
0x0,
0x0,
0x0,
0x0,
0x0,
0x0,
0x0,
0x0,
0x0,
0x0,
0x0,
0x0,
0x0,
0x0,
0x0,
0x0,
0x0,
0x0,
0x0,
0x0,
0x0,
0x0,
0x0,
0x0,
0x0,
0x0,
0x0,
0x0,
0x0,
0x0,
0x0,
0x0,
0x0,
0x0,
0x0,
0x0,
0x0,
0x0,
0x0,
0x0,
0x0,
0x0,
0x0,
0x0,
0x0,
0x0,
0x0,
0x0,
0x0,
0x0,
0x0,
0x0,
0x0,
0x0,
0x0,
0x0,
0x0,
0x0,
0x0,
0x0,
0x0,
0x0,
0x0,
0x0,
0x0,
0x0,
0x0,
0x0,
0x0,
0x0,
0x0,
0x0,
0x0,
0x0,
0x0,
0x0,
0x0,
0x0,
0x0,
0x0,
0x0,
0x0,
0x0,
0x0,
0x0,
0x0,
0x0,
0x0,
0x0,
0x0,
0x0,
0x0,
0x0,
0x0,
0x0,
0x0,
0x0,
0x0,
0x0,
0x0,
0x0,
0x0,
0x0,
0x0,
0x0,
0x0,
0x0,
0x0,
0x0,
0x0,
0x0,
0x0,
0x0,
0x0,
0x0,
0x0,
0x0,
0x0,
0x0,
0x0,
0x0,
0x0,
0x0,
0x0,
0x0,
0x0,
0x0,
0x0,
0x0,
0x0,
0x0,
0x0,
0x0,
0x0,
0x0,
0x0,
0x0,
0x0,
0x0,
0x0,
0x0,
0x0,
0x0,
0x0,
0x0,
0x0,
0x0,
0x0,
0x0,
0x0,
0x0,
0x0,
0x0,
0x0,
0x0,
0x0,
0x0,
0x0,
0x0,
0x0,
0x0,
0x0,
0x0,
0x0,
0x0,
0x0,
0x0,
0x0,
0x0,
0x0,
0x0,
0x0,
0x0,
0x0,
0x0,
0x0,
0x0,
0x0,
0x0,
0x0,
0x0,
0x0,
0x0,
0x0,
0x0,
0x0,
0x0,
0x0,
0x0,
0x0,
0x0,
0x0,
0x0,
0x0,
0x0,
0x0,
0x0,
0x0,
0x0,
0x0,
0x0,
0x0,
0x0,
0x0,
0x0,
0x0,
0x0,
0x0,
0x0,
0x0,
0x0,
0x0,
0x0,
0x0,
0x0,
0x0,
0x0,
0x0,
0x0,
0x0,
0x0,
0x0,
0x0,
0x0,
0x0,
0x0,
0x0,
0x0,
0x0,
0x0,
0x0,
0x0,
0x0,
0x0,
0x0,
0x0,
0x0,
0x0,
0x0,
0x0,
0x0,
0x0,
0x0,
0x0,
0x0,
0x0,
0x0,
0x0,
0x0,
0x0,
0x0,
0x0,
0x0,
0x0,
0x0,
0x0,
0x0,
0x0,
0x0,
0x0,
0x0,
0x0,
0x0,
0x0,
0x0,
0x0,
0x0,
0x0,
0x0,
0x0,
0x0,
0x0,
0x0,
0x0,
0x0,
0x0,
0x0,
0x0,
0x0,
0x0,
0x0,
0x0,
0x0,
0x0,
0x0,
0x0,
0x0,
0x0,
0x0,
0x0,
0x0,
0x0,
0x0,
0x0,
0x0,
0x0,
0x0,
0x0,
0x0,
0x0,
0x0,
0x0,
0x0,
0x0,
0x0,
0x0,
0x0,
0x0,
0x0,
0x0,
0x0,
0x0,
0x0,
0x0,
0x0,
0x0,
0x0,
0x0,
0x0,
0x0,
0x0,
0x0,
0x0,
0x0,
0x0,
0x0,
0x0,
0x0,
0x0,
0x0,
0x0,
0x0,
0x0,
0x0,
0x0,
0x0,
0x0,
0x0,
0x0,
0x0,
0x0,
0x0,
0x0,
0x0,
0x0,
0x0,
0x0,
0x0,
0x0,
0x0,
0x0,
0x0,
0x0,
0x0,
0x0,
0x0,
0x0,
0x0,
0x0,
0x0,
0x0,
0x0,
0x0,
0x0,
0x0,
0x0,
0x0,
0x0,
0x0,
0x0,
0x0,
0x0,
0x0,
0x0,
0x0,
0x0,
0x0,
0x0,
0x0,
0x0,
0x0,
0x0,
0x0,
0x0,
0x0,
0x0,
0x0,
0x0,
0x0,
0x0,
0x0,
0x0,
0x0,
0x0,
0x0,
0x0,
0x0,
0x0,
0x0,
0x0,
0x0,
0x0,
0x0,
0x0,
0x0,
0x0,
0x0,
0x0,
0x0,
0x0,
0x0,
0x0,
0x0,
0x0,
0x0,
0x0,
0x0,
0x0,
0x0,
0x0,
0x0,
0x0,
0x0,
0x0,
0x0,
0x0,
0x0,
0x0,
0x0,
0x0,
0x0,
0x0,
0x0,
0x0,
0x0,
0x0,
0x0,
0x0,
0x0,
0x0,
0x0,
0x0,
0x0,
0x0,
0x0,
0x0,
0x0,
0x0,
0x0,
0x0,
0x0,
0x0,
0x0,
0x0,
0x0,
0x0,
0x0,
0x0,
0x0,
0x0,
0x0,
0x0,
0x0,
0x0,
0x0,
0x0,
0x0,
0x0,
0x0,
0x0,
0x0,
0x0,
0x0,
0x0,
0x0,
0x0,
0x0,
0x0,
0x0,
0x0,
0x0,
0x0,
0x0,
0x0,
0x0,
0x0,
0x0,
0x0,
0x0,
0x0,
0x0,
0x0,
0x0,
0x0,
0x0,
0x0,
0x0,
0x0,
0x0,
0x0,
0x0,
0x0,
0x0,
0x0,
0x0,
0x0,
0x0,
0x0,
0x0,
0x0,
0x0,
0x0,
0x0,
0x0,
0x0,
0x0,
0x0,
0x0,
0x0,
0x0,
0x0,
0x0,
0x0,
0x0,
0x0,
0x0,
0x0,
0x0,
0x0,
0x0,
0x0,
0x0,
0x0,
0x0,
0x0,
0x0,
0x0,
0x0,
0x0,
0x0,
0x0,
0x0,
0x0,
0x0,
0x0,
0x0,
0x0,
0x0,
0x0,
0x0,
0x0,
0x0,
0x0,
0x0,
0x0,
0x0,
0x0,
0x0,
0x0,
0x0,
0x0,
0x0,
0x0,
0x0,
0x0,
0x0,
0x0,
0x0,
0x0,
0x0,
0x0,
0x0,
0x0,
0x0,
0x0,
0x0,
0x0,
0x0,
0x0,
0x0,
0x0,
0x0,
0x0,
0x0,
0x0,
0x0,
0x0,
0x0,
0x0,
0x0,
0x0,
0x0,
0x0,
0x0,
0x0,
0x0,
0x0,
0x0,
0x0,
0x0,
0x0,
0x0,
0x0,
0x0,
0x0,
0x0,
0x0,
0x0,
0x0,
0x0,
0x0,
0x0,
0x0,
0x0,
0x0,
0x0,
0x0,
0x0,
0x0,
0x0,
0x0,
0x0,
0x0,
0x0,
0x0,
0x0,
0x0,
0x0,
0x0,
0x0,
0x0,
0x0,
0x0,
0x0,
0x0,
0x0,
0x0,
0x0,
0x0,
0x0,
0x0,
0x0,
0x0,
0x0,
0x0,
0x0,
0x0,
0x0,
0x0,
0x0,
0x0,
0x0,
0x0,
0x0,
0x0,
0x0,
0x0,
0x0,
0x0,
0x0,
0x0,
0x0,
0x0,
0x0,
0x0,
0x0,
0x0,
0x0,
0x0,
0x0,
0x0,
0x0,
0x0,
0x0,
0x0,
0x0,
0x0,
0x0,
0x0,
0x0,
0x0,
0x0,
0x0,
0x0,
0x0,
0x0,
0x0,
0x0,
0x0,
0x0,
0x0,
0x0,
0x0,
0x0,
0x0,
0x0,
0x0,
0x0,
0x0,
0x0,
0x0,
0x0,
0x0,
0x0,
0x0,
0x0,
0x0,
0x0,
0x0,
0x0,
0x0,
0x0,
0x0,
0x0,
0x0,
0x0,
0x0,
0x0,
0x0,
0x0,
0x0,
0x0,
0x0,
0x0,
0x0,
0x0,
0x0,
0x0,
0x0,
0x0,
0x0,
0x0,
0x0,
0x0,
0x0,
0x0,
0x0,
0x0,
0x0,
0x0,
0x0,
0x0,
0x0,
0x0,
0x0,
0x0,
0x0,
0x0,
0x0,
0x0,
0x0,
0x0,
0x0,
0x0,
0x0,
0x0,
0x0,
0x0,
0x0,
0x0,
0x0,
0x0,
0x0,
0x0,
0x0,
0x0,
0x0,
0x0,
0x0,
0x0,
0x0,
0x0,
0x0,
0x0,
0x0,
0x0,
0x0,
0x0,
0x0,
0x0,
0x0,
0x0,
0x0,
0x0,
0x0,
0x0,
0x0,
0x0,
0x0,
0x0,
0x0,
0x0,
0x0,
0x0,
0x0,
0x0,
0x0,
0x0,
0x0,
0x0,
0x0,
0x0,
0x0,
0x0,
0x0,
0x0,
0x0,
0x0,
0x0,
0x0,
0x0,
0x0,
0x0,
0x0,
0x0,
0x0,
0x0,
0x0,
0x0,
0x0,
0x0,
0x0,
0x0,
0x0,
0x0,
0x0,
0x0,
0x0,
0x0,
0x0,
0x0,
0x0,
0x0,
0x0,
0x0,
0x0,
0x0,
0x0,
0x0,
0x0,
0x0,
0x0,
0x0,
0x0,
0x0,
0x0,
0x0,
0x0,
0x0,
0x0,
0x0,
0x0,
0x0,
0x0,
0x0,
0x0,
0x0,
0x0,
0x0,
0x0,
0x0,
0x0,
0x0,
0x0,
0x0,
0x0,
0x0,
0x0,
0x0,
0x0,
0x0,
0x0,
0x0,
0x0,
0x0,
0x0,
0x0,
0x0,
0x0,
0x0,
0x0,
0x0,
0x0,
0x0,
0x0,
0x0,
0x0,
0x0,
0x0,
0x0,
0x0,
0x0,
0x0,
0x0,
0x0,
0x0,
0x0,
0x0,
0x0,
0x0,
0x0,
0x0,
0x0,
0x0,
0x0,
0x0,
0x0,
0x0,
0x0,
0x0,
0x0,
0x0,
0x0,
0x0,
0x0,
0x0,
0x0,
0x0,
0x0,
0x0,
0x0,
0x0,
0x0,
0x0,
0x0,
0x0,
0x0,
0x0,
0x0,
0x0,
0x0,
0x0,
0x0,
0x0,
0x0,
0x0,
0x0,
0x0,
0x0,
0x0,
0x0,
0x0,
0x0,
0x0,
0x0,
0x0,
0x0,
0x0,
0x0,
0x0,
0x0,
0x0,
0x0,
0x0,
0x0,
0x0,
0x0,
0x0,
0x0,
0x0,
0x0,
0x0,
0x0,
0x0,
0x0,
0x0,
0x0,
0x0,
0x0,
0x0,
0x0,
0x0,
0x0,
0x0,
0x0,
0x0,
0x0,
0x0,
0x0,
0x0,
0x0,
0x0,
0x0,
0x0,
0x0,
0x0,
0x0,
0x0,
0x0,
0x0,
0x0,
0x0,
0x0,
0x0,
0x0,
0x0,
0x0,
0x0,
0x0,
0x0,
0x0,
0x0,
0x0,
0x0,
0x0,
0x0,
0x0,
0x0,
0x0,
0x0,
0x0,
0x0,
0x0,
0x0,
0x0,
0x0,
0x0,
0x0,
0x0,
0x0,
0x0,
0x0,
0x0,
0x0,
0x0,
0x0,
0x0,
0x0,
0x0,
0x0,
0x0,
0x0,
0x0,
0x0,
0x0,
0x0,
0x0,
0x0,
0x0,
0x0,
0x0,
0x0,
0x0,
0x0,
0x0,
0x0,
0x0,
0x0,
0x0,
0x0,
0x0,
0x0,
0x0,
0x0,
0x0,
0x0,
0x0,
0x0,
0x0,
0x0,
0x0,
0x0,
0x0,
0x0,
0x0,
0x0,
0x0,
0x0,
0x0,
0x0,
0x0,
0x0,
0x0,
0x0,
0x0,
0x0,
0x0,
0x0,
0x0,
0x0,
0x0,
0x0,
0x0,
0x0,
0x0,
0x0,
0x0,
0x0,
0x0,
0x0,
0x0,
0x0,
0x0,
0x0,
0x0,
0x0,
0x0,
0x0,
0x0,
0x0,
0x0,
0x0,
0x0,
0x0,
0x0,
0x0,
0x0,
0x0,
0x0,
0x0,
0x0,
0x0,
0x0,
0x0,
0x0,
0x0,
0x0,
0x0,
0x0,
0x0,
0x0,
0x0,
0x0,
0x0,
0x0,
0x0,
0x0,
0x0,
0x0,
0x0,
0x0,
0x0,
0x0,
0x0,
0x0,
0x0,
0x0,
0x0,
0x0,
0x0,
0x0,
0x0,
0x0,
0x0,
0x0,
0x0,
0x0,
0x0,
0x0,
0x0,
0x0,
0x0,
0x0,
0x0,
0x0,
0x0,
0x0,
0x0,
0x0,
0x0,
0x0,
0x0,
0x0,
0x0,
0x0,
0x0,
0x0,
0x0,
0x0,
0x0,
0x0,
0x0,
0x0,
0x0,
0x0,
0x0,
0x0,
0x0,
0x0,
0x0,
0x0,
0x0,
0x0,
0x0,
0x0,
0x0,
0x0,
0x0,
0x0,
0x0,
0x0,
0x0,
0x0,
0x0,
0x0,
0x0,
0x0,
0x0,
0x0,
0x0,
0x0,
0x0,
0x0,
0x0,
0x0,
0x0,
0x0,
0x0,
0x0,
0x0,
0x0,
0x0,
0x0,
0x0,
0x0,
0x0,
0x0,
0x0,
0x0,
0x0,
0x0,
0x0,
0x0,
0x0,
0x0,
0x0,
0x0,
0x0,
0x0,
0x0,
0x0,
0x0,
0x0,
0x0,
0x0,
0x0,
0x0,
0x0,
0x0,
0x0,
0x0,
0x0,
0x0,
0x0,
0x0,
0x0,
0x0,
0x0,
0x0,
0x0,
0x0,
0x0,
0x0,
0x0,
0x0,
0x0,
0x0,
0x0,
0x0,
0x0,
0x0,
0x0,
0x0,
0x0,
0x0,
0x0,
0x0,
0x0,
0x0,
0x0,
0x0,
0x0,
0x0,
0x0,
0x0,
0x0,
0x0,
0x0,
0x0,
0x0,
0x0,
0x0,
0x0,
0x0,
0x0,
0x0,
0x0,
0x0,
0x0,
0x0,
0x0,
0x0,
0x0,
0x0,
0x0,
0x0,
0x0,
0x0,
0x0,
0x0,
0x0,
0x0,
0x0,
0x0,
0x0,
0x0,
0x0,
0x0,
0x0,
0x0,
0x0,
0x0,
0x0,
0x0,
0x0,
0x0,
0x0,
0x0,
0x0,
0x0,
0x0,
0x0,
0x0,
0x0,
0x0,
0x0,
0x0,
0x0,
0x0,
0x0,
0x0,
0x0,
0x0,
0x0,
0x0,
0x0,
0x0,
0x0,
0x0,
0x0,
0x0,
0x0,
0x0,
0x0,
0x0,
0x0,
0x0,
0x0,
0x0,
0x0,
0x0,
0x0,
0x0,
0x0,
0x0,
0x0,
0x0,
0x0,
0x0,
0x0,
0x0,
0x0,
0x0,
0x0,
0x0,
0x0,
0x0,
0x0,
0x0,
0x0,
0x0,
0x0,
0x0,
0x0,
0x0,
0x0,
0x0,
0x0,
0x0,
0x0,
0x0,
0x0,
0x0,
0x0,
0x0,
0x0,
0x0,
0x0,
0x0,
0x0,
0x0,
0x0,
0x0,
0x0,
0x0,
0x0,
0x0,
0x0,
0x0,
0x0,
0x0,
0x0,
0x0,
0x0,
0x0,
0x0,
0x0,
0x0,
0x0,
0x0,
0x0,
0x0,
0x0,
0x0,
0x0,
0x0,
0x0,
0x0,
0x0,
0x0,
0x0,
0x0,
0x0,
0x0,
0x0,
0x0,
0x0,
0x0,
0x0,
0x0,
0x0,
0x0,
0x0,
0x0,
0x0,
0x0,
0x0,
0x0,
0x0,
0x0,
0x0,
0x0,
0x0,
0x0,
0x0,
0x0,
0x0,
0x0,
0x0,
0x0,
0x0,
0x0,
0x0,
0x0,
0x0,
0x0,
0x0,
0x0,
0x0,
0x0,
0x0,
0x0,
0x0,
0x0,
0x0,
0x0,
0x0,
0x0,
0x0,
0x0,
0x0,
0x0,
0x0,
0x0,
0x0,
0x0,
0x0,
0x0,
0x0,
0x0,
0x0,
0x0,
0x0,
0x0,
0x0,
0x0,
0x0,
0x0,
0x0,
0x0,
0x0,
0x0,
0x0,
0x0,
0x0,
0x0,
0x0,
0x0,
0x0,
0x0,
0x0,
0x0,
0x0,
0x0,
0x0,
0x0,
0x0,
0x0,
0x0,
0x0,
0x0,
0x0,
0x0,
0x0,
0x0,
0x0,
0x0,
0x0,
0x0,
0x0,
0x0,
0x0,
0x0,
0x0,
0x0,
0x0,
0x0,
0x0,
0x0,
0x0,
0x0,
0x0,
0x0,
0x0,
0x0,
0x0,
0x0,
0x0,
0x0,
0x0,
0x0,
0x0,
0x0,
0x0,
0x0,
0x0,
0x0,
0x0,
0x0,
0x0,
0x0,
0x0,
0x0,
0x0,
0x0,
0x0,
0x0,
0x0,
0x0,
0x0,
0x0,
0x0,
0x0,
0x0,
0x0,
0x0,
0x0,
0x0,
0x0,
0x0,
0x0,
0x0,
0x0,
0x0,
0x0,
0x0,
0x0,
0x0,
0x0,
0x0,
0x0,
0x0,
0x0,
0x0,
0x0,
0x0,
0x0,
0x0,
0x0,
0x0,
0x0,
0x0,
0x0,
0x0,
0x0,
0x0,
0x0,
0x0,
0x0,
0x0,
0x0,
0x0,
0x0,
0x0,
0x0,
0x0,
0x0,
0x0,
0x0,
0x0,
0x0,
0x0,
0x0,
0x0,
0x0,
0x0,
0x0,
0x0,
0x0,
0x0,
0x0,
0x0,
0x0,
0x0,
0x0,
0x0,
0x0,
0x0,
0x0,
0x0,
0x0,
0x0,
0x0,
0x0,
0x0,
0x0,
0x0,
0x0,
0x0,
0x0,
0x0,
0x0,
0x0,
0x0,
0x0,
0x0,
0x0,
0x0,
0x0,
0x0,
0x0,
0x0,
0x0,
0x0,
0x0,
0x0,
0x0,
0x0,
0x0,
0x0,
0x0,
0x0,
0x0,
0x0,
0x0,
0x0,
0x0,
0x0,
0x0,
0x0,
0x0,
0x0,
0x0,
0x0,
0x0,
0x0,
0x0,
0x0,
0x0,
0x0,
0x0,
0x0,
0x0,
0x0,
0x0,
0x0,
0x0,
0x0,
0x0,
0x0,
0x0,
0x0,
0x0,
0x0,
0x0,
0x0,
0x0,
0x0,
0x0,
0x0,
0x0,
0x0,
0x0,
0x0,
0x0,
0x0,
0x0,
0x0,
0x0,
0x0,
0x0,
0x0,
0x0,
0x0,
0x0,
0x0,
0x0,
0x0,
0x0,
0x0,
0x0,
0x0,
0x0,
0x0,
0x0,
0x0,
0x0,
0x0,
0x0,
0x0,
0x0,
0x0,
0x0,
0x0,
0x0,
0x0,
0x0,
0x0,
0x0,
0x0,
0x0,
0x0,
0x0,
0x0,
0x0,
0x0,
0x0,
0x0,
0x0,
0x0,
0x0,
0x0,
0x0,
0x0,
0x0,
0x0,
0x0,
0x0,
0x0,
0x0,
0x0,
0x0,
0x0,
0x0,
0x0,
0x0,
0x0,
0x0,
0x0,
0x0,
0x0,
0x0,
0x0,
0x0,
0x0,
0x0,
0x0,
0x0,
0x0,
0x0,
0x0,
0x0,
0x0,
0x0,
0x0,
0x0,
0x0,
0x0,
0x0,
0x0,
0x0,
0x0,
0x0,
0x0,
0x0,
0x0,
0x0,
0x0,
0x0,
0x0,
0x0,
0x0,
0x0,
0x0,
0x0,
0x0,
0x0,
0x0,
0x0,
0x0,
0x0,
0x0,
0x0,
0x0,
0x0,
0x0,
0x0,
0x0,
0x0,
0x0,
0x0,
0x0,
0x0,
0x0,
0x0,
0x0,
0x0,
0x0,
0x0,
0x0,
0x0,
0x0,
0x0,
0x0,
0x0,
0x0,
0x0,
0x0,
0x0,
0x0,
0x0,
0x0,
0x0,
0x0,
0x0,
0x0,
0x0,
0x0,
0x0,
0x0,
0x0,
0x0,
0x0,
0x0,
0x0,
0x0,
0x0,
0x0,
0x0,
0x0,
0x0,
0x0,
0x0,
0x0,
0x0,
0x0,
0x0,
0x0,
0x0,
0x0,
0x0,
0x0,
0x0,
0x0,
0x0,
0x0,
0x0,
0x0,
0x0,
0x0,
0x0,
0x0,
0x0,
0x0,
0x0,
0x0,
0x0,
0x0,
0x0,
0x0,
0x0,
0x0,
0x0,
0x0,
0x0,
0x0,
0x0,
0x0,
0x0,
0x0,
0x0,
0x0,
0x0,
0x0,
0x0,
0x0,
0x0,
0x0,
0x0,
0x0,
0x0,
0x0,
0x0,
0x0,
0x0,
0x0,
0x0,
0x0,
0x0,
0x0,
0x0,
0x0,
0x0,
0x0,
0x0,
0x0,
0x0,
0x0,
0x0,
0x0,
0x0,
0x0,
0x0,
0x0,
0x0,
0x0,
0x0,
0x0,
0x0,
0x0,
0x0,
0x0,
0x0,
0x0,
0x0,
0x0,
0x0,
0x0,
0x0,
0x0,
0x0,
0x0,
0x0,
0x0,
0x0,
0x0,
0x0,
0x0,
0x0,
0x0,
0x0,
0x0,
0x0,
0x0,
0x0,
0x0,
0x0,
0x0,
0x0,
0x0,
0x0,
0x0,
0x0,
0x0,
0x0,
0x0,
0x0,
0x0,
0x0,
0x0,
0x0,
0x0,
0x0,
0x0,
0x0,
0x0,
0x0,
0x0,
0x0,
0x0,
0x0,
0x0,
0x0,
0x0,
0x0,
0x0,
0x0,
0x0,
0x0,
0x0,
0x0,
0x0,
0x0,
0x0,
0x0,
0x0,
0x0,
0x0,
0x0,
0x0,
0x0,
0x0,
0x0,
0x0,
0x0,
0x0,
0x0,
0x0,
0x0,
0x0,
0x0,
0x0,
0x0,
0x0,
0x0,
0x0,
0x0,
0x0,
0x0,
0x0,
0x0,
0x0,
0x0,
0x0,
0x0,
0x0,
0x0,
0x0,
0x0,
0x0,
0x0,
0x0,
0x0,
0x0,
0x0,
0x0,
0x0,
0x0,
0x0,
0x0,
0x0,
0x0,
0x0,
0x0,
0x0,
0x0,
0x0,
0x0,
0x0,
0x0,
0x0,
0x0,
0x0,
0x0,
0x0,
0x0,
0x0,
0x0,
0x0,
0x0,
0x0,
0x0,
0x0,
0x0,
0x0,
0x0,
0x0,
0x0,
0x0,
0x0,
0x0,
0x0,
0x0,
0x0,
0x0,
0x0,
0x0,
0x0,
0x0,
0x0,
0x0,
0x0,
0x0,
0x0,
0x0,
0x0,
0x0,
0x0,
0x0,
0x0,
0x0,
0x0,
0x0,
0x0,
0x0,
0x0,
0x0,
0x0,
0x0,
0x0,
0x0,
0x0,
0x0,
0x0,
0x0,
0x0,
0x0,
0x0,
0x0,
0x0,
0x0,
0x0,
0x0,
0x0,
0x0,
0x0,
0x0,
0x0,
0x0,
0x0,
0x0,
0x0,
0x0,
0x0,
0x0,
0x0,
0x0,
0x0,
0x0,
0x0,
0x0,
0x0,
0x0,
0x0,
0x0,
0x0,
0x0,
0x0,
0x0,
0x0,
0x0,
0x0,
0x0,
0x0,
0x0,
0x0,
0x0,
0x0,
0x0,
0x0,
0x0,
0x0,
0x0,
0x0,
0x0,
0x0,
0x0,
0x0,
0x0,
0x0,
0x0,
0x0,
0x0,
0x0,
0x0,
0x0,
0x0,
0x0,
0x0,
0x0,
0x0,
0x0,
0x0,
0x0,
0x0,
0x0,
0x0,
0x0,
0x0,
0x0,
0x0,
0x0,
0x0,
0x0,
0x0,
0x0,
0x0,
0x0,
0x0,
0x0,
0x0,
0x0,
0x0,
0x0,
0x0,
0x0,
0x0,
0x0,
0x0,
0x0,
0x0,
0x0,
0x0,
0x0,
0x0,
0x0,
0x0,
0x0,
0x0,
0x0,
0x0,
0x0,
0x0,
0x0,
0x0,
0x0,
0x0,
0x0,
0x0,
0x0,
0x0,
0x0,
0x0,
0x0,
0x0,
0x0,
0x0,
0x0,
0x0,
0x0,
0x0,
0x0,
0x0,
0x0,
0x0,
0x0,
0x0,
0x0,
0x0,
0x0,
0x0,
0x0,
0x0,
0x0,
0x0,
0x0,
0x0,
0x0,
0x0,
0x0,
0x0,
0x0,
0x0,
0x0,
0x0,
0x0,
0x0,
0x0,
0x0,
0x0,
0x0,
0x0,
0x0,
0x0,
0x0,
0x0,
0x0,
0x0,
0x0,
0x0,
0x0,
0x0,
0x0,
0x0,
0x0,
0x0,
0x0,
0x0,
0x0,
0x0,
0x0,
0x0,
0x0,
0x0,
0x0,
0x0,
0x0,
0x0,
0x0,
0x0,
0x0,
0x0,
0x0,
0x0,
0x0,
0x0,
0x0,
0x0,
0x0,
0x0,
0x0,
0x0,
0x0,
0x0,
0x0,
0x0,
0x0,
0x0,
0x0,
0x0,
0x0,
0x0,
0x0,
0x0,
0x0,
0x0,
0x0,
0x0,
0x0,
0x0,
0x0,
0x0,
0x0,
0x0,
0x0,
0x0,
0x0,
0x0,
0x0,
0x0,
0x0,
0x0,
0x0,
0x0,
0x0,
0x0,
0x0,
0x0,
0x0,
0x0,
0x0,
0x0,
0x0,
0x0,
0x0,
0x0,
0x0,
0x0,
0x0,
0x0,
0x0,
0x0,
0x0,
0x0,
0x0,
0x0,
0x0,
0x0,
0x0,
0x0,
0x0,
0x0,
0x0,
0x0,
0x0,
0x0,
0x0,
0x0,
0x0,
0x0,
0x0,
0x0,
0x0,
0x0,
0x0,
0x0,
0x0,
0x0,
0x0,
0x0,
0x0,
0x0,
0x0,
0x0,
0x0,
0x0,
0x0,
0x0,
0x0,
0x0,
0x0,
0x0,
0x0,
0x0,
0x0,
0x0,
0x0,
0x0,
0x0,
0x0,
0x0,
0x0,
0x0,
0x0,
0x0,
0x0,
0x0,
0x0,
0x0,
0x0,
0x0,
0x0,
0x0,
0x0,
0x0,
0x0,
0x0,
0x0,
0x0,
0x0,
0x0,
0x0,
0x0,
0x0,
0x0,
0x0,
0x0,
0x0,
0x0,
0x0,
0x0,
0x0,
0x0,
0x0,
0x0,
0x0,
0x0,
0x0,
0x0,
0x0,
0x0,
0x0,
0x0,
0x0,
0x0,
0x0,
0x0,
0x0,
0x0,
0x0,
0x0,
0x0,
0x0,
0x0,
0x0,
0x0,
0x0,
0x0,
0x0,
0x0,
0x0,
0x0,
0x0,
0x0,
0x0,
0x0,
0x0,
0x0,
0x0,
0x0,
0x0,
0x0,
0x0,
0x0,
0x0,
0x0,
0x0,
0x0,
0x0,
0x0,
0x0,
0x0,
0x0,
0x0,
0x0,
0x0,
0x0,
0x0,
0x0,
0x0,
0x0,
0x0,
0x0,
0x0,
0x0,
0x0,
0x0,
0x0,
0x0,
0x0,
0x0,
0x0,
0x0,
0x0,
0x0,
0x0,
0x0,
0x0,
0x0,
0x0,
0x0,
0x0,
0x0,
0x0,
0x0,
0x0,
0x0,
0x0,
0x0,
0x0,
0x0,
0x0,
0x0,
0x0,
0x0,
0x0,
0x0,
0x0,
0x0,
0x0,
0x0,
0x0,
0x0,
0x0,
0x0,
0x0,
0x0,
0x0,
0x0,
0x0,
0x0,
0x0,
0x0,
0x0,
0x0,
0x0,
0x0,
0x0,
0x0,
0x0,
0x0,
0x0,
0x0,
0x0,
0x0,
0x0,
0x0,
0x0,
0x0,
0x0,
0x0,
0x0,
0x0,
0x0,
0x0,
0x0,
0x0,
0x0,
0x0,
0x0,
0x0,
0x0,
0x0,
0x0,
0x0,
0x0,
0x0,
0x0,
0x0,
0x0,
0x0,
0x0,
0x0,
0x0,
0x0,
0x0,
0x0,
0x0,
0x0,
0x0,
0x0,
0x0,
0x0,
0x0,
0x0,
0x0,
0x0,
0x0,
0x0,
0x0,
0x0,
0x0,
0x0,
0x0,
0x0,
0x0,
0x0,
0x0,
0x0,
0x0,
0x0,
0x0,
0x0,
0x0,
0x0,
0x0,
0x0,
0x0,
0x0,
0x0,
0x0,
0x0,
0x0,
0x0,
0x0,
0x0,
0x0,
0x0,
0x0,
0x0,
0x0,
0x0,
0x0,
0x0,
0x0,
0x0,
0x0,
0x0,
0x0,
0x0,
0x0,
0x0,
0x0,
0x0,
0x0,
0x0,
0x0,
0x0,
0x0,
0x0,
0x0,
0x0,
0x0,
0x0,
0x0,
0x0,
0x0,
0x0,
0x0,
0x0,
0x0,
0x0,
0x0,
0x0,
0x0,
0x0,
0x0,
0x0,
0x0,
0x0,
0x0,
0x0,
0x0,
0x0,
0x0,
0x0,
0x0,
0x0,
0x0,
0x0,
0x0,
0x0,
0x0,
0x0,
0x0,
0x0,
0x0,
0x0,
0x0,
0x0,
0x0,
0x0,
0x0,
0x0,
0x0,
0x0,
0x0,
0x0,
0x0,
0x0,
0x0,
0x0,
0x0,
0x0,
0x0,
0x0,
0x0,
0x0,
0x0,
0x0,
0x0,
0x0,
0x0,
0x0,
0x0,
0x0,
0x0,
0x0,
0x0,
0x0,
0x0,
0x0,
0x0,
0x0,
0x0,
0x0,
0x0,
0x0,
0x0,
0x0,
0x0,
0x0,
0x0,
0x0,
0x0,
0x0,
0x0,
0x0,
0x0,
0x0,
0x0,
0x0,
0x0,
0x0,
0x0,
0x0,
0x0,
0x0,
0x0,
0x0,
0x0,
0x0,
0x0,
0x0,
0x0,
0x0,
0x0,
0x0,
0x0,
0x0,
0x0,
0x0,
0x0,
0x0,
0x0,
0x0,
0x0,
0x0,
0x0,
0x0,
0x0,
0x0,
0x0,
0x0,
0x0,
0x0,
0x0,
0x0,
0x0,
0x0,
0x0,
0x0,
0x0,
0x0,
0x0,
0x0,
0x0,
0x0,
0x0,
0x0,
0x0,
0x0,
0x0,
0x0,
0x0,
0x0,
0x0,
0x0,
0x0,
0x0,
0x0,
0x0,
0x0,
0x0,
0x0,
0x0,
0x0,
0x0,
0x0,
0x0,
0x0,
0x0,
0x0,
0x0,
0x0,
0x0,
0x0,
0x0,
0x0,
0x0,
0x0,
0x0,
0x0,
0x0,
0x0,
0x0,
0x0,
0x0,
0x0,
0x0,
0x0,
0x0,
0x0,
0x0,
0x0,
0x0,
0x0,
0x0,
0x0,
0x0,
0x0,
0x0,
0x0,
0x0,
0x0,
0x0,
0x0,
0x0,
0x0,
0x0,
0x0,
0x0,
0x0,
0x0,
0x0,
0x0,
0x0,
0x0,
0x0,
0x0,
0x0,
0x0,
0x0,
0x0,
0x0,
0x0,
0x0,
0x0,
0x0,
0x0,
0x0,
0x0,
0x0,
0x0,
0x0,
0x0,
0x0,
0x0,
0x0,
0x0,
0x0,
0x0,
0x0,
0x0,
0x0,
0x0,
0x0,
0x0,
0x0,
0x0,
0x0,
0x0,
0x0,
0x0,
0x0,
0x0,
0x0,
0x0,
0x0,
0x0,
0x0,
0x0,
0x0,
0x0,
0x0,
0x0,
0x0,
0x0,
0x0,
0x0,
0x0,
0x0,
0x0,
0x0,
0x0,
0x0,
0x0,
0x0,
0x0,
0x0,
0x0,
0x0,
0x0,
0x0,
0x0,
0x0,
0x0,
0x0,
0x0,
0x0,
0x0,
0x0,
0x0,
0x0,
0x0,
0x0,
0x0,
0x0,
0x0,
0x0,
0x0,
0x0,
0x0,
0x0,
0x0,
0x0,
0x0,
0x0,
0x0,
0x0,
0x0,
0x0,
0x0,
0x0,
0x0,
0x0,
0x0,
0x0,
0x0,
0x0,
0x0,
0x0,
0x0,
0x0,
0x0,
0x0,
0x0,
0x0,
0x0,
0x0,
0x0,
0x0,
0x0,
0x0,
0x0,
0x0,
0x0,
0x0,
0x0,
0x0,
0x0,
0x0,
0x0,
0x0,
0x0,
0x0,
0x0,
0x0,
0x0,
0x0,
0x0,
0x0,
0x0,
0x0,
0x0,
0x0,
0x0,
0x0,
0x0,
0x0,
0x0,
0x0,
0x0,
0x0,
0x0,
0x0,
0x0,
0x0,
0x0,
0x0,
0x0,
0x0,
0x0,
0x0,
0x0,
0x0,
0x0,
0x0,
0x0,
0x0,
0x0,
0x0,
0x0,
0x0,
0x0,
0x0,
0x0,
0x0,
0x0,
0x0,
0x0,
0x0,
0x0,
0x0,
0x0,
0x0,
0x0,
0x0,
0x0,
0x0,
0x0,
0x0,
0x0,
0x0,
0x0,
0x0,
0x0,
0x0,
0x0,
0x0,
0x0,
0x0,
0x0,
0x0,
0x0,
0x0,
0x0,
0x0,
0x0,
0x0,
0x0,
0x0,
0x0,
0x0,
0x0,
0x0,
0x0,
0x0,
0x0,
0x0,
0x0,
0x0,
0x0,
0x0,
0x0,
0x0,
0x0,
0x0,
0x0,
0x0,
0x0,
0x0,
0x0,
0x0,
0x0,
0x0,
0x0,
0x0,
0x0,
0x0,
0x0,
0x0,
0x0,
0x0,
0x0,
0x0,
0x0,
0x0,
0x0,
0x0,
0x0,
0x0,
0x0,
0x0,
0x0,
0x0,
0x0,
0x0,
0x0,
0x0,
0x0,
0x0,
0x0,
0x0,
0x0,
0x0,
0x0,
0x0,
0x0,
0x0,
0x0,
0x0,
0x0,
0x0,
0x0,
0x0,
0x0,
0x0,
0x0,
0x0,
0x0,
0x0,
0x0,
0x0,
0x0,
0x0,
0x0,
0x0,
0x0,
0x0,
0x0,
0x0,
0x0,
0x0,
0x0,
0x0,
0x0,
0x0,
0x0,
0x0,
0x0,
0x0,
0x0,
0x0,
0x0,
0x0,
0x0,
0x0,
0x0,
0x0,
0x0,
0x0,
0x0,
0x0,
0x0,
0x0,
0x0,
0x0,
0x0,
0x0,
0x0,
0x0,
0x0,
0x0,
0x0,
0x0,
0x0,
0x0,
0x0,
0x0,
0x0,
0x0,
0x0,
0x0,
0x0,
0x0,
0x0,
0x0,
0x0,
0x0,
0x0,
0x0,
0x0,
0x0,
0x0,
0x0,
0x0,
0x0,
0x0,
0x0,
0x0,
0x0,
0x0,
0x0,
0x0,
0x0,
0x0,
0x0,
0x0,
0x0,
0x0,
0x0,
0x0,
0x0,
0x0,
0x0,
0x0,
0x0,
0x0,
0x0,
0x0,
0x0,
0x0,
0x0,
0x0,
0x0,
0x0,
0x0,
0x0,
0x0,
0x0,
0x0,
0x0,
0x0,
0x0,
0x0,
0x0,
0x0,
0x0,
0x0,
0x0,
0x0,
0x0,
0x0,
0x0,
0x0,
0x0,
0x0,
0x0,
0x0,
0x0,
0x0,
0x0,
0x0,
0x0,
0x0,
0x0,
0x0,
0x0,
0x0,
0x0,
0x0,
0x0,
0x0,
0x0,
0x0,
0x0,
0x0,
0x0,
0x0,
0x0,
0x0,
0x0,
0x0,
0x0,
0x0,
0x0,
0x0,
0x0,
0x0,
0x0,
0x0,
0x0,
0x0,
0x0,
0x0,
0x0,
0x0,
0x0,
0x0,
0x0,
0x0,
0x0,
0x0,
0x0,
0x0,
0x0,
0x0,
0x0,
0x0,
0x0,
0x0,
0x0,
0x0,
0x0,
0x0,
0x0,
0x0,
0x0,
0x0,
0x0,
0x0,
0x0,
0x0,
0x0,
0x0,
0x0,
0x0,
0x0,
0x0,
0x0,
0x0,
0x0,
0x0,
0x0,
0x0,
0x0,
0x0,
0x0,
0x0,
0x0,
0x0,
0x0,
0x0,
0x0,
0x0,
0x0,
0x0,
0x0,
0x0,
0x0,
0x0,
0x0,
0x0,
0x0,
0x0,
0x0,
0x0,
0x0,
0x0,
0x0,
0x0,
0x0,
0x0,
0x0,
0x0,
0x0,
0x0,
0x0,
0x0,
0x0,
0x0,
0x0,
0x0,
0x0,
0x0,
0x0,
0x0,
0x0,
0x0,
0x0,
0x0,
0x0,
0x0,
0x0,
0x0,
0x0,
0x0,
0x0,
0x0,
0x0,
0x0,
0x0,
0x0,
0x0,
0x0,
0x0,
0x0,
0x0,
0x0,
0x0,
0x0,
0x0,
0x0,
0x0,
0x0,
0x0,
0x0,
0x0,
0x0,
0x0,
0x0,
0x0,
0x0,
0x0,
0x0,
0x0,
0x0,
0x0,
0x0,
0x0,
0x0,
0x0,
0x0,
0x0,
0x0,
0x0,
0x0,
0x0,
0x0,
0x0,
0x0,
0x0,
0x0,
0x0,
0x0,
0x0,
0x0,
0x0,
0x0,
0x0,
0x0,
0x0,
0x0,
0x0,
0x0,
0x0,
0x0,
0x0,
0x0,
0x0,
0x0,
0x0,
0x0,
0x0,
0x0,
0x0,
0x0,
0x0,
0x0,
0x0,
0x0,
0x0,
0x0,
0x0,
0x0,
0x0,
0x0,
0x0,
0x0,
0x0,
0x0,
0x0,
0x0,
0x0,
0x0,
0x0,
0x0,
0x0,
0x0,
0x0,
0x0,
0x0,
0x0,
0x0,
0x0,
0x0,
0x0,
0x0,
0x0,
0x0,
0x0,
0x0,
0x0,
0x0,
0x0,
0x0,
0x0,
0x0,
0x0,
0x0,
0x0,
0x0,
0x0,
0x0,
0x0,
0x0,
0x0,
0x0,
0x0,
0x0,
0x0,
0x0,
0x0,
0x0,
0x0,
0x0,
0x0,
0x0,
0x0,
0x0,
0x0,
0x0,
0x0,
0x0,
0x0,
0x0,
0x0,
0x0,
0x0,
0x0,
0x0,
0x0,
0x0,
0x0,
0x0,
0x0,
0x0,
0x0,
0x0,
0x0,
0x0,
0x0,
0x0,
0x0,
0x0,
0x0,
0x0,
0x0,
0x0,
0x0,
0x0,
0x0,
0x0,
0x0,
0x0,
0x0,
0x0,
0x0,
0x0,
0x0,
0x0,
0x0,
0x0,
0x0,
0x0,
0x0,
0x0,
0x0,
0x0,
0x0,
0x0,
0x0,
0x0,
0x0,
0x0,
0x0,
0x0,
0x0,
0x0,
0x0,
0x0,
0x0,
0x0,
0x0,
0x0,
0x0,
0x0,
0x0,
0x0,
0x0,
0x0,
0x0,
0x0,
0x0,
0x0,
0x0,
0x0,
0x0,
0x0,
0x0,
0x0,
0x0,
0x0,
0x0,
0x0,
0x0,
0x0,
0x0,
0x0,
0x0,
0x0,
0x0,
0x0,
0x0,
0x0,
0x0,
0x0,
0x0,
0x0,
0x0,
0x0,
0x0,
0x0,
0x0,
0x0,
0x0,
0x0,
0x0,
0x0,
0x0,
0x0,
0x0,
0x0,
0x0,
0x0,
0x0,
0x0,
0x0,
0x0,
0x0,
0x0,
0x0,
0x0,
0x0,
0x0,
0x0,
0x0,
0x0,
0x0,
0x0,
0x0,
0x0,
0x0,
0x0,
0x0,
0x0,
0x0,
0x0,
0x0,
0x0,
0x0,
0x0,
0x0,
0x0,
0x0,
0x0,
0x0,
0x0,
0x0,
0x0,
0x0,
0x0,
0x0,
0x0,
0x0,
0x0,
0x0,
0x0,
0x0,
0x0,
0x0,
0x0,
0x0,
0x0,
0x0,
0x0,
0x0,
0x0,
0x0,
0x0,
0x0,
0x0,
0x0,
0x0,
0x0,
0x0,
0x0,
0x0,
0x0,
0x0,
0x0,
0x0,
0x0,
0x0,
0x0,
0x0,
0x0,
0x0,
0x0,
0x0,
0x0,
0x0,
0x0,
0x0,
0x0,
0x0,
0x0,
0x0,
0x0,
0x0,
0x0,
0x0,
0x0,
0x0,
0x0,
0x0,
0x0,
0x0,
0x0,
0x0,
0x0,
0x0,
0x0,
0x0,
0x0,
0x0,
0x0,
0x0,
0x0,
0x0,
0x0,
0x0,
0x0,
0x0,
0x0,
0x0,
0x0,
0x0,
0x0,
0x0,
0x0,
0x0,
0x0,
0x0,
0x0,
0x0,
0x0,
0x0,
0x0,
0x0,
0x0,
0x0,
0x0,
0x0,
0x0,
0x0,
0x0,
0x0,
0x0,
0x0,
0x0,
0x0,
0x0,
0x0,
0x0,
0x0,
0x0,
0x0,
0x0,
0x0,
0x0,
0x0,
0x0,
0x0,
0x0,
0x0,
0x0,
0x0,
0x0,
0x0,
0x0,
0x0,
0x0,
0x0,
0x0,
0x0,
0x0,
0x0,
0x0,
0x0,
0x0,
0x0,
0x0,
0x0,
0x0,
0x0,
0x0,
0x0,
0x0,
0x0,
0x0,
0x0,
0x0,
0x0,
0x0,
0x0,
0x0,
0x0,
0x0,
0x0,
0x0,
0x0,
0x0,
0x0,
0x0,
0x0,
0x0,
0x0,
0x0,
0x0,
0x0,
0x0,
0x0,
0x0,
0x0,
0x0,
0x0,
0x0,
0x0,
0x0,
0x0,
0x0,
0x0,
0x0,
0x0,
0x0,
0x0,
0x0,
0x0,
0x0,
0x0,
0x0,
0x0,
0x0,
0x0,
0x0,
0x0,
0x0,
0x0,
0x0,
0x0,
0x0,
0x0,
0x0,
0x0,
0x0,
0x0,
0x0,
0x0,
0x0,
0x0,
0x0,
0x0,
0x0,
0x0,
0x0,
0x0,
0x0,
0x0,
0x0,
0x0,
0x0,
0x0,
0x0,
0x0,
0x0,
0x0,
0x0,
0x0,
0x0,
0x0,
0x0,
0x0,
0x0,
0x0,
0x0,
0x0,
0x0,
0x0,
0x0,
0x0,
0x0,
0x0,
0x0,
0x0,
0x0,
0x0,
0x0,
0x0,
0x0,
0x0,
0x0,
0x0,
0x0,
0x0,
0x0,
0x0,
0x0,
0x0,
0x0,
0x0,
0x0,
0x0,
0x0,
0x0,
0x0,
0x0,
0x0,
0x0,
0x0,
0x0,
0x0,
0x0,
0x0,
0x0,
0x0,
0x0,
0x0,
0x0,
0x0,
0x0,
0x0,
0x0,
0x0,
0x0,
0x0,
0x0,
0x0,
0x0,
0x0,
0x0,
0x0,
0x0,
0x0,
0x0,
0x0,
0x0,
0x0,
0x0,
0x0,
0x0,
0x0,
0x0,
0x0,
0x0,
0x0,
0x0,
0x0,
0x0,
0x0,
0x0,
0x0,
0x0,
0x0,
0x0,
0x0,
0x0,
0x0,
0x0,
0x0,
0x0,
0x0,
0x0,
0x0,
0x0,
0x0,
0x0,
0x0,
0x0,
0x0,
0x0,
0x0,
0x0,
0x0,
0x0,
0x0,
0x0,
0x0,
0x0,
0x0,
0x0,
0x0,
0x0,
0x0,
0x0,
0x0,
0x0,
0x0,
0x0,
0x0,
0x0,
0x0,
0x0,
0x0,
0x0,
0x0,
0x0,
0x0,
0x0,
0x0,
0x0,
0x0,
0x0,
0x0,
0x0,
0x0,
0x0,
0x0,
0x0,
0x0,
0x0,
0x0,
0x0,
0x0,
0x0,
0x0,
0x0,
0x0,
0x0,
0x0,
0x0,
0x0,
0x0,
0x0,
0x0,
0x0,
0x0,
0x0,
0x0,
0x0,
0x0,
0x0,
0x0,
0x0,
0x0,
0x0,
0x0,
0x0,
0x0,
0x0,
0x0,
0x0,
0x0,
0x0,
0x0,
0x0,
0x0,
0x0,
0x0,
0x0,
0x0,
0x0,
0x0,
0x0,
0x0,
0x0,
0x0,
0x0,
0x0,
0x0,
0x0,
0x0,
0x0,
0x0,
0x0,
0x0,
0x0,
0x0,
0x0,
0x0,
0x0,
0x0,
0x0,
0x0,
0x0,
0x0,
0x0,
0x0,
0x0,
0x0,
0x0,
0x0,
0x0,
0x0,
0x0,
0x0,
0x0,
0x0,
0x0,
0x0,
0x0,
0x0,
0x0,
0x0,
0x0,
0x0,
0x0,
0x0,
0x0,
0x0,
0x0,
0x0,
0x0,
0x0,
0x0,
0x0,
0x0,
0x0,
0x0,
0x0,
0x0,
0x0,
0x0,
0x0,
0x0,
0x0,
0x0,
0x0,
0x0,
0x0,
0x0,
0x0,
0x0,
0x0,
0x0,
0x0,
0x0,
0x0,
0x0,
0x0,
0x0,
0x0,
0x0,
0x0,
0x0,
0x0,
0x0,
0x0,
0x0,
0x0,
0x0,
0x0,
0x0,
0x0,
0x0,
0x0,
0x0,
0x0,
0x0,
0x0,
0x0,
0x0,
0x0,
0x0,
0x0,
0x0,
0x0,
0x0,
0x0,
0x0,
0x0,
0x0,
0x0,
0x0,
0x0,
0x0,
0x0,
0x0,
0x0,
0x0,
0x0,
0x0,
0x0,
0x0,
0x0,
0x0,
0x0,
0x0,
0x0,
0x0,
0x0,
0x0,
0x0,
0x0,
0x0,
0x0,
0x0,
0x0,
0x0,
0x0,
0x0,
0x0,
0x0,
0x0,
0x0,
0x0,
0x0,
0x0,
0x0,
0x0,
0x0,
0x0,
0x0,
0x0,
0x0,
0x0,
0x0,
0x0,
0x0,
0x0,
0x0,
0x0,
0x0,
0x0,
0x0,
0x0,
0x0,
0x0,
0x0,
0x0,
0x0,
0x0,
0x0,
0x0,
0x0,
0x0,
0x0,
0x0,
0x0,
0x0,
0x0,
0x0,
0x0,
0x0,
0x0,
0x0,
0x0,
0x0,
0x0,
0x0,
0x0,
0x0,
0x0,
0x0,
0x0,
0x0,
0x0,
0x0,
0x0,
0x0,
0x0,
0x0,
0x0,
0x0,
0x0,
0x0,
0x0,
0x0,
0x0,
0x0,
0x0,
0x0,
0x0,
0x0,
0x0,
0x0,
0x0,
0x0,
0x0,
0x0,
0x0,
0x0,
0x0,
0x0,
0x0,
0x0,
0x0,
0x0,
0x0,
0x0,
0x0,
0x0,
0x0,
0x0,
0x0,
0x0,
0x0,
0x0,
0x0,
0x0,
0x0,
0x0,
0x0,
0x0,
0x0,
0x0,
0x0,
0x0,
0x0,
0x0,
0x0,
0x0,
0x0,
0x0,
0x0,
0x0,
0x0,
0x0,
0x0,
0x0,
0x0,
0x0,
0x0,
0x0,
0x0,
0x0,
0x0,
0x0,
0x0,
0x0,
0x0,
0x0,
0x0,
0x0,
0x0,
0x0,
0x0,
0x0,
0x0,
0x0,
0x0,
0x0,
0x0,
0x0,
0x0,
0x0,
0x0,
0x0,
0x0,
0x0,
0x0,
0x0,
0x0,
0x0,
0x0,
0x0,
0x0,
0x0,
0x0,
0x0,
0x0,
0x0,
0x0,
0x0,
0x0,
0x0,
0x0,
0x0,
0x0,
0x0,
0x0,
0x0,
0x0,
0x0,
0x0,
0x0,
0x0,
0x0,
0x0,
0x0,
0x0,
0x0,
0x0,
0x0,
0x0,
0x0,
0x0,
0x0,
0x0,
0x0,
0x0,
0x0,
0x0,
0x0,
0x0,
0x0,
0x0,
0x0,
0x0,
0x0,
0x0,
0x0,
0x0,
0x0,
0x0,
0x0,
0x0,
0x0,
0x0,
0x0,
0x0,
0x0,
0x0,
0x0,
0x0,
0x0,
0x0,
0x0,
0x0,
0x0,
0x0,
0x0,
0x0,
0x0,
0x0,
0x0,
0x0,
0x0,
0x0,
0x0,
0x0,
0x0,
0x0,
0x0,
0x0,
0x0,
0x0,
0x0,
0x0,
0x0,
0x0,
0x0,
0x0,
0x0,
0x0,
0x0,
0x0,
0x0,
0x0,
0x0,
0x0,
0x0,
0x0,
0x0,
0x0,
0x0,
0x0,
0x0,
0x0,
0x0,
0x0,
0x0,
0x0,
0x0,
0x0,
0x0,
0x0,
0x0,
0x0,
0x0,
0x0,
0x0,
0x0,
0x0,
0x0,
0x0,
0x0,
0x0,
0x0,
0x0,
0x0,
0x0,
0x0,
0x0,
0x0,
0x0,
0x0,
0x0,
0x0,
0x0,
0x0,
0x0,
0x0,
0x0,
0x0,
0x0,
0x0,
0x0,
0x0,
0x0,
0x0,
0x0,
0x0,
0x0,
0x0,
0x0,
0x0,
0x0,
0x0,
0x0,
0x0,
0x0,
0x0,
0x0,
0x0,
0x0,
0x0,
0x0,
0x0,
0x0,
0x0,
0x0,
0x0,
0x0,
0x0,
0x0,
0x0,
0x0,
0x0,
0x0,
0x0,
0x0,
0x0,
0x0,
0x0,
0x0,
0x0,
0x0,
0x0,
0x0,
0x0,
0x0,
0x0,
0x0,
0x0,
0x0,
0x0,
0x0,
0x0,
0x0,
0x0,
0x0,
0x0,
0x0,
0x0,
0x0,
0x0,
0x0,
0x0,
0x0,
0x0,
0x0,
0x0,
0x0,
0x0,
0x0,
0x0,
0x0,
0x0,
0x0,
0x0,
0x0,
0x0,
0x0,
0x0,
0x0,
0x0,
0x0,
0x0,
0x0,
0x0,
0x0,
0x0,
0x0,
0x0,
0x0,
0x0,
0x0,
0x0,
0x0,
0x0,
0x0,
0x0,
0x0,
0x0,
0x0,
0x0,
0x0,
0x0,
0x0,
0x0,
0x0,
0x0,
0x0,
0x0,
0x0,
0x0,
0x0,
0x0,
0x0,
0x0,
0x0,
0x0,
0x0,
0x0,
0x0,
0x0,
0x0,
0x0,
0x0,
0x0,
0x0,
0x0,
0x0,
0x0,
0x0,
0x0,
0x0,
0x0,
0x0,
0x0,
0x0,
0x0,
0x0,
0x0,
0x0,
0x0,
0x0,
0x0,
0x0,
0x0,
0x0,
0x0,
0x0,
0x0,
0x0,
0x0,
0x0,
0x0,
0x0,
0x0,
0x0,
0x0,
0x0,
0x0,
0x0,
0x0,
0x0,
0x0,
0x0,
0x0,
0x0,
0x0,
0x0,
0x0,
0x0,
0x0,
0x0,
0x0,
0x0,
0x0,
0x0,
0x0,
0x0,
0x0,
0x0,
0x0,
0x0,
0x0,
0x0,
0x0,
0x0,
0x0,
0x0,
0x0,
0x0,
0x0,
0x0,
0x0,
0x0,
0x0,
0x0,
0x0,
0x0,
0x0,
0x0,
0x0,
0x0,
0x0,
0x0,
0x0,
0x0,
0x0,
0x0,
0x0,
0x0,
0x0,
0x0,
0x0,
0x0,
0x0,
0x0,
0x0,
0x0,
0x0,
0x0,
0x0,
0x0,
0x0,
0x0,
0x0,
0x0,
0x0,
0x0,
0x0,
0x0,
0x0,
0x0,
0x0,
0x0,
0x0,
0x0,
0x0,
0x0,
0x0,
0x0,
0x0,
0x0,
0x0,
0x0,
0x0,
0x0,
0x0,
0x0,
0x0,
0x0,
0x0,
0x0,
0x0,
0x0,
0x0,
0x0,
0x0,
0x0,
0x0,
0x0,
0x0,
0x0,
0x0,
0x0,
0x0,
0x0,
0x0,
0x0,
0x0,
0x0,
0x0,
0x0,
0x0,
0x0,
0x0,
0x0,
0x0,
0x0,
0x0,
0x0,
0x0,
0x0,
0x0,
0x0,
0x0,
0x0,
0x0,
0x0,
0x0,
0x0,
0x0,
0x0,
0x0,
0x0,
0x0,
0x0,
0x0,
0x0,
0x0,
0x0,
0x0,
0x0,
0x0,
0x0,
0x0,
0x0,
0x0,
0x0,
0x0,
0x0,
0x0,
0x0,
0x0,
0x0,
0x0,
0x0,
0x0,
0x0,
0x0,
0x0,
0x0,
0x0,
0x0,
0x0,
0x0,
0x0,
0x0,
0x0,
0x0,
0x0,
0x0,
0x0,
0x0,
0x0,
0x0,
0x0,
0x0,
0x0,
0x0,
0x0,
0x0,
0x0,
0x0,
0x0,
0x0,
0x0,
0x0,
0x0,
0x0,
0x0,
0x0,
0x0,
0x0,
0x0,
0x0,
0x0,
0x0,
0x0,
0x0,
0x0,
0x0,
0x0,
0x0,
0x0,
0x0,
0x0,
0x0,
0x0,
0x0,
0x0,
0x0,
0x0,
0x0,
0x0,
0x0,
0x0,
0x0,
0x0,
0x0,
0x0,
0x0,
0x0,
0x0,
0x0,
0x0,
0x0,
0x0,
0x0,
0x0,
0x0,
0x0,
0x0,
0x0,
0x0,
0x0,
0x0,
0x0,
0x0,
0x0,
0x0,
0x0,
0x0,
0x0,
0x0,
0x0,
0x0,
0x0,
0x0,
0x0,
0x0,
0x0,
0x0,
0x0,
0x0,
0x0,
0x0,
0x0,
0x0,
0x0,
0x0,
0x0,
0x0,
0x0,
0x0,
0x0,
0x0,
0x0,
0x0,
0x0,
0x0,
0x0,
0x0,
0x0,
0x0,
0x0,
0x0,
0x0,
0x0,
0x0,
0x0,
0x0,
0x0,
0x0,
0x0,
0x0,
0x0,
0x0,
0x0,
0x0,
0x0,
0x0,
0x0,
0x0,
0x0,
0x0,
0x0,
0x0,
0x0,
0x0,
0x0,
0x0,
0x0,
0x0,
0x0,
0x0,
0x0,
0x0,
0x0,
0x0,
0x0,
0x0,
0x0,
0x0,
0x0,
0x0,
0x0,
0x0,
0x0,
0x0,
0x0,
0x0,
0x0,
0x0,
0x0,
0x0,
0x0,
0x0,
0x0,
0x0,
0x0,
0x0,
0x0,
0x0,
0x0,
0x0,
0x0,
0x0,
0x0,
0x0,
0x0,
0x0,
0x0,
0x0,
0x0,
0x0,
0x0,
0x0,
0x0,
0x0,
0x0,
0x0,
0x0,
0x0,
0x0,
0x0,
0x0,
0x0,
0x0,
0x0,
0x0,
0x0,
0x0,
0x0,
0x0,
0x0,
0x0,
0x0,
0x0,
0x0,
0x0,
0x0,
0x0,
0x0,
0x0,
0x0,
0x0,
0x0,
0x0,
0x0,
0x0,
0x0,
0x0,
0x0,
0x0,
0x0,
0x0,
0x0,
0x0,
0x0,
0x0,
0x0,
0x0,
0x0,
0x0,
0x0,
0x0,
0x0,
0x0,
0x0,
0x0,
0x0,
0x0,
0x0,
0x0,
0x0,
0x0,
0x0,
0x0,
0x0,
0x0,
0x0,
0x0,
0x0,
0x0,
0x0,
0x0,
0x0,
0x0,
0x0,
0x0,
0x0,
0x0,
0x0,
0x0,
0x0,
0x0,
0x0,
0x0,
0x0,
0x0,
0x0,
0x0,
0x0,
0x0,
0x0,
0x0,
0x0,
0x0,
0x0,
0x0,
0x0,
0x0,
0x0,
0x0,
0x0,
0x0,
0x0,
0x0,
0x0,
0x0,
0x0,
0x0,
0x0,
0x0,
0x0,
0x0,
0x0,
0x0,
0x0,
0x0,
0x0,
0x0,
0x0,
0x0,
0x0,
0x0,
0x0,
0x0,
0x0,
0x0,
0x0,
0x0,
0x0,
0x0,
0x0,
0x0,
0x0,
0x0,
0x0,
0x0,
0x0,
0x0,
0x0,
0x0,
0x0,
0x0,
0x0,
0x0,
0x0,
0x0,
0x0,
0x0,
0x0,
0x0,
0x0,
0x0,
0x0,
0x0,
0x0,
0x0,
0x0,
0x0,
0x0,
0x0,
0x0,
0x0,
0x0,
0x0,
0x0,
0x0,
0x0,
0x0,
0x0,
0x0,
0x0,
0x0,
0x0,
0x0,
0x0,
0x0,
0x0,
0x0,
0x0,
0x0,
0x0,
0x0,
0x0,
0x0,
0x0,
0x0,
0x0,
0x0,
0x0,
0x0,
0x0,
0x0,
0x0,
0x0,
0x0,
0x0,
0x0,
0x0,
0x0,
0x0,
0x0,
0x0,
0x0,
0x0,
0x0,
0x0,
0x0,
0x0,
0x0,
0x0,
0x0,
0x0,
0x0,
0x0,
0x0,
0x0,
0x0,
0x0,
0x0,
0x0,
0x0,
0x0,
0x0,
0x0,
0x0,
0x0,
0x0,
0x0,
0x0,
0x0,
0x0,
0x0,
0x0,
0x0,
0x0,
0x0,
0x0,
0x0,
0x0,
0x0,
0x0,
0x0,
0x0,
0x0,
0x0,
0x0,
0x0,
0x0,
0x0,
0x0,
0x0,
0x0,
0x0,
0x0,
0x0,
0x0,
0x0,
0x0,
0x0,
0x0,
0x0,
0x0,
0x0,
0x0,
0x0,
0x0,
0x0,
0x0,
0x0,
0x0,
0x0,
0x0,
0x0,
0x0,
0x0,
0x0,
0x0,
0x0,
0x0,
0x0,
0x0,
0x0,
0x0,
0x0,
0x0,
0x0,
0x0,
0x0,
0x0,
0x0,
0x0,
0x0,
0x0,
0x0,
0x0,
0x0,
0x0,
0x0,
0x0,
0x0,
0x0,
0x0,
0x0,
0x0,
0x0,
0x0,
0x0,
0x0,
0x0,
0x0,
0x0,
0x0,
0x0,
0x0,
0x0,
0x0,
0x0,
0x0,
0x0,
0x0,
0x0,
0x0,
0x0,
0x0,
0x0,
0x0,
0x0,
0x0,
0x0,
0x0,
0x0,
0x0,
0x0,
0x0,
0x0,
0x0,
0x0,
0x0,
0x0,
0x0,
0x0,
0x0,
0x0,
0x0,
0x0,
0x0,
0x0,
0x0,
0x0,
0x0,
0x0,
0x0,
0x0,
0x0,
0x0,
0x0,
0x0,
0x0,
0x0,
0x0,
0x0,
0x0,
0x0,
0x0,
0x0,
0x0,
0x0,
0x0,
0x0,
0x0,
0x0,
0x0,
0x0,
0x0,
0x0,
0x0,
0x0,
0x0,
0x0,
0x0,
0x0,
0x0,
0x0,
0x0,
0x0,
0x0,
0x0,
0x0,
0x0,
0x0,
0x0,
0x0,
0x0,
0x0,
0x0,
0x0,
0x0,
0x0,
0x0,
0x0,
0x0,
0x0,
0x0,
0x0,
0x0,
0x0,
0x0,
0x0,
0x0,
0x0,
0x0,
0x0,
0x0,
0x0,
0x0,
0x0,
0x0,
0x0,
0x0,
0x0,
0x0,
0x0,
0x0,
0x0,
0x0,
0x0,
0x0,
0x0,
0x0,
0x0,
0x0,
0x0,
0x0,
0x0,
0x0,
0x0,
0x0,
0x0,
0x0,
0x0,
0x0,
0x0,
0x0,
0x0,
0x0,
0x0,
0x0,
0x0,
0x0,
0x0,
0x0,
0x0,
0x0,
0x0,
0x0,
0x0,
0x0,
0x0,
0x0,
0x0,
0x0,
0x0,
0x0,
0x0,
0x0,
0x0,
0x0,
0x0,
0x0,
0x0,
0x0,
0x0,
0x0,
0x0,
0x0,
0x0,
0x0,
0x0,
0x0,
0x0,
0x0,
0x0,
0x0,
0x0,
0x0,
0x0,
0x0,
0x0,
0x0,
0x0,
0x0,
0x0,
0x0,
0x0,
0x0,
0x0,
0x0,
0x0,
0x0,
0x0,
0x0,
0x0,
0x0,
0x0,
0x0,
0x0,
0x0,
0x0,
0x0,
0x0,
0x0,
0x0,
0x0,
0x0,
0x0,
0x0,
0x0,
0x0,
0x0,
0x0,
0x0,
0x0,
0x0,
0x0,
0x0,
0x0,
0x0,
0x0,
0x0,
0x0,
0x0,
0x0,
0x0,
0x0,
0x0,
0x0,
0x0,
0x0,
0x0,
0x0,
0x0,
0x0,
0x0,
0x0,
0x0,
0x0,
0x0,
0x0,
0x0,
0x0,
0x0,
0x0,
0x0,
0x0,
0x0,
0x0,
0x0,
0x0,
0x0,
0x0,
0x0,
0x0,
0x0,
0x0,
0x0,
0x0,
0x0,
0x0,
0x0,
0x0,
0x0,
0x0,
0x0,
0x0,
0x0,
0x0,
0x0,
0x0,
0x0,
0x0,
0x0,
0x0,
0x0,
0x0,
0x0,
0x0,
0x0,
0x0,
0x0,
0x0,
0x0,
0x0,
0x0,
0x0,
0x0,
0x0,
0x0,
0x0,
0x0,
0x0,
0x0,
0x0,
0x0,
0x0,
0x0,
0x0,
0x0,
0x0,
0x0,
0x0,
0x0,
0x0,
0x0,
0x0,
0x0,
0x0,
0x0,
0x0,
0x0,
0x0,
0x0,
0x0,
0x0,
0x0,
0x0,
0x0,
0x0,
0x0,
0x0,
0x0,
0x0,
0x0,
0x0,
0x0,
0x0,
0x0,
0x0,
0x0,
0x0,
0x0,
0x0,
0x0,
0x0,
0x0,
0x0,
0x0,
0x0,
0x0,
0x0,
0x0,
0x0,
0x0,
0x0,
0x0,
0x0,
0x0,
0x0,
0x0,
0x0,
0x0,
0x0,
0x0,
0x0,
0x0,
0x0,
0x0,
0x0,
0x0,
0x0,
0x0,
0x0,
0x0,
0x0,
0x0,
0x0,
0x0,
0x0,
0x0,
0x0,
0x0,
0x0,
0x0,
0x0,
0x0,
0x0,
0x0,
0x0,
0x0,
0x0,
0x0,
0x0,
0x0,
0x0,
0x0,
0x0,
0x0,
0x0,
0x0,
0x0,
0x0,
0x0,
0x0,
0x0,
0x0,
0x0,
0x0,
0x0,
0x0,
0x0,
0x0,
0x0,
0x0,
0x0,
0x0,
0x0,
0x0,
0x0,
0x0,
0x0,
0x0,
0x0,
0x0,
0x0,
0x0,
0x0,
0x0,
0x0,
0x0,
0x0,
0x0,
0x0,
0x0,
0x0,
0x0,
0x0,
0x0,
0x0,
0x0,
0x0,
0x0,
0x0,
0x0,
0x0,
0x0,
0x0,
0x0,
0x0,
0x0,
0x0,
0x0,
0x0,
0x0,
0x0,
0x0,
0x0,
0x0,
0x0,
0x0,
0x0,
0x0,
0x0,
0x0,
0x0,
0x0,
0x0,
0x0,
0x0,
0x0,
0x0,
0x0,
0x0,
0x0,
0x0,
0x0,
0x0,
0x0,
0x0,
0x0,
0x0,
0x0,
0x0,
0x0,
0x0,
0x0,
0x0,
0x0,
0x0,
0x0,
0x0,
0x0,
0x0,
0x0,
0x0,
0x0,
0x0,
0x0,
0x0,
0x0,
0x0,
0x0,
0x0,
0x0,
0x0,
0x0,
0x0,
0x0,
0x0,
0x0,
0x0,
0x0,
0x0,
0x0,
0x0,
0x0,
0x0,
0x0,
0x0,
0x0,
0x0,
0x0,
0x0,
0x0,
0x0,
0x0,
0x0,
0x0,
0x0,
0x0,
0x0,
0x0,
0x0,
0x0,
0x0,
0x0,
0x0,
0x0,
0x0,
0x0,
0x0,
0x0,
0x0,
0x0,
0x0,
0x0,
0x0,
0x0,
0x0,
0x0,
0x0,
0x0,
0x0,
0x0,
0x0,
0x0,
0x0,
0x0,
0x0,
0x0,
0x0,
0x0,
0x0,
0x0,
0x0,
0x0,
0x0,
0x0,
0x0,
0x0,
0x0,
0x0,
0x0,
0x0,
0x0,
0x0,
0x0,
0x0,
0x0,
0x0,
0x0,
0x0,
0x0,
0x0,
0x0,
0x0,
0x0,
0x0,
0x0,
0x0,
0x0,
0x0,
0x0,
0x0,
0x0,
0x0,
0x0,
0x0,
0x0,
0x0,
0x0,
0x0,
0x0,
0x0,
0x0,
0x0,
0x0,
0x0,
0x0,
0x0,
0x0,
0x0,
0x0,
0x0,
0x0,
0x0,
0x0,
0x0,
0x0,
0x0,
0x0,
0x0,
0x0,
0x0,
0x0,
0x0,
0x0,
0x0,
0x0,
0x0,
0x0,
0x0,
0x0,
0x0,
0x0,
0x0,
0x0,
0x0,
0x0,
0x0,
0x0,
0x0,
0x0,
0x0,
0x0,
0x0,
0x0,
0x0,
0x0,
0x0,
0x0,
0x0,
0x0,
0x0,
0x0,
0x0,
0x0,
0x0,
0x0,
0x0,
0x0,
0x0,
0x0,
0x0,
0x0,
0x0,
0x0,
0x0,
0x0,
0x0,
0x0,
0x0,
0x0,
0x0,
0x0,
0x0,
0x0,
0x0,
0x0,
0x0,
0x0,
0x0,
0x0,
0x0,
0x0,
0x0,
0x0,
0x0,
0x0,
0x0,
0x0,
0x0,
0x0,
0x0,
0x0,
0x0,
0x0,
0x0,
0x0,
0x0,
0x0,
0x0,
0x0,
0x0,
0x0,
0x0,
0x0,
0x0,
0x0,
0x0,
0x0,
0x0,
0x0,
0x0,
0x0,
0x0,
0x0,
0x0,
0x0,
0x0,
0x0,
0x0,
0x0,
0x0,
0x0,
0x0,
0x0,
0x0,
0x0,
0x0,
0x0,
0x0,
0x0,
0x0,
0x0,
0x0,
0x0,
0x0,
0x0,
0x0,
0x0,
0x0,
0x0,
0x0,
0x0,
0x0,
0x0,
0x0,
0x0,
0x0,
0x0,
0x0,
0x0,
0x0,
0x0,
0x0,
0x0,
0x0,
0x0,
0x0,
0x0,
0x0,
0x0,
0x0,
0x0,
0x0,
0x0,
0x0,
0x0,
0x0,
0x0,
0x0,
0x0,
0x0,
0x0,
0x0,
0x0,
0x0,
0x0,
0x0,
0x0,
0x0,
0x0,
0x0,
0x0,
0x0,
0x0,
0x0,
0x0,
0x0,
0x0,
0x0,
0x0,
0x0,
0x0,
0x0,
0x0,
0x0,
0x0,
0x0,
0x0,
0x0,
0x0,
0x0,
0x0,
0x0,
0x0,
0x0,
0x0,
0x0,
0x0,
0x0,
0x0,
0x0,
0x0,
0x0,
0x0,
0x0,
0x0,
0x0,
0x0,
0x0,
0x0,
0x0,
0x0,
0x0,
0x0,
0x0,
0x0,
0x0,
0x0,
0x0,
0x0,
0x0,
0x0,
0x0,
0x0,
0x0,
0x0,
0x0,
0x0,
0x0,
0x0,
0x0,
0x0,
0x0,
0x0,
0x0,
0x0,
0x0,
0x0,
0x0,
0x0,
0x0,
0x0,
0x0,
0x0,
0x0,
0x0,
0x0,
0x0,
0x0,
0x0,
0x0,
0x0,
0x0,
0x0,
0x0,
0x0,
0x0,
0x0,
0x0,
0x0,
0x0,
0x0,
0x0,
0x0,
0x0,
0x0,
0x0,
0x0,
0x0,
0x0,
0x0,
0x0,
0x0,
0x0,
0x0,
0x0,
0x0,
0x0,
0x0,
0x0,
0x0,
0x0,
0x0,
0x0,
0x0,
0x0,
0x0,
0x0,
0x0,
0x0,
0x0,
0x0,
0x0,
0x0,
0x0,
0x0,
0x0,
0x0,
0x0,
0x0,
0x0,
0x0,
0x0,
0x0,
0x0,
0x0,
0x0,
0x0,
0x0,
0x0,
0x0,
0x0,
0x0,
0x0,
0x0,
0x0,
0x0,
0x0,
0x0,
0x0,
0x0,
0x0,
0x0,
0x0,
0x0,
0x0,
0x0,
0x0,
0x0,
0x0,
0x0,
0x0,
0x0,
0x0,
0x0,
0x0,
0x0,
0x0,
0x0,
0x0,
0x0,
0x0,
0x0,
0x0,
0x0,
0x0,
0x0,
0x0,
0x0,
0x0,
0x0,
0x0,
0x0,
0x0,
0x0,
0x0,
0x0,
0x0,
0x0,
0x0,
0x0,
0x0,
0x0,
0x0,
0x0,
0x0,
0x0,
0x0,
0x0,
0x0,
0x0,
0x0,
0x0,
0x0,
0x0,
0x0,
0x0,
0x0,
0x0,
0x0,
0x0,
0x0,
0x0,
0x0,
0x0,
0x0,
0x0,
0x0,
0x0,
0x0,
0x0,
0x0,
0x0,
0x0,
0x0,
0x0,
0x0,
0x0,
0x0,
0x0,
0x0,
0x0,
0x0,
0x0,
0x0,
0x0,
0x0,
0x0,
0x0,
0x0,
0x0,
0x0,
0x0,
0x0,
0x0,
0x0,
0x0,
0x0,
0x0,
0x0,
0x0,
0x0,
0x0,
0x0,
0x0,
0x0,
0x0,
0x0,
0x0,
0x0,
0x0,
0x0,
0x0,
0x0,
0x0,
0x0,
0x0,
0x0,
0x0,
0x0,
0x0,
0x0,
0x0,
0x0,
0x0,
0x0,
0x0,
0x0,
0x0,
0x0,
0x0,
0x0,
0x0,
0x0,
0x0,
0x0,
0x0,
0x0,
0x0,
0x0,
0x0,
0x0,
0x0,
0x0,
0x0,
0x0,
0x0,
0x0,
0x0,
0x0,
0x0,
0x0,
0x0,
0x0,
0x0,
0x0,
0x0,
0x0,
0x0,
0x0,
0x0,
0x0,
0x0,
0x0,
0x0,
0x0,
0x0,
0x0,
0x0,
0x0,
0x0,
0x0,
0x0,
0x0,
0x0,
0x0,
0x0,
0x0,
0x0,
0x0,
0x0,
0x0,
0x0,
0x0,
0x0,
0x0,
0x0,
0x0,
0x0,
0x0,
0x0,
0x0,
0x0,
0x0,
0x0,
0x0,
0x0,
0x0,
0x0,
0x0,
0x0,
0x0,
0x0,
0x0,
0x0,
0x0,
0x0,
0x0,
0x0,
0x0,
0x0,
0x0,
0x0,
0x0,
0x0,
0x0,
0x0,
0x0,
0x0,
0x0,
0x0,
0x0,
0x0,
0x0,
0x0,
0x0,
0x0,
0x0,
0x0,
0x0,
0x0,
0x0,
0x0,
0x0,
0x0,
0x0,
0x0,
0x0,
0x0,
0x0,
0x0,
0x0,
0x0,
0x0,
0x0,
0x0,
0x0,
0x0,
0x0,
0x0,
0x0,
0x0,
0x0,
0x0,
0x0,
0x0,
0x0,
0x0,
0x0,
0x0,
0x0,
0x0,
0x0,
0x0,
0x0,
0x0,
0x0,
0x0,
0x0,
0x0,
0x0,
0x0,
0x0,
0x0,
0x0,
0x0,
0x0,
0x0,
0x0,
0x0,
0x0,
0x0,
0x0,
0x0,
0x0,
0x0,
0x0,
0x0,
0x0,
0x0,
0x0,
0x0,
0x0,
0x0,
0x0,
0x0,
0x0,
0x0,
0x0,
0x0,
0x0,
0x0,
0x0,
0x0,
0x0,
0x0,
0x0,
0x0,
0x0,
0x0,
0x0,
0x0,
0x0,
0x0,
0x0,
0x0,
0x0,
0x0,
0x0,
0x0,
0x0,
0x0,
0x0,
0x0,
0x0,
0x0,
0x0,
0x0,
0x0,
0x0,
0x0,
0x0,
0x0,
0x0,
0x0,
0x0,
0x0,
0x0,
0x0,
0x0,
0x0,
0x0,
0x0,
0x0,
0x0,
0x0,
0x0,
0x0,
0x0,
0x0,
0x0,
0x0,
0x0,
0x0,
0x0,
0x0,
0x0,
0x0,
0x0,
0x0,
0x0,
0x0,
0x0,
0x0,
0x0,
0x0,
0x0,
0x0,
0x0,
0x0,
0x0,
0x0,
0x0,
0x0,
0x0,
0x0,
0x0,
0x0,
0x0,
0x0,
0x0,
0x0,
0x0,
0x0,
0x0,
0x0,
0x0,
0x0,
0x0,
0x0,
0x0,
0x0,
0x0,
0x0,
0x0,
0x0,
0x0,
0x0,
0x0,
0x0,
0x0,
0x0,
0x0,
0x0,
0x0,
0x0,
0x0,
0x0,
0x0,
0x0,
0x0,
0x0,
0x0,
0x0,
0x0,
0x0,
0x0,
0x0,
0x0,
0x0,
0x0,
0x0,
0x0,
0x0,
0x0,
0x0,
0x0,
0x0,
0x0,
0x0,
0x0,
0x0,
0x0,
0x0,
0x0,
0x0,
0x0,
0x0,
0x0,
0x0,
0x0,
0x0,
0x0,
0x0,
0x0,
0x0,
0x0,
0x0,
0x0,
0x0,
0x0,
0x0,
0x0,
0x0,
0x0,
0x0,
0x0,
0x0,
0x0,
0x0,
0x0,
0x0,
0x0,
0x0,
0x0,
0x0,
0x0,
0x0,
0x0,
0x0,
0x0,
0x0,
0x0,
0x0,
0x0,
0x0,
0x0,
0x0,
0x0,
0x0,
0x0,
0x0,
0x0,
0x0,
0x0,
0x0,
0x0,
0x0,
0x0,
0x0,
0x0,
0x0,
0x0,
0x0,
0x0,
0x0,
0x0,
0x0,
0x0,
0x0,
0x0,
0x0,
0x0,
0x0,
0x0,
0x0,
0x0,
0x0,
0x0,
0x0,
0x0,
0x0,
0x0,
0x0,
0x0,
0x0,
0x0,
0x0,
0x0,
0x0,
0x0,
0x0,
0x0,
0x0,
0x0,
0x0,
0x0,
0x0,
0x0,
0x0,
0x0,
0x0,
0x0,
0x0,
0x0,
0x0,
0x0,
0x0,
0x0,
0x0,
0x0,
0x0,
0x0,
0x0,
0x0,
0x0,
0x0,
0x0,
0x0,
0x0,
0x0,
0x0,
0x0,
0x0,
0x0,
0x0,
0x0,
0x0,
0x0,
0x0,
0x0,
0x0,
0x0,
0x0,
0x0,
0x0,
0x0,
0x0,
0x0,
0x0,
0x0,
0x0,
0x0,
0x0,
0x0,
0x0,
0x0,
0x0,
0x0,
0x0,
0x0,
0x0,
0x0,
0x0,
0x0,
0x0,
0x0,
0x0,
0x0,
0x0,
0x0,
0x0,
0x0,
0x0,
0x0,
0x0,
0x0,
0x0,
0x0,
0x0,
0x0,
0x0,
0x0,
0x0,
0x0,
0x0,
0x0,
0x0,
0x0,
0x0,
0x0,
0x0,
0x0,
0x0,
0x0,
0x0,
0x0,
0x0,
0x0,
0x0,
0x0,
0x0,
0x0,
0x0,
0x0,
0x0,
0x0,
0x0,
0x0,
0x0,
0x0,
0x0,
0x0,
0x0,
0x0,
0x0,
0x0,
0x0,
0x0,
0x0,
0x0,
0x0,
0x0,
0x0,
0x0,
0x0,
0x0,
0x0,
0x0,
0x0,
0x0,
0x0,
0x0,
0x0,
0x0,
0x0,
0x0,
0x0,
0x0,
0x0,
0x0,
0x0,
0x0,
0x0,
0x0,
0x0,
0x0,
0x0,
0x0,
0x0,
0x0,
0x0,
0x0,
0x0,
0x0,
0x0,
0x0,
0x0,
0x0,
0x0,
0x0,
0x0,
0x0,
0x0,
0x0,
0x0,
0x0,
0x0,
0x0,
0x0,
0x0,
0x0,
0x0,
0x0,
0x0,
0x0,
0x0,
0x0,
0x0,
0x0,
0x0,
0x0,
0x0,
0x0,
0x0,
0x0,
0x0,
0x0,
0x0,
0x0,
0x0,
0x0,
0x0,
0x0,
0x0,
0x0,
0x0,
0x0,
0x0,
0x0,
0x0,
0x0,
0x0,
0x0,
0x0,
0x0,
0x0,
0x0,
0x0,
0x0,
0x0,
0x0,
0x0,
0x0,
0x0,
0x0,
0x0,
0x0,
0x0,
0x0,
0x0,
0x0,
0x0,
0x0,
0x0,
0x0,
0x0,
0x0,
0x0,
0x0,
0x0,
0x0,
0x0,
0x0,
0x0,
0x0,
0x0,
0x0,
0x0,
0x0,
0x0,
0x0,
0x0,
0x0,
0x0,
0x0,
0x0,
0x0,
0x0,
0x0,
0x0,
0x0,
0x0,
0x0,
0x0,
0x0,
0x0,
0x0,
0x0,
0x0,
0x0,
0x0,
0x0,
0x0,
0x0,
0x0,
0x0,
0x0,
0x0,
0x0,
0x0,
0x0,
0x0,
0x0,
0x0,
0x0,
0x0,
0x0,
0x0,
0x0,
0x0,
0x0,
0x0,
0x0,
0x0,
0x0,
0x0,
0x0,
0x0,
0x0,
0x0,
0x0,
0x0,
0x0,
0x0,
0x0,
0x0,
0x0,
0x0,
0x0,
0x0,
0x0,
0x0,
0x0,
0x0,
0x0,
0x0,
0x0,
0x0,
0x0,
0x0,
0x0,
0x0,
0x0,
0x0,
0x0,
0x0,
0x0,
0x0,
0x0,
0x0,
0x0,
0x0,
0x0,
0x0,
0x0,
0x0,
0x0,
0x0,
0x0,
0x0,
0x0,
0x0,
0x0,
0x0,
0x0,
0x0,
0x0,
0x0,
0x0,
0x0,
0x0,
0x0,
0x0,
0x0,
0x0,
0x0,
0x0,
0x0,
0x0,
0x0,
0x0,
0x0,
0x0,
0x0,
0x0,
0x0,
0x0,
0x0,
0x0,
0x0,
0x0,
0x0,
0x0,
0x0,
0x0,
0x0,
0x0,
0x0,
0x0,
0x0,
0x0,
0x0,
0x0,
0x0,
0x0,
0x0,
0x0,
0x0,
0x0,
0x0,
0x0,
0x0,
0x0,
0x0,
0x0,
0x0,
0x0,
0x0,
0x0,
0x0,
0x0,
0x0,
0x0,
0x0,
0x0,
0x0,
0x0,
0x0,
0x0,
0x0,
0x0,
0x0,
0x0,
0x0,
0x0,
0x0,
0x0,
0x0,
0x0,
0x0,
0x0,
0x0,
0x0,
0x0,
0x0,
0x0,
0x0,
0x0,
0x0,
0x0,
0x0,
0x0,
0x0,
0x0,
0x0,
0x0,
0x0,
0x0,
0x0,
0x0,
0x0,
0x0,
0x0,
0x0,
0x0,
0x0,
0x0,
0x0,
0x0,
0x0,
0x0,
0x0,
0x0,
0x0,
0x0,
0x0,
0x0,
0x0,
0x0,
0x0,
0x0,
0x0,
0x0,
0x0,
0x0,
0x0,
0x0,
0x0,
0x0,
0x0,
0x0,
0x0,
0x0,
0x0,
0x0,
0x0,
0x0,
0x0,
0x0,
0x0,
0x0,
0x0,
0x0,
0x0,
0x0,
0x0,
0x0,
0x0,
0x0,
0x0,
0x0,
0x0,
0x0,
0x0,
0x0,
0x0,
0x0,
0x0,
0x0,
0x0,
0x0,
0x0,
0x0,
0x0,
0x0,
0x0,
0x0,
0x0,
0x0,
0x0,
0x0,
0x0,
0x0,
0x0,
0x0,
0x0,
0x0,
0x0,
0x0,
0x0,
0x0,
0x0,
0x0,
0x0,
0x0,
0x0,
0x0,
0x0,
0x0,
0x0,
0x0,
0x0,
0x0,
0x0,
0x0,
0x0,
0x0,
0x0,
0x0,
0x0,
0x0,
0x0,
0x0,
0x0,
0x0,
0x0,
0x0,
0x0,
0x0,
0x0,
0x0,
0x0,
0x0,
0x0,
0x0,
0x0,
0x0,
0x0,
0x0,
0x0,
0x0,
0x0,
0x0,
0x0,
0x0,
0x0,
0x0,
0x0,
0x0,
0x0,
0x0,
0x0,
0x0,
0x0,
0x0,
0x0,
0x0,
0x0,
0x0,
0x0,
0x0,
0x0,
0x0,
0x0,
0x0,
0x0,
0x0,
0x0,
0x0,
0x0,
0x0,
0x0,
0x0,
0x0,
0x0,
0x0,
0x0,
0x0,
0x0,
0x0,
0x0,
0x0,
0x0,
0x0,
0x0,
0x0,
0x0,
0x0,
0x0,
0x0,
0x0,
0x0,
0x0,
0x0,
0x0,
0x0,
0x0,
0x0,
0x0,
0x0,
0x0,
0x0,
0x0,
0x0,
0x0,
0x0,
0x0,
0x0,
0x0,
0x0,
0x0,
0x0,
0x0,
0x0,
0x0,
0x0,
0x0,
0x0,
0x0,
0x0,
0x0,
0x0,
0x0,
0x0,
0x0,
0x0,
0x0,
0x0,
0x0,
0x0,
0x0,
0x0,
0x0,
0x0,
0x0,
0x0,
0x0,
0x0,
0x0,
0x0,
0x0,
0x0,
0x0,
0x0,
0x0,
0x0,
0x0,
0x0,
0x0,
0x0,
0x0,
0x0,
0x0,
0x0,
0x0,
0x0,
0x0,
0x0,
0x0,
0x0,
0x0,
0x0,
0x0,
0x0,
0x0,
0x0,
0x0,
0x0,
0x0,
0x0,
0x0,
0x0,
0x0,
0x0,
0x0,
0x0,
0x0,
0x0,
0x0,
0x0,
0x0,
0x0,
0x0,
0x0,
0x0,
0x0,
0x0,
0x0,
0x0,
0x0,
0x0,
0x0,
0x0,
0x0,
0x0,
0x0,
0x0,
0x0,
0x0,
0x0,
0x0,
0x0,
0x0,
0x0,
0x0,
0x0,
0x0,
0x0,
0x0,
0x0,
0x0,
0x0,
0x0,
0x0,
0x0,
0x0,
0x0,
0x0,
0x0,
0x0,
0x0,
0x0,
0x0,
0x0,
0x0,
0x0,
0x0,
0x0,
0x0,
0x0,
0x0,
0x0,
0x0,
0x0,
0x0,
0x0,
0x0,
0x0,
0x0,
0x0,
0x0,
0x0,
0x0,
0x0,
0x0,
0x0,
0x0,
0x0,
0x0,
0x0,
0x0,
0x0,
0x0,
0x0,
0x0,
0x0,
0x0,
0x0,
0x0,
0x0,
0x0,
0x0,
0x0,
0x0,
0x0,
0x0,
0x0,
0x0,
0x0,
0x0,
0x0,
0x0,
0x0,
0x0,
0x0,
0x0,
0x0,
0x0,
0x0,
0x0,
0x0,
0x0,
0x0,
0x0,
0x0,
0x0,
0x0,
0x0,
0x0,
0x0,
0x0,
0x0,
0x0,
0x0,
0x0,
0x0,
0x0,
0x0,
0x0,
0x0,
0x0,
0x0,
0x0,
0x0,
0x0,
0x0,
0x0,
0x0,
0x0,
0x0,
0x0,
0x0,
0x0,
0x0,
0x0,
0x0,
0x0,
0x0,
0x0,
0x0,
0x0,
0x0,
0x0,
0x0,
0x0,
0x0,
0x0,
0x0,
0x0,
0x0,
0x0,
0x0,
0x0,
0x0,
0x0,
0x0,
0x0,
0x0,
0x0,
0x0,
0x0,
0x0,
0x0,
0x0,
0x0,
0x0,
0x0,
0x0,
0x0,
0x0,
0x0,
0x0,
0x0,
0x0,
0x0,
0x0,
0x0,
0x0,
0x0,
0x0,
0x0,
0x0,
0x0,
0x0,
0x0,
0x0,
0x0,
0x0,
0x0,
0x0,
0x0,
0x0,
0x0,
0x0,
0x0,
0x0,
0x0,
0x0,
0x0,
0x0,
0x0,
0x0,
0x0,
0x0,
0x0,
0x0,
0x0,
0x0,
0x0,
0x0,
0x0,
0x0,
0x0,
0x0,
0x0,
0x0,
0x0,
0x0,
0x0,
0x0,
0x0,
0x0,
0x0,
0x0,
0x0,
0x0,
0x0,
0x0,
0x0,
0x0,
0x0,
0x0,
0x0,
0x0,
0x0,
0x0,
0x0,
0x0,
0x0,
0x0,
0x0,
0x0,
0x0,
0x0,
0x0,
0x0,
0x0,
0x0,
0x0,
0x0,
0x0,
0x0,
0x0,
0x0,
0x0,
0x0,
0x0,
0x0,
0x0,
0x0,
0x0,
0x0,
0x0,
0x0,
0x0,
0x0,
0x0,
0x0,
0x0,
0x0,
0x0,
0x0,
0x0,
0x0,
0x0,
0x0,
0x0,
0x0,
0x0,
0x0,
0x0,
0x0,
0x0,
0x0,
0x0,
0x0,
0x0,
0x0,
0x0,
0x0,
0x0,
0x0,
0x0,
0x0,
0x0,
0x0,
0x0,
0x0,
0x0,
0x0,
0x0,
0x0,
0x0,
0x0,
0x0,
0x0,
0x0,
0x0,
0x0,
0x0,
0x0,
0x0,
0x0,
0x0,
0x0,
0x0,
0x0,
0x0,
0x0,
0x0,
0x0,
0x0,
0x0,
0x0,
0x0,
0x0,
0x0,
0x0,
0x0,
0x0,
0x0,
0x0,
0x0,
0x0,
0x0,
0x0,
0x0,
0x0,
0x0,
0x0,
0x0,
0x0,
0x0,
0x0,
0x0,
0x0,
0x0,
0x0,
0x0,
0x0,
0x0,
0x0,
0x0,
0x0,
0x0,
0x0,
0x0,
0x0,
0x0,
0x0,
0x0,
0x0,
0x0,
0x0,
0x0,
0x0,
0x0,
0x0,
0x0,
0x0,
0x0,
0x0,
0x0,
0x0,
0x0,
0x0,
0x0,
0x0,
0x0,
0x0,
0x0,
0x0,
0x0,
0x0,
0x0,
0x0,
0x0,
0x0,
0x0,
0x0,
0x0,
0x0,
0x0,
0x0,
0x0,
0x0,
0x0,
0x0,
0x0,
0x0,
0x0,
0x0,
0x0,
0x0,
0x0,
0x0,
0x0,
0x0,
0x0,
0x0,
0x0,
0x0,
0x0,
0x0,
0x0,
0x0,
0x0,
0x0,
0x0,
0x0,
0x0,
0x0,
0x0,
0x0,
0x0,
0x0,
0x0,
0x0,
0x0,
0x0,
0x0,
0x0,
0x0,
0x0,
0x0,
0x0,
0x0,
0x0,
0x0,
0x0,
0x0,
0x0,
0x0,
0x0,
0x0,
0x0,
0x0,
0x0,
0x0,
0x0,
0x0,
0x0,
0x0,
0x0,
0x0,
0x0,
0x0,
0x0,
0x0,
0x0,
0x0,
0x0,
0x0,
0x0,
0x0,
0x0,
0x0,
0x0,
0x0,
0x0,
0x0,
0x0,
0x0,
0x0,
0x0,
0x0,
0x0,
0x0,
0x0,
0x0,
0x0,
0x0,
0x0,
0x0,
0x0,
0x0,
0x0,
0x0,
0x0,
0x0,
0x0,
0x0,
0x0,
0x0,
0x0,
0x0,
0x0,
0x0,
0x0,
0x0,
0x0,
0x0,
0x0,
0x0,
0x0,
0x0,
0x0,
0x0,
0x0,
0x0,
0x0,
0x0,
0x0,
0x0,
0x0,
0x0,
0x0,
0x0,
0x0,
0x0,
0x0,
0x0,
0x0,
0x0,
0x0,
0x0,
0x0,
0x0,
0x0,
0x0,
0x0,
0x0,
0x0,
0x0,
0x0,
0x0,
0x0,
0x0,
0x0,
0x0,
0x0,
0x0,
0x0,
0x0,
0x0,
0x0,
0x0,
0x0,
0x0,
0x0,
0x0,
0x0,
0x0,
0x0,
0x0,
0x0,
0x0,
0x0,
0x0,
0x0,
0x0,
0x0,
0x0,
0x0,
0x0,
0x0,
0x0,
0x0,
0x0,
0x0,
0x0,
0x0,
0x0,
0x0,
0x0,
0x0,
0x0,
0x0,
0x0,
0x0,
0x0,
0x0,
0x0,
0x0,
0x0,
0x0,
0x0,
0x0,
0x0,
0x0,
0x0,
0x0,
0x0,
0x0,
0x0,
0x0,
0x0,
0x0,
0x0,
0x0,
0x0,
0x0,
0x0,
0x0,
0x0,
0x0,
0x0,
0x0,
0x0,
0x0,
0x0,
0x0,
0x0,
0x0,
0x0,
0x0,
0x0,
0x0,
0x0,
0x0,
0x0,
0x0,
0x0,
0x0,
0x0,
0x0,
0x0,
0x0,
0x0,
0x0,
0x0,
0x0,
0x0,
0x0,
0x0,
0x0,
0x0,
0x0,
0x0,
0x0,
0x0,
0x0,
0x0,
0x0,
0x0,
0x0,
0x0,
0x0,
0x0,
0x0,
0x0,
0x0,
0x0,
0x0,
0x0,
0x0,
0x0,
0x0,
0x0,
0x0,
0x0,
0x0,
0x0,
0x0,
0x0,
0x0,
0x0,
0x0,
0x0,
0x0,
0x0,
0x0,
0x0,
0x0,
0x0,
0x0,
0x0,
0x0,
0x0,
0x0,
0x0,
0x0,
0x0,
0x0,
0x0,
0x0,
0x0,
0x0,
0x0,
0x0,
0x0,
0x0,
0x0,
0x0,
0x0,
0x0,
0x0,
0x0,
0x0,
0x0,
0x0,
0x0,
0x0,
0x0,
0x0,
0x0,
0x0,
0x0,
0x0,
0x0,
0x0,
0x0,
0x0,
0x0,
0x0,
0x0,
0x0,
0x0,
0x0,
0x0,
0x0,
0x0,
0x0,
0x0,
0x0,
0x0,
0x0,
0x0,
0x0,
0x0,
0x0,
0x0,
0x0,
0x0,
0x0,
0x0,
0x0,
0x0,
0x0,
0x0,
0x0,
0x0,
0x0,
0x0,
0x0,
0x0,
0x0,
0x0,
0x0,
0x0,
0x0,
0x0,
0x0,
0x0,
0x0,
0x0,
0x0,
0x0,
0x0,
0x0,
0x0,
0x0,
0x0,
0x0,
0x0,
0x0,
0x0,
0x0,
0x0,
0x0,
0x0,
0x0,
0x0,
0x0,
0x0,
0x0,
0x0,
0x0,
0x0,
0x0,
0x0,
0x0,
0x0,
0x0,
0x0,
0x0,
0x0,
0x0,
0x0,
0x0,
0x0,
0x0,
0x0,
0x0,
0x0,
0x0,
0x0,
0x0,
0x0,
0x0,
0x0,
0x0,
0x0,
0x0,
0x0,
0x0,
0x0,
0x0,
0x0,
0x0,
0x0,
0x0,
0x0,
0x0,
0x0,
0x0,
0x0,
0x0,
0x0,
0x0,
0x0,
0x0,
0x0,
0x0,
0x0,
0x0,
0x0,
0x0,
0x0,
0x0,
0x0,
0x0,
0x0,
0x0,
0x0,
0x0,
0x0,
0x0,
0x0,
0x0,
0x0,
0x0,
0x0,
0x0,
0x0,
0x0,
0x0,
0x0,
0x0,
0x0,
0x0,
0x0,
0x0,
0x0,
0x0,
0x0,
0x0,
0x0,
0x0,
0x0,
0x0,
0x0,
0x0,
0x0,
0x0,
0x0,
0x0,
0x0,
0x0,
0x0,
0x0,
0x0,
0x0,
0x0,
0x0,
0x0,
0x0,
0x0,
0x0,
0x0,
0x0,
0x0,
0x0,
0x0,
0x0,
0x0,
0x0,
0x0,
0x0,
0x0,
0x0,
0x0,
0x0,
0x0,
0x0,
0x0,
0x0,
0x0,
0x0,
0x0,
0x0,
0x0,
0x0,
0x0,
0x0,
0x0,
0x0,
0x0,
0x0,
0x0,
0x0,
0x0,
0x0,
0x0,
0x0,
0x0,
0x0,
0x0,
0x0,
0x0,
0x0,
0x0,
0x0,
0x0,
0x0,
0x0,
0x0,
0x0,
0x0,
0x0,
0x0,
0x0,
0x0,
0x0,
0x0,
0x0,
0x0,
0x0,
0x0,
0x0,
0x0,
0x0,
0x0,
0x0,
0x0,
0x0,
0x0,
0x0,
0x0,
0x0,
0x0,
0x0,
0x0,
0x0,
0x0,
0x0,
0x0,
0x0,
0x0,
0x0,
0x0,
0x0,
0x0,
0x0,
0x0,
0x0,
0x0,
0x0,
0x0,
0x0,
0x0,
0x0,
0x0,
0x0,
0x0,
0x0,
0x0,
0x0,
0x0,
0x0,
0x0,
0x0,
0x0,
0x0,
0x0,
0x0,
0x0,
0x0,
0x0,
0x0,
0x0,
0x0,
0x0,
0x0,
0x0,
0x0,
0x0,
0x0,
0x0,
0x0,
0x0,
0x0,
0x0,
0x0,
0x0,
0x0,
0x0,
0x0,
0x0,
0x0,
0x0,
0x0,
0x0,
0x0,
0x0,
0x0,
0x0,
0x0,
0x0,
0x0,
0x0,
0x0,
0x0,
0x0,
0x0,
0x0,
0x0,
0x0,
0x0,
0x0,
0x0,
0x0,
0x0,
0x0,
0x0,
0x0,
0x0,
0x0,
0x0,
0x0,
0x0,
0x0,
0x0,
0x0,
0x0,
0x0,
0x0,
0x0,
0x0,
0x0,
0x0,
0x0,
0x0,
0x0,
0x0,
0x0,
0x0,
0x0,
0x0,
0x0,
0x0,
0x0,
0x0,
0x0,
0x0,
0x0,
0x0,
0x0,
0x0,
0x0,
0x0,
0x0,
0x0,
0x0,
0x0,
0x0,
0x0,
0x0,
0x0,
0x0,
0x0,
0x0,
0x0,
0x0,
0x0,
0x0,
0x0,
0x0,
0x0,
0x0,
0x0,
0x0,
0x0,
0x0,
0x0,
0x0,
0x0,
0x0,
0x0,
0x0,
0x0,
0x0,
0x0,
0x0,
0x0,
0x0,
0x0,
0x0,
0x0,
0x0,
0x0,
0x0,
0x0,
0x0,
0x0,
0x0,
0x0,
0x0,
0x0,
0x0,
0x0,
0x0,
0x0,
0x0,
0x0,
0x0,
0x0,
0x0,
0x0,
0x0,
0x0,
0x0,
0x0,
0x0,
0x0,
0x0,
0x0,
0x0,
0x0,
0x0,
0x0,
0x0,
0x0,
0x0,
0x0,
0x0,
0x0,
0x0,
0x0,
0x0,
0x0,
0x0,
0x0,
0x0,
0x0,
0x0,
0x0,
0x0,
0x0,
0x0,
0x0,
0x0,
0x0,
0x0,
0x0,
0x0,
0x0,
0x0,
0x0,
0x0,
0x0,
0x0,
0x0,
0x0,
0x0,
0x0,
0x0,
0x0,
0x0,
0x0,
0x0,
0x0,
0x0,
0x0,
0x0,
0x0,
0x0,
0x0,
0x0,
0x0,
0x0,
0x0,
0x0,
0x0,
0x0,
0x0,
0x0,
0x0,
0x0,
0x0,
0x0,
0x0,
0x0,
0x0,
0x0,
0x0,
0x0,
0x0,
0x0,
0x0,
0x0,
0x0,
0x0,
0x0,
0x0,
0x0,
0x0,
0x0,
0x0,
0x0,
0x0,
0x0,
0x0,
0x0,
0x0,
0x0,
0x0,
0x0,
0x0,
0x0,
0x0,
0x0,
0x0,
0x0,
0x0,
0x0,
0x0,
0x0,
0x0,
0x0,
0x0,
0x0,
0x0,
0x0,
0x0,
0x0,
0x0,
0x0,
0x0,
0x0,
0x0,
0x0,
0x0,
0x0,
0x0,
0x0,
0x0,
0x0,
0x0,
0x0,
0x0,
0x0,
0x0,
0x0,
0x0,
0x0,
0x0,
0x0,
0x0,
0x0,
0x0,
0x0,
0x0,
0x0,
0x0,
0x0,
0x0,
0x0,
0x0,
0x0,
0x0,
0x0,
0x0,
0x0,
0x0,
0x0,
0x0,
0x0,
0x0,
0x0,
0x0,
0x0,
0x0,
0x0,
0x0,
0x0,
0x0,
0x0,
0x0,
0x0,
0x0,
0x0,
0x0,
0x0,
0x0,
0x0,
0x0,
0x0,
0x0,
0x0,
0x0,
0x0,
0x0,
0x0,
0x0,
0x0,
0x0,
0x0,
0x0,
0x0,
0x0,
0x0,
0x0,
0x0,
0x0,
0x0,
0x0,
0x0,
0x0,
0x0,
0x0,
0x0,
0x0,
0x0,
0x0,
0x0,
0x0,
0x0,
0x0,
0x0,
0x0,
0x0,
0x0,
0x0,
0x0,
0x0,
0x0,
0x0,
0x0,
0x0,
0x0,
0x0,
0x0,
0x0,
0x0,
0x0,
0x0,
0x0,
0x0,
0x0,
0x0,
0x0,
0x0,
0x0,
0x0,
0x0,
0x0,
0x0,
0x0,
0x0,
0x0,
0x0,
0x0,
0x0,
0x0,
0x0,
0x0,
0x0,
0x0,
0x0,
0x0,
0x0,
0x0,
0x0,
0x0,
0x0,
0x0,
0x0,
0x0,
0x0,
0x0,
0x0,
0x0,
0x0,
0x0,
0x0,
0x0,
0x0,
0x0,
0x0,
0x0,
0x0,
0x0,
0x0,
0x0,
0x0,
0x0,
0x0,
0x0,
0x0,
0x0,
0x0,
0x0,
0x0,
0x0,
0x0,
0x0,
0x0,
0x0,
0x0,
0x0,
0x0,
0x0,
0x0,
0x0,
0x0,
0x0,
0x0,
0x0,
0x0,
0x0,
0x0,
0x0,
0x0,
0x0,
0x0,
0x0,
0x0,
0x0,
0x0,
0x0,
0x0,
0x0,
0x0,
0x0,
0x0,
0x0,
0x0,
0x0,
0x0,
0x0,
0x0,
0x0,
0x0,
0x0,
0x0,
0x0,
0x0,
0x0,
0x0,
0x0,
0x0,
0x0,
0x0,
0x0,
0x0,
0x0,
0x0,
0x0,
0x0,
0x0,
0x0,
0x0,
0x0,
0x0,
0x0,
0x0,
0x0,
0x0,
0x0,
0x0,
0x0,
0x0,
0x0,
0x0,
0x0,
0x0,
0x0,
0x0,
0x0,
0x0,
0x0,
0x0,
0x0,
0x0,
0x0,
0x0,
0x0,
0x0,
0x0,
0x0,
0x0,
0x0,
0x0,
0x0,
0x0,
0x0,
0x0,
0x0,
0x0,
0x0,
0x0,
0x0,
0x0,
0x0,
0x0,
0x0,
0x0,
0x0,
0x0,
0x0,
0x0,
0x0,
0x0,
0x0,
0x0,
0x0,
0x0,
0x0,
0x0,
0x0,
0x0,
0x0,
0x0,
0x0,
0x0,
0x0,
0x0,
0x0,
0x0,
0x0,
0x0,
0x0,
0x0,
0x0,
0x0,
0x0,
0x0,
0x0,
0x0,
0x0,
0x0,
0x0,
0x0,
0x0,
0x0,
0x0,
0x0,
0x0,
0x0,
0x0,
0x0,
0x0,
0x0,
0x0,
0x0,
0x0,
0x0,
0x0,
0x0,
0x0,
0x0,
0x0,
0x0,
0x0,
0x0,
0x0,
0x0,
0x0,
0x0,
0x0,
0x0,
0x0,
0x0,
0x0,
0x0,
0x0,
0x0,
0x0,
0x0,
0x0,
0x0,
0x0,
0x0,
0x0,
0x0,
0x0,
0x0,
0x0,
0x0,
0x0,
0x0,
0x0,
0x0,
0x0,
0x0,
0x0,
0x0,
0x0,
0x0,
0x0,
0x0,
0x0,
0x0,
0x0,
0x0,
0x0,
0x0,
0x0,
0x0,
0x0,
0x0,
0x0,
0x0,
0x0,
0x0,
0x0,
0x0,
0x0,
0x0,
0x0,
0x0,
0x0,
0x0,
0x0,
0x0,
0x0,
0x0,
0x0,
0x0,
0x0,
0x0,
0x0,
0x0,
0x0,
0x0,
0x0,
0x0,
0x0,
0x0,
0x0,
0x0,
0x0,
0x0,
0x0,
0x0,
0x0,
0x0,
0x0,
0x0,
0x0,
0x0,
0x0,
0x0,
0x0,
0x0,
0x0,
0x0,
0x0,
0x0,
0x0,
0x0,
0x0,
0x0,
0x0,
0x0,
0x0,
0x0,
0x0,
0x0,
0x0,
0x0,
0x0,
0x0,
0x0,
0x0,
0x0,
0x0,
0x0,
0x0,
0x0,
0x0,
0x0,
0x0,
0x0,
0x0,
0x0,
0x0,
0x0,
0x0,
0x0,
0x0,
0x0,
0x0,
0x0,
0x0,
0x0,
0x0,
0x0,
0x0,
0x0,
0x0,
0x0,
0x0,
0x0,
0x0,
0x0,
0x0,
0x0,
0x0,
0x0,
0x0,
0x0,
0x0,
0x0,
0x0,
0x0,
0x0,
0x0,
0x0,
0x0,
0x0,
0x0,
0x0,
0x0,
0x0,
0x0,
0x0,
0x0,
0x0,
0x0,
0x0,
0x0,
0x0,
0x0,
0x0,
0x0,
0x0,
0x0,
0x0,
0x0,
0x0,
0x0,
0x0,
0x0,
0x0,
0x0,
0x0,
0x0,
0x0,
0x0,
0x0,
0x0,
0x0,
0x0,
0x0,
0x0,
0x0,
0x0,
0x0,
0x0,
0x0,
0x0,
0x0,
0x0,
0x0,
0x0,
0x0,
0x0,
0x0,
0x0,
0x0,
0x0,
0x0,
0x0,
0x0,
0x0,
0x0,
0x0,
0x0,
0x0,
0x0,
0x0,
0x0,
0x0,
0x0,
0x0,
0x0,
0x0,
0x0,
0x0,
0x0,
0x0,
0x0,
0x0,
0x0,
0x0,
0x0,
0x0,
0x0,
0x0,
0x0,
0x0,
0x0,
0x0,
0x0,
0x0,
0x0,
0x0,
0x0,
0x0,
0x0,
0x0,
0x0,
0x0,
0x0,
0x0,
0x0,
0x0,
0x0,
0x0,
0x0,
0x0,
0x0,
0x0,
0x0,
0x0,
0x0,
0x0,
0x0,
0x0,
0x0,
0x0,
0x0,
0x0,
0x0,
0x0,
0x0,
0x0,
0x0,
0x0,
0x0,
0x0,
0x0,
0x0,
0x0,
0x0,
0x0,
0x0,
0x0,
0x0,
0x0,
0x0,
0x0,
0x0,
0x0,
0x0,
0x0,
0x0,
0x0,
0x0,
0x0,
0x0,
0x0,
0x0,
0x0,
0x0,
0x0,
0x0,
0x0,
0x0,
0x0,
0x0,
0x0,
0x0,
0x0,
0x0,
0x0,
0x0,
0x0,
0x0,
0x0,
0x0,
0x0,
0x0,
0x0,
0x0,
0x0,
0x0,
0x0,
0x0,
0x0,
0x0,
0x0,
0x0,
0x0,
0x0,
0x0,
0x0,
0x0,
0x0,
0x0,
0x0,
0x0,
0x0,
0x0,
0x0,
0x0,
0x0,
0x0,
0x0,
0x0,
0x0,
0x0,
0x0,
0x0,
0x0,
0x0,
0x0,
0x0,
0x0,
0x0,
0x0,
0x0,
0x0,
0x0,
0x0,
0x0,
0x0,
0x0,
0x0,
0x0,
0x0,
0x0,
0x0,
0x0,
0x0,
0x0,
0x0,
0x0,
0x0,
0x0,
0x0,
0x0,
0x0,
0x0,
0x0,
0x0,
0x0,
0x0,
0x0,
0x0,
0x0,
0x0,
0x0,
0x0,
0x0,
0x0,
0x0,
0x0,
0x0,
0x0,
0x0,
0x0,
0x0,
0x0,
0x0,
0x0,
0x0,
0x0,
0x0,
0x0,
0x0,
0x0,
0x0,
0x0,
0x0,
0x0,
0x0,
0x0,
0x0,
0x0,
0x0,
0x0,
0x0,
0x0,
0x0,
0x0,
0x0,
0x0,
0x0,
0x0,
0x0,
0x0,
0x0,
0x0,
0x0,
0x0,
0x0,
0x0,
0x0,
0x0,
0x0,
0x0,
0x0,
0x0,
0x0,
0x0,
0x0,
0x0,
0x0,
0x0,
0x0,
0x0,
0x0,
0x0,
0x0,
0x0,
0x0,
0x0,
0x0,
0x0,
0x0,
0x0,
0x0,
0x0,
0x0,
0x0,
0x0,
0x0,
0x0,
0x0,
0x0,
0x0,
0x0,
0x0,
0x0,
0x0,
0x0,
0x0,
0x0,
0x0,
0x0,
0x0,
0x0,
0x0,
0x0,
0x0,
0x0,
0x0,
0x0,
0x0,
0x0,
0x0,
0x0,
0x0,
0x0,
0x0,
0x0,
0x0,
0x0,
0x0,
0x0,
0x0,
0x0,
0x0,
0x0,
0x0,
0x0,
0x0,
0x0,
0x0,
0x0,
0x0,
0x0,
0x0,
0x0,
0x0,
0x0,
0x0,
0x0,
0x0,
0x0,
0x0,
0x0,
0x0,
0x0,
0x0,
0x0,
0x0,
0x0,
0x0,
0x0,
0x0,
0x0,
0x0,
0x0,
0x0,
0x0,
0x0,
0x0,
0x0,
0x0,
0x0,
0x0,
0x0,
0x0,
0x0,
0x0,
0x0,
0x0,
0x0,
0x0,
0x0,
0x0,
0x0,
0x0,
0x0,
0x0,
0x0,
0x0,
0x0,
0x0,
0x0,
0x0,
0x0,
0x0,
0x0,
0x0,
0x0,
0x0,
0x0,
0x0,
0x0,
0x0,
0x0,
0x0,
0x0,
0x0,
0x0,
0x0,
0x0,
0x0,
0x0,
0x0,
0x0,
0x0,
0x0,
0x0,
0x0,
0x0,
0x0,
0x0,
0x0,
0x0,
0x0,
0x0,
0x0,
0x0,
0x0,
0x0,
0x0,
0x0,
0x0,
0x0,
0x0,
0x0,
0x0,
0x0,
0x0,
0x0,
0x0,
0x0,
0x0,
0x0,
0x0,
0x0,
0x0,
0x0,
0x0,
0x0,
0x0,
0x0,
0x0,
0x0,
0x0,
0x0,
0x0,
0x0,
0x0,
0x0,
0x0,
0x0,
0x0,
0x0,
0x0,
0x0,
0x0,
0x0,
0x0,
0x0,
0x0,
0x0,
0x0,
0x0,
0x0,
0x0,
0x0,
0x0,
0x0,
0x0,
0x0,
0x0,
0x0,
0x0,
0x0,
0x0,
0x0,
0x0,
0x0,
0x0,
0x0,
0x0,
0x0,
0x0,
0x0,
0x0,
0x0,
0x0,
0x0,
0x0,
0x0,
0x0,
0x0,
0x0,
0x0,
0x0,
0x0,
0x0,
0x0,
0x0,
0x0,
0x0,
0x0,
0x0,
0x0,
0x0,
0x0,
0x0,
0x0,
0x0,
0x0,
0x0,
0x0,
0x0,
0x0,
0x0,
0x0,
0x0,
0x0,
0x0,
0x0,
0x0,
0x0,
0x0,
0x0,
0x0,
0x0,
0x0,
0x0,
0x0,
0x0,
0x0,
0x0,
0x0,
0x0,
0x0,
0x0,
0x0,
0x0,
0x0,
0x0,
0x0,
0x0,
0x0,
0x0,
0x0,
0x0,
0x0,
0x0,
0x0,
0x0,
0x0,
0x0,
0x0,
0x0,
0x0,
0x0,
0x0,
0x0,
0x0,
0x0,
0x0,
0x0,
0x0,
0x0,
0x0,
0x0,
0x0,
0x0,
0x0,
0x0,
0x0,
0x0,
0x0,
0x0,
0x0,
0x0,
0x0,
0x0,
0x0,
0x0,
0x0,
0x0,
0x0,
0x0,
0x0,
0x0,
0x0,
0x0,
0x0,
0x0,
0x0,
0x0,
0x0,
0x0,
0x0,
0x0,
0x0,
0x0,
0x0,
0x0,
0x0,
0x0,
0x0,
0x0,
0x0,
0x0,
0x0,
0x0,
0x0,
0x0,
0x0,
0x0,
0x0,
0x0,
0x0,
0x0,
0x0,
0x0,
0x0,
0x0,
0x0,
0x0,
0x0,
0x0,
0x0,
0x0,
0x0,
0x0,
0x0,
0x0,
0x0,
0x0,
0x0,
0x0,
0x0,
0x0,
0x0,
0x0,
0x0,
0x0,
0x0,
0x0,
0x0,
0x0,
0x0,
0x0,
0x0,
0x0,
0x0,
0x0,
0x0,
0x0,
0x0,
0x0,
0x0,
0x0,
0x0,
0x0,
0x0,
0x0,
0x0,
0x0,
0x0,
0x0,
0x0,
0x0,
0x0,
0x0,
0x0,
0x0,
0x0,
0x0,
0x0,
0x0,
0x0,
0x0,
0x0,
0x0,
0x0,
0x0,
0x0,
0x0,
0x0,
0x0,
0x0,
0x0,
0x0,
0x0,
0x0,
0x0,
0x0,
0x0,
0x0,
0x0,
0x0,
0x0,
0x0,
0x0,
0x0,
0x0,
0x0,
0x0,
0x0,
0x0,
0x0,
0x0,
0x0,
0x0,
0x0,
0x0,
0x0,
0x0,
0x0,
0x0,
0x0,
0x0,
0x0,
0x0,
0x0,
0x0,
0x0,
0x0,
0x0,
0x0,
0x0,
0x0,
0x0,
0x0,
0x0,
0x0,
0x0,
0x0,
0x0,
0x0,
0x0,
0x0,
0x0,
0x0,
0x0,
0x0,
0x0,
0x0,
0x0,
0x0,
0x0,
0x0,
0x0,
0x0,
0x0,
0x0,
0x0,
0x0,
0x0,
0x0,
0x0,
0x0,
0x0,
0x0,
0x0,
0x0,
0x0,
0x0,
0x0,
0x0,
0x0,
0x0,
0x0,
0x0,
0x0,
0x0,
0x0,
0x0,
0x0,
0x0,
0x0,
0x0,
0x0,
0x0,
0x0,
0x0,
0x0,
0x0,
0x0,
0x0,
0x0,
0x0,
0x0,
0x0,
0x0,
0x0,
0x0,
0x0,
0x0,
0x0,
0x0,
0x0,
0x0,
0x0,
0x0,
0x0,
0x0,
0x0,
0x0,
0x0,
0x0,
0x0,
0x0,
0x0,
0x0,
0x0,
0x0,
0x0,
0x0,
0x0,
0x0,
0x0,
0x0,
0x0,
0x0,
0x0,
0x0,
0x0,
0x0,
0x0,
0x0,
0x0,
0x0,
0x0,
0x0,
0x0,
0x0,
0x0,
0x0,
0x0,
0x0,
0x0,
0x0,
0x0,
0x0,
0x0,
0x0,
0x0,
0x0,
0x0,
0x0,
0x0,
0x0,
0x0,
0x0,
0x0,
0x0,
0x0,
0x0,
0x0,
0x0,
0x0,
0x0,
0x0,
0x0,
0x0,
0x0,
0x0,
0x0,
0x0,
0x0,
0x0,
0x0,
0x0,
0x0,
0x0,
0x0,
0x0,
0x0,
0x0,
0x0,
0x0,
0x0,
0x0,
0x0,
0x0,
0x0,
0x0,
0x0,
0x0,
0x0,
0x0,
0x0,
0x0,
0x0,
0x0,
0x0,
0x0,
0x0,
0x0,
0x0,
0x0,
0x0,
0x0,
0x0,
0x0,
0x0,
0x0,
0x0,
0x0,
0x0,
0x0,
0x0,
0x0,
0x0,
0x0,
0x0,
0x0,
0x0,
0x0,
0x0,
0x0,
0x0,
0x0,
0x0,
0x0,
0x0,
0x0,
0x0,
0x0,
0x0,
0x0,
0x0,
0x0,
0x0,
0x0,
0x0,
0x0,
0x0,
0x0,
0x0,
0x0,
0x0,
0x0,
0x0,
0x0,
0x0,
0x0,
0x0,
0x0,
0x0,
0x0,
0x0,
0x0,
0x0,
0x0,
0x0,
0x0,
0x0,
0x0,
0x0,
0x0,
0x0,
0x0,
0x0,
0x0,
0x0,
0x0,
0x0,
0x0,
0x0,
0x0,
0x0,
0x0,
0x0,
0x0,
0x0,
0x0,
0x0,
0x0,
0x0,
0x0,
0x0,
0x0,
0x0,
0x0,
0x0,
0x0,
0x0,
0x0,
0x0,
0x0,
0x0,
0x0,
0x0,
0x0,
0x0,
0x0,
0x0,
0x0,
0x0,
0x0,
0x0,
0x0,
0x0,
0x0,
0x0,
0x0,
0x0,
0x0,
0x0,
0x0,
0x0,
0x0,
0x0,
0x0,
0x0,
0x0,
0x0,
0x0,
0x0,
0x0,
0x0,
0x0,
0x0,
0x0,
0x0,
0x0,
0x0,
0x0,
0x0,
0x0,
0x0,
0x0,
0x0,
0x0,
0x0,
0x0,
0x0,
0x0,
0x0,
0x0,
0x0,
0x0,
0x0,
0x0,
0x0,
0x0,
0x0,
0x0,
0x0,
0x0,
0x0,
0x0,
0x0,
0x0,
0x0,
0x0,
0x0,
0x0,
0x0,
0x0,
0x0,
0x0,
0x0,
0x0,
0x0,
0x0,
0x0,
0x0,
0x0,
0x0,
0x0,
0x0,
0x0,
0x0,
0x0,
0x0,
0x0,
0x0,
0x0,
0x0,
0x0,
0x0,
0x0,
0x0,
0x0,
0x0,
0x0,
0x0,
0x0,
0x0,
0x0,
0x0,
0x0,
0x0,
0x0,
0x0,
0x0,
0x0,
0x0,
0x0,
0x0,
0x0,
0x0,
0x0,
0x0,
0x0,
0x0,
0x0,
0x0,
0x0,
0x0,
0x0,
0x0,
0x0,
0x0,
0x0,
0x0,
0x0,
0x0,
0x0,
0x0,
0x0,
0x0,
0x0,
0x0,
0x0,
0x0,
0x0,
0x0,
0x0,
0x0,
0x0,
0x0,
0x0,
0x0,
0x0,
0x0,
0x0,
0x0,
0x0,
0x0,
0x0,
0x0,
0x0,
0x0,
0x0,
0x0,
0x0,
0x0,
0x0,
0x0,
0x0,
0x0,
0x0,
0x0,
0x0,
0x0,
0x0,
0x0,
0x0,
0x0,
0x0,
0x0,
0x0,
0x0,
0x0,
0x0,
0x0,
0x0,
0x0,
0x0,
0x0,
0x0,
0x0,
0x0,
0x0,
0x0,
0x0,
0x0,
0x0,
0x0,
0x0,
0x0,
0x0,
0x0,
0x0,
0x0,
0x0,
0x0,
0x0,
0x0,
0x0,
0x0,
0x0,
0x0,
0x0,
0x0,
0x0,
0x0,
0x0,
0x0,
0x0,
0x0,
0x0,
0x0,
0x0,
0x0,
0x0,
0x0,
0x0,
0x0,
0x0,
0x0,
0x0,
0x0,
0x0,
0x0,
0x0,
0x0,
0x0,
0x0,
0x0,
0x0,
0x0,
0x0,
0x0,
0x0,
0x0,
0x0,
0x0,
0x0,
0x0,
0x0,
0x0,
0x0,
0x0,
0x0,
0x0,
0x0,
0x0,
0x0,
0x0,
0x0,
0x0,
0x0,
0x0,
0x0,
0x0,
0x0,
0x0,
0x0,
0x0,
0x0,
0x0,
0x0,
0x0,
0x0,
0x0,
0x0,
0x0,
0x0,
0x0,
0x0,
0x0,
0x0,
0x0,
0x0,
0x0,
0x0,
0x0,
0x0,
0x0,
0x0,
0x0,
0x0,
0x0,
0x0,
0x0,
0x0,
0x0,
0x0,
0x0,
0x0,
0x0,
0x0,
0x0,
0x0,
0x0,
0x0,
0x0,
0x0,
0x0,
0x0,
0x0,
0x0,
0x0,
0x0,
0x0,
0x0,
0x0,
0x0,
0x0,
0x0,
0x0,
0x0,
0x0,
0x0,
0x0,
0x0,
0x0,
0x0,
0x0,
0x0,
0x0,
0x0,
0x0,
0x0,
0x0,
0x0,
0x0,
0x0,
0x0,
0x0,
0x0,
0x0,
0x0,
0x0,
0x0,
0x0,
0x0,
0x0,
0x0,
0x0,
0x0,
0x0,
0x0,
0x0,
0x0,
0x0,
0x0,
0x0,
0x0,
0x0,
0x0,
0x0,
0x0,
0x0,
0x0,
0x0,
0x0,
0x0,
0x0,
0x0,
0x0,
0x0,
0x0,
0x0,
0x0,
0x0,
0x0,
0x0,
0x0,
0x0,
0x0,
0x0,
0x0,
0x0,
0x0,
0x0,
0x0,
0x0,
0x0,
0x0,
0x0,
0x0,
0x0,
0x0,
0x0,
0x0,
0x0,
0x0,
0x0,
0x0,
0x0,
0x0,
0x0,
0x0,
0x0,
0x0,
0x0,
0x0,
0x0,
0x0,
0x0,
0x0,
0x0,
0x0,
0x0,
0x0,
0x0,
0x0,
0x0,
0x0,
0x0,
0x0,
0x0,
0x0,
0x0,
0x0,
0x0,
0x0,
0x0,
0x0,
0x0,
0x0,
0x0,
0x0,
0x0,
0x0,
0x0,
0x0,
0x0,
0x0,
0x0,
0x0,
0x0,
0x0,
0x0,
0x0,
0x0,
0x0,
0x0,
0x0,
0x0,
0x0,
0x0,
0x0,
0x0,
0x0,
0x0,
0x0,
0x0,
0x0,
0x0,
0x0,
0x0,
0x0,
0x0,
0x0,
0x0,
0x0,
0x0,
0x0,
0x0,
0x0,
0x0,
0x0,
0x0,
0x0,
0x0,
0x0,
0x0,
0x0,
0x0,
0x0,
0x0,
0x0,
0x0,
0x0,
0x0,
0x0,
0x0,
0x0,
0x0,
0x0,
0x0,
0x0,
0x0,
0x0,
0x0,
0x0,
0x0,
0x0,
0x0,
0x0,
0x0,
0x0,
0x0,
0x0,
0x0,
0x0,
0x0,
0x0,
0x0,
0x0,
0x0,
0x0,
0x0,
0x0,
0x0,
0x0,
0x0,
0x0,
0x0,
0x0,
0x0,
0x0,
0x0,
0x0,
0x0,
0x0,
0x0,
0x0,
0x0,
0x0,
0x0,
0x0,
0x0,
0x0,
0x0,
0x0,
0x0,
0x0,
0x0,
0x0,
0x0,
0x0,
0x0,
0x0,
0x0,
0x0,
0x0,
0x0,
0x0,
0x0,
0x0,
0x0,
0x0,
0x0,
0x0,
0x0,
0x0,
0x0,
0x0,
0x0,
0x0,
0x0,
0x0,
0x0,
0x0,
0x0,
0x0,
0x0,
0x0,
0x0,
0x0,
0x0,
0x0,
0x0,
0x0,
0x0,
0x0,
0x0,
0x0,
0x0,
0x0,
0x0,
0x0,
0x0,
0x0,
0x0,
0x0,
0x0,
0x0,
0x0,
0x0,
0x0,
0x0,
0x0,
0x0,
0x0,
0x0,
0x0,
0x0,
0x0,
0x0,
0x0,
0x0,
0x0,
0x0,
0x0,
0x0,
0x0,
0x0,
0x0,
0x0,
0x0,
0x0,
0x0,
0x0,
0x0,
0x0,
0x0,
0x0,
0x0,
0x0,
0x0,
0x0,
0x0,
0x0,
0x0,
0x0,
0x0,
0x0,
0x0,
0x0,
0x0,
0x0,
0x0,
0x0,
0x0,
0x0,
0x0,
0x0,
0x0,
0x0,
0x0,
0x0,
0x0,
0x0,
0x0,
0x0,
0x0,
0x0,
0x0,
0x0,
0x0,
0x0,
0x0,
0x0,
0x0,
0x0,
0x0,
0x0,
0x0,
0x0,
0x0,
0x0,
0x0,
0x0,
0x0,
0x0,
0x0,
0x0,
0x0,
0x0,
0x0,
0x0,
0x0,
0x0,
0x0,
0x0,
0x0,
0x0,
0x0,
0x0,
0x0,
0x0,
0x0,
0x0,
0x0,
0x0,
0x0,
0x0,
0x0,
0x0,
0x0,
0x0,
0x0,
0x0,
0x0,
0x0,
0x0,
0x0,
0x0,
0x0,
0x0,
0x0,
0x0,
0x0,
0x0,
0x0,
0x0,
0x0,
0x0,
0x0,
0x0,
0x0,
0x0,
0x0,
0x0,
0x0,
0x0,
0x0,
0x0,
0x0,
0x0,
0x0,
0x0,
0x0,
0x0,
0x0,
0x0,
0x0,
0x0,
0x0,
0x0,
0x0,
0x0,
0x0,
0x0,
0x0,
0x0,
0x0,
0x0,
0x0,
0x0,
0x0,
0x0,
0x0,
0x0,
0x0,
0x0,
0x0,
0x0,
0x0,
0x0,
0x0,
0x0,
0x0,
0x0,
0x0,
0x0,
0x0,
0x0,
0x0,
0x0,
0x0,
0x0,
0x0,
0x0,
0x0,
0x0,
0x0,
0x0,
0x0,
0x0,
0x0,
0x0,
0x0,
0x0,
0x0,
0x0,
0x0,
0x0,
0x0,
0x0,
0x0,
0x0,
0x0,
0x0,
0x0,
0x0,
0x0,
0x0,
0x0,
0x0,
0x0,
0x0,
0x0,
0x0,
0x0,
0x0,
0x0,
0x0,
0x0,
0x0,
0x0,
0x0,
0x0,
0x0,
0x0,
0x0,
0x0,
0x0,
0x0,
0x0,
0x0,
0x0,
0x0,
0x0,
0x0,
0x0,
0x0,
0x0,
0x0,
0x0,
0x0,
0x0,
0x0,
0x0,
0x0,
0x0,
0x0,
0x0,
0x0,
0x0,
0x0,
0x0,
0x0,
0x0,
0x0,
0x0,
0x0,
0x0,
0x0,
0x0,
0x0,
0x0,
0x0,
0x0,
0x0,
0x0,
0x0,
0x0,
0x0,
0x0,
0x0,
0x0,
0x0,
0x0,
0x0,
0x0,
0x0,
0x0,
0x0,
0x0,
0x0,
0x0,
0x0,
0x0,
0x0,
0x0,
0x0,
0x0,
0x0,
0x0,
0x0,
0x0,
0x0,
0x0,
0x0,
0x0,
0x0,
0x0,
0x0,
0x0,
0x0,
0x0,
0x0,
0x0,
0x0,
0x0,
0x0,
0x0,
0x0,
0x0,
0x0,
0x0,
0x0,
0x0,
0x0,
0x0,
0x0,
0x0,
0x0,
0x0,
0x0,
0x0,
0x0,
0x0,
0x0,
0x0,
0x0,
0x0,
0x0,
0x0,
0x0,
0x0,
0x0,
0x0,
0x0,
0x0,
0x0,
0x0,
0x0,
0x0,
0x0,
0x0,
0x0,
0x0,
0x0,
0x0,
0x0,
0x0,
0x0,
0x0,
0x0,
0x0,
0x0,
0x0,
0x0,
0x0,
0x0,
0x0,
0x0,
0x0,
0x0,
0x0,
0x0,
0x0,
0x0,
0x0,
0x0,
0x0,
0x0,
0x0,
0x0,
0x0,
0x0,
0x0,
0x0,
0x0,
0x0,
0x0,
0x0,
0x0,
0x0,
0x0,
0x0,
0x0,
0x0,
0x0,
0x0,
0x0,
0x0,
0x0,
0x0,
0x0,
0x0,
0x0,
0x0,
0x0,
0x0,
0x0,
0x0,
0x0,
0x0,
0x0,
0x0,
0x0,
0x0,
0x0,
0x0,
0x0,
0x0,
0x0,
0x0,
0x0,
0x0,
0x0,
0x0,
0x0,
0x0,
0x0,
0x0,
0x0,
0x0,
0x0,
0x0,
0x0,
0x0,
0x0,
0x0,
0x0,
0x0,
0x0,
0x0,
0x0,
0x0,
0x0,
0x0,
0x0,
0x0,
0x0,
0x0,
0x0,
0x0,
0x0,
0x0,
0x0,
0x0,
0x0,
0x0,
0x0,
0x0,
0x0,
0x0,
0x0,
0x0,
0x0,
0x0,
0x0,
0x0,
0x0,
0x0,
0x0,
0x0,
0x0,
0x0,
0x0,
0x0,
0x0,
0x0,
0x0,
0x0,
0x0,
0x0,
0x0,
0x0,
0x0,
0x0,
0x0,
0x0,
0x0,
0x0,
0x0,
0x0,
0x0,
0x0,
0x0,
0x0,
0x0,
0x0,
0x0,
0x0,
0x0,
0x0,
0x0,
0x0,
0x0,
0x0,
0x0,
0x0,
0x0,
0x0,
0x0,
0x0,
0x0,
0x0,
0x0,
0x0,
0x0,
0x0,
0x0,
0x0,
0x0,
0x0,
0x0,
0x0,
0x0,
0x0,
0x0,
0x0,
0x0,
0x0,
0x0,
0x0,
0x0,
0x0,
0x0,
0x0,
0x0,
0x0,
0x0,
0x0,
0x0,
0x0,
0x0,
0x0,
0x0,
0x0,
0x0,
0x0,
0x0,
0x0,
0x0,
0x0,
0x0,
0x0,
0x0,
0x0,
0x0,
0x0,
0x0,
0x0,
0x0,
0x0,
0x0,
0x0,
0x0,
0x0,
0x0,
0x0,
0x0,
0x0,
0x0,
0x0,
0x0,
0x0,
0x0,
0x0,
0x0,
0x0,
0x0,
0x0,
0x0,
0x0,
0x0,
0x0,
0x0,
0x0,
0x0,
0x0,
0x0,
0x0,
0x0,
0x0,
0x0,
0x0,
0x0,
0x0,
0x0,
0x0,
0x0,
0x0,
0x0,
0x0,
0x0,
0x0,
0x0,
0x0,
0x0,
0x0,
0x0,
0x0,
0x0,
0x0,
0x0,
0x0,
0x0,
0x0,
0x0,
0x0,
0x0,
0x0,
0x0,
0x0,
0x0,
0x0,
0x0,
0x0,
0x0,
0x0,
0x0,
0x0,
0x0,
0x0,
0x0,
0x0,
0x0,
0x0,
0x0,
0x0,
0x0,
0x0,
0x0,
0x0,
0x0,
0x0,
0x0,
0x0,
0x0,
0x0,
0x0,
0x0,
0x0,
0x0,
0x0,
0x0,
0x0,
0x0,
0x0,
0x0,
0x0,
0x0,
0x0,
0x0,
0x0,
0x0,
0x0,
0x0,
0x0,
0x0,
0x0,
0x0,
0x0,
0x0,
0x0,
0x0,
0x0,
0x0,
0x0,
0x0,
0x0,
0x0,
0x0,
0x0,
0x0,
0x0,
0x0,
0x0,
0x0,
0x0,
0x0,
0x0,
0x0,
0x0,
0x0,
0x0,
0x0,
0x0,
0x0,
0x0,
0x0,
0x0,
0x0,
0x0,
0x0,
0x0,
0x0,
0x0,
0x0,
0x0,
0x0,
0x0,
0x0,
0x0,
0x0,
0x0,
0x0,
0x0,
0x0,
0x0,
0x0,
0x0,
0x0,
0x0,
0x0,
0x0,
0x0,
0x0,
0x0,
0x0,
0x0,
0x0,
0x0,
0x0,
0x0,
0x0,
0x0,
0x0,
0x0,
0x0,
0x0,
0x0,
0x0,
0x0,
0x0,
0x0,
0x0,
0x0,
0x0,
0x0,
0x0,
0x0,
0x0,
0x0,
0x0,
0x0,
0x0,
0x0,
0x0,
0x0,
0x0,
0x0,
0x0,
0x0,
0x0,
0x0,
0x0,
0x0,
0x0,
0x0,
0x0,
0x0,
0x0,
0x0,
0x0,
0x0,
0x0,
0x0,
0x0,
0x0,
0x0,
0x0,
0x0,
0x0,
0x0,
0x0,
0x0,
0x0,
0x0,
0x0,
0x0,
0x0,
0x0,
0x0,
0x0,
0x0,
0x0,
0x0,
0x0,
0x0,
0x0,
0x0,
0x0,
0x0,
0x0,
0x0,
0x0,
0x0,
0x0,
0x0,
0x0,
0x0,
0x0,
0x0,
0x0,
0x0,
0x0,
0x0,
0x0,
0x0,
0x0,
0x0,
0x0,
0x0,
0x0,
0x0,
0x0,
0x0,
0x0,
0x0,
0x0,
0x0,
0x0,
0x0,
0x0,
0x0,
0x0,
0x0,
0x0,
0x0,
0x0,
0x0,
0x0,
0x0,
0x0,
0x0,
0x0,
0x0,
0x0,
0x0,
0x0,
0x0,
0x0,
0x0,
0x0,
0x0,
0x0,
0x0,
0x0,
0x0,
0x0,
0x0,
0x0,
0x0,
0x0,
0x0,
0x0,
0x0,
0x0,
0x0,
0x0,
0x0,
0x0,
0x0,
0x0,
0x0,
0x0,
0x0,
0x0,
0x0,
0x0,
0x0,
0x0,
0x0,
0x0,
0x0,
0x0,
0x0,
0x0,
0x0,
0x0,
0x0,
0x0,
0x0,
0x0,
0x0,
0x0,
0x0,
0x0,
0x0,
0x0,
0x0,
0x0,
0x0,
0x0,
0x0,
0x0,
0x0,
0x0,
0x0,
0x0,
0x0,
0x0,
0x0,
0x0,
0x0,
0x0,
0x0,
0x0,
0x0,
0x0,
0x0,
0x0,
0x0,
0x0,
0x0,
0x0,
0x0,
0x0,
0x0,
0x0,
0x0,
0x0,
0x0,
0x0,
0x0,
0x0,
0x0,
0x0,
0x0,
0x0,
0x0,
0x0,
0x0,
0x0,
0x0,
0x0,
0x0,
0x0,
0x0,
0x0,
0x0,
0x0,
0x0,
0x0,
0x0,
0x0,
0x0,
0x0,
0x0,
0x0,
0x0,
0x0,
0x0,
0x0,
0x0,
0x0,
0x0,
0x0,
0x0,
0x0,
0x0,
0x0,
0x0,
0x0,
0x0,
0x0,
0x0,
0x0,
0x0,
0x0,
0x0,
0x0,
0x0,
0x0,
0x0,
0x0,
0x0,
0x0,
0x0,
0x0,
0x0,
0x0,
0x0,
0x0,
0x0,
0x0,
0x0,
0x0,
0x0,
0x0,
0x0,
0x0,
0x0,
0x0,
0x0,
0x0,
0x0,
0x0,
0x0,
0x0,
0x0,
0x0,
0x0,
0x0,
0x0,
0x0,
0x0,
0x0,
0x0,
0x0,
0x0,
0x0,
0x0,
0x0,
0x0,
0x0,
0x0,
0x0,
0x0,
0x0,
0x0,
0x0,
0x0,
0x0,
0x0,
0x0,
0x0,
0x0,
0x0,
0x0,
0x0,
0x0,
0x0,
0x0,
0x0,
0x0,
0x0,
0x0,
0x0,
0x0,
0x0,
0x0,
0x0,
0x0,
0x0,
0x0,
0x0,
0x0,
0x0,
0x0,
0x0,
0x0,
0x0,
0x0,
0x0,
0x0,
0x0,
0x0,
0x0,
0x0,
0x0,
0x0,
0x0,
0x0,
0x0,
0x0,
0x0,
0x0,
0x0,
0x0,
0x0,
0x0,
0x0,
0x0,
0x0,
0x0,
0x0,
0x0,
0x0,
0x0,
0x0,
0x0,
0x0,
0x0,
0x0,
0x0,
0x0,
0x0,
0x0,
0x0,
0x0,
0x0,
0x0,
0x0,
0x0,
0x0,
0x0,
0x0,
0x0,
0x0,
0x0,
0x0,
0x0,
0x0,
0x0,
0x0,
0x0,
0x0,
0x0,
0x0,
0x0,
0x0,
0x0,
0x0,
0x0,
0x0,
0x0,
0x0,
0x0,
0x0,
0x0,
0x0,
0x0,
0x0,
0x0,
0x0,
0x0,
0x0,
0x0,
0x0,
0x0,
0x0,
0x0,
0x0,
0x0,
0x0,
0x0,
0x0,
0x0,
0x0,
0x0,
0x0,
0x0,
0x0,
0x0,
0x0,
0x0,
0x0,
0x0,
0x0,
0x0,
0x0,
0x0,
0x0,
0x0,
0x0,
0x0,
0x0,
0x0,
0x0,
0x0,
0x0,
0x0,
0x0,
0x0,
0x0,
0x0,
0x0,
0x0,
0x0,
0x0,
0x0,
0x0,
0x0,
0x0,
0x0,
0x0,
0x0,
0x0,
0x0,
0x0,
0x0,
0x0,
0x0,
0x0,
0x0,
0x0,
0x0,
0x0,
0x0,
0x0,
0x0,
0x0,
0x0,
0x0,
0x0,
0x0,
0x0,
0x0,
0x0,
0x0,
0x0,
0x0,
0x0,
0x0,
0x0,
0x0,
0x0,
0x0,
0x0,
0x0,
0x0,
0x0,
0x0,
0x0,
0x0,
0x0,
0x0,
0x0,
0x0,
0x0,
0x0,
0x0,
0x0,
0x0,
0x0,
0x0,
0x0,
0x0,
0x0,
0x0,
0x0,
0x0,
0x0,
0x0,
0x0,
0x0,
0x0,
0x0,
0x0,
0x0,
0x0,
0x0,
0x0,
0x0,
0x0,
0x0,
0x0,
0x0,
0x0,
0x0,
0x0,
0x0,
0x0,
0x0,
0x0,
0x0,
0x0,
0x0,
0x0,
0x0,
0x0,
0x0,
0x0,
0x0,
0x0,
0x0,
0x0,
0x0,
0x0,
0x0,
0x0,
0x0,
0x0,
0x0,
0x0,
0x0,
0x0,
0x0,
0x0,
0x0,
0x0,
0x0,
0x0,
0x0,
0x0,
0x0,
0x0,
0x0,
0x0,
0x0,
0x0,
0x0,
0x0,
0x0,
0x0,
0x0,
0x0,
0x0,
0x0,
0x0,
0x0,
0x0,
0x0,
0x0,
0x0,
0x0,
0x0,
0x0,
0x0,
0x0,
0x0,
0x0,
0x0,
0x0,
0x0,
0x0,
0x0,
0x0,
0x0,
0x0,
0x0,
0x0,
0x0,
0x0,
0x0,
0x0,
0x0,
0x0,
0x0,
0x0,
0x0,
0x0,
0x0,
0x0,
0x0,
0x0,
0x0,
0x0,
0x0,
0x0,
0x0,
0x0,
0x0,
0x0,
0x0,
0x0,
0x0,
0x0,
0x0,
0x0,
0x0,
0x0,
0x0,
0x0,
0x0,
0x0,
0x0,
0x0,
0x0,
0x0,
0x0,
0x0,
0x0,
0x0,
0x0,
0x0,
0x0,
0x0,
0x0,
0x0,
0x0,
0x0,
0x0,
0x0,
0x0,
0x0,
0x0,
0x0,
0x0,
0x0,
0x0,
0x0,
0x0,
0x0,
0x0,
0x0,
0x0,
0x0,
0x0,
0x0,
0x0,
0x0,
0x0,
0x0,
0x0,
0x0,
0x0,
0x0,
0x0,
0x0,
0x0,
0x0,
0x0,
0x0,
0x0,
0x0,
0x0,
0x0,
0x0,
0x0,
0x0,
0x0,
0x0,
0x0,
0x0,
0x0,
0x0,
0x0,
0x0,
0x0,
0x0,
0x0,
0x0,
0x0,
0x0,
0x0,
0x0,
0x0,
0x0,
0x0,
0x0,
0x0,
0x0,
0x0,
0x0,
0x0,
0x0,
0x0,
0x0,
0x0,
0x0,
0x0,
0x0,
0x0,
0x0,
0x0,
0x0,
0x0,
0x0,
0x0,
0x0,
0x0,
0x0,
0x0,
0x0,
0x0,
0x0,
0x0,
0x0,
0x0,
0x0,
0x0,
0x0,
0x0,
0x0,
0x0,
0x0,
0x0,
0x0,
0x0,
0x0,
0x0,
0x0,
0x0,
0x0,
0x0,
0x0,
0x0,
0x0,
0x0,
0x0,
0x0,
0x0,
0x0,
0x0,
0x0,
0x0,
0x0,
0x0,
0x0,
0x0,
0x0,
0x0,
0x0,
0x0,
0x0,
0x0,
0x0,
0x0,
0x0,
0x0,
0x0,
0x0,
0x0,
0x0,
0x0,
0x0,
0x0,
0x0,
0x0,
0x0,
0x0,
0x0,
0x0,
0x0,
0x0,
0x0,
0x0,
0x0,
0x0,
0x0,
0x0,
0x0,
0x0,
0x0,
0x0,
0x0,
0x0,
0x0,
0x0,
0x0,
0x0,
0x0,
0x0,
0x0,
0x0,
0x0,
0x0,
0x0,
0x0,
0x0,
0x0,
0x0,
0x0,
0x0,
0x0,
0x0,
0x0,
0x0,
0x0,
0x0,
0x0,
0x0,
0x0,
0x0,
0x0,
0x0,
0x0,
0x0,
0x0,
0x0,
0x0,
0x0,
0x0,
0x0,
0x0,
0x0,
0x0,
0x0,
0x0,
0x0,
0x0,
0x0,
0x0,
0x0,
0x0,
0x0,
0x0,
0x0,
0x0,
0x0,
0x0,
0x0,
0x0,
0x0,
0x0,
0x0,
0x0,
0x0,
0x0,
0x0,
0x0,
0x0,
0x0,
0x0,
0x0,
0x0,
0x0,
0x0,
0x0,
0x0,
0x0,
0x0,
0x0,
0x0,
0x0,
0x0,
0x0,
0x0,
0x0,
0x0,
0x0,
0x0,
0x0,
0x0,
0x0,
0x0,
0x0,
0x0,
0x0,
0x0,
0x0,
0x0,
0x0,
0x0,
0x0,
0x0,
0x0,
0x0,
0x0,
0x0,
0x0,
0x0,
0x0,
0x0,
0x0,
0x0,
0x0,
0x0,
0x0,
0x0,
0x0,
0x0,
0x0,
0x0,
0x0,
0x0,
0x0,
0x0,
0x0,
0x0,
0x0,
0x0,
0x0,
0x0,
0x0,
0x0,
0x0,
0x0,
0x0,
0x0,
0x0,
0x0,
0x0,
0x0,
0x0,
0x0,
0x0,
0x0,
0x0,
0x0,
0x0,
0x0,
0x0,
0x0,
0x0,
0x0,
0x0,
0x0,
0x0,
0x0,
0x0,
0x0,
0x0,
0x0,
0x0,
0x0,
0x0,
0x0,
0x0,
0x0,
0x0,
0x0,
0x0,
0x0,
0x0,
0x0,
0x0,
0x0,
0x0,
0x0,
0x0,
0x0,
0x0,
0x0,
0x0,
0x0,
0x0,
0x0,
0x0,
0x0,
0x0,
0x0,
0x0,
0x0,
0x0,
0x0,
0x0,
0x0,
0x0,
0x0,
0x0,
0x0,
0x0,
0x0,
0x0,
0x0,
0x0,
0x0,
0x0,
0x0,
0x0,
0x0,
0x0,
0x0,
0x0,
0x0,
0x0,
0x0,
0x0,
0x0,
0x0,
0x0,
0x0,
0x0,
0x0,
0x0,
0x0,
0x0,
0x0,
0x0,
0x0,
0x0,
0x0,
0x0,
0x0,
0x0,
0x0,
0x0,
0x0,
0x0,
0x0,
0x0,
0x0,
0x0,
0x0,
0x0,
0x0,
0x0,
0x0,
0x0,
0x0,
0x0,
0x0,
0x0,
0x0,
0x0,
0x0,
0x0,
0x0,
0x0,
0x0,
0x0,
0x0,
0x0,
0x0,
0x0,
0x0,
0x0,
0x0,
0x0,
0x0,
0x0,
0x0,
0x0,
0x0,
0x0,
0x0,
0x0,
0x0,
0x0,
0x0,
0x0,
0x0,
0x0,
0x0,
0x0,
0x0,
0x0,
0x0,
0x0,
0x0,
0x0,
0x0,
0x0,
0x0,
0x0,
0x0,
0x0,
0x0,
0x0,
0x0,
0x0,
0x0,
0x0,
0x0,
0x0,
0x0,
0x0,
0x0,
0x0,
0x0,
0x0,
0x0,
0x0,
0x0,
0x0,
0x0,
0x0,
0x0,
0x0,
0x0,
0x0,
0x0,
0x0,
0x0,
0x0,
0x0,
0x0,
0x0,
0x0,
0x0,
0x0,
0x0,
0x0,
0x0,
0x0,
0x0,
0x0,
0x0,
0x0,
0x0,
0x0,
0x0,
0x0,
0x0,
0x0,
0x0,
0x0,
0x0,
0x0,
0x0,
0x0,
0x0,
0x0,
0x0,
0x0,
0x0,
0x0,
0x0,
0x0,
0x0,
0x0,
0x0,
0x0,
0x0,
0x0,
0x0,
0x0,
0x0,
0x0,
0x0,
0x0,
0x0,
0x0,
0x0,
0x0,
0x0,
0x0,
0x0,
0x0,
0x0,
0x0,
0x0,
0x0,
0x0,
0x0,
0x0,
0x0,
0x0,
0x0,
0x0,
0x0,
0x0,
0x0,
0x0,
0x0,
0x0,
0x0,
0x0,
0x0,
0x0,
0x0,
0x0,
0x0,
0x0,
0x0,
0x0,
0x0,
0x0,
0x0,
0x0,
0x0,
0x0,
0x0,
0x0,
0x0,
0x0,
0x0,
0x0,
0x0,
0x0,
0x0,
0x0,
0x0,
0x0,
0x0,
0x0,
0x0,
0x0,
0x0,
0x0,
0x0,
0x0,
0x0,
0x0,
0x0,
0x0,
0x0,
0x0,
0x0,
0x0,
0x0,
0x0,
0x0,
0x0,
0x0,
0x0,
0x0,
0x0,
0x0,
0x0,
0x0,
0x0,
0x0,
0x0,
0x0,
0x0,
0x0,
0x0,
0x0,
0x0,
0x0,
0x0,
0x0,
0x0,
0x0,
0x0,
0x0,
0x0,
0x0,
0x0,
0x0,
0x0,
0x0,
0x0,
0x0,
0x0,
0x0,
0x0,
0x0,
0x0,
0x0,
0x0,
0x0,
0x0,
0x0,
0x0,
0x0,
0x0,
0x0,
0x0,
0x0,
0x0,
0x0,
0x0,
0x0,
0x0,
0x0,
0x0,
0x0,
0x0,
0x0,
0x0,
0x0,
0x0,
0x0,
0x0,
0x0,
0x0,
0x0,
0x0,
0x0,
0x0,
0x0,
0x0,
0x0,
0x0,
0x0,
0x0,
0x0,
0x0,
0x0,
0x0,
0x0,
0x0,
0x0,
0x0,
0x0,
0x0,
0x0,
0x0,
0x0,
0x0,
0x0,
0x0,
0x0,
0x0,
0x0,
0x0,
0x0,
0x0,
0x0,
0x0,
0x0,
0x0,
0x0,
0x0,
0x0,
0x0,
0x0,
0x0,
0x0,
0x0,
0x0,
0x0,
0x0,
0x0,
0x0,
0x0,
0x0,
0x0,
0x0,
0x0,
0x0,
0x0,
0x0,
0x0,
0x0,
0x0,
0x0,
0x0,
0x0,
0x0,
0x0,
0x0,
0x0,
0x0,
0x0,
0x0,
0x0,
0x0,
0x0,
0x0,
0x0,
0x0,
0x0,
0x0,
0x0,
0x0,
0x0,
0x0,
0x0,
0x0,
0x0,
0x0,
0x0,
0x0,
0x0,
0x0,
0x0,
0x0,
0x0,
0x0,
0x0,
0x0,
0x0,
0x0,
0x0,
0x0,
0x0,
0x0,
0x0,
0x0,
0x0,
0x0,
0x0,
0x0,
0x0,
0x0,
0x0,
0x0,
0x0,
0x0,
0x0,
0x0,
0x0,
0x0,
0x0,
0x0,
0x0,
0x0,
0x0,
0x0,
0x0,
0x0,
0x0,
0x0,
0x0,
0x0,
0x0,
0x0,
0x0,
0x0,
0x0,
0x0,
0x0,
0x0,
0x0,
0x0,
0x0,
0x0,
0x0,
0x0,
0x0,
0x0,
0x0,
0x0,
0x0,
0x0,
0x0,
0x0,
0x0,
0x0,
0x0,
0x0,
0x0,
0x0,
0x0,
0x0,
0x0,
0x0,
0x0,
0x0,
0x0,
0x0,
0x0,
0x0,
0x0,
0x0,
0x0,
0x0,
0x0,
0x0,
0x0,
0x0,
0x0,
0x0,
0x0,
0x0,
0x0,
0x0,
0x0,
0x0,
0x0,
0x0,
0x0,
0x0,
0x0,
0x0,
0x0,
0x0,
0x0,
0x0,
0x0,
0x0,
0x0,
0x0,
0x0,
0x0,
0x0,
0x0,
0x0,
0x0,
0x0,
0x0,
0x0,
0x0,
0x0,
0x0,
0x0,
0x0,
0x0,
0x0,
0x0,
0x0,
0x0,
0x0,
0x0,
0x0,
0x0,
0x0,
0x0,
0x0,
0x0,
0x0,
0x0,
0x0,
0x0,
0x0,
0x0,
0x0,
0x0,
0x0,
0x0,
0x0,
0x0,
0x0,
0x0,
0x0,
0x0,
0x0,
0x0,
0x0,
0x0,
0x0,
0x0,
0x0,
0x0,
0x0,
0x0,
0x0,
0x0,
0x0,
0x0,
0x0,
0x0,
0x0,
0x0,
0x0,
0x0,
0x0,
0x0,
0x0,
0x0,
0x0,
0x0,
0x0,
0x0,
0x0,
0x0,
0x0,
0x0,
0x0,
0x0,
0x0,
0x0,
0x0,
0x0,
0x0,
0x0,
0x0,
0x0,
0x0,
0x0,
0x0,
0x0,
0x0,
0x0,
0x0,
0x0,
0x0,
0x0,
0x0,
0x0,
0x0,
0x0,
0x0,
0x0,
0x0,
0x0,
0x0,
0x0,
0x0,
0x0,
0x0,
0x0,
0x0,
0x0,
0x0,
0x0,
0x0,
0x0,
0x0,
0x0,
0x0,
0x0,
0x0,
0x0,
0x0,
0x0,
0x0,
0x0,
0x0,
0x0,
0x0,
0x0,
0x0,
0x0,
0x0,
0x0,
0x0,
0x0,
0x0,
0x0,
0x0,
0x0,
0x0,
0x0,
0x0,
0x0,
0x0,
0x0,
0x0,
0x0,
0x0,
0x0,
0x0,
0x0,
0x0,
0x0,
0x0,
0x0,
0x0,
0x0,
0x0,
0x0,
0x0,
0x0,
0x0,
0x0,
0x0,
0x0,
0x0,
0x0,
0x0,
0x0,
0x0,
0x0,
0x0,
0x0,
0x0,
0x0,
0x0,
0x0,
0x0,
0x0,
0x0,
0x0,
0x0,
0x0,
0x0,
0x0,
0x0,
0x0,
0x0,
0x0,
0x0,
0x0,
0x0,
0x0,
0x0,
0x0,
0x0,
0x0,
0x0,
0x0,
0x0,
0x0,
0x0,
0x0,
0x0,
0x0,
0x0,
0x0,
0x0,
0x0,
0x0,
0x0,
0x0,
0x0,
0x0,
0x0,
0x0,
0x0,
0x0,
0x0,
0x0,
0x0,
0x0,
0x0,
0x0,
0x0,
0x0,
0x0,
0x0,
0x0,
0x0,
0x0,
0x0,
0x0,
0x0,
0x0,
0x0,
0x0,
0x0,
0x0,
0x0,
0x0,
0x0,
0x0,
0x0,
0x0,
0x0,
0x0,
0x0,
0x0,
0x0,
0x0,
0x0,
0x0,
0x0,
0x0,
0x0,
0x0,
0x0,
0x0,
0x0,
0x0,
0x0,
0x0,
0x0,
0x0,
0x0,
0x0,
0x0,
0x0,
0x0,
0x0,
0x0,
0x0,
0x0,
0x0,
0x0,
0x0,
0x0,
0x0,
0x0,
0x0,
0x0,
0x0,
0x0,
0x0,
0x0,
0x0,
0x0,
0x0,
0x0,
0x0,
0x0,
0x0,
0x0,
0x0,
0x0,
0x0,
0x0,
0x0,
0x0,
0x0,
0x0,
0x0,
0x0,
0x0,
0x0,
0x0,
0x0,
0x0,
0x0,
0x0,
0x0,
0x0,
0x0,
0x0,
0x0,
0x0,
0x0,
0x0,
0x0,
0x0,
0x0,
0x0,
0x0,
0x0,
0x0,
0x0,
0x0,
0x0,
0x0,
0x0,
0x0,
0x0,
0x0,
0x0,
0x0,
0x0,
0x0,
0x0,
0x0,
0x0,
0x0,
0x0,
0x0,
0x0,
0x0,
0x0,
0x0,
0x0,
0x0,
0x0,
0x0,
0x0,
0x0,
0x0,
0x0,
0x0,
0x0,
0x0,
0x0,
0x0,
0x0,
0x0,
0x0,
0x0,
0x0,
0x0,
0x0,
0x0,
0x0,
0x0,
0x0,
0x0,
0x0,
0x0,
0x0,
0x0,
0x0,
0x0,
0x0,
0x0,
0x0,
0x0,
0x0,
0x0,
0x0,
0x0,
0x0,
0x0,
0x0,
0x0,
0x0,
0x0,
0x0,
0x0,
0x0,
0x0,
0x0,
0x0,
0x0,
0x0,
0x0,
0x0,
0x0,
0x0,
0x0,
0x0,
0x0,
0x0,
0x0,
0x0,
0x0,
0x0,
0x0,
0x0,
0x0,
0x0,
0x0,
0x0,
0x0,
0x0,
0x0,
0x0,
0x0,
0x0,
0x0,
0x0,
0x0,
0x0,
0x0,
0x0,
0x0,
0x0,
0x0,
0x0,
0x0,
0x0,
0x0,
0x0,
0x0,
0x0,
0x0,
0x0,
0x0,
0x0,
0x0,
0x0,
0x0,
0x0,
0x0,
0x0,
0x0,
0x0,
0x0,
0x0,
0x0,
0x0,
0x0,
0x0,
0x0,
0x0,
0x0,
0x0,
0x0,
0x0,
0x0,
0x0,
0x0,
0x0,
0x0,
0x0,
0x0,
0x0,
0x0,
0x0,
0x0,
0x0,
0x0,
0x0,
0x0,
0x0,
0x0,
0x0,
0x0,
0x0,
0x0,
0x0,
0x0,
0x0,
0x0,
0x0,
0x0,
0x0,
0x0,
0x0,
0x0,
0x0,
0x0,
0x0,
0x0,
0x0,
0x0,
0x0,
0x0,
0x0,
0x0,
0x0,
0x0,
0x0,
0x0,
0x0,
0x0,
0x0,
0x0,
0x0,
0x0,
0x0,
0x0,
0x0,
0x0,
0x0,
0x0,
0x0,
0x0,
0x0,
0x0,
0x0,
0x0,
0x0,
0x0,
0x0,
0x0,
0x0,
0x0,
0x0,
0x0,
0x0,
0x0,
0x0,
0x0,
0x0,
0x0,
0x0,
0x0,
0x0,
0x0,
0x0,
0x0,
0x0,
0x0,
0x0,
0x0,
0x0,
0x0,
0x0,
0x0,
0x0,
0x0,
0x0,
0x0,
0x0,
0x0,
0x0,
0x0,
0x0,
0x0,
0x0,
0x0,
0x0,
0x0,
0x0,
0x0,
0x0,
0x0,
0x0,
0x0,
0x0,
0x0,
0x0,
0x0,
0x0,
0x0,
0x0,
0x0,
0x0,
0x0,
0x0,
0x0,
0x0,
0x0,
0x0,
0x0,
0x0,
0x0,
0x0,
0x0,
0x0,
0x0,
0x0,
0x0,
0x0,
0x0,
0x0,
0x0,
0x0,
0x0,
0x0,
0x0,
0x0,
0x0,
0x0,
0x0,
0x0,
0x0,
0x0,
0x0,
0x0,
0x0,
0x0,
0x0,
0x0,
0x0,
0x0,
0x0,
0x0,
0x0,
0x0,
0x0,
0x0,
0x0,
0x0,
0x0,
0x0,
0x0,
0x0,
0x0,
0x0,
0x0,
0x0,
0x0,
0x0,
0x0,
0x0,
0x0,
0x0,
0x0,
0x0,
0x0,
0x0,
0x0,
0x0,
0x0,
0x0,
0x0,
0x0,
0x0,
0x0,
0x0,
0x0,
0x0,
0x0,
0x0,
0x0,
0x0,
0x0,
0x0,
0x0,
0x0,
0x0,
0x0,
0x0,
0x0,
0x0,
0x0,
0x0,
0x0,
0x0,
0x0,
0x0,
0x0,
0x0,
0x0,
0x0,
0x0,
0x0,
0x0,
0x0,
0x0,
0x0,
0x0,
0x0,
0x0,
0x0,
0x0,
0x0,
0x0,
0x0,
0x0,
0x0,
0x0,
0x0,
0x0,
0x0,
0x0,
0x0,
0x0,
0x0,
0x0,
0x0,
0x0,
0x0,
0x0,
0x0,
0x0,
0x0,
0x0,
0x0,
0x0,
0x0,
0x0,
0x0,
0x0,
0x0,
0x0,
0x0,
0x0,
0x0,
0x0,
0x0,
0x0,
0x0,
0x0,
0x0,
0x0,
0x0,
0x0,
0x0,
0x0,
0x0,
0x0,
0x0,
0x0,
0x0,
0x0,
0x0,
0x0,
0x0,
0x0,
0x0,
0x0,
0x0,
0x0,
0x0,
0x0,
0x0,
0x0,
0x0,
0x0,
0x0,
0x0,
0x0,
0x0,
0x0,
0x0,
0x0,
0x0,
0x0,
0x0,
0x0,
0x0,
0x0,
0x0,
0x0,
0x0,
0x0,
0x0,
0x0,
0x0,
0x0,
0x0,
0x0,
0x0,
0x0,
0x0,
0x0,
0x0,
0x0,
0x0,
0x0,
0x0,
0x0,
0x0,
0x0,
0x0,
0x0,
0x0,
0x0,
0x0,
0x0,
0x0,
0x0,
0x0,
0x0,
0x0,
0x0,
0x0,
0x0,
0x0,
0x0,
0x0,
0x0,
0x0,
0x0,
0x0,
0x0,
0x0,
0x0,
0x0,
0x0,
0x0,
0x0,
0x0,
0x0,
0x0,
0x0,
0x0,
0x0,
0x0,
0x0,
0x0,
0x0,
0x0,
0x0,
0x0,
0x0,
0x0,
0x0,
0x0,
0x0,
0x0,
0x0,
0x0,
0x0,
0x0,
0x0,
0x0,
0x0,
0x0,
0x0,
0x0,
0x0,
0x0,
0x0,
0x0,
0x0,
0x0,
0x0,
0x0,
0x0,
0x0,
0x0,
0x0,
0x0,
0x0,
0x0,
0x0,
0x0,
0x0,
0x0,
0x0,
0x0,
0x0,
0x0,
0x0,
0x0,
0x0,
0x0,
0x0,
0x0,
0x0,
0x0,
0x0,
0x0,
0x0,
0x0,
0x0,
0x0,
0x0,
0x0,
0x0,
0x0,
0x0,
0x0,
0x0,
0x0,
0x0,
0x0,
0x0,
0x0,
0x0,
0x0,
0x0,
0x0,
0x0,
0x0,
0x0,
0x0,
0x0,
0x0,
0x0,
0x0,
0x0,
0x0,
0x0,
0x0,
0x0,
0x0,
0x0,
0x0,
0x0,
0x0,
0x0,
0x0,
0x0,
0x0,
0x0,
0x0,
0x0,
0x0,
0x0,
0x0,
0x0,
0x0,
0x0,
0x0,
0x0,
0x0,
0x0,
0x0,
0x0,
0x0,
0x0,
0x0,
0x0,
0x0,
0x0,
0x0,
0x0,
0x0,
0x0,
0x0,
0x0,
0x0,
0x0,
0x0,
0x0,
0x0,
0x0,
0x0,
0x0,
0x0,
0x0,
0x0,
0x0,
0x0,
0x0,
0x0,
0x0,
0x0,
0x0,
0x0,
0x0,
0x0,
0x0,
0x0,
0x0,
0x0,
0x0,
0x0,
0x0,
0x0,
0x0,
0x0,
0x0,
0x0,
0x0,
0x0,
0x0,
0x0,
0x0,
0x0,
0x0,
0x0,
0x0,
0x0,
0x0,
0x0,
0x0,
0x0,
0x0,
0x0,
0x0,
0x0,
0x0,
0x0,
0x0,
0x0,
0x0,
0x0,
0x0,
0x0,
0x0,
0x0,
0x0,
0x0,
0x0,
0x0,
0x0,
0x0,
0x0,
0x0,
0x0,
0x0,
0x0,
0x0,
0x0,
0x0,
0x0,
0x0,
0x0,
0x0,
0x0,
0x0,
0x0,
0x0,
0x0,
0x0,
0x0,
0x0,
0x0,
0x0,
0x0,
0x0,
0x0,
0x0,
0x0,
0x0,
0x0,
0x0,
0x0,
0x0,
0x0,
0x0,
0x0,
0x0,
0x0,
0x0,
0x0,
0x0,
0x0,
0x0,
0x0,
0x0,
0x0,
0x0,
0x0,
0x0,
0x0,
0x0,
0x0,
0x0,
0x0,
0x0,
0x0,
0x0,
0x0,
0x0,
0x0,
0x0,
0x0,
0x0,
0x0,
0x0,
0x0,
0x0,
0x0,
0x0,
0x0,
0x0,
0x0,
0x0,
0x0,
0x0,
0x0,
0x0,
0x0,
0x0,
0x0,
0x0,
0x0,
0x0,
0x0,
0x0,
0x0,
0x0,
0x0,
0x0,
0x0,
0x0,
0x0,
0x0,
0x0,
0x0,
0x0,
0x0,
0x0,
0x0,
0x0,
0x0,
0x0,
0x0,
0x0,
0x0,
0x0,
0x0,
0x0,
0x0,
0x0,
0x0,
0x0,
0x0,
0x0,
0x0,
0x0,
0x0,
0x0,
0x0,
0x0,
0x0,
0x0,
0x0,
0x0,
0x0,
0x0,
0x0,
0x0,
0x0,
0x0,
0x0,
0x0,
0x0,
0x0,
0x0,
0x0,
0x0,
0x0,
0x0,
0x0,
0x0,
0x0,
0x0,
0x0,
0x0,
0x0,
0x0,
0x0,
0x0,
0x0,
0x0,
0x0,
0x0,
0x0,
0x0,
0x0,
0x0,
0x0,
0x0,
0x0,
0x0,
0x0,
0x0,
0x0,
0x0,
0x0,
0x0,
0x0,
0x0,
0x0,
0x0,
0x0,
0x0,
0x0,
0x0,
0x0,
0x0,
0x0,
0x0,
0x0,
0x0,
0x0,
0x0,
0x0,
0x0,
0x0,
0x0,
0x0,
0x0,
0x0,
0x0,
0x0,
0x0,
0x0,
0x0,
0x0,
0x0,
0x0,
0x0,
0x0,
0x0,
0x0,
0x0,
0x0,
0x0,
0x0,
0x0,
0x0,
0x0,
0x0,
0x0,
0x0,
0x0,
0x0,
0x0,
0x0,
0x0,
0x0,
0x0,
0x0,
0x0,
0x0,
0x0,
0x0,
0x0,
0x0,
0x0,
0x0,
0x0,
0x0,
0x0,
0x0,
0x0,
0x0,
0x0,
0x0,
0x0,
0x0,
0x0,
0x0,
0x0,
0x0,
0x0,
0x0,
0x0,
0x0,
0x0,
0x0,
0x0,
0x0,
0x0,
0x0,
0x0,
0x0,
0x0,
0x0,
0x0,
0x0,
0x0,
0x0,
0x0,
0x0,
0x0,
0x0,
0x0,
0x0,
0x0,
0x0,
0x0,
0x0,
0x0,
0x0,
0x0,
0x0,
0x0,
0x0,
0x0,
0x0,
0x0,
0x0,
0x0,
0x0,
0x0,
0x0,
0x0,
0x0,
0x0,
0x0,
0x0,
0x0,
0x0,
0x0,
0x0,
0x0,
0x0,
0x0,
0x0,
0x0,
0x0,
0x0,
0x0,
0x0,
0x0,
0x0,
0x0,
0x0,
0x0,
0x0,
0x0,
0x0,
0x0,
0x0,
0x0,
0x0,
0x0,
0x0,
0x0,
0x0,
0x0,
0x0,
0x0,
0x0,
0x0,
0x0,
0x0,
0x0,
0x0,
0x0,
0x0,
0x0,
0x0,
0x0,
0x0,
0x0,
0x0,
0x0,
0x0,
0x0,
0x0,
0x0,
0x0,
0x0,
0x0,
0x0,
0x0,
0x0,
0x0,
0x0,
0x0,
0x0,
0x0,
0x0,
0x0,
0x0,
0x0,
0x0,
0x0,
0x0,
0x0,
0x0,
0x0,
0x0,
0x0,
0x0,
0x0,
0x0,
0x0,
0x0,
0x0,
0x0,
0x0,
0x0,
0x0,
0x0,
0x0,
0x0,
0x0,
0x0,
0x0,
0x0,
0x0,
0x0,
0x0,
0x0,
0x0,
0x0,
0x0,
0x0,
0x0,
0x0,
0x0,
0x0,
0x0,
0x0,
0x0,
0x0,
0x0,
0x0,
0x0,
0x0,
0x0,
0x0,
0x0,
0x0,
0x0,
0x0,
0x0,
0x0,
0x0,
0x0,
0x0,
0x0,
0x0,
0x0,
0x0,
0x0,
0x0,
0x0,
0x0,
0x0,
0x0,
0x0,
0x0,
0x0,
0x0,
0x0,
0x0,
0x0,
0x0,
0x0,
0x0,
0x0,
0x0,
0x0,
0x0,
0x0,
0x0,
0x0,
0x0,
0x0,
0x0,
0x0,
0x0,
0x0,
0x0,
0x0,
0x0,
0x0,
0x0,
0x0,
0x0,
0x0,
0x0,
0x0,
0x0,
0x0,
0x0,
0x0,
0x0,
0x0,
0x0,
0x0,
0x0,
0x0,
0x0,
0x0,
0x0,
0x0,
0x0,
0x0,
0x0,
0x0,
0x0,
0x0,
0x0,
0x0,
0x0,
0x0,
0x0,
0x0,
0x0,
0x0,
0x0,
0x0,
0x0,
0x0,
0x0,
0x0,
0x0,
0x0,
0x0,
0x0,
0x0,
0x0,
0x0,
0x0,
0x0,
0x0,
0x0,
0x0,
0x0,
0x0,
0x0,
0x0,
0x0,
0x0,
0x0,
0x0,
0x0,
0x0,
0x0,
0x0,
0x0,
0x0,
0x0,
0x0,
0x0,
0x0,
0x0,
0x0,
0x0,
0x0,
0x0,
0x0,
0x0,
0x0,
0x0,
0x0,
0x0,
0x0,
0x0,
0x0,
0x0,
0x0,
0x0,
0x0,
0x0,
0x0,
0x0,
0x0,
0x0,
0x0,
0x0,
0x0,
0x0,
0x0,
0x0,
0x0,
0x0,
0x0,
0x0,
0x0,
0x0,
0x0,
0x0,
0x0,
0x0,
0x0,
0x0,
0x0,
0x0,
0x0,
0x0,
0x0,
0x0,
0x0,
0x0,
0x0,
0x0,
0x0,
0x0,
0x0,
0x0,
0x0,
0x0,
0x0,
0x0,
0x0,
0x0,
0x0,
0x0,
0x0,
0x0,
0x0,
0x0,
0x0,
0x0,
0x0,
0x0,
0x0,
0x0,
0x0,
0x0,
0x0,
0x0,
0x0,
0x0,
0x0,
0x0,
0x0,
0x0,
0x0,
0x0,
0x0,
0x0,
0x0,
0x0,
0x0,
0x0,
0x0,
0x0,
0x0,
0x0,
0x0,
0x0,
0x0,
0x0,
0x0,
0x0,
0x0,
0x0,
0x0,
0x0,
0x0,
0x0,
0x0,
0x0,
0x0,
0x0,
0x0,
0x0,
0x0,
0x0,
0x0,
0x0,
0x0,
0x0,
0x0,
0x0,
0x0,
0x0,
0x0,
0x0,
0x0,
0x0,
0x0,
0x0,
0x0,
0x0,
0x0,
0x0,
0x0,
0x0,
0x0,
0x0,
0x0,
0x0,
0x0,
0x0,
0x0,
0x0,
0x0,
0x0,
0x0,
0x0,
0x0,
0x0,
0x0,
0x0,
0x0,
0x0,
0x0,
0x0,
0x0,
0x0,
0x0,
0x0,
0x0,
0x0,
0x0,
0x0,
0x0,
0x0,
0x0,
0x0,
0x0,
0x0,
0x0,
0x0,
0x0,
0x0,
0x0,
0x0,
0x0,
0x0,
0x0,
0x0,
0x0,
0x0,
0x0,
0x0,
0x0,
0x0,
0x0,
0x0,
0x0,
0x0,
0x0,
0x0,
0x0,
0x0,
0x0,
0x0,
0x0,
0x0,
0x0,
0x0,
0x0,
0x0,
0x0,
0x0,
0x0,
0x0,
0x0,
0x0,
0x0,
0x0,
0x0,
0x0,
0x0,
0x0,
0x0,
0x0,
0x0,
0x0,
0x0,
0x0,
0x0,
0x0,
0x0,
0x0,
0x0,
0x0,
0x0,
0x0,
0x0,
0x0,
0x0,
0x0,
0x0,
0x0,
0x0,
0x0,
0x0,
0x0,
0x0,
0x0,
0x0,
0x0,
0x0,
0x0,
0x0,
0x0,
0x0,
0x0,
0x0,
0x0,
0x0,
0x0,
0x0,
0x0,
0x0,
0x0,
0x0,
0x0,
0x0,
0x0,
0x0,
0x0,
0x0,
0x0,
0x0,
0x0,
0x0,
0x0,
0x0,
0x0,
0x0,
0x0,
0x0,
0x0,
0x0,
0x0,
0x0,
0x0,
0x0,
0x0,
0x0,
0x0,
0x0,
0x0,
0x0,
0x0,
0x0,
0x0,
0x0,
0x0,
0x0,
0x0,
0x0,
0x0,
0x0,
0x0,
0x0,
0x0,
0x0,
0x0,
0x0,
0x0,
0x0,
0x0,
0x0,
0x0,
0x0,
0x0,
0x0,
0x0,
0x0,
0x0,
0x0,
0x0,
0x0,
0x0,
0x0,
0x0,
0x0,
0x0,
0x0,
0x0,
0x0,
0x0,
0x0,
0x0,
0x0,
0x0,
0x0,
0x0,
0x0,
0x0,
0x0,
0x0,
0x0,
0x0,
0x0,
0x0,
0x0,
0x0,
0x0,
0x0,
0x0,
0x0,
0x0,
0x0,
0x0,
0x0,
0x0,
0x0,
0x0,
0x0,
0x0,
0x0,
0x0,
0x0,
0x0,
0x0,
0x0,
0x0,
0x0,
0x0,
0x0,
0x0,
0x0,
0x0,
0x0,
0x0,
0x0,
0x0,
0x0,
0x0,
0x0,
0x0,
0x0,
0x0,
0x0,
0x0,
0x0,
0x0,
0x0,
0x0,
0x0,
0x0,
0x0,
0x0,
0x0,
0x0,
0x0,
0x0,
0x0,
0x0,
0x0,
0x0,
0x0,
0x0,
0x0,
0x0,
0x0,
0x0,
0x0,
0x0,
0x0,
0x0,
0x0,
0x0,
0x0,
0x0,
0x0,
0x0,
0x0,
0x0,
0x0,
0x0,
0x0,
0x0,
0x0,
};
unsigned int PDSCHDag2_hw_2p0_bin_size = sizeof(PDSCHDag2_hw_2p0_bin);