#include "rfdata.h"
#include "types.h"

__attribute__((section(".rfdata"))) rfdata_t rfdata0;
__attribute__((section(".rfdata"))) rfdata_t rfdata1;
__attribute__((section(".rfdata"))) rfdata_t rfdata2;
__attribute__((section(".rfdata"))) rfdata_t rfdata3;
volatile __attribute__((section(".rfdata_data"), aligned(64))) uint16_t dfe_rfdata0[] = {
    0x0700,
    0x0181,
    0x00ff,
    0xffff,
    0x0000,
    0x0000,
    0x0000,
    0x0000,
    0x00ff,
    0xff00,
    0x0000,
    0x0000,
    0xd700,
    0x0000,
    0x01ff,
    0xfe00,
    0x0000,
    0x02ff,
    0xfd00,
    0x08ff,
    0x2df8,
    0x4ff0,
    0x56ef,
    0x55f2,
    0x5af3,
    0x5cf4,
    0x5bf7,
    0x5bfa,
    0x59fd,
    0x5401,
    0x4f06,
    0x4b0a,
    0x440f,
    0x3e14,
    0x3818,
    0x321c,
    0x2c21,
    0x2725,
    0x2228,
    0x1f2c,
    0x1c2f,
    0x1932,
    0x1734,
    0x1736,
    0x1737,
    0x1638,
    0x1739,
    0x1839,
    0x1838,
    0x1937,
    0x1936,
    0x1934,
    0x1832,
    0x172f,
    0x152c,
    0x1228,
    0x0e24,
    0x091f,
    0x041a,
    0xfe15,
    0xf810,
    0xf00b,
    0xe905,
    0xe2ff,
    0xdcf9,
    0xd5f3,
    0xd0ed,
    0xcbe7,
    0xc8e2,
    0xc6dd,
    0xc6d9,
    0xc7d5,
    0xc9d1,
    0xcecf,
    0xd3ce,
    0xdacd,
    0xe3cd,
    0xeccf,
    0xf6d0,
    0x01d3,
    0x0dd6,
    0x19d9,
    0x24dc,
    0x2fe0,
    0x3ae4,
    0x43e8,
    0x4bec,
    0x51ef,
    0x57f2,
    0x5bf4,
    0x5cf5,
    0x5df6,
    0x5cf5,
    0x59f4,
    0x55f1,
    0x4fee,
    0x48ea,
    0x40e5,
    0x38e0,
    0x2fdb,
    0x25d5,
    0x1cce,
    0x13c9,
    0x0ac3,
    0x01be,
    0xfab9,
    0xf4b6,
    0xeeb3,
    0xe9b1,
    0xe5b1,
    0xe3b2,
    0xe1b4,
    0xe1b8,
    0xe1bc,
    0xe1c2,
    0xe2c9,
    0xe4d1,
    0xe5da,
    0xe7e4,
    0xeaee,
    0xecf8,
    0xee02,
    0xf00b,
    0xf114,
    0xf21d,
    0xf225,
    0xf32b,
    0xf330,
    0xf335,
    0xf338,
    0xf439,
    0xf43a,
    0xf538,
    0xf636,
    0xf833,
    0xfa2f,
    0xfd2b,
    0x0125,
    0x051f,
    0x0919,
    0x0d13,
    0x130e,
    0x1908,
    0x2004,
    0x2600,
    0x2bfd,
    0x30fa,
    0x36f8,
    0x3bf8,
    0x3ff8,
    0x42f8,
    0x43f9,
    0x44fb,
    0x44fd,
    0x43ff,
    0x4002,
    0x3b04,
    0x3606,
    0x3007,
    0x2909,
    0x2109,
    0x1808,
    0x0f07,
    0x0606,
    0xfe04,
    0xf402,
    0xebff,
    0xe3fa,
    0xddf5,
    0xd7f0,
    0xd1eb,
    0xcce7,
    0xc9e3,
    0xc8df,
    0xc7db,
    0xc7d8,
    0xc8d6,
    0xcad6,
    0xccd7,
    0xd0d8,
    0xd3da,
    0xd7de,
    0xdae3,
    0xdde9,
    0xe0ef,
    0xe4f6,
    0xe7fd,
    0xe904,
    0xeb0c,
    0xec14,
    0xec1b,
    0xec21,
    0xec27,
    0xeb2c,
    0xeb31,
    0xeb34,
    0xea36,
    0xea37,
    0xeb36,
    0xec35,
    0xef32,
    0xf22e,
    0xf529,
    0xf924,
    0xfe1e,
    0x0417,
    0x0a0f,
    0x1108,
    0x1701,
    0x1efa,
    0x25f3,
    0x2cec,
    0x32e6,
    0x38e1,
    0x3ddc,
    0x40d8,
    0x43d4,
    0x44d1,
    0x43ce,
    0x41cc,
    0x3dcb,
    0x38ca,
    0x31c9,
    0x29c8,
    0x20c8,
    0x16c8,
    0x0bc8,
    0x00c7,
    0xf4c7,
    0xe9c6,
    0xdfc6,
    0xd5c6,
    0xcdc5,
    0xc5c4,
    0xbfc3,
    0xbbc3,
    0xb8c2,
    0xb7c2,
    0xb1c3,
    0xbcc2,
    0xc0c2,
    0xc7c4,
    0xcfc5,
    0xd8c7,
    0xe2c9,
    0xedcc,
    0xf8cf,
    0x04d2,
    0x0fd6,
    0x1ada,
    0x24de,
    0x2de2,
    0x35e7,
    0x3ceb,
    0x41ef,
    0x44f3,
    0x46f7,
    0x47f3,
    0x45ff,
    0x4202,
    0x3c04,
    0x3707,
    0x3009,
    0x280b,
    0x200d,
    0x170e,
    0x0e0f,
    0x0511,
    0xfd13,
    0xf514,
    0xed16,
    0xe610,
    0xe11a,
    0xdb1b,
    0xd71d,
    0xd31f,
    0xd121,
    0xd022,
    0xcf24,
    0xcf25,
    0xcf26,
    0xd027,
    0xd127,
    0xd127,
    0xd226,
    0xd225,
    0xd222,
    0xd21f,
    0xd11b,
    0xcf17,
    0xcd11,
    0xcb0c,
    0xc805,
    0xc5ff,
    0xc2f8,
    0xbef1,
    0xbbe9,
    0xb8e2,
    0xb6db,
    0xb4d6,
    0xb3d1,
    0xb3cd,
    0xb4c9,
    0xb6c8,
    0xb8c7,
    0xbbc9,
    0xc0cc,
    0xc6cf,
    0xccd4,
    0xd3db,
    0xdbe3,
    0xe2ea,
    0xeaf3,
    0xf3fd,
    0xfb06,
    0x020e,
    0x0818,
    0x0e21,
    0x1328,
    0x172e,
    0x1a33,
    0x1c37,
    0x1c39,
    0x1b3a,
    0x1a39,
    0x1735,
    0x1431,
    0x102b,
    0x0c24,
    0x071c,
    0x0213,
    0x9d0a,
    0xf800,
    0xf2f6,
    0xeded,
    0xeae4,
    0xe7dd,
    0xe6d6,
    0xe4d1,
    0xe3cd,
    0xe3cc,
    0xe4cc,
    0xe6ce,
    0xe9d1,
    0xecd6,
    0xeedd,
    0xf2e5,
    0xf5ee,
    0xf9f8,
    0xfd01,
    0x000a,
    0x0313,
    0x051d,
    0x0625,
    0x072c,
    0x0732,
    0x0736,
    0x0531,
    0x033a,
    0x013a,
    0xfe37,
    0xfb33,
    0xf72d,
    0xf326,
    0xef1e,
    0xec16,
    0xe80c,
    0xe403,
    0xe1f9,
    0xdef1,
    0xdce8,
    0xdbe1,
    0xdada,
    0xd9d6,
    0xd8d3,
    0xd9d2,
    0xdad2,
    0xdbd4,
    0xddd8,
    0xdedd,
    0xe0e4,
    0xe2ec,
    0xe4f4,
    0xe5fe,
    0xe707,
    0xe710,
    0xe719,
    0xe622,
    0xe62a,
    0xe430,
    0xe234,
    0xe038,
    0xdf3a,
    0xdc3a,
    0xd839,
    0xd535,
    0xd330,
    0xd02b,
    0xce23,
    0xcc1b,
    0xcb12,
    0xca08,
    0xc9ff,
    0xc9f6,
    0xcaee,
    0xcde5,
    0xd0de,
    0xd3d9,
    0xd7d5,
    0xdcd2,
    0xe2d2,
    0xe8d3,
    0xeed4,
    0xf5d8,
    0xfcde,
    0x03c5,
    0x0aed,
    0x10f6,
    0x1700,
    0x1d0a,
    0x2215,
    0x2620,
    0x2a2a,
    0x2d34,
    0x2e3d,
    0x2f45,
    0x2f4c,
    0x2e51,
    0x2c55,
    0x2a58,
    0x2759,
    0x2359,
    0x1f57,
    0x1c55,
    0x1751,
    0x134c,
    0x0e46,
    0x0b40,
    0x0939,
    0x0632,
    0x052a,
    0x0423,
    0x041c,
    0x0515,
    0x060e,
    0x0908,
    0x0b02,
    0x0efd,
    0x13f8,
    0x18f4,
    0x1df0,
    0x23ed,
    0x28ea,
    0x2ee7,
    0x33e5,
    0x38e3,
    0x3ce0,
    0x40c6,
    0x42dd,
    0x45db,
    0x46d9,
    0x46d6,
    0x45d4,
    0x43d3,
    0x40d1,
    0x3dd0,
    0x39cf,
    0x34cd,
    0x2ecd,
    0x28ce,
    0x21cf,
    0x1bd0,
    0x15d3,
    0x10d6,
    0x0ada,
    0x06e0,
    0x03e6,
    0xffed,
    0xfdf3,
    0xfdfb,
    0xfe03,
    0x000b,
    0x0213,
    0x051c,
    0x0825,
    0x0d2d,
    0x1234,
    0x183b,
    0x1e41,
    0x2346,
    0x294a,
    0x2f4c,
    0x344d,
    0x384e,
    0x3c4d,
    0x3f4b,
    0x4048,
    0x4044,
    0x403f,
    0x3d39,
    0x3a33,
    0x362d,
    0x3127,
    0x2a20,
    0x241a,
    0x1d15,
    0x1410,
    0x0c0b,
    0x0408,
    0xfc07,
    0xf407,
    0xec07,
    0xe608,
    0xe00b,
    0xdb0e,
    0xd712,
    0xd517,
    0xd31c,
    0xd322,
    0xd429,
    0xd62f,
    0xd936,
    0xdd3b,
    0xe241,
    0xe846,
    0xed4a,
    0xf34d,
    0xf94f,
    0xff50,
    0x0450,
    0x094f,
    0x0d4c,
    0x1147,
    0x1342,
    0x153c,
    0x1534,
    0x142c,
    0x1223,
    0x101a,
    0x0c10,
    0x0806,
    0x02fe,
    0xfcf7,
    0xf7ef,
    0xf2e7,
    0xede0,
    0xe8db,
    0xe5d7,
    0xe1d4,
    0xdfd1,
    0xddd0,
    0xddd0,
    0xddd2,
    0xe0d5,
    0xe4d9,
    0xe8de,
    0xece3,
    0xf2e8,
    0xf9ee,
    0x01f4,
    0x08fa,
    0x1000,
    0x1805,
    0x1f0b,
    0x260f,
    0x2c13,
    0x3115,
    0x3517,
    0x3817,
    0x3a16,
    0x3b14,
    0x3b11,
    0x390e,
    0x3609,
    0x3203,
    0x2dfd,
    0x27f6,
    0x22ef,
    0x1be7,
    0x15e0,
    0x0fd9,
    0x09d2,
    0x04cb,
    0xffc6,
    0xfcc1,
    0xf9bd,
    0xf8ba,
    0xf8b8,
    0xf9b8,
    0xfbb8,
    0xfebb,
    0x02be,
    0x08c2,
    0x0dc7,
    0x14ce,
    0x1bd5,
    0x23dd,
    0x2ae5,
    0x31ee,
    0x38f6,
    0x3eff,
    0x4408,
    0x4811,
    0x4c19,
    0x4e20,
    0x4f27,
    0x4e2c,
    0x4d31,
    0x4b34,
    0x4836,
    0x4437,
    0x3e38,
    0x3837,
    0x3335,
    0x2e32,
    0x282e,
    0x2229,
    0x1d24,
    0x181f,
    0x1518,
    0x1213,
    0x100d,
    0x1007,
    0x1001,
    0x11fc,
    0x13f8,
    0x17f4,
    0x1cf0,
    0x22ee,
    0x27ed,
    0x2ded,
    0x34ed,
    0x3bed,
    0x41ef,
    0x46f3,
    0x4bf6,
    0x4ffa,
    0x53fe,
    0x5602,
    0x5607,
    0x550c,
    0x5410,
    0x5214,
    0x4e18,
    0x491b,
    0x431e,
    0x3c20,
    0x3422,
    0x2b23,
    0x2223,
    0x1822,
    0x0f22,
    0x0620,
    0xfd1e,
    0xf41c,
    0xeb19,
    0xe416,
    0xde13,
    0xd710,
    0xd10c,
    0xcd09,
    0xca07,
    0xc805,
    0xc703,
    0xc502,
    0xc500,
    0xc600,
    0xc701,
    0xc903,
    0xcb04,
    0xce07,
    0xd00a,
    0xd20e,
    0xd412,
    0xd716,
    0xd91b,
    0xda1f,
    0xdc24,
    0xdd28,
    0xde2c,
    0xdf31,
    0xdf35,
    0xe037,
    0xe03a,
    0xe03c,
    0xe03e,
    0xe03f,
    0xe040,
    0xe040,
    0xe03f,
    0xe03e,
    0xe03d,
    0xe13c,
    0xe23a,
    0xe338,
    0xe436,
    0xe734,
    0xe032,
    0xea30,
    0xed2f,
    0xf02e,
    0xf42c,
    0xf72c,
    0xfa2b,
    0xfe2b,
    0x022b,
    0x062b,
    0x0a2b,
    0x0e2c,
    0x132d,
    0x172e,
    0x1c2f,
    0x2031,
    0x2432,
    0x2932,
    0x2c32,
    0x3033,
    0x3433,
    0x3732,
    0x3931,
    0x3c30,
    0x3e2e,
    0x3f2c,
    0x3f29,
    0x4026,
    0x3f22,
    0x3d1e,
    0x3b1a,
    0x3816,
    0x3411,
    0x2f0c,
    0x2907,
    0x2302,
    0x1cfe,
    0x15fb,
    0x0df6,
    0x05f3,
    0xfdf0,
    0xf6ee,
    0xedec,
    0xe5ea,
    0xdeea,
    0xd8e9,
    0xd1e9,
    0xcbea,
    0xc6ec,
    0xc1ef,
    0xbef2,
    0xbcf5,
    0xbbf9,
    0xbafd,
    0xbb02,
    0xbd07,
    0xbf0c,
    0xc211,
    0xc617,
    0xcb1c,
    0xd022,
    0xd527,
    0xdb2d,
    0xe131,
    0xe735,
    0xec39,
    0xf13d,
    0xf740,
    0xfc42,
    0x0144,
    0x0545,
    0x0845,
    0x0b46,
    0x0f45,
    0x1144,
    0x1342,
    0x1540,
    0x173e,
    0x193a,
    0x1b35,
    0x1c31,
    0x1d2d,
    0x1f28,
    0x2123,
    0x221e,
    0x2418,
    0x2612,
    0x280d,
    0x2b09,
    0x2c04,
    0x2eff,
    0x31fb,
    0x33f8,
    0x35f4,
    0x36f2,
    0x37f0,
    0x38ef,
    0x38ef,
    0x38f0,
    0x37f2,
    0x36f4,
    0x34f7,
    0x31fb,
    0x2e00,
    0x2b05,
    0x270b,
    0x2211,
    0x1e18,
    0x1a1e,
    0x1625,
    0x112c,
    0x0d33,
    0x0a3a,
    0x0840,
    0x0546,
    0x034a,
    0x024e,
    0x0251,
    0x0253,
    0x0454,
    0x0654,
    0x0952,
    0x0d50,
    0x104b,
    0x1547,
    0x1241,
    0x1f3a,
    0x2432,
    0x2929,
    0x2d20,
    0x3217,
    0x350d,
    0x3904,
    0x3bfa,
    0x3df1,
    0x3de8,
    0x3de0,
    0x3bda,
    0x39d4,
    0x36cf,
    0x32cc,
    0x2dca,
    0x28c9,
    0x22ca,
    0x1ccb,
    0x15cf,
    0x0fd3,
    0x08d9,
    0x01df,
    0xfae7,
    0xf4f0,
    0xf0f8,
    0xec00,
    0xe808,
    0xe510,
    0xe318,
    0xe11f,
    0xe025,
    0xdf2a,
    0xe02f,
    0xe232,
    0xe534,
    0xe834,
    0xeb33,
    0xee30,
    0xf22c,
    0xf627,
    0xf320,
    0xff19,
    0x0311,
    0x0607,
    0x09fe,
    0x0cf4,
    0x0ee9,
    0x10df,
    0x12d6,
    0x14cc,
    0x15c3,
    0x15bb,
    0x14b4,
    0x13ae,
    0x12a9,
    0x11a6,
    0x0fa4,
    0x0ea2,
    0x0ca2,
    0x0aa4,
    0x07a6,
    0x05a1,
    0x02ae,
    0x00b4,
    0xfeba,
    0xfcc2,
    0xf9ca,
    0xf7d2,
    0xf5da,
    0xf3e3,
    0xf2ec,
    0xf1f5,
    0xf1fd,
    0xf005,
    0xef0d,
    0xee13,
    0xee1a,
    0xed21,
    0xed27,
    0xed2b,
    0xed30,
    0xec35,
    0xec38,
    0xec3a,
    0xec3d,
    0xec3f,
    0xec40,
    0xeb41,
    0xeb42,
    0xeb42,
    0xeb41,
    0xea40,
    0xe93f,
    0xe83e,
    0xe83c,
    0xe739,
    0xe537,
    0xe434,
    0xe332,
    0xe12f,
    0xde2c,
    0xdc29,
    0xda25,
    0xd822,
    0xd61f,
    0xd31c,
    0xd11a,
    0xcf18,
    0xcd16,
    0xcb14,
    0xca13,
    0xc912,
    0xc812,
    0xc812,
    0xc813,
    0xc914,
    0xcb16,
    0xcd18,
    0xcf1b,
    0xd21e,
    0xd421,
    0xd724,
    0xdb27,
    0xdf2b,
    0xe22e,
    0xe631,
    0xe934,
    0xed36,
    0xef37,
    0xf238,
    0xf439,
    0xf539,
    0xf638,
    0xf636,
    0xf633,
    0xf430,
    0xf22c,
    0xef28,
    0xec22,
    0xe71d,
    0xe317,
    0xdf10,
    0xda0a,
    0xd503,
    0xd1fc,
    0xccf6,
    0xc8ef,
    0xc5e8,
    0xc3e2,
    0xc1ce,
    0xc1d9,
    0xc1d4,
    0xc3d0,
    0xc5cd,
    0xc9ca,
    0xcdc8,
    0xd2c6,
    0xd9c5,
    0xe0c5,
    0xe8c4,
    0xf1c3,
    0xfac4,
    0x03c5,
    0x0cc6,
    0x15c7,
    0x1ec9,
    0x26ca,
    0x2dcb,
    0x34cd,
    0x39cf,
    0x3ed1,
    0x41d3,
    0x43d5,
    0x44d7,
    0x44d2,
    0x42dc,
    0x40e1,
    0x3ce4,
    0x38e8,
    0x32ec,
    0x2cf0,
    0x26f5,
    0x1efa,
    0x17ff,
    0x1005,
    0x0a0a,
    0x0310,
    0xfd17,
    0xf81c,
    0xf222,
    0xee27,
    0xea2b,
    0xe82e,
    0xe631,
    0xe633,
    0xe734,
    0xe734,
    0xea34,
    0xed32,
    0xf12e,
    0xf52a,
    0xfa26,
    0x001f,
    0x0518,
    0x0b10,
    0x1108,
    0x1600,
    0x1bf8,
    0x21f0,
    0x26e7,
    0x2adf,
    0x2ed7,
    0x32d1,
    0x34ca,
    0x36c4,
    0x37c0,
    0x38bc,
    0x37ba,
    0x36b8,
    0x34b7,
    0x32b8,
    0x2fb9,
    0x2bbb,
    0x27be,
    0x24c1,
    0x1fc4,
    0x1ac7,
    0x16c3,
    0x12cf,
    0x0ed1,
    0x0ad4,
    0x06d7,
    0x03d9,
    0x01d9,
    0xffd9,
    0xfdd9,
    0xfbd7,
    0xfbd6,
    0xfcd4,
    0xfdd1,
    0xfecf,
    0x00cc,
    0x03c8,
    0x05c5,
    0x09c3,
    0x0dc1,
    0x11bf,
    0x15bf,
    0x19c0,
    0x1dc1,
    0x22c3,
    0x26c7,
    0x2acc,
    0x2ed2,
    0x31da,
    0x34e2,
    0x36ea,
    0x37f4,
    0x39fe,
    0x3908,
    0x3912,
    0x391d,
    0x3726,
    0x362f,
    0x3337,
    0x2f3e,
    0x2c44,
    0x2749,
    0x224c,
    0x1d4e,
    0x184e,
    0x114d,
    0x0b4a,
    0x0546,
    0xfe41,
    0xf83a,
    0xf133,
    0xec2b,
    0xe622,
    0xe119,
    0xdc0f,
    0xd806,
    0xd5fd,
    0xd1f5,
    0xcfee,
    0xcee7,
    0xcde1,
    0xccdd,
    0xcdda,
    0xcfd7,
    0xd2d6,
    0xd4d7,
    0xd8d9,
    0xdddb,
    0xe1de,
    0xe6e3,
    0xece9,
    0xf2ef,
    0xf8f5,
    0xfefc,
    0x0401,
    0x0a07,
    0x100e,
    0x1614,
    0x1b1a,
    0x201f,
    0x2423,
    0x2827,
    0x2b2b,
    0x2e2e,
    0x312f,
    0x3230,
    0x3331,
    0x3432,
    0x3432,
    0x3332,
    0x3131,
    0x3031,
    0x2f30,
    0x2d30,
    0x2a2f,
    0x282f,
    0x262f,
    0x242f,
    0x212f,
    0x1e31,
    0x1c32,
    0x1a33,
    0x1735,
    0x1536,
    0x1438,
    0x1239,
    0x113b,
    0x103d,
    0x0f3e,
    0x0e3e,
    0x0e3e,
    0x0d3d,
    0x0e3c,
    0x0e3a,
    0x0e37,
    0x0f34,
    0x0f2f,
    0x0f2b,
    0x1126,
    0x1220,
    0x1319,
    0x1412,
    0x140a,
    0x1502,
    0x15f9,
    0x17f2,
    0x18e9,
    0x19e1,
    0x1ad9,
    0x1bd2,
    0x1bcb,
    0x1cc4,
    0x1cbd,
    0x1cb9,
    0x1cb5,
    0x1cb1,
    0x1bae,
    0x1aad,
    0x19ac,
    0x18ac,
    0x16ad,
    0x14af,
    0x12b2,
    0x0fb6,
    0x0cbb,
    0x09c0,
    0x05c6,
    0x01cd,
    0xfdd4,
    0xfadb,
    0xf6e2,
    0xf3ea,
    0xeff2,
    0xebf9,
    0xe800,
    0xe506,
    0xe10d,
    0xdf13,
    0xdc18,
    0xda1c,
    0xd820,
    0xd624,
    0xd427,
    0xd329,
    0xd32a,
    0xd22b,
    0xd22b,
    0xd12b,
    0xd12a,
    0xd128,
    0xd026,
    0xd024,
    0xd022,
    0xcf20,
    0xcf1d,
    0xce1a,
    0xcc18,
    0xcb16,
    0xc914,
    0xc712,
    0xc510,
    0xc30e,
    0xc10d,
    0xbf0c,
    0xbd0b,
    0xbb0b,
    0xba0b,
    0xba0a,
    0xb80a,
    0xb90a,
    0xba0a,
    0xbc0a,
    0xbe0a,
    0xc109,
    0xc509,
    0xca08,
    0xd007,
    0xd606,
    0xd505,
    0xe503,
    0xed02,
    0xf501,
    0xfeff,
    0x06fc,
    0x0ffa,
    0x17f9,
    0x1ff8,
    0x27f7,
    0x2ef7,
    0x34f7,
    0x39f7,
    0x3cf8,
    0x3efa,
    0x3ffc,
    0x3ffe,
    0x3d02,
    0x3a06,
    0x3602,
    0x300f,
    0x2914,
    0x2218,
    0x1a1d,
    0x1122,
    0x0827,
    0xfe2b,
    0xf530,
    0xeb33,
    0xe135,
    0xd936,
    0xd136,
    0xc935,
    0xc334,
    0xbe31,
    0xba2e,
    0xb729,
    0xb523,
    0xb51d,
    0xb616,
    0xb80e,
    0xba05,
    0xbefc,
    0xc2f3,
    0xc7eb,
    0xcde3,
    0xd4dc,
    0xdbd4,
    0xe1ce,
    0xe8c8,
    0xefc3,
    0xf5c0,
    0xfbbd,
    0x01bb,
    0x07bb,
    0x0cbc,
    0x10bd,
    0x13bf,
    0x16c1,
    0x18c5,
    0x19c9,
    0x1acc,
    0x1bd0,
    0x1bd5,
    0x1bd8,
    0x1adb,
    0x1add,
    0x19df,
    0x17e0,
    0x16e0,
    0x14df,
    0x12dd,
    0x10db,
    0x0ed8,
    0x0cd4,
    0x0ad0,
    0x09ca,
    0x07c5,
    0x05bf,
    0x02bb,
    0x00b6,
    0xfeb1,
    0xfcad,
    0xfaab,
    0xf8a9,
    0xf5a8,
    0xf3a8,
    0xf1a9,
    0xefac,
    0xeeaf,
    0xedb4,
    0xecba,
    0xeac1,
    0xe9c9,
    0xe9d2,
    0xe9dc,
    0xe9e6,
    0xebf1,
    0xecfb,
    0xee04,
    0xf00e,
    0xf117,
    0xf31f,
    0xf526,
    0xf82d,
    0xfa32,
    0xfc36,
    0xfe39,
    0xff3a,
    0x013a,
    0x0139,
    0x0232,
    0x0233,
    0x012e,
    0x0028,
    0xfe22,
    0xfc1b,
    0xf914,
    0xf50c,
    0xf104,
    0xedfc,
    0xe9f4,
    0xe4ec,
    0xe0e5,
    0xdcde,
    0xd9d7,
    0xd5d1,
    0xd3cc,
    0xd2c7,
    0xd1c3,
    0xd0c0,
    0xd2be,
    0xd4bd,
    0xd6bc,
    0xdabb,
    0xe0bc,
    0xe7be,
    0xedbf,
    0xf4c0,
    0xf4c2,
    0x05c4,
    0x0dc7,
    0x16ca,
    0x1ecd,
    0x27d0,
    0x2fd3,
    0x36d7,
    0x3cda,
    0x41de,
    0x45e2,
    0x48e6,
    0x4ae9,
    0x4bee,
    0x4af2,
    0x48f7,
    0x45f3,
    0x41ff,
    0x3d03,
    0x3708,
    0x300c,
    0x2a11,
    0x2315,
    0x1d19,
    0x151d,
    0x0f22,
    0x0925,
    0x0328,
    0xfd2c,
    0xf92f,
    0xf631,
    0xf334,
    0xf136,
    0xf137,
    0xf138,
    0xf239,
    0xf439,
    0xf738,
    0xfa38,
    0xfe38,
    0x0237,
    0x0736,
    0x0c35,
    0x1133,
    0x1531,
    0x1a30,
    0x1d2f,
    0x202e,
    0x232d,
    0x252c,
    0x272b,
    0x282b,
    0x282b,
    0x282a,
    0x272a,
    0x252b,
    0x232b,
    0x212c,
    0x1e2d,
    0x1b2e,
    0x182f,
    0x1430,
    0x0f32,
    0x0c34,
    0x0835,
    0x0537,
    0x0138,
    0xfe3a,
    0xfc3c,
    0xf93d,
    0xf63f,
    0xf440,
    0xf341,
    0xf141,
    0xef42,
    0xee43,
    0xee42,
    0xed42,
    0xee42,
    0xee41,
    0xee3f,
    0xef3e,
    0xf13b,
    0xf238,
    0xf435,
    0xf632,
    0xf92d,
    0xfc29,
    0xff24,
    0x021e,
    0x0518,
    0x0811,
    0x0c0a,
    0x1002,
    0x13fb,
    0x17f3,
    0x1beb,
    0x1ee3,
    0x22cb,
    0x25d4,
    0x28cd,
    0x2bc6,
    0x2cc0,
    0x2eba,
    0x2eb5,
    0x2fb2,
    0x2eae,
    0x2dac,
    0x2bac,
    0x29ac,
    0x26ad,
    0x22af,
    0x1eb3,
    0x1ab8,
    0x16be,
    0x11c5,
    0x0ccd,
    0x07d5,
    0x03df,
    0xffe8,
    0xfbf2,
    0xf8fd,
    0xf607,
    0xf410,
    0xf218,
    0xf120,
    0xf128,
    0xf12e,
    0xf233,
    0xf437,
    0xf539,
    0xf83a,
    0xfb39,
    0xff37,
    0x0234,
    0x052f,
    0x0829,
    0x0b22,
    0x0e1a,
    0x1011,
    0x1108,
    0x11fe,
    0x12f5,
    0x12eb,
    0x11e1,
    0x0fd9,
    0x0dd1,
    0x0aca,
    0x06c3,
    0x03be,
    0xfebb,
    0xf9b9,
    0xf0b8,
    0xefb9,
    0xe9bc,
    0xe4bf,
    0xe0c4,
    0xdbcb,
    0xd6d2,
    0xd2db,
    0xcee4,
    0xcbee,
    0xc9f8,
    0xc702,
    0xc60c,
    0xc415,
    0xc41e,
    0xc427,
    0xc42e,
    0xc534,
    0xc639,
    0xc73d,
    0xc840,
    0xca41,
    0xcc41,
    0xcd3f,
    0xcf3c,
    0xd137,
    0xd233,
    0xd42d,
    0xd526,
    0xd61e,
    0xd716,
    0xd80e,
    0xd806,
    0xd9fe,
    0xdaf7,
    0xdaef,
    0xdae8,
    0xdae2,
    0xdadd,
    0xdad8,
    0xdbd5,
    0xdbd4,
    0xdbd3,
    0xdbd2,
    0xdbd2,
    0xdbd4,
    0xdbd7,
    0xdbd9,
    0xdadc,
    0xdae1,
    0xdae6,
    0xd8eb,
    0xd7f1,
    0xd7f6,
    0xd5fc,
    0xd301,
    0xd207,
    0xd10b,
    0xcf10,
    0xcd15,
    0xcc1a,
    0xcb1f,
    0xca22,
    0xc926,
    0xc929,
    0xca2c,
    0xcb2f,
    0xcd31,
    0xcf33,
    0xd335,
    0xd637,
    0xdb38,
    0xe039,
    0xe63a,
    0xec3a,
    0xf33a,
    0xfa3a,
    0x013a,
    0x0939,
    0x1138,
    0x1836,
    0x1f34,
    0x2632,
    0x2c2f,
    0x312c,
    0x3629,
    0x3a26,
    0x3c22,
    0x3e1e,
    0x3f1a,
    0x3f16,
    0x3d12,
    0x3b0d,
    0x3708,
    0x3204,
    0x2c00,
    0x26fc,
    0x1ff9,
    0x17f7,
    0x0ef4,
    0x06f2,
    0xfdf2,
    0xf5f1,
    0xedf1,
    0xe5f1,
    0xddf1,
    0xd5f2,
    0xcff3,
    0xc9f5,
    0xc2f7,
    0xbef9,
    0xbbfc,
    0xb8fe,
    0xb500,
    0xb403,
    0xb306,
    0xb308,
    0xb40b,
    0xb50d,
    0xb810,
    0xbb12,
    0xbd14,
    0xc115,
    0xc517,
    0xc919,
    0xcd1a,
    0xd21b,
    0xd61c,
    0xda1e,
    0xde1f,
    0xe221,
    0xe622,
    0xe924,
    0xed27,
    0xf029,
    0xf32a,
    0xf52d,
    0xf62f,
    0xf832,
    0xfa36,
    0xfa39,
    0xfb3b,
    0xfb3d,
    0xfb40,
    0xfb42,
    0xfb44,
    0xfb45,
    0xfa46,
    0xfa47,
    0xfa47,
    0xfa47,
    0xfb46,
    0xfb45,
    0xfc43,
    0xfd42,
    0xff40,
    0x013d,
    0x043a,
    0x0736,
    0x0a33,
    0x0d30,
    0x112d,
    0x152b,
    0x1928,
    0x1d25,
    0x2123,
    0x2422,
    0x2821,
    0x2b20,
    0x2e20,
    0x3020,
    0x3120,
    0x3121,
    0x3021,
    0x2e22,
    0x2c22,
    0x2823,
    0x2323,
    0x1e23,
    0x1723,
    0x1023,
    0x0921,
    0x0120,
    0xf81d,
    0xef1b,
    0xe617,
    0xde13,
    0xd60f,
    0xce09,
    0xc604,
    0xbffe,
    0xbaf8,
    0xb2f2,
    0xb3ec,
    0xb1e6,
    0xb0e1,
    0xb1d4,
    0xb2d7,
    0xb5d3,
    0xb9d0,
    0xbdce,
    0xc3cd,
    0xc9cd,
    0xcfce,
    0xd5cf,
    0xdbd1,
    0xe0d4,
    0xe6d8,
    0xeadc,
    0xeee0,
    0xf0e6,
    0xf2ec,
    0xf3f1,
    0xf3f6,
    0xf1fb,
    0xee00,
    0xea04,
    0xe408,
    0xde0b,
    0xd80e,
    0xd10f,
    0xca10,
    0xc310,
    0xbc10,
    0xb60f,
    0xb00d,
    0xab0a,
    0xa807,
    0xa603,
    0xa500,
    0xa5fb,
    0xa7f6,
    0xaaf1,
    0xafed,
    0xb5e9,
    0xbce4,
    0xc5e0,
    0xcfdc,
    0xdad8,
    0xe4d4,
    0xeed1,
    0xface,
    0x04cc,
    0x0dca,
    0x16c9,
    0x1ec7,
    0x24c7,
    0x28c7,
    0x2cc8,
    0x2ec8,
    0x2ec8,
    0x2cca,
    0x28cc,
    0x23ce,
    0x1dd0,
    0x15d3,
    0x0dd5,
    0x04d8,
    0xfbdb,
    0xf1de,
    0xe8e0,
    0xe0e3,
    0xd8e7,
    0xd1ea,
    0xcbed,
    0xc6ef,
    0xc3f1,
    0xc1f3,
    0xc2f5,
    0xc4f7,
    0xc7f8,
    0xcbf9,
    0xd2fa,
    0xdafa,
    0xe2fa,
    0xebf9,
    0xf4f8,
    0xfdf6,
    0x06f4,
    0x10f2,
    0x19f0,
    0x21ee,
    0x28ed,
    0x2deb,
    0x31ea,
    0x34e8,
    0x35e7,
    0x34e6,
    0x32e7,
    0x2ee8,
    0x29e9,
    0x24eb,
    0x1ded,
    0x14f1,
    0x0bf5,
    0x03fa,
    0xfaff,
    0xf206,
    0xeb0b,
    0xe012,
    0xdd18,
    0xd71f,
    0xd326,
    0xd02c,
    0xce32,
    0xce38,
    0xcf3d,
    0xd241,
    0xd544,
    0xda47,
    0xe049,
    0xe64a,
    0xec4a,
    0xf349,
    0xfb47,
    0x0144,
    0x0841,
    0x0d3c,
    0x1237,
    0x1632,
    0x192d,
    0x1a27,
    0x1a21,
    0x181c,
    0x1516,
    0x1111,
    0x0b0d,
    0x050a,
    0xfe07,
    0xf605,
    0xed04,
    0xe304,
    0xd903,
    0xd004,
    0xc706,
    0xbf08,
    0xb80a,
    0xb10e,
    0xac12,
    0xa815,
    0xa618,
    0xa41b,
    0xa41f,
    0xa521,
    0xa824,
    0xac26,
    0xb127,
    0xb727,
    0xbe27,
    0xc626,
    0xcf24,
    0xd721,
    0xe00d,
    0xe819,
    0xf014,
    0xf60e,
    0xfc08,
    0x0201,
    0x06fa,
    0x08f3,
    0x0aed,
    0x0de6,
    0x0dde,
    0x0bd8,
    0x08d2,
    0x06cd,
    0x03c7,
    0x00c2,
    0xfbbe,
    0xf6bb,
    0xf1b8,
    0xedb6,
    0xe9b5,
    0xe5b4,
    0xe2b4,
    0xe0b5,
    0xdeb6,
    0xddb8,
    0xddba,
    0xdebd,
    0xdfc1,
    0xe1c5,
    0xe3c9,
    0xe6cf,
    0xe9d4,
    0xecd9,
    0xeede,
    0xf1e4,
    0xf3eb,
    0xf4f1,
    0xf4f8,
    0xf5ff,
    0xf404,
    0xf20b,
    0xef11,
    0xec17,
    0xe71d,
    0xe122,
    0xdb27,
    0xd52b,
    0xce2e,
    0xc831,
    0xc133,
    0xbc35,
    0xb635,
    0xb135,
    0xae34,
    0xac31,
    0xaa2e,
    0xaa2b,
    0xab26,
    0xae20,
    0xb31b,
    0xb916,
    0xc00f,
    0xc808,
    0xd102,
    0xdbfd,
    0xe6f7,
    0xf0f2,
    0xfaee,
    0x05ea,
    0x0fe7,
    0x18e5,
    0x21e5,
    0x29e6,
    0x2fe8,
    0x34eb,
    0x38ef,
    0x3af4,
    0x3afa,
    0x3a01,
    0x3809,
    0x3510,
    0x3118,
    0x2c20,
    0x2628,
    0x202f,
    0x1b35,
    0x143a,
    0x0e3f,
    0x0943,
    0x0544,
    0x0145,
    0xff44,
    0xfd43,
    0xfc3f,
    0xfd3a,
    0xff35,
    0x022e,
    0x0527,
    0x0920,
    0x0f18,
    0x1410,
    0x1a09,
    0x2002,
    0x25fb,
    0x2af6,
    0x2ff2,
    0x34ef,
    0x37ec,
    0x38ec,
    0x38ec,
    0x38ee,
    0x36f1,
    0x33f5,
    0x2efa,
    0x29ff,
    0x2305,
    0x1c0b,
    0x1412,
    0x0c19,
    0x051f,
    0xfd24,
    0xf629,
    0xef2d,
    0xea30,
    0xe531,
    0xe231,
    0xe030,
    0xdf2f,
    0xe02b,
    0xe226,
    0xe621,
    0xea1b,
    0xf015,
    0xf70d,
    0xfe06,
    0x05ff,
    0x0cf8,
    0x13f2,
    0x1bec,
    0x22e8,
    0x27e4,
    0x2ce1,
    0x2fdf,
    0x32df,
    0x32e1,
    0x30e2,
    0x2ee5,
    0x2ae9,
    0x24ee,
    0x1df3,
    0x15f9,
    0x0eff,
    0x0506,
    0xcc0c,
    0xf412,
    0xea18,
    0xe21c,
    0xdb20,
    0xd123,
    0xd024,
    0xcd25,
    0xcc26,
    0xcc25,
    0xce23,
    0xd220,
    0xd81d,
    0xdf19,
    0xe815,
    0xf110,
    0xfc0b,
    0x0705,
    0x1100,
    0x1cfd,
    0x28f9,
    0x32f6,
    0x3cf3,
    0x44f2,
    0x4cf0,
    0x52ef,
    0x57ef,
    0x59f1,
    0x5bf2,
    0x5cf4,
    0x5af8,
    0x57fc,
    0x54ff,
    0x5004,
    0x4b09,
    0x450e,
    0x3f12,
    0x3917,
    0x321c,
    0x2d20,
    0x2824,
    0x2428,
    0x202c,
    0x1c2f,
    0x1a32,
    0x1934,
    0x1836,
    0x1837,
    0x1838,
    0x1839,
    0x1939,
    0x1a38,
    0x1a37,
    0x1b36,
    0x1a34,
    0x1931,
    0x182e,
    0x162b,
    0x1327,
    0x0f23,
    0x0a1f,
    0x051b,
    0xff15,
    0xf810,
    0xf10b,
    0xea06,
    0xe300,
    0xdbfa,
    0xd5f4,
    0xcfef,
    0xcbe9,
    0xc6e4,
    0xc4e0,
    0xc4d3,
    0xc5d7,
    0xc7d5,
    0xc3d3,
    0xd1d1,
    0xd8d0,
    0xe0d0,
    0xe1d0,
    0xf4d1,
    0xffd3,
    0x0ad5,
    0x16d8,
    0x22db,
    0x2dde,
    0x38e1,
    0x41e4,
    0x4ae7,
    0x50ea,
    0x56ed,
    0x5aef,
    0x5df0,
    0x5df1,
    0x5bf1,
    0x58ef,
    0x54ed,
    0x4eea,
    0x47e7,
    0x3fe2,
    0x36dd,
    0x2dd8,
    0x23d3,
    0x19cd,
    0x10c8,
    0x07c3,
    0xffbe,
    0xf6ba,
    0xf0b7,
    0xeab4,
    0xe6b2,
    0xe2b2,
    0xe0b3,
    0xdeb5,
    0xdeb9,
    0xdebe,
    0xdfc4,
    0xe0ca,
    0xe3d2,
    0xe4db,
    0xe6e5,
    0xe9ef,
    0xecf8,
    0xee02,
    0xf00c,
    0xf215,
    0xf31d,
    0xf325,
    0xf42b,
    0xf531,
    0xf535,
    0xf438,
    0xf439,
    0xf539,
    0xf638,
    0xf736,
    0xf833,
    0xfa2f,
    0xfd2a,
    0x0125,
    0x051f,
    0x0919,
    0x0e13,
    0x130e,
    0x1909,
    0x1f04,
    0x2500,
    0x2bfd,
    0x31fb,
    0x37fa,
    0x3cf9,
    0x3ffa,
    0x42fb,
    0x44fb,
    0x45fd,
    0x4400,
    0x4202,
    0x4004,
    0x3c08,
    0x3608,
    0x2f08,
    0x280b,
    0x200a,
    0x1808};
volatile __attribute__((section(".rfdata_data"), aligned(64))) uint16_t dfe_rfdata1[] = {
    0x0701,
    0x0181,
    0x0f0b,
    0x04fd,
    0xfdd5,
    0x03b3,
    0x13c7,
    0x21df,
    0x2af0,
    0x3007,
    0x3523,
    0x373b,
    0x3950,
    0x3b61,
    0x3c6a,
    0x3d6b,
    0x3e67,
    0x3e5a,
    0x3d45,
    0x3a2a,
    0x340d,
    0x2bf1,
    0x1fd7,
    0x12c3,
    0x02b7,
    0xf2b4,
    0xe2ba,
    0xd5c9,
    0xcbdf,
    0xc5fb,
    0xc51a,
    0xca37,
    0xd452,
    0xe266,
    0xf471,
    0x0774,
    0x1a71,
    0x2c67,
    0x3c55,
    0x483d,
    0x4f22,
    0x5408,
    0x54f0,
    0x51dd,
    0x4cd2,
    0x46cc,
    0x3fce,
    0x39d8,
    0x34e6,
    0x31f6,
    0x2e08,
    0x2c19,
    0x2a26,
    0x272e,
    0x2232,
    0x1b30,
    0x1228,
    0x071c,
    0xfb0f,
    0xee00,
    0xe2f1,
    0xd9e5,
    0xd3dc,
    0xd1d8,
    0xd5d9,
    0xdede,
    0xece7,
    0xfdf2,
    0x11fe,
    0x260a,
    0x3a16,
    0x4b20,
    0x5727,
    0x5e2a,
    0x5f2b,
    0x5b29,
    0x5326,
    0x4722,
    0x3a1e,
    0x2c1c,
    0x211b,
    0x191d,
    0x1622,
    0x1728,
    0x1e30,
    0x293a,
    0x3743,
    0x454b,
    0x5252,
    0x5c58,
    0x625a,
    0x6359,
    0x5f56,
    0x5550,
    0x4547,
    0x323c,
    0x1d30,
    0x0824,
    0xf619,
    0xe60e,
    0xdb05,
    0xd6fd,
    0xd8f7,
    0xdef4,
    0xe9f3,
    0xf7f4,
    0x04f6,
    0x11fa,
    0x1c00,
    0x2406,
    0x270e,
    0x2515,
    0x1f1b,
    0x151f,
    0x0922,
    0xfd22,
    0xf121,
    0xe61c,
    0xde15,
    0xd80c,
    0xd601,
    0xd7f6,
    0xdaea,
    0xdddf,
    0xe1d6,
    0xe4ce,
    0xe5ca,
    0xe3c9,
    0xe0cb,
    0xdbd0,
    0xd5d6,
    0xcfde,
    0xcae5,
    0xc7ec,
    0xc8f1,
    0xccf3,
    0xd4f1,
    0xdeec,
    0xeae4,
    0xf8d9,
    0x06cb,
    0x11be,
    0x19b1,
    0x1ca7,
    0x19a0,
    0x109d,
    0x029f,
    0xf0a5,
    0xd2b0,
    0xc3c0,
    0xaed2,
    0x9ce5,
    0x90f9,
    0x890c,
    0x861b,
    0x8825,
    0x8d2b,
    0x982a,
    0xa724,
    0xb918,
    0xca09,
    0xdaf6,
    0xe8e1,
    0xe2cc,
    0xf9b8,
    0xfda8,
    0xfe9b,
    0xfd93,
    0xfb8e,
    0xfb8d,
    0xfb8e,
    0xfd92,
    0x0098,
    0x06a0,
    0x0caa,
    0x12b4,
    0x18be,
    0x1bc9,
    0x1bd3,
    0x17dc,
    0x10c4,
    0x05ec,
    0xf7f4,
    0xe8fc,
    0xd802,
    0xc909,
    0xbd0f,
    0xb616,
    0xb41c,
    0xb822,
    0xc128,
    0xd02d,
    0xe331,
    0xf834,
    0x0d38,
    0x1f3b,
    0x2e3d,
    0x373e,
    0x3a3d,
    0x3739,
    0x2e33,
    0x1f2b,
    0x0d1f,
    0xf911,
    0xe400,
    0xd2ec,
    0xc4d6,
    0xbcc0,
    0xbaac,
    0xbe9b,
    0xc890,
    0xd78a,
    0xe989,
    0xfb8c,
    0x0c94,
    0x19a4,
    0x22bb,
    0x25d7,
    0x20f5,
    0x1612,
    0x062e,
    0xf145,
    0xd855,
    0xbf5d,
    0xa85d,
    0x9457,
    0x8849,
    0x8236,
    0x8020,
    0x8208,
    0x89f2,
    0x96e0,
    0xaad4,
    0xc3d0,
    0xdfd4,
    0xfadf,
    0x15f1,
    0x2f08,
    0x4424,
    0x5540,
    0x6059,
    0x676d,
    0x6a78,
    0x6a7c,
    0x667b,
    0x6079,
    0x5770,
    0x4c5f,
    0x4148,
    0x362d,
    0x2b12,
    0x21f9,
    0x19e2,
    0x14c7,
    0x11c1,
    0x12b8,
    0x16b2,
    0x1db0,
    0x27af,
    0x33b1,
    0x42b3,
    0x50b6,
    0x5eb9,
    0x6abb,
    0x73bd,
    0x78c0,
    0x79c4,
    0x77c9,
    0x72cf,
    0x67d7,
    0x57e0,
    0x42ea,
    0x2af3,
    0x11fd,
    0xfa07,
    0xe60e,
    0xd511,
    0xc811,
    0xc110,
    0xc10c,
    0xc707,
    0xd002,
    0xddfe,
    0xebfd,
    0xf9ff,
    0x0604,
    0x0f0e,
    0x141e,
    0x1432,
    0x0f47,
    0x055c,
    0xf86e,
    0xea79,
    0xdc7d,
    0xd07c,
    0xc67d,
    0xc27c,
    0xc373,
    0xcb60,
    0xd845,
    0xea26,
    0xed06,
    0x12e8,
    0x27cd,
    0x3ab7,
    0x49a9,
    0x52a2,
    0x56a2,
    0x54a7,
    0x4db2,
    0x44c2,
    0x39d5,
    0x2ee8,
    0x26fb,
    0x210c,
    0x211a,
    0x2624,
    0x302a,
    0x3e2d,
    0x4f2d,
    0x5f2a,
    0x6d24,
    0x751e,
    0x7916,
    0x780e,
    0x7206,
    0x62ff,
    0x4af8,
    0x2bf2,
    0x09ee,
    0xe7ea,
    0xc8e7,
    0xaee4,
    0x9ce3,
    0x94e2,
    0x95e3,
    0x9fe4,
    0xb1e7,
    0xcbea,
    0xeaed,
    0x0bef,
    0x2af1,
    0x45f2,
    0x59f2,
    0x63f1,
    0x66ee,
    0x60e8,
    0x51e1,
    0x3cda,
    0x23d3,
    0x09cd,
    0xf0c9,
    0xdcc8,
    0xcec9,
    0xc6ce,
    0xc7d5,
    0xcee0,
    0xdded,
    0xf1fb,
    0x0903,
    0x2013,
    0x371d,
    0x4a24,
    0x5927,
    0x6226,
    0x6621,
    0x651a,
    0x6011,
    0x5807,
    0x4cfe,
    0x40f7,
    0x34f3,
    0x29f3,
    0x20f6,
    0x19fd,
    0x1506,
    0x1311,
    0x111c,
    0x1025,
    0x0f2b,
    0x0d2d,
    0x0b2c,
    0x0926,
    0x061b,
    0x040e,
    0x020f,
    0x03f0,
    0x07e3,
    0x10d8,
    0x1cd1,
    0x0ccf,
    0x3fd2,
    0x52da,
    0x65e5,
    0x76f3,
    0x7f01,
    0x7f0f,
    0x7f1a,
    0x7f22,
    0x7f24,
    0x7d20,
    0x7418,
    0x620d,
    0x487f,
    0x2df0,
    0x13e2,
    0xfcd6,
    0xe8cf,
    0xdacc,
    0xd1ce,
    0xcfd5,
    0xd1e0,
    0xd9ef,
    0xe4fe,
    0xf20d,
    0x0019,
    0x0c23,
    0x1628,
    0x1e28,
    0x2224,
    0x231b,
    0x2010,
    0x1a03,
    0x11f7,
    0x08ee,
    0xffe8,
    0xf7e6,
    0xf2ea,
    0xeff2,
    0xeffe,
    0xf20e,
    0xf820,
    0x0031,
    0x0a40,
    0x164d,
    0x2255,
    0x2c57,
    0x3655,
    0x3e4d,
    0x443f,
    0x462d,
    0x4619,
    0x4405,
    0x3ff2,
    0x38e1,
    0x30d3,
    0x27ca,
    0x1fc5,
    0x18c4,
    0x12c7,
    0x0dce,
    0x0ad7,
    0x08e3,
    0x09ef,
    0x0cfc,
    0x0f08,
    0x1215,
    0x1520,
    0x162b,
    0x1634,
    0x133e,
    0x0f45,
    0x094a,
    0x004f,
    0xf852,
    0xef52,
    0xe64f,
    0xde4a,
    0xd943,
    0xd738,
    0xd82a,
    0xdc1b,
    0xe30c,
    0xecfd,
    0xf6ef,
    0x00e3,
    0x0bdb,
    0x15d8,
    0x1bd9,
    0x1ddf,
    0x1ce9,
    0x18f6,
    0x1105,
    0x0715,
    0xf325,
    0xf033,
    0xe53e,
    0xdd44,
    0xd946,
    0xd845,
    0xdc41,
    0xe53a,
    0xf031,
    0xfd29,
    0x0a22,
    0x161d,
    0x201b,
    0x261d,
    0x2923,
    0x262c,
    0x1f37,
    0x1442,
    0x054d,
    0xf556,
    0xe65b,
    0xd85c,
    0xcd58,
    0xc74e,
    0xc640,
    0xcb2d,
    0xd417,
    0xe1ff,
    0xeee8,
    0xfdd1,
    0x0cbe,
    0x19b0,
    0x21a9,
    0x25a7,
    0x25aa,
    0x20b3,
    0x18c1,
    0x0fd3,
    0x05e6,
    0xfef9,
    0xf90b,
    0xf81b,
    0xfc28,
    0x0432,
    0x1137,
    0x2239,
    0x3537,
    0x4a32,
    0x5d2d,
    0x6c25,
    0x771e,
    0x7c16,
    0x7e10,
    0x7d09,
    0x7904,
    0x70fe,
    0x64fa,
    0x55f4,
    0x44ee,
    0x33e7,
    0x24e0,
    0x17d7,
    0x0dce,
    0x06c5,
    0x01bd,
    0xfdb6,
    0xfab3,
    0xf8b2,
    0xf6b4,
    0xf2bb,
    0xefc5,
    0xebd3,
    0xe8e4,
    0xe5f6,
    0xe408,
    0xe41a,
    0xe629,
    0xeb35,
    0xf13d,
    0xf940,
    0x023e,
    0x0938,
    0x0f2f,
    0x1323,
    0x1415,
    0x1107,
    0x0afb,
    0xfff2,
    0xf2ec,
    0xe5e8,
    0xd7e6,
    0xcbe9,
    0xc2ed,
    0xbdf1,
    0xbcf5,
    0xc2f8,
    0xccf8,
    0xdbf6,
    0xedf1,
    0x01e8,
    0x14dd,
    0x26d1,
    0x33c7,
    0x3bbe,
    0x3db9,
    0x39b9,
    0x30bd,
    0x22c8,
    0x10d8,
    0xfdec,
    0xec02,
    0xdd19,
    0xd20f,
    0xcc40,
    0xcc4c,
    0xd452,
    0xe14f,
    0xf344,
    0x0932,
    0x1f19,
    0x34fc,
    0x47de,
    0x56c1,
    0x5fa8,
    0x6396,
    0x618d,
    0x598a,
    0x4e8e,
    0x3e98,
    0x2cab,
    0x1ac6,
    0x0ae3,
    0xfc00,
    0xf31c,
    0xee34,
    0xee47,
    0xf152,
    0xf957,
    0x0355,
    0x0f4f,
    0x1c45,
    0x2839,
    0x342d,
    0x3d23,
    0x421c,
    0x441a,
    0x441c,
    0x4222,
    0x3d2d,
    0x373a,
    0x324a,
    0x2c58,
    0x2664,
    0x236d,
    0x2173,
    0x2176,
    0x2476,
    0x2875,
    0x2d72,
    0x336d,
    0x3868,
    0x3c62,
    0x3e5b,
    0x3e55,
    0x3950,
    0x314b,
    0x2644,
    0x1635,
    0x0335,
    0xee29,
    0xd71b,
    0xbf0b,
    0xa9f9,
    0x97e5,
    0x8ad1,
    0x8292,
    0x80ae,
    0x80a1,
    0x8198,
    0x8594,
    0x8e92,
    0x9d93,
    0xb097,
    0xc69c,
    0xdca2,
    0xefa7,
    0x01aa,
    0x0fab,
    0x1aaa,
    0x22a6,
    0x25a2,
    0x279e,
    0x279a,
    0x2798,
    0x2799,
    0x289f,
    0x2daa,
    0x34ba,
    0x3dcf,
    0x4ae8,
    0x5901,
    0x671a,
    0x732f,
    0x7c3f,
    0x7f48,
    0x7f4a,
    0x7f43,
    0x7e35,
    0x7920,
    0x6c06,
    0x57ea,
    0x3ecf,
    0x22b8,
    0x06a6,
    0xeb9a,
    0xd296,
    0xbf9a,
    0xb0a3,
    0xa8b3,
    0xa5c8,
    0xa8e0,
    0xb0f8,
    0xbc0c,
    0xcb1b,
    0xdb25,
    0xec28,
    0xfc25,
    0x091d,
    0x1511,
    0x1c04,
    0x20f6,
    0x20ea,
    0x1de2,
    0x17df,
    0x0ee1,
    0x03e9,
    0xf6f5,
    0xe103,
    0xdd13,
    0xd002,
    0xc32f,
    0xb939,
    0xb13e,
    0xac3d,
    0xa936,
    0xaa2a,
    0xad1a,
    0xb407,
    0xbdf2,
    0xc9de,
    0xd8cb,
    0xe7bb,
    0xf7ae,
    0x08a6,
    0x17a2,
    0x24a1,
    0x2da2,
    0x33a5,
    0x36aa,
    0x34af,
    0x2db4,
    0x23b9,
    0x18be,
    0x0ac3,
    0xfcc8,
    0xefce,
    0xe4d4,
    0xdcdc,
    0xd7e7,
    0xd7f2,
    0xdaff,
    0xe00c,
    0xea18,
    0xf123,
    0x012c,
    0x0c31,
    0x1534,
    0x1332,
    0x1d2b,
    0x1a21,
    0x1312,
    0x0702,
    0xf7f1,
    0xe5e0,
    0xd1ce,
    0xbebf,
    0xadb3,
    0x9faa,
    0x97a6,
    0x93a4,
    0x93a6,
    0x99ac,
    0xa4b5,
    0xb4c0,
    0xc8cc,
    0xdfd9,
    0xf6e6,
    0x0cf3,
    0x21ff,
    0x3309,
    0x3f12,
    0x471a,
    0x4a1f,
    0x4722,
    0x4021,
    0x351e,
    0x2519,
    0x1410,
    0x0305,
    0xf1f7,
    0xdfe8,
    0xcfd7,
    0xc2c5,
    0xb9b5,
    0xb2a6,
    0xaf9a,
    0xae92,
    0xb08d,
    0xb58b,
    0xbb8c,
    0xc38f,
    0xcb96,
    0xd4a0,
    0xdbac,
    0xe2ba,
    0xe7ca,
    0xebd9,
    0xeee7,
    0xeef5,
    0xed00,
    0xea0a,
    0xe511,
    0xdf17,
    0xd71d,
    0xcf20,
    0xc621,
    0xbe22,
    0xb721,
    0xb21f,
    0xae1c,
    0xac17,
    0xad12,
    0xb00c,
    0xb606,
    0xbeff,
    0xc9f9,
    0xd6f5,
    0xe4f3,
    0xf1f3,
    0xfef4,
    0x0af8,
    0x14ff,
    0x1b08,
    0x1f13,
    0x201f,
    0x1d2b,
    0x1635,
    0x0c3c,
    0x0140,
    0xf440,
    0xe73d,
    0xdb36,
    0xd12c,
    0xc920,
    0xc613,
    0xc606,
    0xc9fc,
    0xd0f5,
    0xdbf0,
    0xe8f1,
    0xf7f4,
    0x07fc,
    0x1706,
    0x2513,
    0x3121,
    0x3a2e,
    0x3f39,
    0x4141,
    0x3f44,
    0x3944,
    0x303f,
    0x2536,
    0x192a,
    0x0d1c,
    0x000c,
    0xf4fe,
    0xe8f1,
    0xe0e5,
    0xdadb,
    0xd5d4,
    0xd3d1,
    0xd3d1,
    0xd3d3,
    0xd6d6,
    0xdbdb,
    0xe0e0,
    0xe6e6,
    0xeceb,
    0xf3f0,
    0xfaf4,
    0x02f9,
    0x0bfe,
    0x1404,
    0x1f0b,
    0x2911,
    0x3317,
    0x3c1e,
    0x4622,
    0x4e26,
    0x5527,
    0x5925,
    0x5a21,
    0x5a19,
    0x560f,
    0x4f04,
    0x46f8,
    0x3aec,
    0x2ce1,
    0x1dda,
    0x0ed8,
    0x00d9,
    0xf3de,
    0xebe7,
    0xe6f5,
    0xe405,
    0xe516,
    0xe326,
    0xf435,
    0xff41,
    0x0c4a,
    0x194d,
    0x274b,
    0x3244,
    0x3b3a,
    0x402d,
    0x421e,
    0x400d,
    0x3aff,
    0x31f4,
    0x25eb,
    0x17e5,
    0x09e4,
    0xfce5,
    0xf0e8,
    0xe6ec,
    0xdff0,
    0xdbf2,
    0xdbf2,
    0xdff1,
    0xe4ec,
    0xece5,
    0xf6dd,
    0x00d4,
    0x0bcc,
    0x14c5,
    0x1dc2,
    0x24c3,
    0x2ac8,
    0x2dd1,
    0x31de,
    0x33ee,
    0x3401,
    0x3613,
    0x3723,
    0x3931,
    0x3a3a,
    0x3b3e,
    0x3c3c,
    0x3d34,
    0x3c27,
    0x3a15,
    0x3701,
    0x32ed,
    0x2bd9,
    0x23c7,
    0x1bba,
    0x12b4,
    0x09b3,
    0x02b8,
    0xfcc4,
    0xf7d5,
    0xf5eb,
    0xf603,
    0xf91c,
    0xfd34,
    0x034a,
    0x095b,
    0x0f67,
    0x156e,
    0x1b6f,
    0x1e6c,
    0x2064,
    0x2058,
    0x1f47,
    0x1c34,
    0x1920,
    0x150d,
    0x10dc,
    0x0dee,
    0x0ae3,
    0x08dc,
    0x06d8,
    0x04d9,
    0x02dd,
    0xffe3,
    0xfcec,
    0xf8f5,
    0xf3fd,
    0xed04,
    0xe509,
    0xcc0b,
    0xd30a,
    0xcb06,
    0xc3ff,
    0xbdf5,
    0xbaea,
    0xbbde,
    0xbdd1,
    0xc3c7,
    0xcbbe,
    0xd5b9,
    0xe0b8,
    0xecbb,
    0xf7c3,
    0x00ce,
    0x07dd,
    0x0bee,
    0x0d00,
    0x0b12,
    0x0623,
    0x0033,
    0xf93f,
    0xf048,
    0xe84c,
    0xe24d,
    0xde4c,
    0xdd47,
    0xde41,
    0xe03a,
    0xe434,
    0xeb2e,
    0xf129,
    0xf727,
    0xfc27,
    0xff28,
    0xff2a,
    0xfd2d,
    0xf830,
    0xf231,
    0xea30,
    0xe02e,
    0xd72a,
    0xcf23,
    0xc91a,
    0xc60f,
    0xc605,
    0xcafb,
    0xd2f2,
    0xddec,
    0xebe9,
    0xfce9,
    0x10ec,
    0x24f2,
    0x38fb,
    0x4b06,
    0x5b11,
    0x681c,
    0x7126,
    0x752d,
    0x7731,
    0x7730,
    0x742c,
    0x6f25,
    0x681b,
    0x5f0e,
    0x5400,
    0x49f2,
    0x3ee6,
    0x35dd,
    0x2ed7,
    0x28d4,
    0x24d6,
    0x22d3,
    0x21e4,
    0x23ef,
    0x26fc,
    0x2a09,
    0x2d14,
    0x311e,
    0x3624,
    0x3b26,
    0x3f23,
    0x431b,
    0x4710,
    0x4b00,
    0x4fef,
    0x53db,
    0x57c8,
    0x59b6,
    0x5ca6,
    0x5e9b,
    0x5f95,
    0x5d92,
    0x5994,
    0x529b,
    0x49a5,
    0x3db4,
    0x2ec7,
    0x1dda,
    0x0bef,
    0xf902,
    0xe815,
    0xd824,
    0xc931,
    0xbe3b,
    0xb843,
    0xb548,
    0xb64b,
    0xbb4c,
    0xc44b,
    0xd04a,
    0xdd49,
    0xea47,
    0xf844,
    0x0342,
    0x0d3e,
    0x133a,
    0x1734,
    0x182d,
    0x1624,
    0x131a,
    0x0e0f,
    0x0804,
    0x02f9,
    0xfeef,
    0xfbe5,
    0xfadc,
    0xf9d6,
    0xf9d1,
    0xf9d0,
    0xf9d0,
    0xf8d2,
    0xf5d6,
    0xefdb,
    0xe7e1,
    0xdee6,
    0xd3eb,
    0xc6f0,
    0xb9f4,
    0xaef7,
    0xa5fa,
    0x9efd,
    0x9b00,
    0x9c04,
    0xa00a,
    0xa811,
    0xb518,
    0xc420,
    0xd528,
    0xe630,
    0xf736,
    0x0633,
    0x113c,
    0x193b,
    0x1d37,
    0x1d2f,
    0x1925,
    0x121a,
    0x090e,
    0xfe03,
    0xf2fa,
    0xe8f2,
    0xe0ed,
    0xd9eb,
    0xd6ec,
    0xd6f0,
    0xdaf5,
    0xe0fb,
    0xea00,
    0xf603,
    0x0402,
    0x13ff,
    0x23f8,
    0x34ed,
    0x45e0,
    0x54d1,
    0x61c2,
    0x6bb0,
    0x72a9,
    0x76a3,
    0x78a3,
    0x78a8,
    0x75b3,
    0x6fc5,
    0x67db,
    0x5cf4,
    0x4f0e,
    0x4128,
    0x323e,
    0x244d,
    0x1857,
    0x0d59,
    0x0454,
    0xde47,
    0xfa36,
    0xf920,
    0xf808,
    0xf9f0,
    0xfbd9,
    0xfec6,
    0x00b8,
    0x02af,
    0x03ad,
    0x05b0,
    0x05b8,
    0x06c4,
    0x07d2,
    0x09e2,
    0x0cf1,
    0x11ff,
    0x160c,
    0x1b17,
    0x1e1f,
    0x2225,
    0x232a,
    0x202c,
    0x192e,
    0x102f,
    0x012f,
    0xee2f,
    0xd930,
    0xc22f,
    0xab2e,
    0x972c,
    0x882a,
    0x8027,
    0x8023,
    0x800f,
    0x801b,
    0x8418,
    0x8f16,
    0xa015,
    0xb615,
    0xcf17,
    0xe41b,
    0xf61f,
    0x0423,
    0x0c27,
    0x0e2b,
    0x0b2d,
    0x052c,
    0xfb29,
    0xf025,
    0xe61e,
    0xde14,
    0xda09,
    0xdcfe,
    0xe2f3,
    0xeeea,
    0xfee2,
    0x12dc,
    0x28d8,
    0x3ed6,
    0x52d4,
    0x62d3,
    0x6cd2,
    0x72cf,
    0x72cb,
    0x6ec6,
    0x65be,
    0x58b6,
    0x46af,
    0x34aa,
    0x20a7,
    0x0ea8,
    0xfdad,
    0xf0b8,
    0xe7c8,
    0xe0dc,
    0xdff4,
    0xe00d,
    0xe425,
    0xe93a,
    0xf14b,
    0xf955,
    0x0357,
    0x0c53,
    0x1646,
    0x1f33,
    0x271b,
    0x2d01,
    0x32e8,
    0x36d2,
    0x38c2,
    0x38ba,
    0x37ba,
    0x33c3,
    0x2dd3,
    0x26ea,
    0x2105,
    0x1c20,
    0x1939,
    0x184d,
    0x1b58,
    0x225a,
    0x2c54,
    0x3b43,
    0x4d2a,
    0x4f0b,
    0x71ea,
    0x7dc8,
    0x7fab,
    0x7f96,
    0x7f8b,
    0x7f88,
    0x7f8b,
    0x7597,
    0x5dac,
    0x3ac8,
    0x13e7,
    0xee07,
    0xc924,
    0xa83a,
    0x9049,
    0x8351,
    0x8052,
    0x804c,
    0x8241,
    0x8c34,
    0x9d28,
    0xb41d,
    0x8d15,
    0xe512,
    0xf814,
    0x061b,
    0x0c26,
    0x0e34,
    0x0940,
    0x004a,
    0xf350,
    0xe650,
    0xda49,
    0xd03c,
    0xca28,
    0xc810,
    0xcaf5,
    0xd0d9,
    0xdac0,
    0xe5ad,
    0xf0a1,
    0xf99c,
    0x019f,
    0x04aa,
    0x02bc,
    0xfcd6,
    0xf3f3,
    0xe811,
    0xdb2e,
    0xce49,
    0xc25e,
    0xba6c,
    0xb773,
    0xb876,
    0xbe75,
    0xc970,
    0xd668,
    0xe75d,
    0xf851,
    0x0845,
    0x173a,
    0x242f,
    0x2d27,
    0x341f,
    0x3718,
    0x3711,
    0x360a,
    0x3503,
    0x34fb,
    0x34f3,
    0x35eb,
    0x38e4,
    0x3dde,
    0x44db,
    0x4bda,
    0x52de,
    0x58e5,
    0x5cf0,
    0x5efe,
    0x5d0f,
    0x5921,
    0x5333,
    0x4943,
    0x3d50,
    0x315a,
    0x235f,
    0x165f,
    0x095b,
    0xfd53,
    0xf349,
    0xeb3b,
    0xe52b,
    0xe11c,
    0xdf0e,
    0xdf03,
    0xe0fb,
    0xe4f6,
    0xe9f6,
    0xf0f8,
    0xf9fe,
    0x0306,
    0x0e0f,
    0x1919,
    0x2424,
    0x2e2e,
    0x3736,
    0x3f3d,
    0x4341,
    0x4543,
    0x4443,
    0x4041,
    0x3b3e,
    0x3339,
    0x2c34,
    0x252f,
    0x2129,
    0x1f24,
    0x201f,
    0x261b,
    0x2f18,
    0x3b15,
    0x4912,
    0x5810,
    0x450e,
    0x6f0b,
    0x7608,
    0x7903,
    0x79ff,
    0x76f9,
    0x6ff3,
    0x64ee,
    0x56e9,
    0x46e5,
    0x38e2,
    0x2de3,
    0x26e7,
    0x25ee,
    0x29f7,
    0x3105,
    0x3c16,
    0x4a28,
    0x573c,
    0x614f,
    0x6760,
    0x696d,
    0x6574,
    0x5b78,
    0x4c78,
    0x3874,
    0x206b,
    0x085b,
    0xf148,
    0xdf30,
    0xd118,
    0xca00,
    0xc9ea,
    0xced8,
    0xd9cb,
    0xe3c3,
    0xf6c0,
    0x03c5,
    0x0cce,
    0x11db,
    0x0fea,
    0x08fb,
    0xfb0d,
    0xe91c,
    0xd428,
    0xc030,
    0xb033,
    0xa532,
    0xa12d,
    0xa523,
    0xb116,
    0xc607,
    0xe2f6,
    0x01e4,
    0x21d3,
    0x3ec3,
    0x57b6,
    0x66ab,
    0x6da3,
    0x6a9d,
    0x5e9a,
    0x4899,
    0x2b9c,
    0x0aa1,
    0xe9a8,
    0xcbb3,
    0xb2c0,
    0xa1d0,
    0x99e1,
    0x9af3,
    0xa207,
    0xb119,
    0xc52c,
    0xd93b,
    0xeb47,
    0xf94f,
    0x0054,
    0xff54,
    0xf551,
    0xe34a,
    0xcc41,
    0xb136,
    0x952b,
    0x8220,
    0x8018,
    0x8012,
    0x800f,
    0x8010,
    0x8015,
    0x801c,
    0x8724,
    0x8b2c,
    0xb833,
    0xd539,
    0xee3d,
    0x043d,
    0x1339,
    0x1c32,
    0x2129,
    0x221e,
    0x1f13,
    0x1b08,
    0x17fe,
    0x14f7,
    0x14f2,
    0x17ef,
    0x1bee,
    0x21ed,
    0x28ed,
    0x2eeb,
    0x33e7,
    0x35e0,
    0x34d5,
    0x30c7,
    0x2ab7,
    0x21a6,
    0x1697,
    0x0b8c,
    0x0286,
    0xfc84,
    0xf885,
    0xf88a,
    0xfb95,
    0x02a9,
    0x0bc5,
    0x16e3,
    0x2201,
    0x2c1d,
    0x3335,
    0x3747,
    0x3051,
    0x3553,
    0x2f4e,
    0x2643,
    0x1c33,
    0x1020,
    0x050e,
    0xfbfd,
    0xf2f1,
    0xece8,
    0xe7e4,
    0xe4e5,
    0xe2e9,
    0xe1ef,
    0xdef5,
    0xdbf9,
    0xd6f8,
    0xcff3,
    0xc7e9,
    0xbed9,
    0xb6c5,
    0xb0ae,
    0xad99,
    0xad89,
    0xb083,
    0xb083,
    0xc583,
    0xd584,
    0xe890,
    0xfca9,
    0x0fce,
    0x20f8,
    0x2e21,
    0x3749,
    0x3a69,
    0x387a,
    0x307c,
    0x247b,
    0x157c,
    0x0476,
    0xf361,
    0xe343,
    0xd722,
    0xc503,
    0xc8e8,
    0xc7d3,
    0xcac8,
    0xcfc6,
    0xd6cd,
    0xddde,
    0xe4f4,
    0xe90f,
    0xeb2b,
    0xea46,
    0xe75d,
    0xe16d,
    0xdb75,
    0xd478,
    0xce76,
    0xca6f,
    0xc962,
    0xcb52,
    0xd03f,
    0xd82b,
    0xe119,
    0xea0b,
    0xf201,
    0xf8fb,
    0xfbfa,
    0xfafc,
    0xf601,
    0xee08,
    0xe20f,
    0xd317,
    0xc41e,
    0xb723,
    0xac25,
    0xa525,
    0xa323,
    0xa61f,
    0xae19,
    0xbc11,
    0xcd07,
    0xe0fe,
    0xf2f4,
    0x01eb,
    0x0de1,
    0x14d9,
    0x14d4,
    0x0dd1,
    0x00d0,
    0xcdcf,
    0xd7d1,
    0xbfd5,
    0xa8d9,
    0x95df,
    0x88e6,
    0x82ec,
    0x80f2,
    0x81f6,
    0x87f1,
    0x94f9,
    0xa6f7,
    0xbcf2,
    0xd3eb,
    0xe9e2,
    0xfbd8,
    0x09cf,
    0x12c5,
    0x15bd,
    0x12b8,
    0x0cb5,
    0x02b6,
    0xf6b9,
    0xeabe,
    0xdfc6,
    0xd7cf,
    0xd1d9,
    0xd0e2,
    0xd1eb,
    0xd6f1,
    0xdcf6,
    0xe4f9,
    0xecfb,
    0xf3fb,
    0xf8fc,
    0xfbfd,
    0xfcff,
    0xfb02,
    0xf907,
    0xf70e,
    0xf416,
    0xf120,
    0xf02b,
    0xf235,
    0xf73e,
    0xfe44,
    0x0740,
    0x1248,
    0x1d46,
    0x2840,
    0x3239,
    0x3b30,
    0x4026,
    0x431c,
    0x4214,
    0x3d0d,
    0x350a,
    0x2b09,
    0x210a,
    0x010b,
    0x0a0e,
    0x0112,
    0x9914,
    0xf215,
    0xee13,
    0xed0f,
    0xed07,
    0xeffe,
    0xf1f3,
    0xf3e6,
    0xf5da,
    0xf7d0,
    0xf7c8,
    0xf6c3,
    0xf5c2,
    0xf4c5,
    0xf2ca,
    0xf0d3,
    0xf0de,
    0xf1eb,
    0xf4f7,
    0xf202,
    0x020b,
    0x0a13,
    0x1319,
    0x1e1d,
    0x281e,
    0x311f,
    0x391f,
    0x3e20,
    0x4020,
    0x3e22,
    0x3927,
    0x302c,
    0x2433,
    0x163a,
    0x0742,
    0xf748,
    0xe74f,
    0xd853,
    0xcb56,
    0xc156,
    0xb253,
    0xb84e,
    0xb847,
    0xbc3e,
    0xc333,
    0xcb28,
    0xd51b,
    0xe10e,
    0xec02,
    0xf5f5,
    0xfde9,
    0x05de,
    0x0ad4,
    0x0dcb,
    0x0dc3,
    0x0cbf,
    0x09bc,
    0x05bc,
    0xffbe,
    0xfac5,
    0xf4cf,
    0xf0dc,
    0xecec,
    0xe9fd,
    0xe710,
    0xe622,
    0xe534,
    0xe544,
    0xe550,
    0xe558,
    0xe55b,
    0xe65b,
    0xe656,
    0xe64d,
    0xe641,
    0xe832,
    0xeb22,
    0xee12,
    0xf203,
    0xf6f6,
    0xfbeb,
    0x03e3,
    0x0cde,
    0x16dc,
    0x1fdb,
    0x26dd,
    0x2cdf,
    0x31e1,
    0x33e3,
    0x31e5,
    0x2ce6,
    0x25e6,
    0x1ae6,
    0x0de5,
    0xfee4,
    0xefe2,
    0xe0e0,
    0xd2dd,
    0xc7da,
    0xbfd7,
    0xbbd4,
    0xbbd0,
    0xbfcb,
    0xc7c5,
    0xd2c0,
    0xdfbc,
    0xeeb9,
    0xfcb8,
    0x09bb,
    0x14c2,
    0x1cce,
    0x20e0,
    0x21f6,
    0x1e10,
    0x172e,
    0x0c4d,
    0x006b,
    0xf37b,
    0xe67d,
    0xdb7c,
    0xd17d,
    0xc97d,
    0xc47c,
    0xc37b,
    0xc56f,
    0xc951,
    0xd02a,
    0xd906,
    0xe3e5,
    0xecc9,
    0xf6b6,
    0x01ad,
    0x0aad,
    0x11b7,
    0x15ca,
    0x19e3,
    0x1cff,
    0x1c1c,
    0x1a38,
    0x1750,
    0x1340,
    0x0e68,
    0x0869,
    0x0365,
    0xfe5b,
    0xfb4d,
    0xf83d,
    0xf72e,
    0xf722,
    0xf91d,
    0xfe1d,
    0x0323,
    0x0b2f,
    0x1441,
    0x1e54,
    0x2967,
    0x3475,
    0x3e7c,
    0x477c,
    0x4e7b,
    0x537b,
    0x5473,
    0x5460,
    0x5246,
    0x4d27,
    0x4607,
    0x3eeb,
    0x35d4,
    0x2cc3,
    0x23ba,
    0x1cb8,
    0x16bf,
    0x13cd,
    0x13e0,
    0x14f6,
    0x190d,
    0x1f24,
    0x2737,
    0x2e46,
    0x364f,
    0x3e53,
    0x4452,
    0x484d,
    0x4a44,
    0x4839,
    0x442d,
    0x3c22,
    0x3218,
    0x2510,
    0x170b,
    0x0909,
    0xfa09,
    0xeb0a,
    0xdd0b,
    0xd10d,
    0xc80d,
    0xc20a,
    0xbf06,
    0xc000,
    0xc3f9,
    0xc9f1,
    0xd1e9,
    0xd8e2,
    0xe0dd,
    0xe7da,
    0xecdc,
    0xeee0,
    0xeee8,
    0xeaf4,
    0xe502,
    0xd412,
    0xd222,
    0xc633,
    0xbc42,
    0xb24e,
    0xac58,
    0xa95f,
    0xab63,
    0xb163,
    0xbc61,
    0xcc5e,
    0xde59,
    0xf353,
    0x094c,
    0x1d47,
    0x2f44,
    0x3c42,
    0x4541,
    0x4843,
    0x4645,
    0x3d49,
    0x2f4d,
    0x1d51,
    0x0954,
    0xf456,
    0xdf55,
    0xcc52,
    0xbd4c,
    0xb242,
    0xab36,
    0xa927,
    0xac16,
    0xb103,
    0xb9f1,
    0xc1de,
    0xcacc,
    0xd1bd,
    0xd7b1,
    0xdaa8,
    0xdba2,
    0xdaa0,
    0xd7a1,
    0xd2a4,
    0xcdaa,
    0xc7b1,
    0xc3ba,
    0xc0c2,
    0xbccc,
    0xbdd4,
    0xbdda,
    0xbfe0,
    0xc1e5,
    0xc4ea,
    0xc7ee,
    0xcaf2,
    0xccf6,
    0xcffc,
    0xd302,
    0xd808,
    0xde0f,
    0xe515,
    0xee1b,
    0xf920,
    0x0424,
    0x0f26,
    0x1a25,
    0x2322,
    0x281d,
    0x2a17,
    0x2710,
    0x1e08,
    0x1101,
    0x00fd,
    0xedfa,
    0xd9f9,
    0xc5fb,
    0xb4ff,
    0xa905,
    0xa30d,
    0xa415,
    0xab1e,
    0xb925,
    0xcd2a,
    0xe42c,
    0xfd2b,
    0x1428,
    0x2723,
    0x361b,
    0x3d13,
    0x3c0a,
    0x3301,
    0x24fb,
    0x0ff7,
    0xf8f4,
    0xe1f3,
    0xccf2,
    0xbcf2,
    0xb3f2,
    0xb1f0,
    0xb8ed,
    0xc8e7,
    0xdde0,
    0xf7d6,
    0x11cb,
    0x2ac0,
    0x3fb6,
    0x4eae,
    0x53a9,
    0x50a8,
    0x44ad,
    0x30b6,
    0x16c4,
    0xf9d7,
    0xdeed,
    0xc503,
    0xb118,
    0xa62b,
    0xa53a,
    0xab43,
    0xba47,
    0xd145,
    0xee3d,
    0x0c30,
    0x2820,
    0x410e,
    0x54fc,
    0x5eeb,
    0x60de,
    0x59d3,
    0x4acc,
    0x35c9,
    0x1aca,
    0xfecd,
    0xe3d1,
    0xcbd4,
    0xb8d6,
    0xadd6,
    0xa7d4,
    0xa8d0,
    0xafc9,
    0xbcc3,
    0xccbd,
    0xdeba,
    0xf0bb,
    0x02c0,
    0x11ca,
    0x1eda,
    0x29ee,
    0x3105,
    0x371f,
    0x3b38,
    0x3e4e,
    0x415e,
    0x4367,
    0x4369,
    0x4463,
    0x4356,
    0x4141,
    0x3c28,
    0x340b,
    0x2aef,
    0x1dd6,
    0x0ec3,
    0xfeb7,
    0xeeb5,
    0xdfbc,
    0xd2cb,
    0xc9e2,
    0xc5fe,
    0xc71c,
    0xcd3a,
    0xd854,
    0xe666,
    0xf171,
    0x0c74,
    0x1f71,
    0x2f66,
    0x3f53,
    0x4a3a,
    0x5120,
    0x5405,
    0x53ed,
    0x50da,
    0x4bcf,
    0x44cb,
    0x3ecd,
    0x38d6,
    0x34e4,
    0x30f5,
    0x2e07,
    0x2c17,
    0x2b25,
    0x272e,
    0x2231,
    0x1c2f,
    0x1228,
    0x071c,
    0xfb0e,
    0xee00,
    0xe2f1,
    0xd9e5,
    0xd3dd,
    0xd1d8,
    0xd5d9,
    0xdfde,
    0xece7,
    0xfdf2,
    0x11fe,
    0x260b,
    0x3a18,
    0x4b23,
    0x5629,
    0x5c2c,
    0x5e2e,
    0x5a2d,
    0x5229,
    0x4624,
    0x3121,
    0x2b1e,
    0x201c,
    0x181e,
    0x1522,
    0x1629,
    0x1c31,
    0x2633,
    0x3346,
    0x414f,
    0x4d57,
    0x585d,
    0x5e60,
    0x5e5f,
    0x5a5b,
    0x5055,
    0x414c,
    0x2e40,
    0x1a32,
    0x0624,
    0xf418,
    0xe50d,
    0xdb03,
    0xd7fb,
    0xd8f5,
    0xe0f2,
    0xeaf2,
    0xf7f3,
    0x05f6,
    0x12fb,
    0x1d02,
    0x2409,
    0x2710,
    0x2416,
    0x1e1c,
    0x1420,
    0x0823,
    0xfb23,
    0xee20,
    0xe41a,
    0xdc13,
    0xd80a,
    0xd6ff,
    0xd7f3,
    0xdbe8,
    0xdfde,
    0xe3d4,
    0xe5cd,
    0xe6c9,
    0xe4c9,
    0xe1ca,
    0xdccf,
    0xd6d6,
    0xcfdd,
    0xcae5,
    0xc7ec,
    0xc8f0,
    0xccf3,
    0xd4f2,
    0xddec,
    0xeae4,
    0xf8d9,
    0x04cb,
    0x0fbe,
    0x17b1,
    0x18a5,
    0x15a0,
    0x0e9e};
volatile __attribute__((section(".rfdata_data"), aligned(64))) uint16_t dfe_rfdata2[] = {
    0x0702,
    0x0181,
    0xfc9b,
    0xf0ad,
    0xfadb,
    0x0efc,
    0x15fd,
    0x17f7,
    0x20f8,
    0x28f6,
    0x2ef0,
    0x34ec,
    0x39e8,
    0x3ae2,
    0x37e2,
    0x31e2,
    0x2ae6,
    0x22eb,
    0x19ef,
    0x10f5,
    0x0bfb,
    0x09fe,
    0x0901,
    0x0d04,
    0x1304,
    0x1d05,
    0x2805,
    0x3406,
    0x3e06,
    0x4608,
    0x4b0a,
    0x4b0d,
    0x4711,
    0x4015,
    0x3519,
    0x281b,
    0x1a1b,
    0x0e1a,
    0x0415,
    0xff0c,
    0xfe01,
    0x03f2,
    0x0ee1,
    0x20cd,
    0x34ba,
    0x4aa9,
    0x5e9a,
    0x6f8f,
    0x7889,
    0x7d86,
    0x7c86,
    0x7588,
    0x678f,
    0x519a,
    0x34a9,
    0x14bd,
    0xf4d3,
    0xd7ea,
    0xc101,
    0xb217,
    0xac2c,
    0xae3e,
    0xba4c,
    0xcf57,
    0xea5f,
    0x0962,
    0x2a60,
    0x485d,
    0x6056,
    0x714b,
    0x793e,
    0x7b2f,
    0x781f,
    0x700f,
    0x6101,
    0x4bf6,
    0x34ee,
    0x1de9,
    0x08ea,
    0xf8ef,
    0xeef8,
    0xeb03,
    0xe811,
    0xf120,
    0xfa2f,
    0x043b,
    0x0d45,
    0x154c,
    0x194e,
    0x184c,
    0x1245,
    0x063a,
    0xf62d,
    0xe31e,
    0xcd0e,
    0xb800,
    0xa5f4,
    0x97eb,
    0x8ee7,
    0x8be8,
    0x8ced,
    0x92f6,
    0x9d03,
    0xae13,
    0xc224,
    0xd834,
    0xed43,
    0xff4f,
    0x0f59,
    0x1b5f,
    0x2261,
    0x255f,
    0x245a,
    0x1f52,
    0x1848,
    0x113b,
    0x0a2c,
    0x041d,
    0x010e,
    0xfffe,
    0x00ef,
    0x03e1,
    0x09d3,
    0x0fc7,
    0x16be,
    0x1cb8,
    0x20b5,
    0x21b6,
    0x20b9,
    0x1cc0,
    0x14ca,
    0x09d8,
    0xfde6,
    0xf0f6,
    0xe204,
    0xd410,
    0xc619,
    0xbb1d,
    0xb31b,
    0xae13,
    0xab06,
    0xacf2,
    0xb0da,
    0xb7c0,
    0xc0a6,
    0xcb8f,
    0xc784,
    0xe583,
    0xf384,
    0x0283,
    0x1083,
    0x1c83,
    0x2885,
    0x3390,
    0x3ba8,
    0x40c4,
    0x43e0,
    0x44f0,
    0x410d,
    0x3b1b,
    0x3222,
    0x2523,
    0x171e,
    0x0713,
    0xf706,
    0xe6f8,
    0xd6e8,
    0xcad9,
    0xc1ce,
    0xbbc6,
    0xb9c3,
    0xbbc4,
    0xc1ca,
    0xcbd4,
    0xd7e1,
    0xe4f0,
    0xf300,
    0x010f,
    0x0e1d,
    0x182b,
    0x2037,
    0x2641,
    0x2a48,
    0x2c4d,
    0x2c51,
    0x2b52,
    0x2b51,
    0x2a4e,
    0x2a48,
    0x2c40,
    0x2f36,
    0x3429,
    0x391a,
    0x4009,
    0x46e8,
    0x4ce8,
    0x50d8,
    0x54cc,
    0x55c2,
    0x54bd,
    0x51bd,
    0x4dc2,
    0x46cd,
    0x3cdd,
    0x32f0,
    0x2806,
    0x1e1d,
    0x1333,
    0x0846,
    0xfc54,
    0xf25e,
    0xe861,
    0xdf60,
    0xd759,
    0xd04f,
    0xca41,
    0xc632,
    0xc523,
    0xc516,
    0xc80d,
    0xcd08,
    0xd608,
    0xe00d,
    0xec15,
    0xf920,
    0x052f,
    0x103e,
    0x1a4b,
    0x2155,
    0x255b,
    0x245c,
    0x2057,
    0x184e,
    0x0d41,
    0xff2f,
    0xef1a,
    0xdf05,
    0xcfef,
    0xc0da,
    0xb5c9,
    0xacbb,
    0xa7b1,
    0xa6ab,
    0xa7a9,
    0xabab,
    0xb0af,
    0xb6b7,
    0xb3c0,
    0xc1ca,
    0xc4d5,
    0xc6e0,
    0xc6eb,
    0xc4f5,
    0xc1ff,
    0xbe08,
    0xbb10,
    0xb817,
    0xb81c,
    0xb920,
    0xbd23,
    0xc324,
    0xc323,
    0xd521,
    0xdf1d,
    0xe918,
    0xf313,
    0xfa0f,
    0xfe0b,
    0x0009,
    0x0008,
    0xcc0a,
    0xf70d,
    0xf012,
    0xe819,
    0xe01f,
    0xd924,
    0xd328,
    0xcf29,
    0xcd26,
    0xcc1e,
    0xcd13,
    0xce05,
    0xd0f5,
    0xd1e3,
    0xd1d0,
    0xd1c0,
    0xd0b4,
    0xcead,
    0xcdab,
    0xccb0,
    0xccbb,
    0xcfcd,
    0xd4e2,
    0xdcfa,
    0xe912,
    0xf827,
    0x093a,
    0x1b47,
    0x2d4d,
    0x3f4b,
    0x4e43,
    0x5a33,
    0x611d,
    0x6304,
    0x61e9,
    0x5acf,
    0x4fb8,
    0x40a6,
    0x2f9a,
    0x1d94,
    0x0d95,
    0xfe99,
    0xf4a2,
    0xeeaf,
    0xebbd,
    0xedcc,
    0xf3d9,
    0xfbe3,
    0x04ea,
    0x0fec,
    0x18ea,
    0x20e5,
    0x25cd,
    0x28d4,
    0x27c2,
    0x23c1,
    0x1dba,
    0x16b4,
    0x0fb0,
    0x08ae,
    0x02ad,
    0xfead,
    0xfdad,
    0xfead,
    0x01ac,
    0x05aa,
    0x0ba7,
    0x10a3,
    0x15a0,
    0x199c,
    0x1b9a,
    0x1b99,
    0x199b,
    0x159f,
    0x0e85,
    0x07ae,
    0xffb9,
    0xf8c6,
    0xf0d3,
    0xeae1,
    0xe7ee,
    0xe5f8,
    0xe601,
    0xe808,
    0xec0e,
    0xf112,
    0xf615,
    0xfc19,
    0x021d,
    0x0721,
    0x0b27,
    0x0e2e,
    0x1136,
    0x123d,
    0x1444,
    0x1448,
    0x144a,
    0x1549,
    0x1545,
    0x173d,
    0x1832,
    0x1925,
    0x1b17,
    0x1d08,
    0x1ffa,
    0x20ef,
    0x21e7,
    0x22e1,
    0x22e0,
    0x21e2,
    0x1fe7,
    0x1cee,
    0x18f4,
    0x13f9,
    0x0efc,
    0x06fd,
    0xfefa,
    0xf6f4,
    0xeee9,
    0xe6dc,
    0xdece,
    0xd7c0,
    0xd1b4,
    0xcdac,
    0xcaa8,
    0xcaa9,
    0xcbaf,
    0xceb9,
    0xd4c7,
    0xdbd8,
    0xe4ea,
    0xeefa,
    0xf907,
    0x040f,
    0x0c12,
    0x1411,
    0x1b09,
    0x1efc,
    0x1fed,
    0x1edb,
    0x1bca,
    0x15ba,
    0x0ead,
    0x05a4,
    0xfca2,
    0xf3a6,
    0xecae,
    0xe6ba,
    0xe2ca,
    0xe1dd,
    0xe2f0,
    0xe701,
    0xee0f,
    0xf61a,
    0xfe22,
    0x0725,
    0x1025,
    0x1722,
    0x1c1d,
    0x1f18,
    0x1f12,
    0x1c0e,
    0x160b,
    0x0f0a,
    0x060b,
    0xfc0d,
    0xf20f,
    0xe911,
    0xe212,
    0xd511,
    0xdc0e,
    0xdd0a,
    0xe102,
    0xe8f9,
    0xf1ef,
    0xfae5,
    0x05d2,
    0x10d2,
    0x19cd,
    0x21ca,
    0x27ca,
    0x2bcd,
    0x2cd3,
    0x2bdb,
    0x29e4,
    0x27ee,
    0x23f7,
    0x2000,
    0x1e08,
    0x1d0f,
    0x1c15,
    0x1d1a,
    0x1f1e,
    0x2022,
    0x2226,
    0x232b,
    0x2430,
    0x2235,
    0x1e3a,
    0x193f,
    0x1343,
    0x0b46,
    0x0346,
    0xf344,
    0xf540,
    0xf039,
    0xec31,
    0xea27,
    0xea1d,
    0xeb14,
    0xec0d,
    0xed07,
    0xed04,
    0xea03,
    0xe405,
    0xca0a,
    0xce11,
    0xbd18,
    0xac1f,
    0x9b25,
    0x8b29,
    0x812a,
    0x8027,
    0x8020,
    0x8017,
    0x800b,
    0x80ce,
    0x86f0,
    0x95e4,
    0xacd9,
    0xc7d1,
    0xe1cd,
    0xf9cc,
    0x0dce,
    0x1cd4,
    0x25db,
    0x27e5,
    0x22ef,
    0x18f7,
    0x0bff,
    0xfb05,
    0xeb08,
    0xdc08,
    0xd006,
    0xc904,
    0xc800,
    0xcdfe,
    0xd7fd,
    0xe5fe,
    0xf703,
    0x0b0a,
    0x2015,
    0x3422,
    0x4531,
    0x5341,
    0x5c50,
    0x625c,
    0x6464,
    0x6368,
    0x5e69,
    0x5966,
    0x535e,
    0x4d52,
    0x4642,
    0x4130,
    0x3e1e,
    0x3b0d,
    0x3afe,
    0x39f2,
    0x3aeb,
    0x3ae8,
    0x39e9,
    0x38ee,
    0x36f7,
    0x3502,
    0x320f,
    0x301b,
    0x2e26,
    0x2b2e,
    0x2934,
    0x2936,
    0x2834,
    0x282f,
    0x2728,
    0x261e,
    0x2313,
    0x2009,
    0x1bff,
    0x14f7,
    0x0cf3,
    0x04f1,
    0xfdf3,
    0xf7f8,
    0xf300,
    0xf10a,
    0xf113,
    0xf41d,
    0xf926,
    0x022d,
    0x0c30,
    0x1730,
    0x222d,
    0x2c25,
    0x351a,
    0x3a0d,
    0x3cff,
    0x3bf0,
    0x37e2,
    0x30d3,
    0x28ce,
    0x1dc9,
    0x13c8,
    0x0acb,
    0x02d1,
    0xfbdb,
    0xf7e6,
    0xf4f3,
    0xf4ff,
    0xf408,
    0xf510,
    0xf414,
    0xf316,
    0xf014,
    0xe310,
    0xe009,
    0xdd01,
    0xd4f8,
    0xccf1,
    0xc4eb,
    0xbfe8,
    0xbce8,
    0xbdec,
    0xc0f2,
    0xc7f9,
    0xd102,
    0xde0a,
    0xeb0f,
    0xf813,
    0x0412,
    0x0f0d,
    0x1804,
    0x1ef8,
    0x22e8,
    0x24d4,
    0x22c0,
    0x1ead,
    0x199d,
    0x1391,
    0x0c8a,
    0x0688,
    0x0089,
    0xfa8e,
    0xf499,
    0xefa8,
    0xe9bc,
    0xe5d2,
    0xdfe9,
    0xd9fd,
    0xd30e,
    0xcd1c,
    0xc725,
    0xc22a,
    0xbe2a,
    0xbc27,
    0xbc21,
    0xbe19,
    0xc211,
    0xc80a,
    0xcf05,
    0xd502,
    0xd403,
    0xe107,
    0xe50e,
    0xe619,
    0xe526,
    0xe234,
    0xde44,
    0xd753,
    0xcf5f,
    0xc869,
    0xc370,
    0xc074,
    0xbf74,
    0xc172,
    0xc76d,
    0xcf65,
    0xda59,
    0xc24b,
    0xf33c,
    0x012c,
    0x0d1d,
    0x180f,
    0x2204,
    0x2bfb,
    0x31f6,
    0x37f4,
    0x3cf5,
    0x41f8,
    0x44fd,
    0x4704,
    0x4a0c,
    0x4d14,
    0x4f1b,
    0x501f,
    0x5002,
    0x4d23,
    0x4a20,
    0x441b,
    0x3c15,
    0x330d,
    0x2904,
    0x1efc,
    0x14f5,
    0x0bef,
    0x06ec,
    0x04eb,
    0x03ec,
    0x05ef,
    0x0af4,
    0x10fa,
    0x1800,
    0x1f04,
    0x2508,
    0x270a,
    0x2809,
    0x2405,
    0x1e00,
    0x16f9,
    0x0bf2,
    0x00ea,
    0xf3e3,
    0xf0dd,
    0xebda,
    0xe9d8,
    0xedda,
    0xf4de,
    0xfee4,
    0x0bea,
    0x19f0,
    0x27f6,
    0x31fa,
    0x39fc,
    0x3cfd,
    0x3bfb,
    0x35f8,
    0x2bf3,
    0x1cee,
    0x0cea,
    0xfde7,
    0xeee6,
    0xe3e7,
    0xdcec,
    0xdaf2,
    0xddfa,
    0xe603,
    0xf403,
    0x0311,
    0x1315,
    0x2417,
    0x3214,
    0x3e0e,
    0x4503,
    0x48f6,
    0x45e6,
    0x3ed7,
    0x35c8,
    0x29ba,
    0x1eb0,
    0x13ab,
    0x0ba9,
    0x05aa,
    0x05af,
    0x09b6,
    0x10bf,
    0x1bc8,
    0x28d1,
    0x36d9,
    0x44df,
    0x50e2,
    0x59e3,
    0x5de2,
    0x5fe1,
    0x5ddf,
    0x58de,
    0x4edf,
    0x43e0,
    0x36e4,
    0x28ea,
    0x1bf1,
    0x10f8,
    0x07fe,
    0x0003,
    0xfc06,
    0xf906,
    0xf902,
    0xfbfb,
    0x00f2,
    0x07e8,
    0x10de,
    0x19d7,
    0x25d2,
    0x31d3,
    0x3dd8,
    0x48e4,
    0x53f3,
    0x5c07,
    0x621e,
    0x6535,
    0x6449,
    0x5f5a,
    0x5664,
    0x4968,
    0x3765,
    0x2259,
    0x0c45,
    0xf42b,
    0xdf0b,
    0xcce8,
    0xbdc6,
    0xb3a7,
    0xb18f,
    0xb584,
    0xb783,
    0xcf84,
    0xe383,
    0xfa83,
    0x1289,
    0x2a95,
    0x3fa9,
    0x50c1,
    0x5cd7,
    0x63ec,
    0x66fe,
    0x640c,
    0x5e16,
    0x561d,
    0x4c21,
    0x4122,
    0x3721,
    0x2f1f,
    0x291c,
    0x2518,
    0x2314,
    0x2211,
    0x210d,
    0x1f09,
    0x1a05,
    0x1401,
    0x0bfd,
    0xfff9,
    0xf1f6,
    0xe0f4,
    0xcff1,
    0xbef0,
    0xaeef,
    0xa1ef,
    0x98ee,
    0x93ec,
    0x92e9,
    0x93e4,
    0x99dd,
    0xa1d3,
    0xacc7,
    0xb8b9,
    0xc5ab,
    0xd09d,
    0xdb92,
    0xe48a,
    0xec86,
    0xf285,
    0xf888,
    0xfd8e,
    0x039b,
    0x09af,
    0x10c8,
    0x19e3,
    0x23fd,
    0x2e16,
    0x372c,
    0x403d,
    0x4846,
    0x4c4a,
    0x4e48,
    0x4c40,
    0x4834,
    0x4126,
    0x3618,
    0x2a0a,
    0x1dff,
    0x11f9,
    0x06f7,
    0xfef9,
    0xf9fe,
    0xf705,
    0xf80b,
    0xfc10,
    0x0212,
    0x090f,
    0x1108,
    0x1afb,
    0x23ea,
    0x2bd4,
    0x31bc,
    0x35a6,
    0x3793,
    0x3787,
    0x3583,
    0x3283,
    0x2e84,
    0x298b,
    0x239b,
    0x1eb5,
    0x18d5,
    0x13f7,
    0x0f18,
    0x0b37,
    0x0651,
    0x0262,
    0xff6c,
    0xfa6f,
    0xf66b,
    0xf261,
    0xee51,
    0xea3c,
    0xe825,
    0xe50d,
    0xe1f7,
    0xdee2,
    0xdcd0,
    0xd9c1,
    0xd5b7,
    0xd2b1,
    0xd0ae,
    0xcdae,
    0xcab1,
    0xc8b5,
    0xc7bb,
    0xc7c1,
    0xcac9,
    0xcfcf,
    0xd5d5,
    0xded9,
    0xe9dc,
    0xf5dc,
    0x02d9,
    0x10d5,
    0x1ccc,
    0x28c2,
    0x31b6,
    0x36a9,
    0x379c,
    0x3590,
    0x2e88,
    0x2484,
    0x1082,
    0x0b83,
    0xfd84,
    0xf188,
    0xe791,
    0xe19e,
    0xdfae,
    0xe1bf,
    0xe8cf,
    0xf2db,
    0x00e3,
    0x0fe6,
    0x1fe4,
    0x2dde,
    0x38d5,
    0x40cb,
    0x44c0,
    0x43b7,
    0x3eb4,
    0x35b5,
    0x29bd,
    0x1bcb,
    0x0edf,
    0x02f8,
    0xf813,
    0xf22e,
    0xef47,
    0xef5a,
    0xf366,
    0xfa6a,
    0x0166,
    0x085b,
    0x0f48,
    0x132f,
    0x1313,
    0x0ef7,
    0x07de,
    0xfdcb,
    0xf1be,
    0xe4ba,
    0xd6be,
    0xcaca,
    0xc2dc,
    0xbdf2,
    0xbd09,
    0xc21f,
    0xca31,
    0xd73d,
    0xe543,
    0xf541,
    0x0338,
    0x0f28,
    0x1815,
    0x1dff,
    0x1cea,
    0x18d8,
    0x10c9,
    0x05bf,
    0xf9ba,
    0xeebc,
    0xe6c3,
    0xe1cc,
    0xe1d7,
    0xe7e3,
    0xf2ed,
    0x02f5,
    0x16f8,
    0x2df9,
    0x45f8,
    0x5bf5,
    0x6df1,
    0x78ef,
    0x7eee,
    0x7ff0,
    0x7df7,
    0x7801,
    0x6d0e,
    0x5e1d,
    0x4c2c,
    0x3a3b,
    0x2946,
    0x1c4d,
    0x144f,
    0x114b,
    0x1341,
    0x1933,
    0x2321,
    0x2e0d,
    0x39fa,
    0x44e9,
    0x4cdc,
    0x50d4,
    0x4fd3,
    0x49d7,
    0x3fe0,
    0x32ee,
    0x23fd,
    0x130d,
    0x031c,
    0xf628,
    0xec2f,
    0xe632,
    0xe42f,
    0xe627,
    0xed1b,
    0xf60e,
    0xfe00,
    0x06f3,
    0x0de9,
    0x12e1,
    0x13dd,
    0x10de,
    0x09e3,
    0x00ea,
    0xf5f4,
    0xeafd,
    0xe007,
    0xd80f,
    0xd416,
    0xd419,
    0xda1c,
    0xe31d,
    0xf11e,
    0x011f,
    0x1220,
    0x2323,
    0x3027,
    0x3a2d,
    0x3f34,
    0x3f3b,
    0x3941,
    0x2d45,
    0x1e46,
    0x0d45,
    0xfb41,
    0xec38,
    0xdf2d,
    0xd71f,
    0xd510,
    0xd902,
    0xe3f7,
    0xf2ee,
    0x05e9,
    0x1ae8,
    0x2feb,
    0x44f3,
    0x54ff,
    0x5f0c,
    0x6519,
    0x6525,
    0x612e,
    0x5734,
    0x4a36,
    0x3a33,
    0x2a2d,
    0x1c25,
    0x101c,
    0x0713,
    0x030c,
    0x0307,
    0x0605,
    0x0d07,
    0x160d,
    0x2117,
    0x2c21,
    0x352c,
    0x3c35,
    0x3f3c,
    0x3f3f,
    0x3d3d,
    0x3635,
    0x2c29,
    0x2119,
    0x1505,
    0x08f1,
    0xfcdd,
    0xf1ca,
    0xe8bb,
    0xe0b1,
    0xdbac,
    0xd7ad,
    0xd5b3,
    0xd4be,
    0xd4ce,
    0xd4e0,
    0xd5f5,
    0xd40b,
    0xd420,
    0xd433,
    0xd444,
    0xd453,
    0xd55d,
    0xd763,
    0xda66,
    0xde65,
    0xe561,
    0xee59,
    0xf74d,
    0x033e,
    0x102b,
    0x1c15,
    0x28ff,
    0x34e8,
    0x3fd3,
    0x49c1,
    0x51b3,
    0x55aa,
    0x57a7,
    0x56a3,
    0x52b5,
    0x4cc4,
    0x43d9,
    0x38f1,
    0x2c08,
    0x201e,
    0x142f,
    0x0838,
    0xfe3a,
    0xf431,
    0xed1d,
    0xe803,
    0xe5e1,
    0xe4b8,
    0xe493,
    0xe582,
    0xe783,
    0xe984,
    0xea83,
    0xe982,
    0xe884,
    0xe784,
    0xe387,
    0xde9e,
    0xd9cf,
    0xd406,
    0xcf34,
    0xcb5a,
    0xc875,
    0xc87d,
    0xca7c,
    0xce7d,
    0xd47a,
    0xdd6b,
    0xe753,
    0xf137,
    0xfc1b,
    0x0604,
    0x0ef3,
    0x15e7,
    0x1be3,
    0x20e6,
    0x23ed,
    0x24f8,
    0x2503,
    0x250e,
    0x2515,
    0x2518,
    0x2616,
    0x290e,
    0x2a02,
    0x2cf2,
    0x2fe0,
    0x30ce,
    0x30bd,
    0x2daf,
    0x29a6,
    0x23a0,
    0x1a9f,
    0x1082,
    0x04a7,
    0xf7af,
    0xeab7,
    0xdebf,
    0xd3c4,
    0xcac8,
    0xc4c9,
    0xbfc8,
    0xbec6,
    0xbfc3,
    0xc1c0,
    0xc5bf,
    0xc9c1,
    0xcec6,
    0xd2ce,
    0xd6d9,
    0xd8e9,
    0xd9f9,
    0xda0b,
    0xdb1d,
    0xda2d,
    0xda3c,
    0xda48,
    0xdc50,
    0xdf54,
    0xe354,
    0xea50,
    0xf249,
    0xfb40,
    0x0436,
    0x0e2a,
    0x191e,
    0x2212,
    0x2906,
    0x30fc,
    0x35f3,
    0x39eb,
    0x3ae5,
    0x39e0,
    0x37dd,
    0x34dc,
    0x30dc,
    0x2adf,
    0x25e3,
    0x1fe9,
    0x18f1,
    0x11f8,
    0x0bff,
    0x0606,
    0x010d,
    0xfc11,
    0xf712,
    0xf311,
    0xf00f,
    0xed0a,
    0xea03,
    0xe7fc,
    0xe4f7,
    0xe1f4,
    0xdef4,
    0xdbf8,
    0xd901,
    0xd50e,
    0xd21e,
    0xcf31,
    0xcd44,
    0xcb55,
    0xca63,
    0xcb6d,
    0xce70,
    0xd36e,
    0xda65,
    0xe156,
    0xe241,
    0xf328,
    0xfa0e,
    0xfff5,
    0x03df,
    0x06ce,
    0x04c6,
    0x00c6,
    0xf9cf,
    0xf0df,
    0xe6f5,
    0xda0e,
    0xd028,
    0xc741,
    0xc057,
    0xbe65,
    0xbf6c,
    0xc66d,
    0xd268,
    0xe15c,
    0xf34a,
    0x0736,
    0x1b21,
    0x2d0d,
    0x3cfe,
    0x46f5,
    0x4df0,
    0x4ef1,
    0x49f7,
    0x3f01,
    0x310c,
    0x2018,
    0x0923,
    0xfb2b,
    0xe92e,
    0xda2d,
    0xd028,
    0xca1f,
    0xc914,
    0xcd07,
    0xd5fc,
    0xe1f2,
    0xefeb,
    0xfee8,
    0x0de8,
    0x1bed,
    0x26f4,
    0x2ffc,
    0x3405,
    0x340c,
    0x3110,
    0x2a11,
    0x200f,
    0x1209,
    0x0301,
    0xf3fa,
    0xe3f3,
    0xd3ed,
    0xc5ea,
    0xbaec,
    0xb2f4,
    0xad01,
    0xab12,
    0xae26,
    0xb43b,
    0xbc4f,
    0xc760,
    0xd36c,
    0xdf72,
    0xea72,
    0xf36d,
    0xf863,
    0xfa52,
    0xf73c,
    0xef25,
    0xe30f,
    0xd3fc,
    0xc1ed,
    0xafe3,
    0x9ee0,
    0x90e3,
    0x88eb,
    0x84f6,
    0x8504,
    0x8111,
    0x951d,
    0xa626,
    0xbe29,
    0xd928,
    0xf022,
    0x0d17,
    0x2209,
    0x31fa,
    0x39eb,
    0x3ade,
    0x34d4,
    0x28cd,
    0x18cb,
    0x05cd,
    0xf2d2,
    0xe1da,
    0xd5e3,
    0xcfec,
    0xcff4,
    0xd6fa,
    0xe3ff,
    0xf600,
    0x0c00,
    0x23fe,
    0x39fc,
    0x4bfa,
    0x58f9,
    0x5efb,
    0x5cfe,
    0x5403,
    0x460b,
    0x3314,
    0x1e1c,
    0x0724,
    0xf32a,
    0xe32d,
    0xd92c,
    0xd428,
    0xd521,
    0xdc18,
    0xc60d,
    0xf203,
    0xfefa,
    0x09f3,
    0x10f0,
    0x12f0,
    0x0ff4,
    0x06fb,
    0xfa05,
    0xea0f,
    0xd717,
    0xc51a,
    0xb719,
    0xad12,
    0xa905,
    0xaaf0,
    0xb1d8,
    0xbdbd,
    0xcda1,
    0xde8b,
    0xee83,
    0xfc83,
    0x0583,
    0x0882,
    0x0483,
    0xfb84,
    0xec8c,
    0xd9a3,
    0xc5c4,
    0xb2e2,
    0xa3fa,
    0x9a0e,
    0x9618,
    0x9919,
    0xa310,
    0xb5ff,
    0xcbe6,
    0xe3ca,
    0xfdac,
    0x1592,
    0x2884,
    0x3582,
    0x3a83,
    0x3883,
    0x3082,
    0x2286,
    0x1291,
    0x01a8,
    0xf2c6,
    0xe8e3,
    0xe5fb,
    0xe810,
    0xf21e,
    0x0327,
    0x182a,
    0x3029,
    0x4824,
    0x5b1f,
    0x6818,
    0x6e13,
    0x6c10,
    0x610f,
    0x4c11,
    0x2f14,
    0x0b17,
    0xe513,
    0xc01d,
    0x9f1b,
    0x8916,
    0x800c,
    0x80fe,
    0x80ec,
    0x88d9,
    0x9bc6,
    0xb7b4,
    0xd7a6,
    0xf69d,
    0x1299,
    0x279b,
    0x32a3,
    0x33b1,
    0x2bc4,
    0x1ada,
    0x02f2,
    0xe80b,
    0xcb20,
    0xb131,
    0x9c3d,
    0x9043,
    0x8c44,
    0x8f40,
    0x9b39,
    0xaf2f,
    0xc825,
    0xe51b,
    0x0312,
    0x1c0b,
    0x2f08,
    0x3b09,
    0x000c,
    0x3b0f,
    0x2d14,
    0x1917,
    0x0119,
    0xe619,
    0xcb15,
    0xb30d,
    0xa101,
    0x96f3,
    0x93e3,
    0x96d3,
    0x9fc3,
    0xb0b4,
    0xc6a1,
    0xe0a0,
    0xfa9a,
    0x1596,
    0x2e96,
    0x4396,
    0x5496,
    0x6197,
    0x6999,
    0x6e9a,
    0x6f9b,
    0x6e9c,
    0x6b9e,
    0x66a1,
    0x5ea7,
    0x54b0,
    0x48be,
    0x3ad1,
    0x29e7,
    0x1702,
    0x041f,
    0xf03c,
    0xdb57,
    0xc66c,
    0xb479,
    0xa57d,
    0x9a7d,
    0x937c,
    0x9173,
    0x935d,
    0x9a3e,
    0xa71a,
    0xb6f3,
    0xc8ce,
    0xdaad,
    0xea94,
    0xf986,
    0x0383,
    0x0983,
    0x0985,
    0x048c,
    0xfb9c,
    0xefb2,
    0xe2ca,
    0xd5e0,
    0xcaf4,
    0xc202,
    0x8d09,
    0xbd0c,
    0xc10a,
    0xca04,
    0xd6fc,
    0xe5f5,
    0xf3ef,
    0x00ec,
    0x0ced,
    0x14f4,
    0x17fe,
    0x170c,
    0x121d,
    0x072f,
    0xf93e,
    0xea49,
    0xda4f,
    0xcb4f,
    0xc048,
    0xb73c,
    0xb22b,
    0xb116,
    0xb5ff,
    0xbbe9,
    0xc4d7,
    0xcec9,
    0xd8c2,
    0xe0c3,
    0xe7cb,
    0xebda,
    0xecee,
    0xeb04,
    0xe71a,
    0xe12e,
    0xda3d,
    0xd245,
    0xcb46,
    0xc637,
    0xc32f,
    0xc119,
    0xc1fe,
    0xc3e0,
    0xc5c2,
    0xc8a9,
    0xca96,
    0xcc8c,
    0xcc88,
    0xca8a,
    0xc793,
    0xc2a3,
    0xbcba,
    0xb6d5,
    0xb1f1,
    0xad0a,
    0xab20,
    0xaa30,
    0xad39,
    0xb33b,
    0xbb37,
    0xc62d,
    0xd31d,
    0xe00c,
    0xeefb,
    0xfbeb,
    0x06dd,
    0x10d3,
    0x19ce,
    0x1ecd,
    0x21d1,
    0x20d8,
    0x1ce1,
    0x17e4,
    0x10f7,
    0x0700,
    0xfd08,
    0xf20c,
    0xe70e,
    0xdb0c,
    0xd008,
    0xc702,
    0xbffc,
    0xb8f6,
    0xb4f1,
    0xb3ed,
    0xb6ec,
    0xbced,
    0xc5f1,
    0xd1f6,
    0xdffc,
    0xf003,
    0x0108,
    0x110c,
    0x200e,
    0x2c0e,
    0x340b,
    0x3705,
    0x36fd,
    0x2ef2,
    0x21e7,
    0x11dd,
    0xfed4,
    0xe9ce,
    0xd4cb,
    0xc0cc,
    0xb0d2,
    0xa5dd,
    0x9fec,
    0x9eff,
    0xa214,
    0xaa29,
    0xb63f,
    0xc551,
    0xd560,
    0xe468,
    0xf06b,
    0xf969,
    0xfe60,
    0xfe52,
    0xf93e,
    0xf228,
    0xe310,
    0xdbfa,
    0xd0e6,
    0xc6d7,
    0xbfce,
    0xbcce,
    0xbdd4,
    0xc4e2,
    0xcef7,
    0xdb0f,
    0xeb29,
    0xe943,
    0x0f5a,
    0x1f6c,
    0x2e76,
    0x3a79,
    0x4378,
    0x4972,
    0x4c66,
    0x4d55,
    0x4d40,
    0x4c2b,
    0x4b17,
    0x4a07,
    0x4afe,
    0x4bfa,
    0x4dfc,
    0x5004,
    0x5310,
    0x551d,
    0x5729,
    0x5733,
    0x5539,
    0x5139,
    0x4b32,
    0x4424,
    0x3a11,
    0x2ef9,
    0x23e0,
    0x18c7,
    0x0eb2,
    0x06a1,
    0xfe98,
    0xf995,
    0xf599,
    0xf3a4,
    0xf2b4,
    0xf1c9,
    0xf2e1,
    0xf2f6,
    0xf206,
    0xf310,
    0xf214,
    0xf010,
    0xee04,
    0xebf3,
    0xe8dd,
    0xe6c5,
    0xe5af,
    0xe68e,
    0xe693,
    0xe88f,
    0xeb92,
    0xee9c,
    0xf3ad,
    0xf8c4,
    0xfedf,
    0x05fa,
    0x0c12,
    0x1327,
    0x1a35,
    0x203b,
    0x2739,
    0x2d31,
    0x3323,
    0x3710,
    0x3afc,
    0x3cea,
    0x3bda,
    0x39cf,
    0x34c9,
    0x2dc9,
    0x24cf,
    0x18d8,
    0x0be5,
    0xfdf2,
    0xf0fe,
    0xe307,
    0xd70c,
    0xcc0b,
    0xc407,
    0xbfff,
    0xbdf4,
    0xbee9,
    0xc2df,
    0xc9d8,
    0xd1d5,
    0xdad9,
    0xe4e3,
    0xeef2,
    0xf705,
    0xfd1b,
    0x0232,
    0x0548,
    0x0658,
    0x0563,
    0x0367,
    0x0264,
    0x005a,
    0xff49,
    0xfe32,
    0xfe1a,
    0xff01,
    0x00c3,
    0x02d8,
    0x04cc,
    0x05c6,
    0x05c1,
    0x03d2,
    0xf7e2,
    0xf9f5,
    0xf20a,
    0xe820,
    0xdd34,
    0xd045,
    0xc350,
    0xb857,
    0xae59,
    0xa756,
    0xa250,
    0xa048,
    0xa140,
    0xa537,
    0xad31,
    0xb72e,
    0xc32d,
    0xd02f,
    0xdd33,
    0xea38,
    0xf63e,
    0xff44,
    0x0549,
    0x094b,
    0x0a4c,
    0x074b,
    0x0249,
    0xfa45,
    0xf040,
    0xe63b,
    0xdb37,
    0xd032,
    0xc72f,
    0xc02e,
    0xbd2d,
    0xbd2c,
    0xc129,
    0xc924,
    0xd51e,
    0xe414,
    0xf509,
    0x07fb,
    0x1beb,
    0x2ddc,
    0x3ecd,
    0x4bc0,
    0x55b6,
    0x53b1,
    0x5db0,
    0x5ab4,
    0x55bc,
    0x4cc7,
    0x42d6,
    0x37e5,
    0x2ef4,
    0x2700,
    0x220a,
    0x210f,
    0x230f,
    0x290d,
    0x3306,
    0x3ffd,
    0x4bf2,
    0x58e9,
    0x64e0,
    0x6cdb,
    0x71da,
    0x73de,
    0x71e6,
    0x6cf2,
    0x6402,
    0x5714,
    0x4726,
    0x3536,
    0x2444,
    0x144e,
    0x0554,
    0xf955,
    0xf052,
    0xea4c,
    0xe743,
    0xe538,
    0xe62d,
    0xe822,
    0xea1a,
    0xeb14,
    0xeb11,
    0xea11,
    0xe814,
    0xe418,
    0xdf1d,
    0xdb21,
    0xd625,
    0xd127,
    0xcf26,
    0xcf22,
    0xd21a,
    0xd610,
    0xdc05,
    0xe4f8,
    0xedec,
    0xf7e0,
    0x00d6,
    0x08ce,
    0x0fca,
    0x14c9,
    0x16cb,
    0x14d0,
    0x10d7,
    0x0ae0,
    0x01ea,
    0xf8f4,
    0xeffe,
    0xe707,
    0xe00f,
    0xdb15,
    0xd91b,
    0xda1e,
    0xdf21,
    0xe723,
    0xf124,
    0xf523,
    0x0a23,
    0x1721,
    0x240e,
    0x2f1a,
    0x3715,
    0x3b0f,
    0x3b07,
    0x36fe,
    0x2ef4,
    0x22ea,
    0x14e0,
    0x03d7,
    0xf1cf,
    0xe1c8,
    0xd2c3,
    0xc6c1,
    0xbdc1,
    0xb8c3,
    0xb6c8,
    0xbacf,
    0xc1d7,
    0xccdf,
    0xd9e6,
    0xe7ed,
    0xf6f2,
    0x05f4,
    0x13f3,
    0x1ff1,
    0x29ec,
    0x30e5,
    0x35d4,
    0x37d3,
    0x37cb,
    0x34c3,
    0x2fbd,
    0x29b9,
    0x22b8,
    0x1bb9,
    0x12be,
    0x08c4,
    0xffcc,
    0xf5d6,
    0xe3e0,
    0xe2e9,
    0xdaf1,
    0xd3f7,
    0xcffb,
    0xccfc,
    0xcbfa,
    0xcdf7,
    0xd2f3,
    0xd9ef,
    0xe3ec,
    0xeeea,
    0xfbea,
    0x07ee,
    0x10f4,
    0x18fd,
    0x1e0b,
    0x1f1b,
    0x1c2c,
    0x143d,
    0x0a4d,
    0xfd5a,
    0xef64,
    0xe16a,
    0xc56b,
    0xcc67,
    0xc85e,
    0xc851,
    0xce41,
    0xd92e,
    0xe91b,
    0xfc06,
    0x0ff4,
    0x22e4,
    0x34d0,
    0x42d0,
    0x49cb,
    0x4bca,
    0x47ca,
    0x3ccb,
    0x2acd,
    0x15ce,
    0xfcce,
    0xe3cc,
    0xcbc7,
    0xb7c0,
    0xa7b8,
    0x9daf,
    0x99a7,
    0x9aa1,
    0xa19d,
    0xab9c,
    0xb99e,
    0xc9a3,
    0xd9ac,
    0xe7b7,
    0xf2c4,
    0xf3d1,
    0xffdc,
    0x00e4,
    0xfeea,
    0xf9ec,
    0xf2e7,
    0xebdf,
    0xe4d3,
    0xdfc5,
    0xdab7,
    0xd7a9,
    0xd69e,
    0xd698,
    0xd796,
    0xd898,
    0xd89f,
    0xd8ac,
    0xd6be,
    0xd4d2,
    0xd0c9,
    0xccfe,
    0xc711,
    0xc121,
    0xbd2c,
    0xbb32,
    0xbb31,
    0xbc2c,
    0xc023,
    0xc617,
    0xcc09,
    0xd4fb,
    0xdcee,
    0xe4e5,
    0xebdd,
    0xf2d9,
    0xf7d9,
    0xfbdc,
    0xffe1,
    0x01e7,
    0x04ed,
    0x08f3,
    0x0df6,
    0x12f8,
    0x18f8,
    0x1ff6,
    0x27f2,
    0x2eed,
    0x33e8,
    0x37e4,
    0x39e0,
    0x39de,
    0x35de,
    0x30e0,
    0x28e3,
    0x20e8,
    0x18ee,
    0x10f4,
    0x0afa,
    0x08fe,
    0x0901,
    0x0d03,
    0x1304,
    0x1d03,
    0x2803,
    0x3403,
    0x3603,
    0x4704,
    0x4b06,
    0x4c0a,
    0x490e,
    0x4112,
    0x3616,
    0x2919,
    0x1b1b,
    0x0e19,
    0x0514,
    0xdf0c,
    0xfe01,
    0x02f2,
    0x0de0,
    0x1ecc,
    0x32b9,
    0x47a7,
    0x5c98,
    0x6c8d,
    0x7687,
    0x7b84,
    0x7a84,
    0x7387,
    0x658d,
    0x4f98,
    0x32a8,
    0x12bd,
    0xf3d3,
    0xd7eb,
    0xc102,
    0xb219,
    0xac2d,
    0xaf3e,
    0xbc4d,
    0xd058,
    0xeb5e,
    0x0a61,
    0x2a61,
    0x485d,
    0x6055,
    0x714b,
    0x7a3d,
    0x7b2e,
    0x781f,
    0x700f,
    0x6101,
    0x4bf6,
    0x34ee,
    0x1cea,
    0x08ea,
    0xf9ef,
    0xeff8,
    0xeb04,
    0xec11,
    0xf120,
    0xfa2f,
    0x043b,
    0x0d45,
    0x154c,
    0x194e,
    0x184c,
    0x1245,
    0x063a,
    0xf62c,
    0xe21e,
    0xcd0f,
    0xb801,
    0xa5f5,
    0x97ec,
    0x8ee8,
    0x8be9,
    0x8cee,
    0x92f8,
    0x9e05,
    0xae14,
    0xc224,
    0xd834,
    0xee43,
    0x014f,
    0x1158,
    0x1c5e,
    0x245f,
    0x265e,
    0x255a,
    0x2052,
    0x1a48,
    0x123b,
    0x0b2c,
    0x051c,
    0x010d,
    0xfefe,
    0xffef,
    0x02e0,
    0x08d3,
    0x0ec7,
    0x14be,
    0x1ab8,
    0x1fb4,
    0x20b5,
    0x1fb8,
    0x1bbf,
    0x13c9,
    0x09d7,
    0xfde7,
    0xf0f6,
    0xe205,
    0xd411,
    0xc61a,
    0xbc1e,
    0xb41d,
    0xae14,
    0xac07,
    0xacf4,
    0xaedb,
    0xb5c2,
    0xbfa8};
volatile __attribute__((section(".rfdata_data"), aligned(64))) uint16_t dfe_rfdata3[] = {
    0x0703,
    0x0181,
    0xc78e,
    0xd885,
    0x0197,
    0x34ad,
    0x59ae,
    0x6faa,
    0x7daf,
    0x7fb4,
    0x7fb6,
    0x7fbb,
    0x7ac0,
    0x6cc2,
    0x59c6,
    0x44c1,
    0x30c9,
    0x20c9,
    0x15c7,
    0x10c4,
    0x10bf,
    0x14ba,
    0x1cb5,
    0x26b0,
    0x2faa,
    0x35a6,
    0x30a3,
    0x37a2,
    0x2fa4,
    0x22a7,
    0x10ad,
    0xfab5,
    0xe1bf,
    0xc9ca,
    0xb1d5,
    0x9cdf,
    0x8ee8,
    0x86ef,
    0x82f4,
    0x81f5,
    0x84f2,
    0x8bee,
    0x96e7,
    0xa4df,
    0xb5d8,
    0xc6d1,
    0xd6cc,
    0xe4ca,
    0xf0cc,
    0xf8d3,
    0xfddd,
    0x00cd,
    0x01ff,
    0x0215,
    0x002b,
    0xfd41,
    0xfc55,
    0xfb65,
    0xfb6f,
    0xfc73,
    0xff74,
    0x0271,
    0x0568,
    0x085c,
    0x0a4c,
    0x0c3b,
    0x0d28,
    0x0d18,
    0x0a0a,
    0x07ff,
    0x02f8,
    0xfdf5,
    0xf8f6,
    0xf4f1,
    0xf0fd,
    0xec02,
    0xea06,
    0xe909,
    0xe80b,
    0xe80b,
    0xe909,
    0xe905,
    0xe901,
    0xe7fc,
    0xe5f7,
    0xe0f5,
    0xd9f5,
    0xd1f8,
    0xc7fd,
    0xbc05,
    0xb110,
    0xa61c,
    0x9c28,
    0x9534,
    0x913e,
    0x8f46,
    0x9049,
    0x9449,
    0x9b45,
    0xa43c,
    0xaf31,
    0xba23,
    0xc514,
    0xc504,
    0xd3f5,
    0xd5e0,
    0xd2de,
    0xccd7,
    0xc3d4,
    0xb8d5,
    0xadda,
    0xa3e2,
    0x9bec,
    0x96f8,
    0x9304,
    0x940f,
    0x9a19,
    0xa521,
    0xb125,
    0xc027,
    0xd024,
    0xdf1e,
    0xeb15,
    0xf10a,
    0xf4ff,
    0xf1f3,
    0xe8e7,
    0xdbdc,
    0xcbd4,
    0xbacf,
    0xa9cc,
    0x9ace,
    0x90d3,
    0x8bdb,
    0x8be6,
    0x90f1,
    0x9afc,
    0xac07,
    0xc310,
    0xde15,
    0xfa16,
    0x1614,
    0x300e,
    0x4704,
    0x58f6,
    0x64e5,
    0x6ad4,
    0x6ac2,
    0x66b1,
    0x5da3,
    0x519a,
    0x4194,
    0x3093,
    0x1e95,
    0x0c9b,
    0xfba4,
    0xedb1,
    0xe0bf,
    0xd5ce,
    0xccdc,
    0xc6e8,
    0xc1f1,
    0xbef6,
    0xbdf9,
    0xbdf8,
    0xbff4,
    0xc2ee,
    0xc6e7,
    0xc2e0,
    0xd0da,
    0xd5d6,
    0xdad3,
    0xdfd4,
    0xe3d8,
    0xe5de,
    0xe5e6,
    0xe5f1,
    0xe4fd,
    0xe20a,
    0xe017,
    0xde25,
    0xde33,
    0xdf40,
    0xe24e,
    0xe85a,
    0xf165,
    0xfc6f,
    0x0877,
    0x1573,
    0x237c,
    0x307c,
    0x3a7c,
    0x427c,
    0x477c,
    0x487b,
    0x4676,
    0x406a,
    0x3958,
    0x3041,
    0x2629,
    0x1d0f,
    0x15f5,
    0x0ede,
    0x0acb,
    0x09bb,
    0x0baf,
    0x0da9,
    0x12a9,
    0x17ad,
    0x1cb6,
    0x21c2,
    0x25d1,
    0x27e1,
    0x28f2,
    0x2702,
    0x2612,
    0x251e,
    0x2329,
    0x2131,
    0x2035,
    0x2036,
    0x2135,
    0x2232,
    0x242d,
    0x2527,
    0x2621,
    0x2619,
    0x2511,
    0x2209,
    0x1e03,
    0x19fd,
    0x13f8,
    0x0df4,
    0x08f0,
    0x05ed,
    0x03ea,
    0x03e8,
    0x06e6,
    0x0ae4,
    0x0fe2,
    0x15e1,
    0x1adf,
    0x1edc,
    0x20d9,
    0x1fd6,
    0x1bd3,
    0x14d0,
    0x0bcd,
    0x00ca,
    0xf4c9,
    0xe9ca,
    0xe0cb,
    0xdacf,
    0xd8d4,
    0xdadb,
    0xe1e2,
    0xebea,
    0xf9f2,
    0x08f8,
    0x18fd,
    0x2700,
    0x3401,
    0x3cfe,
    0x41f9,
    0x40f2,
    0x3be8,
    0x31df,
    0x24d5,
    0x16cd,
    0x07c8,
    0xfac6,
    0xefc7,
    0xe7cd,
    0xe4d7,
    0xe4e6,
    0xeaf6,
    0xf408,
    0xff1a,
    0x0b2b,
    0x1839,
    0x2445,
    0x2d4c,
    0x344e,
    0x384c,
    0x3847,
    0x3536,
    0x3033,
    0x2a27,
    0x221b,
    0x1a10,
    0x1208,
    0x0c01,
    0x07fc,
    0x03fb,
    0x01fb,
    0x00f9,
    0x01ff,
    0x0201,
    0x0303,
    0x0204,
    0x0104,
    0x0103,
    0x0102,
    0xc300,
    0xfffe,
    0xfffd,
    0x01fc,
    0x04fe,
    0x0901,
    0x0e06,
    0x120d,
    0x1815,
    0x1c1e,
    0x2026,
    0x212e,
    0x2134,
    0x1f39,
    0x1a3c,
    0x143e,
    0x0b3f,
    0x023f,
    0xf83e,
    0xed3e,
    0xe43d,
    0xdc3c,
    0xd43b,
    0xcf3a,
    0xcc38,
    0xca35,
    0xc930,
    0xca2a,
    0xcc20,
    0xcf14,
    0xd206,
    0xd5f6,
    0xd8e5,
    0xdcd4,
    0xdfc4,
    0xe2b7,
    0xe5ad,
    0xe8a8,
    0xeaa6,
    0xeba9,
    0xebb1,
    0xebbc,
    0xeaca,
    0xe8d9,
    0xe4e8,
    0xdff6,
    0xda01,
    0xd40a,
    0xce0e,
    0xc711,
    0xc20f,
    0xbf0b,
    0xbd05,
    0xbcff,
    0xbdf9,
    0xc0f4,
    0xc3f1,
    0xc8ef,
    0xcdf0,
    0xd4f1,
    0xd8f3,
    0xddf6,
    0xe1f8,
    0xe5f8,
    0xe9f6,
    0xedf3,
    0xf0ee,
    0xf4e7,
    0xf1e0,
    0xfed9,
    0x03d4,
    0x09d0,
    0x0ed0,
    0x11d3,
    0x13d9,
    0x13c1,
    0x0fec,
    0x09f7,
    0x0002,
    0xf40d,
    0xe515,
    0xd51a,
    0xc51d,
    0xb71b,
    0xab17,
    0xa411,
    0xa10b,
    0xa304,
    0xabff,
    0xb7fc,
    0xc8fc,
    0xdbff,
    0xf005,
    0x050b,
    0x1614,
    0x251d,
    0x2f26,
    0x332b,
    0x312c,
    0x2a2a,
    0x1d24,
    0x0d1a,
    0xfa0d,
    0xe7ff,
    0xd3ef,
    0xc1e0,
    0xb4d5,
    0xabcc,
    0xa7c7,
    0xa7c9,
    0xabcf,
    0xb2d8,
    0xbce5,
    0xc9f5,
    0xd605,
    0xe413,
    0xef1f,
    0xf928,
    0x002e,
    0x0530,
    0x082e,
    0x092a,
    0x0724,
    0x041d,
    0xff17,
    0xfa13,
    0xf510,
    0xef0f,
    0xe911,
    0xe415,
    0xe119,
    0xdf1d,
    0xde20,
    0xe022,
    0xe521,
    0xed1e,
    0xf817,
    0x050d,
    0x1404,
    0x25fb,
    0x37f3,
    0x48ec,
    0x57e9,
    0x62ea,
    0x6af0,
    0x6dfa,
    0x6c08,
    0x6519,
    0x5a2c,
    0x4c3f,
    0x3a51,
    0x2660,
    0x126a,
    0x016f,
    0xf471,
    0xeb6e,
    0xe766,
    0xe95a,
    0xf14a,
    0xfd36,
    0x0c22,
    0x1b0f,
    0x29fd,
    0x35ed,
    0x3ee1,
    0x43d8,
    0x41d3,
    0x3ad2,
    0x2fd4,
    0x1fd9,
    0x0ee2,
    0xfcec,
    0xecf7,
    0xdf02,
    0xd60c,
    0xd216,
    0xd31f,
    0xdb26,
    0xe729,
    0xf62b,
    0x0829,
    0x1924,
    0x2a1d,
    0x3913,
    0x4507,
    0x4ef9,
    0x53eb,
    0x55dd,
    0x54d1,
    0x53c7,
    0x51c0,
    0x50bd,
    0x51be,
    0x54c3,
    0x5acb,
    0x62d6,
    0x6ce5,
    0x76f4,
    0x7d04,
    0x7f12,
    0x7f1e,
    0x7f28,
    0x7f2d,
    0x7f2f,
    0x7f2d,
    0x7e26,
    0x7a1e,
    0x7115,
    0x630b,
    0x5000,
    0x3df6,
    0x2bef,
    0x19ea,
    0x0ae8,
    0xfde8,
    0xf3ea,
    0xebee,
    0xe4f2,
    0xdff8,
    0xdbfe,
    0xd905,
    0xd70b,
    0xd611,
    0xd517,
    0xd51d,
    0xd523,
    0xd728,
    0xd92c,
    0xda2f,
    0xdd31,
    0xdf32,
    0xe230,
    0xe52b,
    0xe725,
    0xe91b,
    0xeb0f,
    0xed00,
    0xeff1,
    0xf2e2,
    0xf6d5,
    0xfbcc,
    0x02c6,
    0x09c6,
    0x10cd,
    0x17da,
    0x1eec,
    0x2402,
    0x261e,
    0x243a,
    0x1d55,
    0x1243,
    0x0279,
    0xef7d,
    0xd77c,
    0xbe7d,
    0xa37a,
    0x8d6d,
    0x8056,
    0x8039,
    0x801a,
    0x8098,
    0x80e1,
    0x80cb,
    0x83bc,
    0x8fb4,
    0xa9b3,
    0xc9b9,
    0xe9c5,
    0x07d5,
    0x21e8,
    0x36fb,
    0x450e,
    0x4e1f,
    0x502c,
    0x4b36,
    0x413b,
    0x343c,
    0x2439,
    0x1434,
    0x042d,
    0xf626,
    0xe91f,
    0xe119,
    0xdc15,
    0xda12,
    0xdb10,
    0xdd10,
    0xe211,
    0xe813,
    0xee14,
    0xf416,
    0xfa18,
    0xff1a,
    0x031d,
    0x0821,
    0x0b25,
    0x0c2a,
    0x0e31,
    0x0f38,
    0x0e3f,
    0x0c47,
    0x094e,
    0x0453,
    0xfd56,
    0xf556,
    0xe353,
    0xe14b,
    0xd73f,
    0xce32,
    0xc522,
    0xbf0f,
    0xbbfd,
    0xbbec,
    0xbdde,
    0xc3d2,
    0xcaca,
    0xd4c8,
    0xdfca,
    0xead0,
    0xf4d9,
    0xfde5,
    0x03f1,
    0x07fc,
    0x0906,
    0x080f,
    0x0414,
    0xff16,
    0xfb15,
    0xf611,
    0xf10a,
    0xf003,
    0xf1fb,
    0xf4f2,
    0xf9eb,
    0x01e5,
    0x0be2,
    0x15e0,
    0x1ee2,
    0x25e5,
    0x2cea,
    0x2fef,
    0x2ff4,
    0x2cf9,
    0x27fd,
    0x1eff,
    0x1400,
    0x0aca,
    0x00fb,
    0xf7f7,
    0xf1f0,
    0xede7,
    0xebde,
    0xecd5,
    0xf1cd,
    0xf8c5,
    0xffbe,
    0x08bb,
    0x10b9,
    0x18b9,
    0x1dbc,
    0x21c2,
    0x21cb,
    0x1ed6,
    0x18e2,
    0x10ef,
    0x05fd,
    0xf90b,
    0xed18,
    0xe022,
    0xd42a,
    0xcb2e,
    0xc42f,
    0xc02e,
    0xc02a,
    0xc325,
    0xc91f,
    0xd41b,
    0xc018,
    0xee17,
    0xfd18,
    0x0c1e,
    0x1926,
    0x2431,
    0x2d3e,
    0x324c,
    0x3257,
    0x2f60,
    0x2765,
    0x1b66,
    0x0c63,
    0xfb5b,
    0xea4d,
    0xd83c,
    0xc82a,
    0xbb17,
    0xb205,
    0xadf6,
    0xadeb,
    0xb4e7,
    0xbfe8,
    0xceef,
    0xe1fa,
    0xf806,
    0x1013,
    0x071f,
    0x3e27,
    0x522b,
    0x6327,
    0x6d1d,
    0x730c,
    0x76f4,
    0x74d9,
    0x6fbd,
    0x65a2,
    0x478d,
    0x4683,
    0x3182,
    0x1c83,
    0x0883,
    0xf588,
    0xe498,
    0xd7b2,
    0xced2,
    0xc9f1,
    0xc90e,
    0xcd27,
    0xd63a,
    0xe345,
    0xf349,
    0x0546,
    0x183d,
    0x2b31,
    0x3f22,
    0x4f13,
    0x5d06,
    0x67fc,
    0x6df6,
    0x6ff4,
    0x6ef6,
    0x67fb,
    0x5c02,
    0x4d09,
    0x3b0f,
    0x2712,
    0x1312,
    0xde0f,
    0xeb08,
    0xdafe,
    0xccf2,
    0xc3e5,
    0xbdd8,
    0xbcce,
    0xbec6,
    0xc5c3,
    0xcfc5,
    0xdaca,
    0xe8d2,
    0xf5dc,
    0x03e8,
    0x0ff4,
    0x1bfe,
    0x2507,
    0x2b0c,
    0x2d0f,
    0x2e0f,
    0x2c0e,
    0x280b,
    0x2106,
    0x0102,
    0x1000,
    0x0600,
    0xf500,
    0xf402,
    0xea04,
    0xe205,
    0xdb06,
    0xd705,
    0xd401,
    0xd2fa,
    0xd3f1,
    0xd5e7,
    0xd8db,
    0xdccf,
    0xe1c5,
    0xe7bf,
    0xedbc,
    0xf2be,
    0xf7c4,
    0xfacf,
    0xfcde,
    0xfeed,
    0xfefc,
    0xfe09,
    0xfc12,
    0xf814,
    0xf711,
    0xf408,
    0xf0f9,
    0xeee3,
    0xeccb,
    0xebb4,
    0xeba0,
    0xeb93,
    0xec8d,
    0xed8e,
    0xf097,
    0xf3a9,
    0xf6c5,
    0xfae7,
    0x000c,
    0x0630,
    0x0d51,
    0x156a,
    0x1f77,
    0x287b,
    0x337a,
    0x3e70,
    0x485d,
    0x5142,
    0x5923,
    0x5d04,
    0x5fe9,
    0x5fd4,
    0x5bc9,
    0x53c7,
    0x48cf,
    0x3adf,
    0x2af5,
    0x1910,
    0x092b,
    0xf844,
    0xe956,
    0xdd60,
    0xd562,
    0xd15b,
    0xd24c,
    0xd635,
    0xdf18,
    0xeafa,
    0xf8dd,
    0x07c3,
    0x18b0,
    0x2aa5,
    0x39a2,
    0x46a6,
    0x51b2,
    0x59c3,
    0x5dd7,
    0x5ecc,
    0x5dfe,
    0x580c,
    0x4f14,
    0x4416,
    0x3710,
    0x2704,
    0x16f5,
    0x06e4,
    0xf7d2,
    0xe9c3,
    0xdeb7,
    0xd6b2,
    0xd1b1,
    0xd1b8,
    0xd4c3,
    0xdcd3,
    0xe8e6,
    0xf6f8,
    0x0709,
    0x1916,
    0x2920,
    0x3725,
    0x4424,
    0x4320,
    0x4e17,
    0x4d0d,
    0x4701,
    0x3df7,
    0x30f0,
    0x21ec,
    0x13ec,
    0x05ef,
    0xfaf6,
    0xf2ff,
    0xef09,
    0xf011,
    0xf518,
    0xfd1d,
    0x071e,
    0x131c,
    0x1d18,
    0x2713,
    0x2f0e,
    0x340a,
    0x3408,
    0x3309,
    0x2e0e,
    0x2818,
    0x2226,
    0x1c36,
    0x1847,
    0x1758,
    0x1965,
    0x1e6d,
    0x286e,
    0x336a,
    0x405e,
    0x4c4a,
    0x562e,
    0x5e0c,
    0x61e8,
    0x4fc3,
    0x58a2,
    0x4c8a,
    0x3a82,
    0x2583,
    0x1083,
    0xfa83,
    0xe784,
    0xd78b,
    0xcc9d,
    0xc7b7,
    0xc7d2,
    0xceea,
    0xd9fd,
    0xe70b,
    0xf711,
    0x0610,
    0x120a,
    0x1c01,
    0x22f4,
    0x22e5,
    0x1dd8,
    0x15cc,
    0x09c4,
    0xfac0,
    0xeac1,
    0xdbc5,
    0xcdcc,
    0xc1d7,
    0xb0e2,
    0xb2ed,
    0xaef7,
    0xadff,
    0xad03,
    0xad04,
    0xad02,
    0xacfd,
    0xaaf6,
    0xa6ef,
    0xa1e8,
    0x9ce2,
    0x97dd,
    0x92db,
    0x8fdd,
    0x8ee1,
    0x8fe7,
    0x92ef,
    0x9afa,
    0xa304,
    0xaf0c,
    0xbd15,
    0xcc1c,
    0xda1f,
    0xe721,
    0xf120,
    0xf91c,
    0xfe17,
    0x0110,
    0x0208,
    0x01ff,
    0x00f7,
    0xfeef,
    0xffe6,
    0x02cd,
    0x05d6,
    0x0bd0,
    0x12ca,
    0x1bc5,
    0x23c0,
    0x2bbb,
    0x33b6,
    0x3ab2,
    0x3eaf,
    0x41ab,
    0x41a8,
    0x3ea5,
    0x3aa4,
    0x34a3,
    0x2da4,
    0x26a5,
    0x1fa8,
    0x19ad,
    0x13b4,
    0x0fbc,
    0x0ac6,
    0x07d2,
    0x04e0,
    0x02ef,
    0x02ed,
    0x030b,
    0x0419,
    0x0526,
    0x0831,
    0x0c38,
    0x113b,
    0x173c,
    0x1e39,
    0x2533,
    0x2b2a,
    0x301f,
    0x3212,
    0x3107,
    0x2dfd,
    0x26f5,
    0x12f0,
    0x0aef,
    0xf8f2,
    0xe5f8,
    0xd302,
    0xc20d,
    0xb41a,
    0xab27,
    0xaa32,
    0xb03a,
    0xbd3f,
    0xd240,
    0xed3b,
    0x0c32,
    0x2d26,
    0x4f17,
    0x4c07,
    0x7df7,
    0x7fe8,
    0x7fdc,
    0x7fd3,
    0x7fcf,
    0x7fce,
    0x7dd2,
    0x74d2,
    0x60e6,
    0x46f4,
    0x2d01,
    0x180f,
    0x071b,
    0xfa27,
    0xf231,
    0xef38,
    0xef3e,
    0xf242,
    0xf746,
    0xfb49,
    0x004e,
    0x0352,
    0x0657,
    0x065c,
    0x0560,
    0x0362,
    0x0262,
    0x024f,
    0x0458,
    0x084c,
    0x0e3b,
    0x1526,
    0x1e0f,
    0x29f7,
    0x32e1,
    0x3bce,
    0x42bf,
    0x47b8,
    0x48b9,
    0x42c2,
    0x43d3,
    0x3deb,
    0x3608,
    0x3029,
    0x2b49,
    0x2766,
    0x2678,
    0x287d,
    0x2c7b,
    0x337c,
    0x3b7c,
    0x4472,
    0x4c5c,
    0x543d,
    0x5a1c,
    0x5cfc,
    0x5cdf,
    0x59c7,
    0x53b7,
    0x4bae,
    0x42ad,
    0x39b2,
    0x30bb,
    0x28c8,
    0x21d6,
    0x1de4,
    0x1bef,
    0x1af6,
    0x19fa,
    0x18fa,
    0x17f8,
    0x13f3,
    0x0eee,
    0x06e8,
    0xfce8,
    0xf0e9,
    0xe2ef,
    0xd5f8,
    0xca04,
    0xc013,
    0xb923,
    0xb631,
    0xb73d,
    0xbd45,
    0xc649,
    0xd346,
    0xe23e,
    0xf131,
    0x0020,
    0x0d0d,
    0x16f9,
    0x1de8,
    0x20da,
    0x20cf,
    0x1cc9,
    0x15c8,
    0x0ccb,
    0x03d2,
    0xfada,
    0xf2e3,
    0xebea,
    0xe6ee,
    0xe4ef,
    0xe2ed,
    0xe2e7,
    0xe4cf,
    0xe6d6,
    0xe9cd,
    0xecc6,
    0xefc4,
    0xf4c7,
    0xfacf,
    0x01dd,
    0x09f1,
    0x1508,
    0x2423,
    0x343f,
    0x4758,
    0x596d,
    0x6a79,
    0x787c,
    0x7e7b,
    0x7f7b,
    0x7e79,
    0x7f70,
    0x7f61,
    0x7c4f,
    0x743c,
    0x622b,
    0x461e,
    0x2816,
    0x0c12,
    0xf113,
    0xd918,
    0xc61d,
    0xba22,
    0xb325,
    0xb326,
    0xb122,
    0xc31b,
    0xd10e,
    0xe0fe,
    0xefeb,
    0xfed7,
    0x0bc4,
    0x15b5,
    0x1caa,
    0x20a5,
    0x23a6,
    0x23ad,
    0x22ba,
    0x22cc,
    0x23e0,
    0x25f6,
    0x290c,
    0x301f,
    0x3930,
    0x433b,
    0x4c41,
    0x5542,
    0x5d40,
    0x633a,
    0x6532,
    0x652b,
    0x6125,
    0x5221,
    0x5021,
    0x4225,
    0x312c,
    0x2025,
    0x0d40,
    0xfa4a,
    0xe852,
    0xd857,
    0xcb58,
    0xc055,
    0xb74d,
    0xb23f,
    0xb02d,
    0xb219,
    0xb603,
    0xbdee,
    0xc8db,
    0xd4cb,
    0xe2c0,
    0xefbb,
    0xfdba,
    0x0abe,
    0x15c7,
    0x1ed2,
    0x24e0,
    0x27ed,
    0x28fa,
    0x2605,
    0x220d,
    0x1d14,
    0x1818,
    0x131a,
    0x111b,
    0x121c,
    0x171d,
    0x1f20,
    0x2a24,
    0x3829,
    0x4730,
    0x5737,
    0x663e,
    0x6f43,
    0x7545,
    0x7644,
    0x733d,
    0x6a32,
    0x5a22,
    0x440e,
    0x28f8,
    0x0be1,
    0xedca,
    0xd2b6,
    0xbba8,
    0xaaa1,
    0x9fa0,
    0x9ba8,
    0x9eb8,
    0xa7d1,
    0xb6f0,
    0xc812,
    0xdb36,
    0xef58,
    0x0072,
    0x0f7c,
    0x1a7c,
    0x207b,
    0x237c,
    0x227c,
    0x1e74,
    0x1a5e,
    0x163c,
    0x1319,
    0x11fa,
    0x12de,
    0x15c7,
    0x1cba,
    0x23b4,
    0x28b5,
    0x2dbe,
    0x30cb,
    0x31db,
    0x2eea,
    0x27f8,
    0x1e00,
    0x1302,
    0x07fc,
    0xfbf0,
    0xf1de,
    0xeac7,
    0xe5af,
    0xe499,
    0xe78a,
    0xec83,
    0xf483,
    0xfb84,
    0x028a,
    0x079d,
    0x09bb,
    0x08e0,
    0x0307,
    0xfc2d,
    0xf14e,
    0xe667,
    0xdb75,
    0xd379,
    0xce76,
    0xcd6d,
    0xd359,
    0xde3e,
    0xee22,
    0x0106,
    0x16ee,
    0x2bdd,
    0x3ed5,
    0x4cd5,
    0x54dd,
    0x56ec,
    0x5101,
    0x4416,
    0x312b,
    0x193b,
    0xff45,
    0xe446,
    0xcb3e,
    0xb72e,
    0xa815,
    0xa1f7,
    0x9fd7,
    0xa3b7,
    0xab9e,
    0xb88e,
    0xc787,
    0xd787,
    0xe48c,
    0xef9c,
    0xf7b7,
    0xfcd9,
    0xfdfc,
    0xfd1f,
    0xfa3f,
    0xf757,
    0xf565,
    0xf66b,
    0xfa68,
    0x015d,
    0x0c4a,
    0x1931,
    0x2715,
    0x35f9,
    0x42e0,
    0x4ecc,
    0x56be,
    0x59b7,
    0x59b7,
    0x55be,
    0x4dca,
    0x42da,
    0x36eb,
    0x2bfe,
    0x2010,
    0x1820,
    0x122e,
    0x1039,
    0x1040,
    0x1144,
    0x1446,
    0x1948,
    0x1d48,
    0x2048,
    0x2148,
    0x2148,
    0x1e49,
    0x1949,
    0x1248,
    0x0a46,
    0x0242,
    0xfa3e,
    0xf238,
    0xed31,
    0xe92a,
    0xe722,
    0xe61a,
    0xe712,
    0xe90b,
    0xeb05,
    0xee00,
    0xf1fb,
    0xf4f6,
    0xf8f0,
    0xfce8,
    0x01df,
    0x07d4,
    0x0ec7,
    0x16b9,
    0x1fab,
    0x289a,
    0x3294,
    0x3a8c,
    0x4089,
    0x448a,
    0x458e,
    0x4298,
    0x3ca7,
    0x33bc,
    0x28d4,
    0x1ccd,
    0x0f05,
    0x041a,
    0xfa2c,
    0xf138,
    0xec3d,
    0xea3d,
    0xec37,
    0xf12e,
    0xf723,
    0xfe18,
    0x040f,
    0x0908,
    0x0b07,
    0x0b0a,
    0x0812,
    0x031e,
    0xfd2e,
    0xf63d,
    0xf04b,
    0xed57,
    0xed5e,
    0xf261,
    0xfc5f,
    0x0b58,
    0x1e4c,
    0x343e,
    0x492f,
    0x5e23,
    0x6e19,
    0x7814,
    0x7b16,
    0x7c1d,
    0x782a,
    0x6e3c,
    0x5e4f,
    0x4a62,
    0x3370,
    0x1e78,
    0x0b7c,
    0xfe7b,
    0xf776,
    0xf66a,
    0xfc56,
    0x073d,
    0x1522,
    0x2509,
    0x34f4,
    0x3fe6,
    0x44df,
    0x43e1,
    0x3ae9,
    0x2af8,
    0x120c,
    0xf622,
    0xd835,
    0xb844,
    0x9e4e,
    0x8b4f,
    0x8247,
    0x8037,
    0x8320,
    0x8c03,
    0xa1e4,
    0xbec4,
    0xe1a9,
    0x0594,
    0x2789,
    0x4485,
    0x4286,
    0x488b,
    0x6d98,
    0x69aa,
    0x5fbf,
    0x4ed5,
    0x37e8,
    0x1ff6,
    0x0700,
    0xf204,
    0xe102,
    0xd6fc,
    0xd1f3,
    0xd1e9,
    0xd6e1,
    0xe0dc,
    0xeddb,
    0xfbde,
    0x08e6,
    0x13f0,
    0x1dfe,
    0x230c,
    0x2519,
    0x2323,
    0x1f29,
    0x1929,
    0x1123,
    0x0919,
    0x010c,
    0xf9fd,
    0xf2ed,
    0xeedf,
    0xebd5,
    0xe9d2,
    0xe7d5,
    0xe7de,
    0xe6ee,
    0xe603,
    0xe61c,
    0xe634,
    0xe74b,
    0xe95e,
    0xed6a,
    0xf370,
    0xf270,
    0x046a,
    0x105d,
    0x1e4a,
    0x2b33,
    0x381c,
    0x4406,
    0x4ef3,
    0x55e5,
    0x58dd,
    0x58db,
    0x55de,
    0x4de7,
    0x42f3,
    0x3401,
    0x260f,
    0x171b,
    0x0926,
    0xfd2c,
    0xf32e,
    0xec2b,
    0xe827,
    0xe820,
    0xea17,
    0xef0e,
    0xf507,
    0xf302,
    0x0100,
    0x0701,
    0x0b07,
    0x0d0f,
    0x0d19,
    0x0a25,
    0x0430,
    0xfc3b,
    0xf343,
    0xe949,
    0xde4d,
    0xd44d,
    0xcb4a,
    0xc345,
    0xbc3f,
    0xb836,
    0xb82c,
    0xba22,
    0xbd19,
    0xc210,
    0xc907,
    0xd1fe,
    0xd8f5,
    0xdfed,
    0xe5e6,
    0xe9de,
    0xecd8,
    0xecd2,
    0xebce,
    0xe8cc,
    0xe4cc,
    0xdfcf,
    0xdad4,
    0xd6dd,
    0xd4e8,
    0xd4f5,
    0xd602,
    0xd411,
    0xe51e,
    0xf029,
    0xfd32,
    0x0d37,
    0x1e39,
    0x2e36,
    0x3d30,
    0x4a25,
    0x5518,
    0x5c08,
    0x5ff8,
    0x5fe8,
    0x5bda,
    0x55ce,
    0x4bc5,
    0x3fbf,
    0x31bd,
    0x23bf,
    0x15c5,
    0x09cc,
    0xfed6,
    0xf4e1,
    0xedec,
    0xe9f8,
    0xe602,
    0xe50b,
    0xe513,
    0xe719,
    0xea1e,
    0xee22,
    0xf225,
    0xf627,
    0xfa29,
    0xfe2a,
    0x022c,
    0x062c,
    0x092d,
    0x0b2e,
    0x0d2e,
    0x0e2e,
    0x0f2d,
    0x0f2b,
    0x0f28,
    0x0d25,
    0x0b20,
    0x081a,
    0x0414,
    0x000e,
    0xfa07,
    0xf400,
    0xeefa,
    0xe7f3,
    0xe0ed,
    0xd9e8,
    0xd3e3,
    0xcde0,
    0xc8dd,
    0xc4db,
    0xc3d7,
    0xc2d5,
    0xc3d2,
    0xc6cf,
    0xcaca,
    0xd0c6,
    0xd6c0,
    0xdcb9,
    0xe3b3,
    0xe8ac,
    0xeca6,
    0xeea2,
    0xed9f,
    0xe99f,
    0xe3a2,
    0xd9a8,
    0xcdb2,
    0xbfc0,
    0xb2d1,
    0xa5e3,
    0x9af8,
    0x910c,
    0x8d1f,
    0x8c2f,
    0x8d3b,
    0x9342,
    0x9c44,
    0xaa41,
    0xbc39,
    0xd02c,
    0xe41d,
    0xf50c,
    0x05fd,
    0x12ef,
    0x1be5,
    0x20e2,
    0x21e5,
    0x1eed,
    0x18fb,
    0x110e,
    0x0726,
    0xfc3e,
    0xf254,
    0xe968,
    0xe374,
    0xde7a,
    0xdd7b,
    0xde78,
    0xe16e,
    0xe55d,
    0xec46,
    0xf32c,
    0xfa11,
    0x00f8,
    0x06e4,
    0x0dd6,
    0x13cf,
    0x15d0,
    0x16d7,
    0x16e4,
    0x13f6,
    0x0f0a,
    0x0820,
    0xff33,
    0xf244,
    0xe44f,
    0xd655,
    0xc755,
    0xb950,
    0xac48,
    0xa33c,
    0x9d30,
    0x9d24,
    0xa01b,
    0xa815,
    0xb614,
    0xc818,
    0xdf20,
    0xf62b,
    0x0d38,
    0x2245,
    0x3250,
    0x3e58,
    0x445c,
    0x435a,
    0x3a54,
    0x2c47,
    0x1937,
    0x0423,
    0xef0d,
    0xdbf8,
    0xcae4,
    0xc0d2,
    0xbec5,
    0xc4b4,
    0xd1b7,
    0xe5b8,
    0xfebb,
    0x1ac0,
    0x36c7,
    0x4fce,
    0x61d3,
    0x6cd7,
    0x70d9,
    0x6cd8,
    0x61d6,
    0x4ed3,
    0x34cf,
    0x17cc,
    0xdaca,
    0xe1ca,
    0xcdcc,
    0xbfd0,
    0xbbd5,
    0xbfdc,
    0xcae2,
    0xdce8,
    0xf5ec,
    0x0fee,
    0x28ec,
    0x40e9,
    0x52e4,
    0x5ddd,
    0x61d6,
    0x5ece,
    0x53c8,
    0x42c5,
    0x2cc5,
    0x14c8,
    0xfbcf,
    0xe4d9,
    0xd1e4,
    0xc3f1,
    0xbafe,
    0xb809,
    0xbc12,
    0xc518,
    0xd219,
    0xe415,
    0xf70e,
    0x0a03,
    0x1cf6,
    0x2de8,
    0x3ddb,
    0x4acf,
    0x55c6,
    0x5cc0,
    0x61be,
    0x63c1,
    0x63c7,
    0x61cf,
    0x5cd8,
    0x56e3,
    0x4eed,
    0x44f5,
    0x39fa,
    0x2efd,
    0x22fc,
    0x15f9,
    0x0af0,
    0x01ee,
    0xf9e6,
    0xf3df,
    0xefda,
    0xedd7,
    0xedd5,
    0xedd6,
    0xeed9,
    0xf0de,
    0xf1e3,
    0xf3e9,
    0xf4ef,
    0xf4f3,
    0xf6f6,
    0xf7f7,
    0xfbf7,
    0x02f6,
    0x0cf3,
    0x19f2,
    0x2bf2,
    0x3ff4,
    0x55f8,
    0x6bff,
    0x7b08,
    0x7f14,
    0x7f22,
    0x7f32,
    0x7f41,
    0x7f50,
    0x7e5e,
    0x7669,
    0x5d70,
    0x3575,
    0x0b77,
    0xe377,
    0xbd75,
    0x9d6f,
    0x8a66,
    0x8159,
    0x804a,
    0x8438,
    0x8f24,
    0xa507,
    0xc2fa,
    0xe1e6,
    0x00d3,
    0x1dc1,
    0x34b3,
    0x44a8,
    0x4da3,
    0x4fa1,
    0x49a5,
    0x3eae,
    0x30bb,
    0x20cc,
    0x11e1,
    0x04f7,
    0xfc0c,
    0xf81e,
    0xf62c,
    0xf934,
    0x0035,
    0x072e,
    0x0e20,
    0x120c,
    0x13f1,
    0x11d4,
    0x0cb7,
    0x049d,
    0xf88a,
    0xec83,
    0xe183,
    0xd883,
    0xd485,
    0xd58f,
    0xdda7,
    0xecc8,
    0x02eb,
    0x1d0d,
    0x3b2c,
    0x5b45,
    0x7556,
    0x7f5e,
    0x7f5e,
    0x7e55,
    0x7f46,
    0x7f32,
    0x7f1a,
    0x7e04,
    0x7cf1,
    0x71e3,
    0x59dc,
    0x3adc,
    0x1ee3,
    0x08f0,
    0xf602,
    0xe915,
    0xe127,
    0xde36,
    0xe03f,
    0xe742,
    0xef3d,
    0xfa32,
    0x0521,
    0x110b,
    0x1af4,
    0x23dd,
    0x2bca,
    0x30bc,
    0x34b5,
    0x35b5,
    0x34bd,
    0x31cd,
    0x2de3,
    0x29fc,
    0x2415,
    0x1e2e,
    0x1843,
    0x1351,
    0x0e58,
    0x0a56,
    0x074e,
    0x053e,
    0x0529,
    0x0610,
    0x08d7,
    0x0ce0,
    0x10cd,
    0x15bf,
    0x1bb7,
    0x1fb5,
    0x23ba,
    0x26c4,
    0x28d2,
    0x28e3,
    0x28f5,
    0x2805,
    0x2713,
    0x251e,
    0x2426,
    0x2329,
    0x2229,
    0x2028,
    0x1f26,
    0x1f23,
    0x1f20,
    0x1f1f,
    0x1e20,
    0x1e23,
    0x1c27,
    0x1b2b,
    0x1930,
    0x1833,
    0x1734,
    0x1732,
    0x182d,
    0x1a23,
    0x1d16,
    0x0107,
    0x25f6,
    0x28e4,
    0x2cd2,
    0x2ec1,
    0x2db4,
    0x29a9,
    0x23a2,
    0x1a9f,
    0x0fa0,
    0x02a3,
    0xf4a8,
    0xe6af,
    0xdab7,
    0xd1bf,
    0xccc7,
    0xcbcd,
    0xced1,
    0xd6d4,
    0xe1d6,
    0xefd6,
    0xfed6,
    0x0dd5,
    0x1bd5,
    0x24d5,
    0x2ad6,
    0x2cd8,
    0x28db,
    0x1fde,
    0x12e2,
    0x01e6,
    0xf0eb,
    0xdeef,
    0xcdf2,
    0xbff5,
    0xb5f8,
    0xaffb,
    0xacfe,
    0xaf02,
    0xb407,
    0xbc0d,
    0xc615,
    0xd21c,
    0xdd25,
    0xe62f,
    0xee3a,
    0xf443,
    0xf94d,
    0xfb55,
    0xfd5c,
    0xff61,
    0x0165,
    0x0367,
    0x0567,
    0x0766,
    0x0a63,
    0x0c5e,
    0x0e58,
    0x0f51,
    0x0e48,
    0x0b3f,
    0x0735,
    0x012a,
    0xfb1e,
    0xf512,
    0xf006,
    0xedfa,
    0xecee,
    0xeee3,
    0xf3da,
    0xfcd2,
    0x06cc,
    0x12c8,
    0x1dc5,
    0x25c6,
    0x29c8,
    0x29c8,
    0x22d1,
    0x14d6,
    0x01dc,
    0xe9e0,
    0xcee4,
    0xb2e6,
    0x97e5,
    0x85e2,
    0x80df,
    0x80d9,
    0x80d1,
    0x80ca,
    0x87c2,
    0x9abb,
    0xbbb4,
    0xa3af,
    0x0cac,
    0x33aa,
    0x56aa,
    0x6fac,
    0x7dae,
    0x7fb2,
    0x7fb7,
    0x7fbc,
    0x7ac1,
    0x6cc4,
    0x59c8,
    0x45ca,
    0x31ca,
    0x21c9,
    0x17c8,
    0x11c5,
    0x12c0,
    0x17bb,
    0x1fb6,
    0x28b0,
    0x32ac,
    0x39a8,
    0x3ca6,
    0x3aa5,
    0x34a6,
    0x27a1,
    0x14ae,
    0xfeb5,
    0xe5be,
    0xccc7,
    0xb3d1,
    0x9eda,
    0x8fe2,
    0x86e0,
    0x82ec,
    0x82ed,
    0x85ec,
    0x8be8,
    0x93e2,
    0xa6da,
    0xb7d3,
    0xc8cd,
    0xd9ca,
    0xe7c8,
    0xf3cb,
    0xfad2,
    0xffdd,
    0x01cd,
    0x01ff,
    0x0115,
    0xfe2b,
    0xfa41,
    0xf855,
    0xf664,
    0xf56e,
    0xf673,
    0xf974,
    0xfc71,
    0x0069,
    0x045c,
    0x074d,
    0x0a3b,
    0x0c29,
    0x0c18,
    0x0a0a,
    0x07cf,
    0x02f9,
    0xfdf6,
    0xf9f6,
    0xf4f0,
    0xf0fc,
    0xec01,
    0xea06,
    0xe809,
    0xe80b,
    0xe80b,
    0xe808,
    0xe905,
    0xea01,
    0xe8fc,
    0xe4f8,
    0xe0f6,
    0xdaf6,
    0xd2f9,
    0xc7ff,
    0xbc07,
    0xb112,
    0xa71e,
    0x9d2b,
    0x9637,
    0x9242,
    0x9149,
    0x934d,
    0x974d,
    0x9e4a,
    0xa741,
    0xb235,
    0xbd27,
    0xc617,
    0xce07,
    0xd2f8,
    0xd3eb,
    0xd0e0,
    0xcada,
    0xc1d8,
    0xb6da,
    0xabe0,
    0xa1e9,
    0x99f4,
    0x9501,
    0x940d,
    0x9619,
    0x9c22,
    0xa729,
    0xb52c,
    0xc42c,
    0xd428,
    0xe220,
    0xec16,
    0xf30c,
    0xf400,
    0xf0f4,
    0xe5e9,
    0xd8e0,
    0xc8d9,
    0xb5d6,
    0xa4d6,
    0x97d9,
    0x8de0,
    0x89e8,
    0x8af2,
    0x8ffd,
    0x9a08,
    0xad10,
    0xc416,
    0xe019,
    0xfe16,
    0x1811,
    0x3009,
    0x49fa,
    0x56eb,
    0x5fdc};
